กกต	colloquial	Commission]] of Thailand; คณะกรรมการการเลือกตั้ง; Commission]] of Thailand	wiktionary
กระจก	colloquial	pane, piece, or sheet of glass; (ต้อ~) cataract: eye abnormality; the glass catfish (species Valenciennes), of the family family	wiktionary
กระฉอก	colloquial	to spill from the fluctuation.; to bounce off.	wiktionary
กระปี๋	colloquial	female fare collector (on bus or boat).	wiktionary
กระมัง	colloquial	perhaps; probably; maybe.	wiktionary
กระหม่อม	colloquial	a first person pronoun employed by; a male when addressing a person holding the royal status of พระวรวงศ์เธอพระองค์เจ้า without any noble rank known as กรม; a male when addressing a person holding the	wiktionary
กระเจี๊ยว	colloquial	penis.	wiktionary
กระเดือก	colloquial	Adam's apple.; to swallow or swim with difficulty, with effort.	wiktionary
กระเป๋า	colloquial	bag; pouch; wallet; purse; fare collector (on bus or boat)	wiktionary
กระเป๋าตังค์	colloquial	wallet; purse	wiktionary
กรี๊ด	colloquial	eeek! (scream)	thai-language.com
กฤษฎีกา	colloquial	edict, decree; law, rule, regulation.; agreement; pact.; พระราชกฤษฎีกา	wiktionary
กลับลำ	colloquial	to change one's mind, especially in a sudden, unexpected, or surprising manner.	wiktionary
กล้วย ๆ	colloquial	simple: easy, effortless; basic, elementary.	wiktionary
กวยจี๊	colloquial	melon seed (snack).	wiktionary
กองทัพ	colloquial	army; military unit consisting of a headquarters and three or more corps; large body of fighting men	wiktionary
กองหนุน	colloquial	reserves.; reinforcements.; supporters.	wiktionary
กะ	colloquial	with (colloquial กับ)	pickup-thai.com
กะจั๊ว	colloquial	cockroach.; pimp; gigolo.	wiktionary
กะปูด	colloquial	(นก~) (classifier ตัว) coucal.; (นก~) the person who reveals secret of (a person) without their consent.	wiktionary
กะเพรา	colloquial	holy basil: the plant species L. of the family family.; ผัดกะเพรา; ข้าวผัดกะเพรา	wiktionary
กับระเบิด	colloquial	A hidden bomb which would explode when stepped upon or touched, such as land mine.; Something which would give an unfavourable outcome when stepped upon, touched, eaten or treated in a similar manner,	wiktionary
การคอร์รัปชัน	colloquial	คอร์รัปชัน	wiktionary
การฮั้ว	colloquial	ฮั้ว	wiktionary
การฮั้วประมูล	colloquial	ฮั้วประมูล	wiktionary
การ์ด	colloquial	card.; guard.	wiktionary
กำ	colloquial	to fist; to grasp; fist; karma	wiktionary
กำแพง	colloquial	wall; กำแพงเพชร: Kamphaeng Phet	wiktionary
กินไข่แดง	colloquial	to take a woman's virginity; to pop someone's cherry.	wiktionary
กิ๊วๆ	colloquial	ooh-la-la (teasing)	thai-language.com
กี้	colloquial	(ตะ~, แต่~, เมื่อ~, เมื่อตะ~, เมื่อแต่~, ~นี้) while (ago); moment (ago)	wiktionary
กุดัง	colloquial	โกดัง	wiktionary
กุนซือ	colloquial	advisor; counsellor.; football head coach.	wiktionary
กุ้งแห้ง	colloquial	dried shrimp (food ingredient).; very skinny.; having pancake breasts.	wiktionary
กุ๊ก	colloquial	cook.; cluck: hen cry.	wiktionary
กุ๊ย	colloquial	hobo; vagrant; bum	wiktionary
ก็	colloquial	(used to indicate a consequence or result:) so, thus, then, next, accordingly, etc.; also; as well; (used just for linking words or for starting or emphasising an expression)	wiktionary
ก็ดี	colloquial	(used to separate items in a list or indicate a division in a sentence, like a comma or semicolon in English.); (placed at the end of an expression to emphasise the following senses:) whatever, whiche	wiktionary
ก็ตาม	colloquial	with ไม่ว่า, แม้, etc. no matter, of no consequence, of no moment, whatever	wiktionary
ก็แล้วกัน	colloquial	whatever you like; let’s agree to this; so let’s just settle on that or leave it at that; let’s just be done with it (particle used when suggesting a compromise solution or final plan of action and th	wiktionary
ก็ได้	colloquial	(used to express agreement, allowance, or approval): well; very well; all right; good; fine; okay; etc.; (used at the end of an expression of agreement, allowance, or approval)	wiktionary
ก้นครัว	colloquial	unsociable; not outgoing.; rarely seen in public; not openly or publicly introduced; not made known to the public.	wiktionary
ก้าบ	colloquial	quack: duck cry.	wiktionary
ก๊อก	colloquial	tap, faucet; strategy, technique; cork	wiktionary
ขนมปัง	colloquial	bread; sanitary napkin	wiktionary
ขวัญเอยขวัญมา	colloquial	(used to express comfort): there, there; hush; etc.	wiktionary
ของกลาง	colloquial	common property; object or thing for common use.; exhibit: object exhibited in court as evidence.; criminal object seized by an authority to further be exhibited in court.	wiktionary
ขอบคุณ	colloquial	thank you.; to thank; to give thanks.	wiktionary
ขอบน้ำใจ	colloquial	thank you.; to thank.	wiktionary
ขอบพระคุณ	colloquial	thank you.; to thank; to give thanks.	wiktionary
ขอบใจ	colloquial	thank you; to thank	wiktionary
ขอรับ	colloquial	(particle, Particle used by male speakers at the end of sentences to make them more polite, used in both statements and questions.); yes (male speaker).	wiktionary
ขอโทษ	colloquial	to apologise; to express apology (to, for, etc.); sorry; excuse me; pardon	wiktionary
ขา	colloquial	leg.; something resembling or suggesting a leg or legs, as a table leg, chair leg, trouser leg, easel, tripod, etc.; สลึง	wiktionary
ขี้คร้าน	colloquial	ขี้เกียจ	wiktionary
ขี้โม้	colloquial	boastful; pompous	wiktionary
ขุดทอง	colloquial	to dig for gold.; to go abroad for new opportunities.; to penetrate a male's anus with one's penis for sexual purposes; to perform anal sex on a male.	wiktionary
ข้าว	colloquial	rice; food; meal; year	wiktionary
ข้าวเหนียว	colloquial	glutinous rice; steamed glutinous rice	wiktionary
คนไข้	colloquial	patient (person under medical care or treatment)	wiktionary
คมนาคม	colloquial	communication; conveyance; transport; transportation.; government agency or authority responsible therefor.	wiktionary
ครับ	colloquial	(employed by males to express affirmation or assent, or to politely end any expression.)	wiktionary
ครับผม	colloquial	ครับ	wiktionary
ครีม	colloquial	cream (any sense).; any creamy substance, as lotion.	wiktionary
ครึ่ง ๆ กลาง ๆ	colloquial	half-arsed, half-baked; incomplete, partial.; by halves; incompletely; partially.	wiktionary
คลับ	colloquial	club, association; nightclub	wiktionary
คลาส	colloquial	class (educational meeting in which students are taught)	wiktionary
ควายเหล็ก	colloquial	two-wheel tractor, walking tractor, single-axle tractor; rototiller.	wiktionary
ควีน	colloquial	queen (royal person); queen; queen	wiktionary
คอม	colloquial	computer.; compressor (of aircon or fridge).; commission (payment).	wiktionary
คอมเมนต์	colloquial	comment: remark, observation, or criticism.; to comment: to make remarks, observations, or criticisms (on).	wiktionary
คอร์รัปชัน	colloquial	corruption: dishonest or fraudulent conduct, such as bribery.; to commit corruption.	wiktionary
คอร์รัปชั่น	colloquial	คอร์รัปชัน; คอร์รัปชัน	wiktionary
คะ	colloquial	(used to express doubt, interrogation, suggestion.); (used at the end of an expression of doubt, interrogation, or suggestion.)	wiktionary
คิง	colloquial	body (of human).; king (royal person); king	wiktionary
คิว	colloquial	cubic meter; cubic foot; queue (waiting line; data structure)	wiktionary
คีย์บอร์ด	colloquial	keyboard	wiktionary
คืบ	colloquial	the distance between the tip of the thumb and the tip of the little finger when the hand is fully extended, generally equal to nine inches.; a traditional unit of length based on such distance, equal 	wiktionary
คุณ	colloquial	attribute; characteristic; property; benefit; interest; use; magic; black magic; black art; occult; supernatural power	wiktionary
คุณหญิง	colloquial	(a formal title given to a married woman who has been conferred with the royal decoration of Chula Chom Klao (fourth class to second class).); (a title given to the principal wife of a nobleman holdin	wiktionary
คุย	colloquial	to chat; to talk; to boast; to talk big; genus, a genus of vine	wiktionary
คู่หู	colloquial	chum; comrade; buddy; bosom buddy.	wiktionary
ค่ะ	colloquial	(used to express affirmation, agreement, or acknowledgment.); (used to express annoyance or frustration.); (used at the end of an indicative expression, request, or wish.)	wiktionary
ค่า	colloquial	price, cost, fee, value, worth; used in ค่าที่; ค่ะ	wiktionary
ค้ำ	colloquial	to prop up; to hold up; to shore up; to support (against collapsing or falling down).; to serve as a surety; to subject to a suretyship.	wiktionary
ฆ่าแกง	colloquial	to kill.	wiktionary
งบ	colloquial	financial statement.; to settle; to summarise.; budget.	wiktionary
งั้น	colloquial	then, in that case, like that	pickup-thai.com
งานแต่ง	colloquial	wedding.	wiktionary
งี้	colloquial	like this	pickup-thai.com
จง	colloquial	(used to indicate a command, requirement, request, or wish, sometimes used as an auxiliary verb for such purpose); to wish; to intend; to want; to desire; intentionally; deliberately	wiktionary
จนกรอบ	colloquial	extremely poor; destitute.	wiktionary
จนท	colloquial	officer; official	wiktionary
จัง	colloquial	so; very much; how	wiktionary
จันทรคราส	colloquial	จันทรุปราคา.	wiktionary
จันทร์	colloquial	(พระ~) Candra, the moon god; (พระ~) Candra, the second star of the nine influential stars, navagraha; (พระ~) any lunar deity	wiktionary
จับกัง	colloquial	unskilled worker; labourer	wiktionary
จับฉ่าย	colloquial	(ต้ม~) Chinese mixed vegetable stew; hodgepodge, jumble; miscellaneous, assorted, jumbled	wiktionary
จั๊กกะแร้	colloquial	armpit.	wiktionary
จิมิ	colloquial	vagina.	wiktionary
จิ๊กโก๋	colloquial	undisciplined teenager.	wiktionary
จิ๊จ๊ะ	colloquial	to talk nonsense to the point of disruption.; to interrupt.	wiktionary
จิ๊บจ๊อย	colloquial	petty; insignificant; trivial.; very easy.	wiktionary
จิ๊มิ	colloquial	vagina.	wiktionary
จิ๋ม	colloquial	vagina.	wiktionary
จี	colloquial	g; (แรง~) the Earth's gravity.	wiktionary
จี๊ด	colloquial	squeak (mouse's noise).; tiny, small, little, minute.	wiktionary
จุ	colloquial	to contain; to hold; to have a capacity (for); a lot; much; to a great degree; (used as a command to be silent or quiet): hush, shh, shush, etc.	wiktionary
จุดลูกน้ำ	colloquial	comma.	wiktionary
จุฬา	colloquial	topknot; crown (of the head or as a headdress); c/Thailand	wiktionary
จุ๊บ	colloquial	(used to express a kiss:) chu.; (the sound of a kiss): chu.; kiss.	wiktionary
จ้ะ	colloquial	ค่ะ; ค่ะ / yes / (sweet statement particle)	thai-language.com,wiktionary
จ๊ะ	colloquial	(sweet question particle)	thai-language.com
จ๊ะเอ๋	colloquial	peek-a-boo	wiktionary
จ๋า	colloquial	(affectionate vocative)	thai-language.com
ฉัน	colloquial	(a first-person pronoun used by anyone when addressing a person of equal or lower status); as; like; as if; as; like	wiktionary
ชนแก้ว	colloquial	to give a toast, clink glasses; cheers!	wiktionary
ชลประทาน	colloquial	irrigation.; government agency responsible for irrigation.	wiktionary
ชอบ	colloquial	to like; to admire; to appreciate; to adore; to approve; to be in favour (of); to tend (to); to be likely (to); to be disposed (to); often; frequently; habitually; as a tendency or habit	wiktionary
ชายชาย	colloquial		wiktionary
ชาร์จ	colloquial	to charge (battery); to charge; to bear down; to assault	wiktionary
ชิล ๆ	colloquial	to chill; to relax; to chill out; to take it easy.	wiktionary
ชี้	colloquial	to point: to direct something at, to, or upon something; to point out; to tell; to indicate; to identify; to verify (the identity of)	wiktionary
ชโย	colloquial	victory; hurrah!; to hail with bravos, say "bravo!"	wiktionary
ช่วยด้วย	colloquial	help! (an urgent call for assistance and saving)	wiktionary
ช่าง	colloquial	person skilled in something: artisan, craftsman, master, technician, etc.; quite; to a degree; in a skilful manner; in a manner showing a liking, affection, or preference	wiktionary
ช้าก่อน	colloquial	wait; stop; hold on; just a minute	wiktionary
ซัก	colloquial	about, just one	pickup-thai.com
ซันไลต์	colloquial	dishwashing liquid; dish detergent.	wiktionary
ซาปั๊ว	colloquial	retailer.	wiktionary
ซิ	colloquial	(a particle used as an intensive to modify a verb in the imperative mood.)	wiktionary
ซิง	colloquial	new, fresh; virgin	wiktionary
ซิว	colloquial	(ปลา~) minnow.; to collect; to gather.; to arrest; to apprehend; to seize; to capture.	wiktionary
ซิ่ง	colloquial	to go fast, to drive fast	wiktionary
ซี	colloquial	(particle indicating definiteness or emphasis).; c; C (programming language)	wiktionary
ซีฟู้ด	colloquial	seafood.; (น้ำจิ้ม~) a type of dipping sauce usually served with seafood dishes, made from bird's eye chilis, pickled garlic, coriander leaves, coriander roots, and salt that are pounded or crushed to	wiktionary
ซีรีส์	colloquial	series: serial programmes broadcast through television, radio, internet, etc.	wiktionary
ซีเรียส	colloquial	to be serious.	wiktionary
ซ้อ	colloquial	Malay beechwood: the plant species of the family family.; (อา~) elder sister-in-law; (also used as a term of address to or title for an elder sister-in-law, and used by an elder sister-in-law as a sel	wiktionary
ญวน	colloquial	Vietnam; Vietnamese (person/people)	wiktionary
ดราม่า	colloquial	drama: dramatic art, literature, play, representation, etc.; drama: dramatic situation, circumstance, etc.; to dramatise: to exaggerate the seriousness or importance; to express or present in a dramat	wiktionary
ดอ	colloquial	penis.	wiktionary
ดัง	colloquial	loud; noisy.; famous; popular.; like; as.	wiktionary
ดิ	colloquial	(imperative / emphatic)	pickup-thai.com
ดิก	colloquial	dictionary	wiktionary
ดิกชันนารี	colloquial	dictionary	wiktionary
ดีไซน์	colloquial	design; aspect; appearance.; to design.	wiktionary
ดูกร	colloquial	placed before a name, title, or appellation in direct address, in order to lend earnestness to what is to be spoken.	wiktionary
ดูก่อน	colloquial	ดูกร	wiktionary
ด่านหน้า	colloquial	frontline: of or relating to the forefront in any action, activity, or field. first attested in 2021; the frontline: the people at the forefront in any action, activity, or field. first attested in 20	wiktionary
ตด	colloquial	fart: flatus expelled through the anus; to fart	wiktionary
ตปท	colloquial	foreign country	wiktionary
ตลาดหุ้น	colloquial	stock market; stock exchange.	wiktionary
ตอน	colloquial	to castrate; to graft; part; section; portion; division	wiktionary
ตะลุง	colloquial	c/Thailand; (เสา~) elephant stake: post to which an elephant is tied.	wiktionary
ตังค์	colloquial	money	wiktionary
ตากสิน	colloquial	Taksin (historical king of Thonburi)	wiktionary
ติงต๊อง	colloquial	crazy; mad; insane; wacky.	wiktionary
ติม	colloquial	ice cream.	wiktionary
ติสท์	colloquial	artistic.; having an artistic personality or emotions that are difficult to understand.	wiktionary
ตึง	colloquial	tight; tense; stiff; firm; rigid; strict; a kind of tree, species Roxb.	wiktionary
ตึ๊ง	colloquial	โรงตึ๊ง.; to pawn.	wiktionary
ตุ๊ก ๆ	colloquial	(classifier: คัน for the vehicle, คน for the driver) tuk-tuk; driver thereof.	wiktionary
ตูด	colloquial	anus, rectum; buttocks.	wiktionary
ตูม	colloquial	bael (fruit); wood apple.; budding; young.; (explosion or similar sound).	wiktionary
ต่อ	colloquial	(ตัว~) wasp; to extend; to prolong; to connect; to join	wiktionary
ต้ม	colloquial	to boil; to trick; to deceive; to sham (usually used in passive voice)	wiktionary
ต๊าย	colloquial	oh my god! (shock, camp)	thai-language.com
ต๊ายตาย	colloquial	oh my god!	thai-language.com
ถวายพระพร	colloquial	to speak, say, talk, or converse (to/with a royal person).; (used by a priest as a conventional greeting or an expression of affirmation or assent when addressing a royal person).	wiktionary
ถึง	colloquial	to arrive (at, in, on, etc); to reach; to attain; to have or contain sufficiently; to meet (a criterion, requirement, etc.)	wiktionary
ถุย	colloquial	(sound of spitting:) ptui.; to spit.; (used to express contempt:) tut, tut tut, etc.	wiktionary
ถ่าย	colloquial	to transfer; to change one for another; to film; to take a photo; to defecate, excrete	wiktionary
ทนาย	colloquial	agent, delegate, representative; attendant, retainer, servant; officer stationed on the back of an elephantth; person acting on behalf of or representing his master who is entitled to 400 or more fief	wiktionary
ทรงพระเจริญ	colloquial	long live.; to gain weight.	wiktionary
ทัด	colloquial	to wear, place, or tuck behind the ear (as a flower, a pencil); to be equal (to); (undefined, found in a number of compounds)	wiktionary
ทัพเรือ	colloquial	navy; fleet.	wiktionary
ทั้งบ้านทั้งเมือง	colloquial	throughout a country; across a country; countrywide.; generally; universally; everywhere.	wiktionary
ทาน	colloquial	alms; donation; gift; to bear or hold up (a load, mass, structure, part, etc.); to serve as a foundation (for); to offer resistance (to); to oppose	wiktionary
ทำไม	colloquial	why? what? for what? for what purpose, reason, or cause?; what to do?	wiktionary
ทิด	colloquial	former priest; (also used as a title for or term of address to a former priest.)	wiktionary
ทิวาสวัสดิ์	colloquial	(a greeting used during the daytime): good day; good afternoon	wiktionary
ทีมงาน	colloquial	workforce, task force, staff; member thereof.	wiktionary
ทีวี	colloquial	television	wiktionary
ที่	colloquial	at; to; on the site of; within; amidst; at the location of; for; during; at the time of; land; place; area; seat (booking and reservations); site; location	wiktionary
ที่ฉีดตูด	colloquial	bum gun.	wiktionary
ทุกหย่อมหญ้า	colloquial	everywhere; every place; all places; all regions; all districts; universally; generally	wiktionary
ทุติ	colloquial	ripe.	wiktionary
ทุ่ง	colloquial	field: expanse of open or cleared ground, especially a piece of land suitable or used for pasture or tillage; to pass fecal matter, evacuate the bowels; feces	wiktionary
ทูลกระหม่อม	colloquial	a term of address to a child of a monarch and his or her consort.; a term of address to any child of a monarch.; a term used by a royal person to address his or her relative who is a child of a monarc	wiktionary
ท่าน	colloquial	(added before or after a name, title, etc, to show respect); (a second or third person pronoun, giving, giving a sense of either neutrality or respect); human beings	wiktionary
ท้อง	colloquial	abdomen; belly; womb; pregnancy	wiktionary
นมัสการ	colloquial	(used to express a greeting or farewell to a priest.); salutation, adoration, or worship, especially that expressed by means of กราบ or ไหว้.; to salute, adore, or worship, especially by means of กราบ	wiktionary
นะ	colloquial	(particle used to make a sentence seem softer, more persuasive or less abrupt); (expresses a mild question) isn't it?.	wiktionary
นักบินอวกาศ	colloquial	an astronaut	wiktionary
นัมเบอร์	colloquial	number	wiktionary
นั่นเอง	colloquial	just; simply.	wiktionary
นา	colloquial	paddy field; area similar to rice field used for other purposes; used in ชั่วนาตาปี	wiktionary
นาย	colloquial	man; chief; lord; master; ruler; leader; boss; person in charge; (a prefix indicating leadership or the state of being in charge of something)	wiktionary
นายก	colloquial	chief; lord; master.; prime minister.	wiktionary
นายกฯ	colloquial	prime minister.	wiktionary
นิมนต์	colloquial	(used when asking or invite, inviting a priest to do something.); invitation (made to a priest).; to invite (a priest).	wiktionary
นิยาย	colloquial	story; tale; account; principle, doctrine; law, rule; fiction (imaginative, imagined, or invented story)	wiktionary
นิ้	colloquial	this.; here you are.	wiktionary
นี่นา	colloquial	after all, you know	thai-language.com
น่ะ	colloquial	(particle used at the end of a sentence to make it softer, more persuasive or less abrupt); (particle used after a noun or a phrase to highlight it as the topic of the sentence) / (topic / persuasion 	thai-language.com,wiktionary
น่า	colloquial	prefix to a verb or adjective similar to English -able; (particle used to add a persuasive quality to a sentence)	wiktionary
น่าจะ	colloquial	to be probable, ought to be, should be, had better; ought to, might like to	wiktionary
น้ำกลั่น	colloquial	distilled water.; battery acid.	wiktionary
น้ำดี	colloquial	fresh water for washing; soft water.; good; having good quality (of politicians).; socially sensible or advantageous.	wiktionary
น้ำมันหอย	colloquial	oyster sauce.	wiktionary
บริสุทธิ์	colloquial	blameless; guiltless; innocent.; pure; unadulterated; unmixed.; clean; clear; spotless; undirtied.	wiktionary
บอดี้	colloquial	body (of a vehicle or human).	wiktionary
บอมบ์	colloquial	bomb; feces pile; to bomb	wiktionary
บอร์ด	colloquial	board (material).; blackboard; whiteboard.; committee; board of directors.	wiktionary
บอส	colloquial	boss (in a firm or video game).	wiktionary
บัง	colloquial	to cover: to shade, to screen, to hide from view, to prevent from being seen, to block, to conceal; to shield, to shelter, to protect.; (a term of address to or title for a man of Malay or Indian desc	wiktionary
บัตรประชาชน	colloquial	national identity card	wiktionary
บางกอก	colloquial	c/Thailand	wiktionary
บาน	colloquial	panel; pane; doors, windows, mirrors and other glass panels; to blossom; to bloom; to open out	wiktionary
บาย	colloquial	rice; to withdraw from a competition; bye	wiktionary
บิล	colloquial	bill; receipt; Bill (English given name)	wiktionary
บุคลิก	colloquial	individual; personal.; บุคลิกภาพ	wiktionary
บุ๊ก	colloquial	to book, to reserve	wiktionary
บ่มิไก๊	colloquial	nothing; ineffective, incompetent	wiktionary
บ่าย	colloquial	to turn, move, shift, or switch (to a different target, purpose, position, direction, etc.); to come to or be in an afternoon hour; to pass the noon; afternoon	wiktionary
บ๊ายบาย	colloquial	bye-bye.; to say goodbye.; to not involve in some situation.	wiktionary
ป.ป.ช	colloquial	Initialism of ป้องกันและปราบปรามการทุจริตแห่งชาติ; Initialism of คณะกรรมการป้องกันและปราบปรามการทุจริตแห่งชาติ; Initialism of กรรมการป้องกันและปราบปรามการทุจริตแห่งชาติ	wiktionary
ปชช	colloquial	people; citizen	wiktionary
ปฏิวัติ	colloquial	rolling back; turning back.; revolution; far-reaching and drastic change.	wiktionary
ปท	colloquial	country	wiktionary
ปทท	colloquial	Thailand	wiktionary
ปทุม	colloquial	Indian lotus (species), a plant of the family family; any lotus or water lily; female breast	wiktionary
ปธน	colloquial	president	wiktionary
ปรอท	colloquial	mercury; quicksilver; thermometer อัน; (พระ~) fever	wiktionary
ประจวบ	colloquial	collide, coincide, meet; ประจวบคีรีขันธ์	wiktionary
ประชาชน	colloquial	national, citizen; citizenry, the people (of a nation), the public; people in general, the general public; private person, as opposed to one of rank or office	wiktionary
ประชาสัมพันธ์	colloquial	public relations.; public relations agent or agency.; to advertise; to boost; to promote; to publicise.	wiktionary
ประถม	colloquial	first; primary; ประถมศึกษา.	wiktionary
ประสก	colloquial	a second or third person pronoun employed by a priest to address a layman.	wiktionary
ปราจีน	colloquial	eastern; old, ancient; ปราจีนบุรี	wiktionary
ปริญญา	colloquial	thorough knowledge; full understanding; complete awareness; omniscience; cleverness; sagacity.; degree, as bachelor's degree, master's degree, etc.; degree certificate.	wiktionary
ปริ๊นเตอร์	colloquial	printer (printing machine), especially a modern one.	wiktionary
ปลัด	colloquial	public officer second in rank to the chief of an agency: assistant chief, deputy chief, etc.; (~กระทรวง) undersecretary or permanent secretary (of a government ministry).; the highest ฐานานุกรม; pries	wiktionary
ปล่อย	colloquial	to discharge; to let out; to release; to issue; to liberate; to set at liberty; to free; to set free; to set at large; to release; to let; to allow; to permit	wiktionary
ปล่อยไก่	colloquial	to make a fool of oneself.	wiktionary
ปะ	colloquial	to cover (to put or place on the top or surface (of)); to patch; to meet, to see, to encounter; to confront, to face; to find, to discover / ...or not?	pickup-thai.com,wiktionary
ปัจจัย	colloquial	factor; cause.; way or path (which leads to a certain result); means or method (by which a certain result is achieved).; component; element.	wiktionary
ปัดโธ่	colloquial	(used to express frustration, disappointment, or contempt.) Correspond with damn it in English.	wiktionary
ปั๊ม	colloquial	pump.; (~น้ำมัน) gas station.; to pump.	wiktionary
ปั๊มน้ำมัน	colloquial	gas station	wiktionary
ปิ๊ง	colloquial	to fall in love at first sight; to have a crush on; to be fond of.	wiktionary
ป๊อปคอร์น	colloquial	popcorn.	wiktionary
ป๊ะ	colloquial	huh! (annoyed)	thai-language.com
ป๊า	colloquial	daddy, father	wiktionary
ป๋า	colloquial	daddy, father	wiktionary
ผตห	colloquial	alleged offender	wiktionary
ผบห	colloquial	executive; administrator	wiktionary
ผปค	colloquial	ผู้ปกครอง	wiktionary
ผัว	colloquial	husband	wiktionary
ผัวะ	colloquial	the sound of whipping or slapping.	wiktionary
ผู้กำกับ	colloquial	กำกับ; director, as film director, stage director, acting director, etc.; ผู้กำกับการ	wiktionary
ผู้ใหญ่	colloquial	elder.; person over 18 years of age.; adult person; mature person.	wiktionary
ผ่อน	colloquial	to make or become less strict, severe, or tense: to relax, to loosen, to slacken, to mitigate, to relieve, to lower, etc.; to postpone, to defer; to prolong, to extend; to give a grace period; to give	wiktionary
ผ่าน	colloquial	to pass: to move or proceed (from one to another, past, over, beyond, across, or through); to pass: to go through or beyond (as a gate, barrier, etc.); to pass; to elapse; to go by	wiktionary
ฝรั่ง	colloquial	(classifiers: คน, ท่าน) farang; Westerner; a category of traditional Thai songs, such as ฝรั่งกลาย, ฝรั่งควง, ฝรั่งจรกา, ฝรั่งรำเท้า, etc.; common guava: the plant species of the family family	wiktionary
ฝันดี	colloquial	good dream; favourable dream.; to have a good dream; to have a favourable dream.; (used to wish someone a good dream): have a good dream; sweet dreams; etc.	wiktionary
พนง	colloquial	one responsible for a duty or function	wiktionary
พรรค	colloquial	group, band, or company (of people).; side, part: one of two or more contesting groups, parties, etc.; kind, type, or class (of people).	wiktionary
พรรค์	colloquial	kind, type, or class (of people).	wiktionary
พระพุทธเจ้าข้า	colloquial	(a particle used to express affirmation or assent or to politely end an expression, employed by a male when addressing a high-ranking royal person)	wiktionary
พระเจ้า	colloquial	buddha; (classifier พระองค์, องค์, or, archaically, ตน) person who has achieved a state of perfect enlightenment; (classifier พระองค์ or องค์) representation, as image, statue, etc, of a buddha	wiktionary
พรินต์	colloquial	to print, especially with a modern printer (printing machine).	wiktionary
พรีเซ็นเตอร์	colloquial	presenter.	wiktionary
พอร์ต	colloquial	portfolio	wiktionary
พะยะค่ะ	colloquial	พ่ะย่ะค่ะ	wiktionary
พะย่ะค่ะ	colloquial	พ่ะย่ะค่ะ	wiktionary
พาสปอร์ต	colloquial	passport	wiktionary
พีซี	colloquial	personal computer.; product consultant; seller or guider of products.	wiktionary
พีอาร์	colloquial	public relations.; public relations agent or agency.; to advertise; to boost; to promote; to publicise.	wiktionary
พีเรียด	colloquial	period: belonging to, pertaining to, or representing a certain period of history.	wiktionary
พี่	colloquial	elder brother; elder sister; older person; superior; master; leader; boss	wiktionary
พ่อปู่	colloquial	male deity; male guardian angel.; father-in-law (husband's father).	wiktionary
พ่อเลี้ยง	colloquial	foster father; stepfather.; wealthy man; man in charge, man in authority, master, male boss; man of rank, man of distinction; influential man.	wiktionary
พ่อแม่พี่น้อง	colloquial	(used to address the general public.)	wiktionary
พ่ะย่ะค่ะ	colloquial	(a particle used to express affirmation or assent or to politely end any expression, employed by a male when addressing a god or high-ranking royal person.)	wiktionary
ฟอด	colloquial	foamy; spongy.; (kissing sound); kiss	wiktionary
ฟอร์ม	colloquial	form (document to be filled).; acting; appearance; manner.; ability; skill.	wiktionary
ฟะ	colloquial	(softer วะ, among friends)	thai-language.com
ฟัน	colloquial	tooth; to cut; to slash; to have sex with	wiktionary
ฟุต	colloquial	foot (unit of length); foot ruler (ruler used to measure length in feet); used in ฟุตบอล	wiktionary
ภาษาดอกไม้	colloquial	language of flowers; floriography.; sweet words which are pleasing to the ear.	wiktionary
ภาษาปะกิด	colloquial	English language.	wiktionary
มนุษย์กบ	colloquial	frogman.	wiktionary
มนุษย์อวกาศ	colloquial	astronaut.	wiktionary
มหาลัย	colloquial	มหาวิทยาลัย	wiktionary
มอเตอร์ไซค์	colloquial	จักรยานยนต์	wiktionary
มอไซค์	colloquial	จักรยานยนต์	wiktionary
มะ	colloquial	(question particle); (first element found in many fruit and plant names); used in มะรุมมะตุ้ม / yes/no question (colloquial ไหม)	pickup-thai.com,wiktionary
มะไหร่	colloquial	when	pickup-thai.com
มั่ง	colloquial	some; somewhat; partly; to have a lot of / some, any (colloquial บ้าง)	pickup-thai.com,wiktionary
มั้ง	colloquial	probably, I guess	thai-language.com
มั๊ย	colloquial	มั้ย	wiktionary
มือถือ	colloquial	handheld.; mobile phone. เครื่อง	wiktionary
ม้า	colloquial	ตัว; (classifier ตัว in general or ม้า for government-registered ones) horse: the mammal species of the family family; (ปู~) any of various crabs of the genus Portunus, the family family	wiktionary
ยัวะ	colloquial	to be angry.	wiktionary
ยา	colloquial	medicine; drug; tobacco; cigarette	wiktionary
ยาแดง	colloquial	merbromin.	wiktionary
ยิงกระต่าย	colloquial	to urinate.	wiktionary
ยินดีต้อนรับ	colloquial	welcome, you are welcome, glad to welcome you	wiktionary
ยิม	colloquial	gym, gymnasium.	wiktionary
ยี่ปั๊ว	colloquial	wholesaler.	wiktionary
ยูนิฟอร์ม	colloquial	uniform (clothes).	wiktionary
ยูเทิร์น	colloquial	U-turn.; to make a U-turn.	wiktionary
ยูเอ็น	colloquial	UN: United Nations.	wiktionary
รถเครื่อง	colloquial	จักรยานยนต์	wiktionary
รธน	colloquial	constitution	wiktionary
รนหาที่	colloquial	to look for trouble; to seek one's own destruction	wiktionary
รบ	colloquial	government	wiktionary
รปภ	colloquial	security guard.	wiktionary
รองพื้น	colloquial	foundation.; to apply a foundation.	wiktionary
รัฐ	colloquial	state (polity); government	wiktionary
รับ	colloquial	to greet; to receive; to welcome; to acquire; to get; to obtain; to receive; to take; to accept; to acknowledge; to agree; to admit	wiktionary
รา	colloquial	mould; fungus; to cease, discontinue, disband, break up, or stop gradually; to diminish, to decrease, to lessen, to reduce; to weaken	wiktionary
ราชบัณฑิต	colloquial	royal scholar well versed in Pali.; any royal scholar.; fellow of the Royal Society of Thailand, formerly known as the Royal Society of Siam (1926–1933) and the Royal Institute of Thailand (1933–2015)	wiktionary
ราตรีสวัสดิ์	colloquial	good night	wiktionary
รามา	colloquial	Rama (the hero of the Ramayana epic, believed to be the avatar of Narayana); to bully	wiktionary
รีโมต	colloquial	remote control	wiktionary
รีโมตคอนโทรล	colloquial	remote control	wiktionary
รึ	colloquial	หรือ; หรือ	wiktionary
รุ่นน้อง	colloquial	junior: person younger than another.	wiktionary
รุ่นพี่	colloquial	senior: person older than another.	wiktionary
รูหนู	colloquial	rathole: cramped and squalid place, room, etc.	wiktionary
ร่างไร้วิญญาณ	colloquial	corpse, dead body.	wiktionary
ฤ	colloquial	A letter of the Thai alphabet; it is usually regarded as a vowel.; or; (used at the end of a question)	wiktionary
ฤๅ	colloquial	A letter of the Thai alphabet; it is usually regarded as a vowel.; or; (used at the end of a question)	wiktionary
ลง	colloquial	to come down; to get down; to descend; to get down (come down) to/and see; to cause to do so	wiktionary
ลมจับ	colloquial	to faint; to swoon.	wiktionary
ละ	colloquial	particle used often with mildly entreative or corroborative force; each, per; to vacate; to depart; to leave; to abandon / already (colloquial แล้ว)	pickup-thai.com,wiktionary
ละยัง	colloquial	yet?	pickup-thai.com
ลังกา	colloquial	Lanka; Ceylon, Sri Lanka	wiktionary
ลาก่อน	colloquial	goodbye; to say goodbye; to not involve in some situation	wiktionary
ลายเซ็น	colloquial	signature	wiktionary
ลูกน้ำ	colloquial	mosquito larva.; comma (punctuation mark).	wiktionary
ลูกเลี้ยง	colloquial	foster child; stepchild.	wiktionary
ล็อกดาวน์	colloquial	lockdown: confinement (as of people) as a security measure.; to lock down: to subject to such measure.	wiktionary
ล่ะ	colloquial	เล่า / then? / what about...?	thai-language.com,wiktionary
ล้นหลาม	colloquial	overwhelming; overwhelmingly great.	wiktionary
วงแตก	colloquial	to stop gatherings or group activities suddenly and disperse, due to some incident.	wiktionary
วอแว	colloquial	to bother, to disturb; to harass, to badger; to interfere with, to tamper with	wiktionary
วัง	colloquial	circle; community; enclosure.; (พระบรมมหาราช, พระบรมราช, พระราช, ราช~) royal residence; palace.; one of the four chief ministries, responsible for palace affairs. The other three were เวียง, คลัง, and	wiktionary
วังหน้า	colloquial	official residence of an heir to the throne; heir to the throne	wiktionary
วันพฤหัสฯ	colloquial	วันพฤหัสบดี	wiktionary
วันแห่งความรัก	colloquial	Valentine's Day	wiktionary
วิก	colloquial	wig.; theater; playhouse.; television station.	wiktionary
วิดีโอ	colloquial	VHS cassette; video (in general)	wiktionary
วิลิศมาหรา	colloquial	luxurious; deluxe.; excessively ornate.	wiktionary
วีซา	colloquial	visa	wiktionary
วุฒิสมาชิก	colloquial	senator.	wiktionary
ว้า	colloquial	aww, damn (disappointment)	thai-language.com
ว้าย	colloquial	eek!	thai-language.com
ว๊าย	colloquial	ว้าย	wiktionary
ศัลยกรรม	colloquial	surgery; surgical operation.; cosmetic surgery; plastic surgery.	wiktionary
ศาลา	colloquial	pavilion: open building used for any purpose, traditionally used as a place of gathering or meeting; hall or pavilion within a palace, employed as a meeting place of government ministers; hall; public	wiktionary
ศิวิไลซ์	colloquial	civilised.	wiktionary
สกุล	colloquial	birth, lineage, ancestry, extraction, descent; family, clan.; noble birth; noble class; noble family.; genus.	wiktionary
สงฆ์	colloquial	(พระ~) four or more priests that constitute a ritual assembly.; (พระ~) priest.; clergy; ecclesiastical order.	wiktionary
สด	colloquial	fresh; raw (cultivated, dairy, or meat products).; new.; live.	wiktionary
สด ๆ ร้อน ๆ	colloquial	only now; just now; just; very recently; a moment ago; in the immediate past.; flagrantly, blazingly, blatantly, conspicuously; in the presence, before the very eyes.	wiktionary
สตางค์	colloquial	satang; a Thai unit of currency, being 100 of a baht. Abbreviation: สต.; a Thai unit of weight, equal to 0.15 grams.	wiktionary
สนง	colloquial	office	wiktionary
สนญ	colloquial	headquarter	wiktionary
สนามบิน	colloquial	airport	wiktionary
สปาย	colloquial	สายลับ	wiktionary
สมภาร	colloquial	accumulated merits or virtues, prerequisite for becoming a buddha.; (พระราช~) merit, virtue; authority, influence, domain of power, dominion, domination, jurisdiction.; (พระราช~) (a term of address to	wiktionary
สมรสเท่าเทียม	colloquial	marriage equality	wiktionary
สระเอ	colloquial	the name of the Thai letter เ	wiktionary
สลาก	colloquial	tag; label; slip; ticket.; lot: piece of paper or other object drawn for deciding a question or choice by chance.; lottery ticket.	wiktionary
สวย	colloquial	beautiful; perfectly steamed; well steamed; to undergo something bad, such as to get scolded or punched	wiktionary
สวะ	colloquial	floating weeds.; bad; useless; plenty	wiktionary
สวัสดี	colloquial	goodness; excellence; virtue; wellness, well-being; safety, security; comfort, ease; prosperity; flourishment; thriving	wiktionary
สวิส	colloquial	Swiss; Switzerland	wiktionary
สะบักสะบอม	colloquial	black and blue	wiktionary
สะใภ้	colloquial	wife of one's relative.; ลูกสะใภ้	wiktionary
สังคัง	colloquial	tinea cruris.	wiktionary
สังคายนา	colloquial	general assembly of Buddhist priests, held especially for revision of a Buddhist text.; to revise by means of such assembly.; to reform or improve radically or completely; to revolutionise; to overhau	wiktionary
สัตว์ครึ่งบกครึ่งน้ำ	colloquial	amphibian.	wiktionary
สัน	colloquial	ridge: long and narrow upper edge, angle, or crest of something; spine; Year of the Monkey, the ninth year in the cycle of twelve years under the lunar calendar	wiktionary
สั่งสอน	colloquial	to conduct someone to behave.; to give a punishment to someone until they resist; admit.	wiktionary
สาธุ	colloquial	good; morally good; morally excellent; morally praiseworthy.; (used to express solemn agreement or ratification:) so be it; it is so; it is good; amen; etc.; to express solemn agreement or ratificatio	wiktionary
สามล้อ	colloquial	(classifier: คัน for the vehicle, คน for the driver) tricycle; pedicab; driver thereof.	wiktionary
สายัณห์สวัสดิ์	colloquial	good evening.	wiktionary
สาวเสิร์ฟ	colloquial	waitress.	wiktionary
สิ	colloquial	(a particle, usually placed at the end of a sentence, to indicate request, confirmation or emphasis)	wiktionary
สีกา	colloquial	(a second or third person pronoun used by a priest to address a laywoman); laywoman; (used as a title for a laywoman)	wiktionary
สึก	colloquial	to attrit; to suffer attrition; to undergo abrasion; to erode; to be or become eaten away; to be or become worn away; to leave priesthood; to give up priesthood; to cause to leave priesthood; to depri	wiktionary
สื่อมวลชน	colloquial	mass media.; person that involves mass media e.g. journalist, columnist, broadcaster, etc.	wiktionary
สุขสันต์วันคริสต์มาส	colloquial	Merry Christmas.	wiktionary
สุขสันต์วันเกิด	colloquial	happy birthday.	wiktionary
สุขา	colloquial	public toilet; restroom; สุข	wiktionary
สุพรรณ	colloquial	สุวรรณ; c/Thailand	wiktionary
สุริยคราส	colloquial	สุริยุปราคา.	wiktionary
สุวรรณภูมิ	colloquial	Suvarnabhumi; ท่าอากาศยานสุวรรณภูมิ	wiktionary
หญิง	colloquial	woman; female; (used as a title for or term of address to a noblewoman, and used by a noblewoman to refer to herself)	wiktionary
หญิงหญิง	colloquial		wiktionary
หนม	colloquial	ขนม	wiktionary
หนึ่ง	colloquial	cardinal numbers 1 (Thai numeral: ๑); one; one; whole	wiktionary
หน่อย	colloquial	a little; a little bit; (particle to soften a request)	wiktionary
หน้าผีบอดี้เน่า	colloquial	Having bad facial appearance and bad physical shape.	wiktionary
หน้าผีบอดี้เริ่ด	colloquial	Having bad facial appearance but good physical shape.	wiktionary
หน้าเน่า	colloquial	ugly; unattractive.	wiktionary
หมวด	colloquial	category; class; order; sort; type.; cluster; group; knot.; department; division; section.	wiktionary
หมอง	colloquial	dim; opaque; not bright; not transparent; turbid.; blemished; stained; tarnished.; cheerless; depressed; gloomy; unhappy.	wiktionary
หมอฟัน	colloquial	dentist.	wiktionary
หมี	colloquial	bear: a member of the family family.; มิ; หี	wiktionary
หยก ๆ	colloquial	only now; just now; just; very recently; a moment ago; in the immediate past.	wiktionary
หยวน	colloquial	yuan (Chinese currency); to comply with, to accept.	wiktionary
หยั่งกะ	colloquial	like, as if (colloquial อย่างกับ)	pickup-thai.com
หยั่งงั้น	colloquial	like that	pickup-thai.com
หยั่งงี้	colloquial	like this	pickup-thai.com
หยุม	colloquial	to clutch, grab roughly	wiktionary
หย่อนก้น	colloquial	to sit down.	wiktionary
หรอ	colloquial	หรือ	wiktionary
หรอก	colloquial	at all	wiktionary
หรือ	colloquial	or; (final interrogative particle on a yes-no question)	wiktionary
หรือเปล่า	colloquial	..or not?	wiktionary
หลวง	colloquial	chief; leading; major; principal; great; large; heavy; weighty; ponderous	wiktionary
หลวงพ่อ	colloquial	(a term of address to or title for (1) a male priest of relatively the same age as one's father, (2) an image of the Buddha, or (3) an image of a male deity.); (a title used to address senior monks)	wiktionary
หลังบ้าน	colloquial	wife of a powerful politician or public officer.	wiktionary
หลับให้สบาย	colloquial	sleep tight. (rest well); rest in peace.	wiktionary
หล่อ	colloquial	to cast: to form an object by pouring metal, plaster, etc, in a fluid state into a mold and letting it harden.; to place or keep anything in liquid in order to maintain its condition.; to apply an oil	wiktionary
หวัดดี	colloquial	สวัสดี	wiktionary
หอ	colloquial	house, building, or chamber used for a specific purpose; high or tall building, as tower, minaret, fortress, etc.; หอพัก	wiktionary
หอน	colloquial	to howl.; to emit feedback sound.; to give a prolonged, mournful cry; to make or emit a similar sound.	wiktionary
หัว	colloquial	head; the upper part of the body หัว; chief; leader	wiktionary
หัวโจก	colloquial	ringleader.	wiktionary
หั่น	colloquial	to cut into pieces, to slice; to reduce (budget, price, etc.)	wiktionary
หา	colloquial	(used to express surprise, bewilderment, disbelief, contempt, or interrogation); to call; to summon; to seek; to find; to search; to look (for)	wiktionary
หำ	colloquial	penis, testicles, or both	wiktionary
หิ้ว	colloquial	to carry; to bag.; to bring foreign merchandise back from the trip as other's request.	wiktionary
หิ้วปีก	colloquial	to support or carry someone by means of human crutch.	wiktionary
หู	colloquial	(classifier ข้าง for a single one or คู่ for a pair) ear.; ear-like part of anything, as bag handle, teapot handle, telephone handset, etc.; circular band or similar thing, as ring, hoop, loop, etc.	wiktionary
หูฟัง	colloquial	headphone; ear bud; stethoscope	wiktionary
หูย	colloquial	wow; ooh.	wiktionary
ห้อ	colloquial	to gallop.; to rush.; to be bruised.	wiktionary
ห้องดับจิต	colloquial	mortuary: room or chamber where dead bodies are kept.	wiktionary
ห้าง	colloquial	cabin, cottage, hut, or similar structure built in a farm or field or as a temporary residence.; scaffold: suspended platform, especially one built on a tree or in a wood for observing or hunting.; bu	wiktionary
อนามัย	colloquial	health; sanitation; hygiene; healthy; sanitary; hygienic; local infirmary; district health centre	wiktionary
อนิจจัง	colloquial	impermanent; transient; alas!	wiktionary
อนิจจา	colloquial	(an exclamation to express apprehension of evil, concern, grief, pity, or sorrow.)	wiktionary
อนุบาล	colloquial	that guards, protects, oversees, or watches over.; of or pertaining to a kindergarten or the kindergarten-level, preschool, or early childhood education.; to guard; to protect; to oversee; to watch ov	wiktionary
อภิเษก	colloquial	to appoint, install, or inaugurate by pouring water upon for consecration, as by libation, anointment, bathing, etc.; อภิเษกสมรส; to appoint, install, or inaugurate through any rite.	wiktionary
อยุธยา	colloquial	Ayodhya, an ancient city in India; Ayutthaya, an ancient kingdom in Thailand; Thon Buri, an ancient kingdom in Thailand	wiktionary
อยู่เป็น	colloquial	to know how to make own living.; to know how to endure the situation.	wiktionary
อย่างงั้น	colloquial	like that	pickup-thai.com
อย่างงี้	colloquial	like this	pickup-thai.com
อรุณสวัสดิ์	colloquial	good morning	wiktionary
อลเวง	colloquial	disorderly; disorganised; disturbed; turbulent; tumultuous	wiktionary
ออ	colloquial	to crowd, collect, or gather around; (used to express acceptance or realisation); (a conventional title for a man, often prefixed to the name)	wiktionary
ออฟฟิศ	colloquial	office: place of work	wiktionary
ออร์เดอร์	colloquial	order (request for product or service); to order (to make such request)	wiktionary
อัฐ	colloquial	eight. Ordinal form: อัฐมะ.; at: a unit of currency, equal to ⅛ of a เฟื้อง.; money; currency.	wiktionary
อัปเดต	colloquial	to update.; updated; up-to-date.	wiktionary
อัปเปหิ	colloquial	to eject; to expel; to banish.	wiktionary
อา	colloquial	younger sibling of one's father.; a title or term of address for any elderly person, especially that of relative age to a younger brother or younger sister of one's father.; ah.	wiktionary
อาทิตย์	colloquial	(พระ~) Surya (the first of the nine influential stars navagraha); (พระ~) Surya (sun god); (พระ~) any solar deity	wiktionary
อาม่า	colloquial	grandmother	wiktionary
อารยะขัดขืน	colloquial	civil disobedience	wiktionary
อาหารขยะ	colloquial	junk food.	wiktionary
อำเภอ	colloquial	benefit; interest; specific to; particular to; area; district; locality; place; region; spot; territory	wiktionary
อินเทรนด์	colloquial	trendy.	wiktionary
อิเหนา	colloquial	Indonesia; Panji	wiktionary
อิ๊ง	colloquial	English (language).	wiktionary
อียู	colloquial	the European Union	wiktionary
อีเมล	colloquial	e-mail	wiktionary
อีแอบ	colloquial	one who is in the closet; gay.	wiktionary
อี๋	colloquial	(used to express disgust): ew; yuck; ugh; etc.; (ขนม~) a dessert of balls made from flour and boiled in syrup.; (only found with the verb คราง, meaning unknown.)	wiktionary
อืม	colloquial	yes, yep	wiktionary
อุทัย	colloquial	appearance; emergence; rise.; อุทัยธานี; to rise; to come into view; to start shining.	wiktionary
อุ๊ย	colloquial	oops! ouch!	thai-language.com
อูย	colloquial	ow; ouch.	wiktionary
อู๊ด	colloquial	oink.	wiktionary
อโศก	colloquial	Aśoka, an ancient Indian emperor.; any of the various plants of the genus genus and the family family.; Asok, an economic > in >, >.	wiktionary
อโห	colloquial	(an exclamation of exultation, surprise, taunting, etc.)	wiktionary
อ่ะ	colloquial	อะ; อะ / (teen softener particle)	thai-language.com,wiktionary
อ่ะดิ	colloquial	exactly! of course!	pickup-thai.com
อ้วก	colloquial	(sound of vomiting.); vomit.; to vomit; to disgorge; to regurgitate.	wiktionary
อ้อ	colloquial	reed (grass).; oh, ah. / oh right	thai-language.com,wiktionary
อ้าว	colloquial	oh!, hey! / huh?! (unexpected)	thai-language.com,wiktionary
อ๊บ	colloquial	croak: frog cry.	wiktionary
อ๋อ	colloquial	oh, I see / ohh, I see	pickup-thai.com,thai-language.com
อ๋อง	colloquial	Chinese lord; excellent	wiktionary
ฮะ	colloquial	(casual ครับ/ค่ะ)	thai-language.com
ฮัดชิ่ว	colloquial	achoo.	wiktionary
ฮัดชิ้ว	colloquial	ฮัดชิ่ว	wiktionary
ฮัลโล	colloquial	ฮัลโหล	wiktionary
ฮั่นแน่	colloquial	aha! caught you!	thai-language.com
ฮั้ว	colloquial	collusion: agreement between two or more parties to limit open or fair competition.; conspiracy.; to collude: to adopt or take part in such an agreement.	wiktionary
ฮั้วประมูล	colloquial	bid rigging.; to commit or take part in bid rigging.	wiktionary
ฮิต	colloquial	to be a hit; to be popular.	wiktionary
ฮ่องกงฟุต	colloquial	athlete's foot	wiktionary
ฮ่ะ	colloquial	(casual ค่ะ)	thai-language.com
เกม	colloquial	done; ended; over; game (competitive activity)	wiktionary
เกย์	colloquial	a gay (male homosexual).	wiktionary
เกลือ	colloquial	salt; table salt.; salt compound.; worthless prize (e.g. from gacha).	wiktionary
เกษียณ	colloquial	to come to an end; to terminate.; to reach the retirement age; to retire from work upon reaching the retirement age.	wiktionary
เก็ต	colloquial	to get: to comprehend, understand, or realise.	wiktionary
เก็บดอกไม้	colloquial	to urinate.	wiktionary
เก๊กฮวย	colloquial	chrysanthemum; chrysanthemum tea	wiktionary
เก๊ะ	colloquial	drawer: sliding compartment, as in a piece of furniture	wiktionary
เก๋ง	colloquial	Chinese style pavilion.; canopy (especially of a vehicle).; sedan (car).	wiktionary
เก๋า	colloquial	(ปลา~) serranid, any fish of the family family.; experienced; seasoned; cool; great	wiktionary
เค	colloquial	k; to agree; to accord.; OK.	wiktionary
เครดิต	colloquial	credit.; trust; reliance.	wiktionary
เครื่องหมายคำถาม	colloquial	question mark.	wiktionary
เครื่องหมายตกใจ	colloquial	exclamation mark.	wiktionary
เครื่องหมายสงสัย	colloquial	question mark.	wiktionary
เคลม	colloquial	to claim (ownership or compensation).	wiktionary
เคลียร์	colloquial	to clear: to empty; to make empty; to make free of something undesirable or unpleasant; to make free of any obstructions or unwanted things.; to clear: to clear up; to clarify; to explain; to make som	wiktionary
เค้า	colloquial	trace, imprint, stamp (as of ancestry); vestige; outline; origin, beginning, primary cause; (นก~) owl	wiktionary
เงินปี	colloquial	annual salary.; annuity.; civil list, Sovereign Grant, or similar payment.	wiktionary
เงียบ	colloquial	lacking sound, voice, or noise: mute, silent, quiet, voiceless, noiseless, speechless, etc.; quiet: saying little; quiet: still, motionless, inactive, unlively, unbusy, etc.	wiktionary
เจริญพร	colloquial	(used by a priest to express a greeting, declare affirmation or assent, or attract attention.); (used by a priest at the end of an expression for politeness.)	wiktionary
เจอกัน	colloquial	to meet, encounter, see, face; (used to bid farewell): see you; see you again; see you soon; see you later; (used to express a wish or invitation to see or meet someone:) see you (at that place, on th	wiktionary
เจาะไข่แดง	colloquial	to take a woman's virginity; to pop someone's cherry.	wiktionary
เจียว	colloquial	to render.; to fry in fat or oil.; curry; soup.	wiktionary
เจี๊ยก	colloquial	the crying sound of monkey.; the exclaimed sound when someone frightened.	wiktionary
เจี๊ยว	colloquial	to make noise (by children or women).; noisy.; (boy's) penis.	wiktionary
เจี๊ยะ	colloquial	to eat.; to win in some kinds of gambling.	wiktionary
เจื๋อน	colloquial	to castrate; to emasculate; to sterilize	wiktionary
เจ้า	colloquial	god; deity; image or statue of the Buddhath; chief; lord; master	wiktionary
เจ้าข้า	colloquial	(particle used by female speakers at the end of sentences to make them more polite); yes (female speaker)	wiktionary
เจ้าคุณ	colloquial	(used as a title for or term of address to a member of the royal harem); (used as a title for or term of address to a nobleman holding the rank of พระยา or higher); (used as a title for or term of add	wiktionary
เจ้าค่ะ	colloquial	(particle used by female speakers at the end of sentences to make them more polite); yes (female speaker).	wiktionary
เจ้าชาย	colloquial	prince	wiktionary
เจ้ามือ	colloquial	host: one who hosts something, especially gambling, banquet, feast, or the like; dealer (in card games)	wiktionary
เจ้าหญิง	colloquial	princess.	wiktionary
เจ๊ง	colloquial	to fail; to go bankrupt.; to end.; to be ruined; to be out of order.	wiktionary
เฉด	colloquial	to chase away; to drive off; to expel.; water mimosa, species.; color.	wiktionary
เฉิ่ม	colloquial	unfashionable.; stupid.	wiktionary
เชฟ	colloquial	chef.; professional cook.	wiktionary
เชิญ	colloquial	to invite; to request; to bring; to take; to carry; (used to express a request, command, or permission)	wiktionary
เชียร์ลีดเดอร์	colloquial	cheerleader.	wiktionary
เช็ก	colloquial	Czech.; to check.	wiktionary
เช้ง	colloquial	(ส้ม~) sweet orange.; beautifully; finely.	wiktionary
เช้า	colloquial	in the early part of the morning; before the usual or appointed time; ahead of time; morning	wiktionary
เซฟ	colloquial	(ตู้~) safe (strongbox).; safe; secure.; to save (data).	wiktionary
เซลฟี	colloquial	selfie.; to selfie.	wiktionary
เซเล็บ	colloquial	celeb.	wiktionary
เซ็กซี่	colloquial	sexy.	wiktionary
เซ็กส์	colloquial	sex (sexual intercourse)	wiktionary
เซ็น	colloquial	to sign; to affix a signature (to); to sign a contract	wiktionary
เณร	colloquial	สามเณร	wiktionary
เดะ	colloquial	(imperative / emphatic)	pickup-thai.com
เดี๋ยว	colloquial	while; moment; instant; sometimes; on some occasions; at a certain time; soon; later	wiktionary
เดือด	colloquial	to boil.; to be furious; to be in a rage.; boiling; very hot.	wiktionary
เด็กแนว	colloquial	trendy young person; cool kid.	wiktionary
เด้า	colloquial	move the bottom up and down; to have sex.	wiktionary
เด๊ะ	colloquial	(variant of ดิ)	thai-language.com
เถอะ	colloquial	เถิด	wiktionary
เถาปั๊ว	colloquial	manufacturer.	wiktionary
เถิด	colloquial	(used in a suggestive, optative, requestive, imperative, or affirmative expression, for the purpose of emphasising it)	wiktionary
เทคนิค	colloquial	technique.; vocational school/college.	wiktionary
เทศ	colloquial	local; foreign; district; locality; place; region; spot	wiktionary
เทอม	colloquial	semester.; term (as of office).	wiktionary
เทียบ	colloquial	to bring, come, or place alongside, close to, or near (someone or something); to compare; to prepare	wiktionary
เท่าไหร่	colloquial	เท่าไร; เท่าไร	wiktionary
เนอะ	colloquial	right? (seeking agreement)	thai-language.com
เนาะ	colloquial	right? (seeking agreement)	thai-language.com
เนี่ย	colloquial	used to command attention.; placed at the end of an indicative or interrogative for emphasis of the condition of being done, being mentioned, being addressed, being pointed out, or happening at the pr	thai-language.com,wiktionary
เนื้อ	colloquial	flesh; meat; beef	wiktionary
เน็ต	colloquial	net (mesh stretched to divide the court); net (amount remaining after deductions); the Internet	wiktionary
เน้อ	colloquial	(soft agreement-seeking, northern-ish)	thai-language.com
เบรก	colloquial	brake (stopping device).; to use a brake.; to stop; to halt; to restrain.	wiktionary
เบอร์โทร	colloquial	telephone number	wiktionary
เบา	colloquial	to relieve; to relax; to lighten; to lessen; to get better; to abate.; to slow down; to decelerate; to retard; to slow up.; to urinate; to pee.	wiktionary
เบ้อเร่อ	colloquial	extraordinarily large; extraordinarily	wiktionary
เปอร์เซ็นต์	colloquial	percent.	wiktionary
เป็ดง่อย	colloquial	lame duck	wiktionary
เป่า	colloquial	to blow; to shoot (a gun)	wiktionary
เป้	colloquial	bad, of poor quality; backpack	wiktionary
เพจ	colloquial	เพจเจอร์; แฟนเพจ; เว็บเพจ	wiktionary
เพจเจอร์	colloquial	pager: message notifying device.	wiktionary
เพลีย	colloquial	to be exhausted; to be tired.; to be fed up.	wiktionary
เพี้ยง	colloquial	like, as, as if, characteristic of; just, only.; amen; so be it.	wiktionary
เฟอร์นิเจอร์	colloquial	furniture	wiktionary
เฟิร์ม	colloquial	to confirm.	wiktionary
เฟ้ย	colloquial	(softer เว้ย)	thai-language.com
เมกอัป	colloquial	make-up; cosmetics.; to apply make-up.	wiktionary
เมียน้อย	colloquial	minor wife; secondary wife; wife of inferior rank; concubine; mistress	wiktionary
เมียหลวง	colloquial	principal wife; chief wife	wiktionary
เมืองนอก	colloquial	foreign city, town, region, country, continent, etc.	wiktionary
เมืองไทย	colloquial	Thailand	wiktionary
เมื่อไหร่	colloquial	เมื่อไร	wiktionary
เม้าท์มอย	colloquial	to gossip.	wiktionary
เยอรมัน	colloquial	German; เยอรมนี	wiktionary
เย้	colloquial	yay!	thai-language.com
เรียบ	colloquial	smooth; even; orderly; neat; used up; all gone; cleaned out	wiktionary
เรี่ยราด	colloquial	blotchily, messily.	wiktionary
เรือบิน	colloquial	airship.; airplane.	wiktionary
เรือเหาะ	colloquial	airship; airplane; flying boat; flying ship	wiktionary
เลข	colloquial	letter; character; writing; digit; numeral; number; figure; mathematics	wiktionary
เลขา	colloquial	writing; letter; script.; secretary	wiktionary
เลสเบียน	colloquial	lesbian.	wiktionary
เลี้ยง	colloquial	to maintain, to keep or make remain (in a good or certain condition); to prolong, to lengthen, to make remain in existence for a longer period; to dribble; to give care (to); to take care (of); to nur	wiktionary
เล่า	colloquial	to narrate; to tell; to chant; to intone; to recite; (placed after an expression for emphasis)	wiktionary
เวรกรรม	colloquial	oh God, damn (lit. karmic retribution)	thai-language.com
เว็บ	colloquial	web (World Wide Web); website	wiktionary
เสด็จ	colloquial	(used as a ceremonious addition to a verb when the subject is a god, high priest, or royal person.); สมเด็จ; (an honorific for or term of address to a royal person holding the rank of พระองค์เจ้า.)	wiktionary
เสิร์ฟ	colloquial	to serve; to present; to serve: to put (a ball, shuttlecock, etc.) in play	wiktionary
เสีย	colloquial	to degenerate; to deteriorate; to worsen; to decay; to die; to lose; to be deprived of; to have no more	wiktionary
เสียจริง	colloquial	really, so very much	wiktionary
เสี้ยน	colloquial	splinter (sharp, slender piece, as of wood, bone, etc.).; enemy; the plant, species Korth., of the family family.	wiktionary
เส็งเคร็ง	colloquial	bad; poor; crappy; valueless; worthless	wiktionary
เหมียว	colloquial	meow.; meow.; (a term of endearment for a cat.)	wiktionary
เหลา	colloquial	to sharpen; to smoothen (with knife, etc.); restaurant (usually refers to elegant Chinese one); disgrace; disrespect	wiktionary
เหลือเฟือ	colloquial	available beyond need; more than sufficient.	wiktionary
เหอะ	colloquial	(used in a suggestive, optative, requestive, imperative, affirmative, or argumentive expression, for the purpose of emphasising it.) / let's / just (do it)	pickup-thai.com,wiktionary
เอย	colloquial	(used to end a poem); (used at the end of an expression for emphasis); (used at the end of each item of details for separation)	wiktionary
เออ	colloquial	exclamation expressing agreement, assent, concurrence, approval: yes!, aye!, fine!, say!, oh!, etc.; exclamation similar to "oh", "sigh", "oh, by the way"	wiktionary
เออออห่อหมก	colloquial	to agree; to go along with; to approve	wiktionary
เอิ่ม	colloquial	um; uh.	wiktionary
เอ่ย	colloquial	(cute question particle)	thai-language.com
เอ๊ย	colloquial	oops, I mean... (correction)	thai-language.com
เอ๋	colloquial	eh?	thai-language.com
เอ๋ง	colloquial	the sound of dog when hurt.	wiktionary
เฮง	colloquial	lucky; fortunate; successful; promising; propitious; prosperous.	wiktionary
เฮี้ยน	colloquial	powerful; possessing a strong supernatural power	wiktionary
เฮ้อ	colloquial	sigh	thai-language.com
แก๊งคอลเซ็นเตอร์	colloquial	criminal organisation that carries out phone scams	wiktionary
แก๊ส	colloquial	any gas. ((Classifier changes according to its container.)); liquefied petroleum gas. ((Classifier changes according to its container.)); gas stove.	wiktionary
แข้ง	colloquial	shin.; boyfriend.; footballer.	wiktionary
แคม	colloquial	gunnel; gunwale.; labium: part of female genitalia.; cam: camera.	wiktionary
แคมป์	colloquial	camp	wiktionary
แง่ง	colloquial	stem that grown out from rhizome; protuberance; gingers, galangals	wiktionary
แจ้งความ	colloquial	announcement; notification; advertisement.; report (of a crime or wrongdoing to a public authority).; to announce; to notify; to advertise.	wiktionary
แฉ	colloquial	to unveil; to uncover; to disclose; to bring to light; to expose.	wiktionary
แชมป์	colloquial	champ, champion	wiktionary
แซว	colloquial	to tease; to banter; to chaff.	wiktionary
แดง	colloquial	red; to reveal; cent; money (for expressing destitution)	wiktionary
แตะ	colloquial	to touch (gently or slightly).; to interfere with; to meddle with.	wiktionary
แต๋ว	colloquial	effeminate man	wiktionary
แทมพอน	colloquial	tampon	wiktionary
แท็กซี่	colloquial	taxi; taxi driver.	wiktionary
แบงก์	colloquial	bank (financial institution).; banknote.	wiktionary
แบต	colloquial	battery.	wiktionary
แบน	colloquial	horizontally level: flat, smooth, even, applanate, etc.; flat: not clear or sharp.; flat: dull, banal, or insipid.	wiktionary
แบบ	colloquial	form; pattern; design; model; template; example; instance; form; shape	wiktionary
แบบฟอร์ม	colloquial	form (document to be filled)	wiktionary
แบล็กเมล์	colloquial	to blackmail.	wiktionary
แป่ว	colloquial	aww, deflated, foiled	thai-language.com
แป้ง	colloquial	meal (coarse-ground edible part of various grains); flour; powder; starch; talcum powder; talc	wiktionary
แฟชั่น	colloquial	fashion (prevailing style of dress).	wiktionary
แฟนสาว	colloquial	girlfriend; female lover; wife	wiktionary
แฟ้บ	colloquial	detergent.	wiktionary
แมน	colloquial	deity.; manly: like or befitting a male.; metropolitan area network.	wiktionary
แมสก์	colloquial	surgical mask; dust mask.	wiktionary
แม่บ้าน	colloquial	housewife; housemaid	wiktionary
แม่ย่า	colloquial	female deity; female guardian angel.; mother-in-law (husband's mother).	wiktionary
แม่เลี้ยง	colloquial	foster mother; stepmother.; wealthy woman; woman in charge, woman in authority, mistress, bosslady; woman of rank, woman of distinction; influential woman.	wiktionary
แล	colloquial	to see; to look; emphatic or corroborative particle; and	wiktionary
แล็บ	colloquial	laboratory	wiktionary
แล้วรึยัง	colloquial	yet?	pickup-thai.com
แวน	colloquial	(รถ~) van; value-added network; wide area network	wiktionary
แหม	colloquial	(used to express surprise, usually in a sarcastic way): well, my, etc. / well! jeez! (often sarcastic)	thai-language.com,wiktionary
แหละ	colloquial	intensifying particle, similar to an exclamation point / exactly that, that's it	thai-language.com,wiktionary
แหวะ	colloquial	to slit; to cut open.; to rip open.; (the sound of vomiting.)	wiktionary
แหะ	colloquial	ha! (sound of laughter).	wiktionary
แห่	colloquial	parade; procession.; pomp and circumstance.; to parade; to move or go in a procession or with pomp and circumstance.	wiktionary
แอป	colloquial	application	wiktionary
แอร์	colloquial	air conditioner.; air hostess.	wiktionary
แอ้ม	colloquial	to eat.; to get; to obtain (as one's wish).	wiktionary
แฮป	colloquial	To wish someone a happy birthday.	wiktionary
แฮม	colloquial	ham, especially sliced one; sliced Bologna sausage	wiktionary
แฮะ	colloquial	huh, well (pondering)	thai-language.com
แฮ้ง	colloquial	hangover	wiktionary
โกดัง	colloquial	warehouse	wiktionary
โก๋	colloquial	(ขนม~) a kind of Chinese dessert, made of glutinous rice flour and sugar, pressed into a mold.; undisciplined teenager.	wiktionary
โขทัย	colloquial	สุโขทัย: Sukhothai	wiktionary
โคราช	colloquial	นครราชสีมา: Nakhon Ratchasima	wiktionary
โค้ช	colloquial	coach; instructor.; (รถ~) coach (a bus that travels for longer distances).	wiktionary
โจ๋	colloquial	undisciplined teenager.	wiktionary
โฉนด	colloquial	certificate: evidential document.th; land title deed.	wiktionary
โชกโชน	colloquial	drenched; soakedพจนานุกรม ฉบับราชบัณฑิตยสถาน พ.ศ. ๒๔๙๓]]; much; many; a lot of	wiktionary
โชคดี	colloquial	good fortune; good luck; fortunate; lucky; good fortune; good luck; godspeed	wiktionary
โชว์	colloquial	to show; to present; to reveal.; to show off; to brag; to boast.; to display; to exhibit.	wiktionary
โชห่วย	colloquial	(ร้าน~) grocery store, especially one run by a Chinese.; product sold at this store.	wiktionary
โชเฟอร์	colloquial	chauffeur (person employed to drive a private or hired car).	wiktionary
โถ	colloquial	vase; similar vessel, as urn, jar, jug, etc.; (used to express pity, sympathy, concerns, regret, or sorrow:) dear, oh dear, too bad, unfortunately, what a pity, what a shame, alas, etc.	wiktionary
โทน	colloquial	one; sole; single; alone; isolated; unique; exclusive; a type of traditional Thai music.; (กลอง~) a type of traditional Thai hand drum, similar to goblet drum.	wiktionary
โทร	colloquial	tele-; to call (by telephone)	wiktionary
โทรศัพท์มือถือ	colloquial	mobile phone. เครื่อง	wiktionary
โทรโข่ง	colloquial	megaphone.	wiktionary
โปรด	colloquial	to free from suffering or sin or to help attain liberation or salvation; to be pleased to do something or let something happen; to favour, to like, to love; to please, to content	wiktionary
โปสต์การ์ด	colloquial	postcard.; postcard-sized.	wiktionary
โปะ	colloquial	to put on top (of), on the surface (of), on the outer part (of), or over; to coat, cover, encrust, or daub (with, onto, etc); to add, insert, or inject, especially in large quantities	wiktionary
โป้ง	colloquial	loose; indiscreet; large; big; (sound of a gunshot): bam, bang, blam, etc.	wiktionary
โป๊ป	colloquial	pope.	wiktionary
โผ	colloquial	prepared list of names, usually in relatively formal contexts.; to rush; to dash; to swoop.	wiktionary
โพย	colloquial	list; record.; chit.	wiktionary
โฟโตชอป	colloquial	Photoshop.; to photoshop.	wiktionary
โมง	colloquial	a Thai unit of time equal to an hour (60 minutes); time; a kind of tree found in the forest, the liquid excreted from the bark of which is used to harden lime and mortar{{cite-web	wiktionary
โรงตึ๊ง	colloquial	pawnshop.	wiktionary
โรงบาล	colloquial	hospital.	wiktionary
โรงพัก	colloquial	police station.	wiktionary
โรงยิม	colloquial	gym, gymnasium.	wiktionary
โรงเตี๊ยม	colloquial	inn; motel.	wiktionary
โรแมนติก	colloquial	romantic.	wiktionary
โหร	colloquial	astrologer; astronomer; prophet, seer, soothsayer; magician, sorcerer	wiktionary
โหลด	colloquial	to put a load on or in.; to insert a charge, projectile, etc., into (a firearm).; to be lowered.	wiktionary
โหวต	colloquial	to vote; vote	wiktionary
โอเค	colloquial	to be in good condition, quality, health, etc.; to agree; to accord; OK	wiktionary
โฮเต็ล	colloquial	hotel.	wiktionary
โฮ่ง	colloquial	the sound of a dog barking	wiktionary
ใจเย็น	colloquial	calm; serene; unruffled; composed; cool; patient; unhurried; calm down, cool down, keep cool; slow down; be patient	wiktionary
ใช่	colloquial	(sometimes ~ว่า) (used to express negation): no, not, never, etc.; be; good; appropriate; suitable; satisfactory; acceptable; correct	wiktionary
ใช่ปะ	colloquial	right?	pickup-thai.com
ใช่มะ	colloquial	right? isn't it?	pickup-thai.com
ใช่เปล่า	colloquial	right? or not?	pickup-thai.com
ในหลวง	colloquial	king: male monarch.	wiktionary
ใบขับขี่	colloquial	ใบอนุญาตขับขี่	wiktionary
ไกด์	colloquial	guide: one who guides, as in tour expeditions, etc.	wiktionary
ไข่แดง	colloquial	egg yolk.; a woman's virginity.; one man in the midst of women.	wiktionary
ไง	colloquial	how; what; in what way.; used as a conventional greeting. / how / you know / hey (greeting)	pickup-thai.com,wiktionary
ไชโย	colloquial	cheers!; hurray!; to hail with bravos, say "bravo!"	wiktionary
ไซร้	colloquial	(used at the end of an expression for emphasis.)	wiktionary
ไซ่ง่อน	colloquial	Saigon	wiktionary
ไซ้	colloquial	ไซร้; to root, dig, probe (with beak or snout).	wiktionary
ไดร์	colloquial	blow-dryer.; to blow-dry.	wiktionary
ได้	colloquial	to get; to obtain; to receive; (used before a verb to indicate that one has done or has an opportunity to do the action); (used after a verb to express that the action can be or has been done)	wiktionary
ไต๋	colloquial	trick, stratagem, secret, true intention kept hidden; important card, trump card kept hidden from an opponent	wiktionary
ไทกอ	colloquial	leprosy	wiktionary
ไทยแลนด์	colloquial	Thailand.	wiktionary
ไนต์คลับ	colloquial	night club	wiktionary
ไป	colloquial	to go; to move (away from the speaker); to leave; to depart; (used to indicate motion away from the speaker's direction); (used to indicate motion that still continues or that continues up to a certai	wiktionary
ไปรษณีย์	colloquial	mail; post; post office; post officer; postman; mailman	wiktionary
ไฟนอล	colloquial	final examination.	wiktionary
ไม่	colloquial	no; not; neither; nor; no	wiktionary
ไม่ค่อย	colloquial	hardly; scarcely; not very	wiktionary
ไม่เบา	colloquial	quite; so; considerably; very.	wiktionary
ไม่เอาไหน	colloquial	good-for-nothing	wiktionary
ไม้ขีด	colloquial	ไม้ขีดไฟ	wiktionary
ไม้บรรทัด	colloquial	ruler: strip used for drawing lines, measuring, etc.; norm (of oneself)	wiktionary
ไม้เซลฟี	colloquial	selfie stick.	wiktionary
ไรเดอร์	colloquial	motorcycle courier.	wiktionary
ไรแว๊	colloquial	ไรแว้	wiktionary
ไส้	colloquial	intestine; womb; someone or something that fills or is inside another, as food filling, pencil lead, candle wick, lamp mantle, etc.	wiktionary
ไหน	colloquial	which; where; who (for question); which; why (used to express complaining, claiming, or doubting mood); (ลูก~) plum	wiktionary
ไหม	colloquial	or not?; silkworm.; thread.	wiktionary
ไอซียู	colloquial	critically bad.; an intensive care unit.	wiktionary
ไอดอล	colloquial	idol: highly promoted and merchandised entertainer.; idol: highly admired or adored person; role model.	wiktionary
ไอติม	colloquial	ice cream.	wiktionary
ไอเดีย	colloquial	idea	wiktionary
ไอ้หยา	colloquial	aiya; ah; oh; ugh (expressing surprise, annoyance, pain, frustration, blame, etc.)	wiktionary
ไฮ้	colloquial	no	wiktionary
กระจอก	offensive	(นก~) sparrow.; (แมว~) a type of cat with an entirely black body, yellow eyes, and grey or white hair around the mouth or nose, traditionally believed to bring good luck.; nail, as fingernail, toenail	wiktionary
กระดอ	offensive	penis / dick	lingopie.com/blog/thai-swear-words-and-thai-insults/,wiktionary
กระดาน	offensive	(classifier แผ่น) board; plank; (classifier แผ่น) board for writing, drawing, etc., as slate, chalkboard, markerboard, etc.; flat chest; flat-chested woman	wiktionary
กลวง	offensive	hollow; empty; not solid.; brainless; mindless; senseless; witless.; area, region, district; precincts, environs, vicinity; midst, centre, central part.	wiktionary
กะลาธิปไตย	offensive	the administrative regime of Thailand, characterised by militarism, self-centeredness, ultraconservatism, ultranationalism, and ultraroyalism.	wiktionary
กะหรี่	offensive	prostitute; (แกง~) curry; pungent dish of vegetables, meat or fish, etc, flavoured with various spices or curry powder / whore	ling-app.com/blog/thai-swear-words/,wiktionary
กะเทย	offensive	kathoey, ladyboy; male homosexual; hermaphrodite / ladyboy	lingopie.com/blog/thai-swear-words-and-thai-insults/,wiktionary
กะโหลกกะลา	offensive	useless; valueless; worthless.	wiktionary
กักขฬะ	offensive	very despicable, low, base, vile, vulgar, or rude.	wiktionary
กัด	offensive	to gnash or grind, of the teeth.; to bite: to grip or hold with the teeth.; to bite: to cut, wound, etc, with the teeth.	wiktionary
กาก	offensive	unused portion or amount: leftover, remain, residue, surplus, etc.; tiny or small bit, minute portion or piece: particle, fleck, etc.; (often used of a man and preceded by ไอ้) worthless person; usele	thaipod101.com/blog/2019/07/23/thai-text-slang/,wiktionary
กากี	offensive	female crow; any crow; adulterous woman; unfaithful woman	wiktionary
การขี้	offensive	ขี้	wiktionary
กาลกิณี	offensive	bad, evil; wicked, unholy; inauspicious, unfavourable; unfortunate, unlucky; ill-boding, ill-omened; bad, evil; wickedness, unholiness; inauspiciousness, unfavourableness; misfortune, bad luck; ill bo	wiktionary
กาลี	offensive	wicked, evil, ill, bad; unfortunate, inauspicious, unfavourable, unwholesome.; Kālī, a terrific form of the goddess Durgā.	wiktionary
กำมะลอ	offensive	(เครื่อง~) traditional lacquerware from China and Japan{{cite-web|th|url=http://legacy.orst.go.th/?knowledges=%E0%B8%81%E0%B8%B3%E0%B8%A1%E0%B8%B0%E0%B8%A5%E0%B8%AD-%E0%B9%98-%E0%B8%81%E0%B8%B8%E0%B8%	wiktionary
กำแหง	offensive	strong, vigorous; brave, daring, courageous; heroic.; conceited, vain, vainglorious, overconfident, arrogant; insolent, impudent, impertinent.	wiktionary
กินหญ้า	offensive	to be idiotic; to be stupid; to be unintelligent.	wiktionary
กู	offensive	(a first person pronoun:) I / "I" (impolite)	thaiwithgrace.com/thai-swear-words-insults/,wiktionary
กูลั่น	offensive	(an expression of laughter or ridicule.)	wiktionary
ขม้ำ	offensive	(of animals) to eat	wiktionary
ขวิด	offensive	to butt, gore, or attack with the horns, tusks, or the like.; to engage in a very angry altercation, dispute, or fight.	wiktionary
ขับรถเหี้ยมาก	offensive	drives like shit	lingopie.com/blog/thai-swear-words-and-thai-insults/
ขี้	offensive	to shit (defecate); shit (faeces); any dirty substance, unwanted substance, or waste matter discharged from or found on the body, as scurf, snot, earwax, etc. / Shit/poop	thaiwithgrace.com/thai-swear-words-insults/,wiktionary
ขี้ข้า	offensive	servant; slave.	wiktionary
ขี้งก	offensive	stingy	lingopie.com/blog/thai-swear-words-and-thai-insults/
ขี้นก	offensive	bird shit	lingopie.com/blog/thai-swear-words-and-thai-insults/
ขี้หน้า	offensive	face of a person.	wiktionary
ขี้เรื้อน	offensive	canine leprosy.; affected by leprosy.; worthless, no-good, good-for-nothing; low, base, mean, inferior.	wiktionary
ขี้เหนียว	offensive	stingy	lingopie.com/blog/thai-swear-words-and-thai-insults/
ขี้เหร่	offensive	ugly	lingopie.com/blog/thai-swear-words-and-thai-insults/
ขี้เหล้า	offensive	alcoholic: suffering from alcoholism or addicted to intoxicating drinks.; alcoholic: person suffering from alcoholism or addicted to intoxicating drinks.	wiktionary
ขึ้นอืด	offensive	to bloat.; to be fat or obese.	wiktionary
ค	offensive	คอ ควาย (ค ควาย), the fourth consonant letter of the Thai alphabet.; (an expression of anger, frustration, disapproval, or disagreement.); penis	wiktionary
คนต่างด้าว	offensive	alien (a resident born in or belonging to another country who has not acquired citizenship).; foreigner.	wiktionary
คร่ำครึ	offensive	extremely old, ancient, outdated, outmoded, old-fashioned, or conservative.	wiktionary
คลั่ง	offensive	to be delirious, talk in one's sleep or in fever; to be crazy about, fanatical about; crazy; insane; mad; wild	wiktionary
ควย	offensive	penis; (an expression of anger, displeasure, or dismay); (used for emphasis): the heck, the hell, the fuck, etc. / Cock/dick / Penis/dick	australiaunwrapped.com/thai-swear-words/,thaiwithgrace.com/thai-swear-words-insults/,wiktionary
ควยหมา	offensive	dog dick	lingopie.com/blog/thai-swear-words-and-thai-insults/
ความดักดาน	offensive	ดักดาน	wiktionary
ควาย	offensive	water buffalo (the animal species of the family family); (อี~, ไอ้~) stupid person; idiot; stupid; idiot / buffalo (stupid person)	ling-app.com/blog/thai-swear-words/,wiktionary
คางคกขึ้นวอ	offensive	low person who puts on airs after having a better life or gaining wealth or admiration.	wiktionary
คำหยาบคาย	offensive	profanity	ling-app.com/blog/thai-swear-words/
คุณนาย	offensive	a polite term of address to the wife of a public officer holding a royal letter of appointment known as สัญญาบัตร, when the wife is without noble rank or title.; a polite term of address to a woman, e	wiktionary
งก	offensive	stingy; miserly; penurious; niggardly.; shaking, trembling, or tremulous (because of fear, cold, sickness, senility, etc).; (ไม้~) staff or rod used by a mahout to hit the buttock of an elephant to ex	wiktionary
งั่ง	offensive	stupid; idiot.; (พระ~) metal-cast image of the Buddha, but without the shoulder shawl.; (พระ~) image of the Buddha which does not yet undergo the eye-opening rite called เบิกเนตร.	wiktionary
งี่เง่า	offensive	very stupid, idiot, or unintelligent.; clumsy; awkward; inept.	wiktionary
งูพิษ	offensive	poisonous snake	lingopie.com/blog/thai-swear-words-and-thai-insults/
จมปลัก	offensive	to remain (in a condition or place that is unpleasant or unlikely to lead to an improvement).	wiktionary
จริต	offensive	nature (of the mind), divided into six types: ราคจริต, โทสจริต, โมหจริต, สัทธาจริต, พุทธิจริต, วิตกจริต.; conduct; manner; character.; pretence, feigning, acting; craft, cunning, guile.	wiktionary
จะตาย	offensive	to death, to excess; very, greatly, extremely; quite, rather.	wiktionary
จัญไร	offensive	bad, wicked, evil; inauspicious, unfortunate, unfavourable, ill-boding, marked by or inviting misfortune, bringing about bad luck; low, base, mean; unpleasant, objectionable, disagreeable.; that which	ling-app.com/blog/thai-swear-words/,wiktionary
จูงจมูก	offensive	to lead by the nose: to influence, to dominate, to control.	wiktionary
ฉิบหาย	offensive	to go to wrack and ruin; to undergo complete loss, destruction, or failure; to suffer disaster; to undergo ruination.; wrack and ruin; complete loss, destruction, or failure; disaster; ruination.; (ไอ	thaiwithgrace.com/thai-swear-words-insults/,wiktionary
ฉี่	offensive	urine; to pee, to urinate; a sizzling or hissing sound	wiktionary
ชะมัด	offensive	quite; very.	wiktionary
ชักว่าว	offensive	to masturbate / wank (lit. pull a kite)	lingopie.com/blog/thai-swear-words-and-thai-insults/,wiktionary
ชาติชั่ว	offensive	(ไอ้, อี~) person of vulgar birth. / bad person	ling-app.com/blog/thai-swear-words/,wiktionary
ชาติหมา	offensive	(ไอ้, อี~) person of vulgar birth.	wiktionary
ชาวบ้าน	offensive	villager.; other people; people other than the speaker.; general people; people in general.	wiktionary
ชิงหมาเกิด	offensive	extremely despicable.; extremely despicable person.	wiktionary
ชิบหาย	offensive	ฉิบหาย; ฉิบหาย; ฉิบหาย / Fucked / screwed	australiaunwrapped.com/thai-swear-words/,wiktionary
ชุ่ย	offensive	sketchily, roughly, slipshodly, without refinement, without neatness; indiscreetly, imprudently, rashly, carelessly, without due consideration or care.; to select; to choose; to pick.	wiktionary
ช่างหัวมัน	offensive	Fuck it / forget it	thaiwithgrace.com/thai-swear-words-insults/
ช่างแม่ง	offensive	fuck it / don't care	lingopie.com/blog/thai-swear-words-and-thai-insults/
ช้างน้ำ	offensive	hippopotamus.; obese person.	wiktionary
ซวย	offensive	luckless; unlucky; unfortunate; inauspicious; cursed; doomed; ruined.	wiktionary
ซะ	offensive	(variant of เสีย.) / (verb +) off, completely; do it already / Rude imperative marker	pickup-thai.com,thaiwithgrace.com/thai-swear-words-insults/,wiktionary
ดอก	offensive	(used at the end of a negative expression for emphasising); flower; (used as a title for flowers)	wiktionary
ดอกทอง	offensive	the plant Curcuma spp. of the family family, traditionally used to make a very strong aphrodisiac.; (อี~) lewd woman, sexually promiscuous woman, or woman who behaves in an overtly sexual way: slut, b	wiktionary
ดักควาย	offensive	to lure someone into showing his or her own stupidity.	wiktionary
ดักดาน	offensive	for a long period of time without change or improvement; incurably, hopelessly, irrevocably	wiktionary
ดัดจริต	offensive	to correct or reform the behaviour or conduct (of).; to pretend, act, or attitudinise, especially in order to look or sound refined; to overact.	wiktionary
ดิบ	offensive	raw; uncooked; not fully cooked; unripe; green; young; buried; uncremated	wiktionary
ดิ้นด่อน	offensive	crazy	lingopie.com/blog/thai-swear-words-and-thai-insults/
ดี้	offensive	feminine homosexual woman	wiktionary
ตกเบ็ด	offensive	to fish hook: to perform a sexual manoeuvre in which a finger or fingers are used to form an improvised hook inside an orifice, vagina, etc; to finger; to fingerbang. / female masturbation (lit. go fi	lingopie.com/blog/thai-swear-words-and-thai-insults/,wiktionary
ตลาดล่าง	offensive	low-class person; low person; vulgar person; commoner; uneducated person; person with coarse behaviour; person who acts coarsely or acts like an uneducated person.	wiktionary
ตอแหล	offensive	to be talkative.; to be mealy-mouthed; to lie, to state falsely, to falsify, to exaggerate, to invent, to fabricate, to distort; to be duplicitous, hypocritical, deceitful, deceptive, or insincere; to	thaiwithgrace.com/thai-swear-words-insults/,wiktionary
ตักน้ำใส่กะโหลกชะโงกดูเงา	offensive	to know one's place.	wiktionary
ตัว	offensive	self; person; body; physique; figure; form; shape	wiktionary
ตัวถ่วง	offensive	anyone or anything that retards progress or development: drag, albatross, check, clog, etc.; ถ่วง	wiktionary
ตา	offensive	eye; (one who does something with an eye or the eyes, especially as a profession); (anything that is like an eye, as in terms of appearance or functions): hole; opening; aperture; etc.	wiktionary
ตาต่ำ	offensive	bad at judging or selecting; incapable of seeing, appraising, or appreciating the worth or value of someone or something.	wiktionary
ตายห่า	offensive	to die in a great number at the same time, especially because of an epidemic.; to die a miserable death.; (used as an intensifier, often in a sarcastic way.)	wiktionary
ตายโหง	offensive	(an exclamation of anger, contempt, disapproval, discontent, disgust, dismay, rejection, or surprise.); to die a violent or unnatural death.	wiktionary
ตาสีตาสา	offensive	commoners.; uneducated, uninformed, unintelligent, or unsophisticated people, especially those from a rural area.	wiktionary
ติ่ง	offensive	small flesh or bodily organ that hangs down from, grows out of, protrudes from, or is connected to a larger organ, as a vermiform appendix or the lobe of an ear.; similar thing.; person that joins or 	talkinthai.com/20-thai-slang/,wiktionary
ตีน	offensive	(classifer ข้าง for a single one or คู่ for a pair) foot; lowest or supporting part: foot, base, pedestal, etc.; (ปลา~) mudskipper	wiktionary
ตือ	offensive	an obese male.	wiktionary
ตุ่มมังกร	offensive	obese female.	wiktionary
ตุ๊ด	offensive	effeminate man.	wiktionary
ต่างด้าว	offensive	foreign; alien.; foreigner; alien.	wiktionary
ถือหาง	offensive	to back; to support; to side (with).	wiktionary
ถุงตีน	offensive	ถุงเท้า	wiktionary
ถ่อย	offensive	bad, evil, wicked; base, low, mean. / lowlife	ling-app.com/blog/thai-swear-words/,wiktionary
ทรพี	offensive	ungrateful; ladle	wiktionary
ทอม	offensive	tomboy.	wiktionary
ทารก	offensive	baby: infant or very young child; immature person; naive person	wiktionary
ทำซาก	offensive	(used as an intensifier): heck; hell; fuck; etc.	wiktionary
ทุย	offensive	round or oval like a bael fruit; bael-shaped.; having an oval shape, thin shell, and light weight, and containing no coconut water and meat.; having a short, curled, or twisted horn or horns.	wiktionary
ทุเรศ	offensive	difficult; distant.; disagreeable; disgusting; offensive; unpleasant.; (used to express disagreement or disgust.)	wiktionary
นกแก้วนกขุนทอง	offensive	person who well memorises and repeats what he has learnt without actually understanding it, just like a talking bird.; education in which students are taught to memorise things without actually unders	wiktionary
นรก	offensive	(classifier ขุม) naraka: realm in which beings are born and punished for the sins committed in previous lives; place, state, or cause of torment or misery; hell; purgatory; underworld; realm of the de	australiaunwrapped.com/thai-swear-words/,wiktionary
นั่งเทียน	offensive	to perform a divination by sitting in front of a bowl of water and interpreting drops of melted candles that fall onto the water.; to assume; to groundlessly assert or claim; to forge, to invent, to m	wiktionary
นาง	offensive	woman; royal woman; noblewomanth; (a prefix or suffix indicating a woman or femininity) / she/that one (gossip pronoun)	thaipod101.com/blog/2019/07/23/thai-text-slang/,wiktionary
น่ารำคาญ	offensive	annoying	lingopie.com/blog/thai-swear-words-and-thai-insults/
น้อง	offensive	younger brother; younger sister; younger person; baby; infant; young child	wiktionary
บังอาจ	offensive	to dare (do something wrong, immoral, illegal, etc); daring; bold; insolent; impudent; impertinent	wiktionary
บัดซบ	offensive	very; completely; absolutely.; bad, poor, ill, low; disagreeable, despicable, contemptible, disgusting.; (used to express contempt, disgust, or frustration.)	wiktionary
บัตรคนจน	offensive	electronic card issued by the Thai government to a Thai national with low or no income, through which an amount of subsidy is provided monthly by the State	wiktionary
บัวใต้น้ำ	offensive	person of low intelligence; stupid person; idiot.	wiktionary
บ้า	offensive	Crazy / silly / Crazy	australiaunwrapped.com/thai-swear-words/,studythai.ai/blog/thai-slang-guide
บ้าน	offensive	house; place of habitation; residence; family; household	wiktionary
บ้านนอก	offensive	area outside the town; rural area; country.; unmodernised area; uncivilised area.; rural; provincial.	wiktionary
บ้านป่าเมืองเถื่อน	offensive	lawless place; barbarous place; uncivilised place; unrefined place.	wiktionary
บ้านพ่อมึง	offensive	Your father's house (insult)	thaiwithgrace.com/thai-swear-words-insults/
บ้านแม่มึง	offensive	Your mother's house (insult)	thaiwithgrace.com/thai-swear-words-insults/
บ๋อย	offensive	waiter.	wiktionary
ประสาท	offensive	faith; trust; belief; (เส้น~) nerve; sense (faculty by which living beings perceive stimuli)	wiktionary
ประสาทแดก	offensive	to go crazy; to be out of one's mind; to lose one's mind; to freak out; irrational; crazy; insane	wiktionary
ประเทือง	offensive	to shine, to glow; to brighten, to lighten; to be bright, to be brilliant; to be lustrous, to be glorious; to thrive, to prosper; to raise, to lift; to carry (up), to bring (up); to support, to bearth	wiktionary
ปอบ	offensive	a type of evil spirit in Thai folklore, believed to possess a person and devour his or her viscera before leaving, thus causing the person to die.; person who eats voraciously, just as the said spirit	wiktionary
ปัญญาอ่อน	offensive	intellectual disability; mental retardation; intellectually disabled; mentally retarded; idiotic; stupid	wiktionary
ปากปลาร้า	offensive	given to using profane language.	wiktionary
ปากพล่อย	offensive	given to indiscreet talks: loose-lipped, loose-tongued, etc.	wiktionary
ปากหมา	offensive	bad-mouthed; foul-mouthed. / foul-mouthed (lit. dog's mouth)	lingopie.com/blog/thai-swear-words-and-thai-insults/,wiktionary
ปาหี่	offensive	acrobatics; jugglery; cheap trick	wiktionary
ปีกกล้าขาแข็ง	offensive	to be no longer needing to rely on someone else for help or support; to be capable of supporting or depending on oneself.	wiktionary
ปี้	offensive	gaming token; piece of lac resin, affixed with an official seal, tied to a wrist of a Chinese person as a sign of having paid a tax; feat, accomplishment, exploit; merit, goodness, worth	wiktionary
ป้า	offensive	elder sister of one's parent.; a title or term of address for any elderly woman, especially that of relative age to an elder sister of one's parent.; aging woman.	wiktionary
ผสมพันธุ์	offensive	to copulate; to mate; to breed; to join; to ally; to form a connection (with)	wiktionary
ผีน้อย	offensive	illegal Thai worker in a foreign country (especially South Korea); any person illegally working in a foreign country	wiktionary
ผีเน่ากับโลงผุ	offensive	bad or low persons deserving each other.	wiktionary
ผีไม่มีศาล	offensive	homeless person.	wiktionary
ผู้ดีตีนแดง	offensive	noble person, person of noble birth, well-born and well-bred person, person from a wealthy family, or person from the upper class, especially one who is spoiled or does not know how or refuses to do h	wiktionary
ฝรั่งขี้นก	offensive	a kind of red-fleshed guava.; Thai person who puts on airs as if he/she is a Westerner; Thai banana; fake Westerner.; stingy or low-class farang; a farang who is a boor or yokel	wiktionary
ฝรั่งอั้งม้อ	offensive	ang moh.	wiktionary
พระหน้าผี	offensive	ghost-faced monk	sanook.com/campus/1407160/
พระหน้าเปรต	offensive	hungry-ghost-faced monk	sanook.com/campus/1407160/
พะโล้แตก	offensive	extremely fat; obese.	wiktionary
พ่อง	offensive	(used to express anger, disapproval, or discontent.)	wiktionary
พ่องตาย	offensive	(exclamation of anger, disapproval, or discontent.)	wiktionary
พ่องเตย	offensive	พ่องตาย	wiktionary
พ่อมึง	offensive	Your father (insult)	thaiwithgrace.com/thai-swear-words-insults/
ภาษาใบ้	offensive	sign language.	wiktionary
ภูธร	offensive	one who bears or supports the earth, as mountain, monarch, etc.; provincial police, as opposed to นครบาล.; provincial, rural, rustic; uncivilised, countrified; unfashionable; lacking social graces.	wiktionary
มณฑลไท่กั๋ว	offensive	Thailand (as a province of China).	wiktionary
มนุษย์ป้า	offensive	aging woman who behaves selfishly; a Karen.	wiktionary
มักง่าย	offensive	preferring convenience or ease over refinement or exertion; fond of or given to ease.	wiktionary
มัน	offensive	fat; grease; oil; tallow; greasy; oily; tasting like coconut milk, fat, oil, etc.	wiktionary
มาร	offensive	of, resembling, or characteristic of a māra.; māra, a type of evil god that prevents accomplishment or success.; one of the five factors that prevent accomplishment or success, collectively known as เ	wiktionary
มารยา	offensive	pretence, feigning, acting; craft, cunning, guile; duplicity, hypocrisy, insincerity, untruthfulness.; to pretend, to be pretentious, to feign, to act; to exercise craft, cunning, or guile; to be craf	wiktionary
มิจฉาทิฐิ	offensive	heresy, misbelief; heretic, misbeliever; other religion or belief than Buddhism; member or upholder of such religion or belief	wiktionary
มึง	offensive	(a second person pronoun:) you / "You" (impolite)	thaiwithgrace.com/thai-swear-words-insults/,wiktionary
ยวน	offensive	Ionian; of or pertaining to Singhanavati, an ancient polity in modern-day Northern Thailand, or to its people, language(s), or culture; of or pertaining to Lan Na, an ancient polity in modern-day Nort	wiktionary
ยักษ์	offensive	yakṣa (a kind of malevolent supernatural being, often depicted as having supernatural power, great strength, a very large stature, and a frightening appearance) ตน; similar being, as giant, ogre, etc.	wiktionary
ยัด	offensive	to stuff; to cram.; to eat.	wiktionary
ยัย	offensive	(used as a title for or term of address to any woman.); (used as a title for or term of address to a young woman or woman of the same age as the speaker.)	wiktionary
ยาย	offensive	maternal grandmother; (also used as a title for or term of address to one's maternal grandmother or woman respected as one's maternal grandmother, and used by such person to refer to herself); aged wo	wiktionary
ยุ่งอะไร	offensive	Mind your own business	australiaunwrapped.com/thai-swear-words/
ยุ่น	offensive	Japan; Japanese person	wiktionary
ยุ่นปี่	offensive	Japan, ญี่ปุ่น	wiktionary
รถเจ๊ก	offensive	pulled rickshaw.	wiktionary
ระยำ	offensive	completely broken, ruined, or damaged.; ill; evil; wicked; vile; bad. / vile / bastard	ling-app.com/blog/thai-swear-words/,wiktionary
รั่ว	offensive	to leak; to pass; to escape.; Water leaks (as through a hole).	wiktionary
ราหู	offensive	(พระ~) Rāhu: the demon that devours the sun and moon and thus causes eclipses, often depicted to have dark skin and to be without the lower part of the body due to it having been severed by God Viṣṇu,	wiktionary
ร่อน	offensive	to release or throw (into the air, into or across the water, etc).; to send (out); to issue; to release.; to fly; to hover; to glide.	wiktionary
ลักเพศ	offensive	priest who has been removed from priesthood but still dresses or acts as a priest.; one who ordains him or herself as a priest; one who assumes priesthood him or herself.; one who assumes the dress or	wiktionary
ลาว	offensive	(ประเทศ~) Laos; Lan Na, an ancient kingdom in Northern Thailand; (ภาษา~) Lao	wiktionary
ลำไย	offensive	longan: the plant species of the family family.; white mango, Malaysian mango: the plant species of the family family.; to be annoyed or annoying. / annoying (pun on รำคาญ; lit. longan) / annoying (li	lingopie.com/blog/thai-swear-words-and-thai-insults/,thaipod101.com/blog/2019/07/23/thai-text-slang/,wiktionary
ลิ่วล้อ	offensive	minion, henchman; follower, supporter, sidekick; servant, attendant; subordinate, inferior.	wiktionary
ลื้อ	offensive	Lü: an ethnic group of Southern China, Laos, Burma, Northern Thailand, and Vietnam; (ภาษา~) the language they speak.; (a second person pronoun used to address a person of equal or lower status:) you.	wiktionary
ลุง	offensive	uncle: older brother of one's father or mother; (a familiar title or term of address for any elderly man); (a title or term of address for any man)	wiktionary
ลูกหมา	offensive	(classifier ตัว) puppy: young dog.; (ไอ้~, อี~) (used as a term of contempt against someone:) son of a bitch; daughter of a bitch; etc.	wiktionary
วะ	offensive	(used to express frustration.); (used at the end of an expression of doubt, interrogation, or suggestion.) / (rude question particle, between mates)	thai-language.com,wiktionary
วัวตายควายล้ม	offensive	extremely.	wiktionary
วัวลืมตีน	offensive	a person who forgets or denies his background, or changes his attitude or behaviour into an unfavourable or unpleasant one, after acquiring a better status, condition, etc.	wiktionary
วิมาน	offensive	vimāna; flying boat; flying castle; flying chariot.; abode or residence of a god, especially that in heaven or on a cloud.	wiktionary
วิ่งควาย	offensive	buffalo racing: a traditional festival marking the end of the Buddhist lental season in Thailand, in which water buffaloes run a race.; to engage in this festival.; to run, go, or move swiftly in orde	wiktionary
ว่ะ	offensive	(used to express delight, content, or liking.); (used at the end of an indicative expression for emphasis.) / (rude statement particle, between mates)	thai-language.com,wiktionary
ศาลพระภูมิ	offensive	spirit house. A shrine, often in a reduced size, erected in a plot of land or place and dedicated to a spirit believed to guard the land or place.; court of law; court of justice.	wiktionary
สถุล	offensive	bad; base; low; crude; coarse; gross; vulgar; common; inferior.	wiktionary
สนตะพาย	offensive	to loop a piece of rope through the nasal septum or through a nose ring attached thereto.; to perform or undergo nose piercing (especially for wearing a nose ring).; to lead by the nose.	wiktionary
สมน้ำหน้า	offensive	(used to express that someone deserves an unpleasant outcome:) to have it coming; to serve someone right; etc. / serves you right	pattayaunlimited.com/swear-in-thai/,wiktionary
สมองฝ่อ	offensive	cerebral atrophy.; idiocy; stupidity.	wiktionary
สมี	offensive	(a title for or term of address to a (former) priest convicted of the gravest indiscipline); (an honorary for or term of address to a priest) รูป; Egyptian riverhemp: the plant species of the family f	wiktionary
สร้างภาพ	offensive	to create, publish, or promote a good image (of, about, etc); to propagandise (a good point of); to pretend, to act, or to put on an act (to make oneself, someone, or something look good); to be prete	wiktionary
สลิ่ม	offensive	person with antidemocratic, ultraconservative, ultranationalist, ultraroyalist, and/or pro-military views.; hypocrite.	wiktionary
สะเหล่อ	offensive	unfashionable; gauche, awkward, lacking social graces; dull, unintelligent.; to interfere officiously, unduly, or unwantedly.	wiktionary
สะเออะ	offensive	to intrude; to interlope; to meddle; intrusively; officiously; unwantedly; a condiment made from raw meat squeezed in lime juice	wiktionary
สัตว์	offensive	animal; member of the kingdom Animalia; living being other than human	wiktionary
สัตว์นรก	offensive	creature punished in hell for a sin; hellspawn.; sinful person; bad, evil, or wicked person.th	wiktionary
สันดอนขุดง่าย สันดานขุดยาก	offensive	it is not easy to fix a bad habit	wiktionary
สันดาน	offensive	family; lineage; inherent, innate, or personal characteristic, nature, quality, or trait; (ลม~) stroke that causes continuous or chronic angina or colic	wiktionary
สัมภเวสี	offensive	the ghost of a dead person that is seeking a way to be reborn as a living creature.; creature that is to be born, such as embryo, child in its mother's womb, etc; creature that is still in the cycle o	wiktionary
สัส	offensive	สัตว์; สัตว์; สัตว์	wiktionary
สาธารณรัฐกล้วย	offensive	banana republic	wiktionary
สารขัณฑ์	offensive	Thailand.	wiktionary
สาระแน	offensive	to meddle; to interlope; to intrude; to interfere officiously or unwantedly.	wiktionary
สารเลว	offensive	extremely bad, evil, or wicked	wiktionary
สีซอให้ควายฟัง	offensive	to waste time reasoning with a fool; to waste time giving advice, instruction, or explanation to a fool.	wiktionary
สึส	offensive	สัตว์; สัตว์; สัตว์	wiktionary
ส้นตีน	offensive	heel: the back part of a foot.; (used to express disgust, disappointment, frustration, contempt, or the like.); (used as an intensifier.)	wiktionary
หนู	offensive	murid: member of the family family; mouse; rat; young person; child	wiktionary
หน้าด้าน	offensive	brazen-faced. / shameless	ling-app.com/blog/thai-swear-words/,wiktionary
หน้าม่อ	offensive	horny-looking (male)	lingopie.com/blog/thai-swear-words-and-thai-insults/
หน้าส้นตีน	offensive	face like the heel of a foot	lingopie.com/blog/thai-swear-words-and-thai-insults/
หน้าเกลียด	offensive	ugly	lingopie.com/blog/thai-swear-words-and-thai-insults/
หน้าใหญ่ใจโต	offensive	extravagant or prodigal, especially in a showy manner.	wiktionary
หมอ	offensive	person specialising in something: expert, specialist, professional, etc.; person specialising in magic, the occult, or the like: shaman, astrologer, soothsayer, etc.; person specialising in medicine: 	wiktionary
หมอย	offensive	curly like pubic hair.; pubic hair.; threadlike style, such as corn silk.	wiktionary
หมา	offensive	canine: any animal of the family family, as dog, coyote, fox, jackal, wolf, etc.; (เนื้อ~) dogmeat; person betrayed, fooled, deceived, deserted, or disregarded by someone or something	wiktionary
หมาต๋า	offensive	police	wiktionary
หมาวัด	offensive	man of low status who wishes for a woman of high status as his lover.	wiktionary
หมาหัวเน่า	offensive	person generally despised or avoided: outcast, pariah, leper, etc.	wiktionary
หมาไม่แดก	offensive	extremely undelicious; very unpleasant to the taste.	wiktionary
หมูตอน	offensive	a despicable or disagreeable, fat person.	wiktionary
หม่อง	offensive	Burmese (man); (used as a term of address to or title for a Burmese man).	wiktionary
หยำฉ่า	offensive	brothel; prostitution house.; hostess; prostitute.	wiktionary
หลวงเจ๊	offensive	effeminate monk.	wiktionary
หลังเขา	offensive	backwoods; unsophisticated; uncouth.	wiktionary
หล่อน	offensive	(a second or third person pronoun applicable to anyone, irrespective of the sex or status); (a second or third person pronoun referring to a woman of equal or lower status)	wiktionary
หอก	offensive	spear (weapon).; (used as an intensifier): the heck; the hell; the fuck; etc.	wiktionary
หอย	offensive	mollusk, such as shell, shellfish, snail, etc; female genitalia.; Chelsea Football Club. / Pussy (lit. clam)	thaiwithgrace.com/thai-swear-words-insults/,wiktionary
หัวขี้เลื่อย	offensive	stupid; idiotic; unintelligent.	wiktionary
หัวควย	offensive	dickhead: glans penis.; (ไอ้~) dickhead: stupid or despicable person.; (ไอ้~) (used as an exclamation of frustration or anger.) / dickhead	ling-app.com/blog/thai-swear-words/,wiktionary
หัวโบราณ	offensive	conservative; diehard.	wiktionary
หากิน	offensive	signature: distinctive, indicating identity, etc.; involved in prostitution; carrying out prostitution; to carry out work, profession, occupation for subsistence	wiktionary
หายหัว	offensive	to disappear or be absent for a long time; to be gone for good.; to avoid meeting or being seen by someone; to escape the sight of someone; to make oneself lost.	wiktionary
หิวแสง	offensive	to seek or want public attention.	wiktionary
หี	offensive	vagina.; anus (of a man). / Pussy	thaiwithgrace.com/thai-swear-words-insults/,wiktionary
หีนยาน	offensive	Theravada.	wiktionary
หีหมา	offensive	Dog pussy	thaiwithgrace.com/thai-swear-words-insults/
หื่น	offensive	high-spirited; merry; jolly; exuberant; animated.; sexually excited; sexually lustful; horny; sexually turned on.	wiktionary
หุบปาก	offensive	be quiet; be silent; silence; shut up.; to quiet or be quiet; to shut up. / shut up	lingopie.com/blog/thai-swear-words-and-thai-insults/,wiktionary
ห่วย	offensive	poor; low; bad; (ไอ้, อี~) useless or worthless person: good-for-nothing, no-good, etc. / Lame / sucks	australiaunwrapped.com/thai-swear-words/,wiktionary
ห่า	offensive	(ผี~) a type of ghost or spirit believed to be responsible for any disease that causes high mortality.; (ผี~) mischievous or violent ghost or spirit.; (โรค~) any disease that causes high mortality: pl	wiktionary
ห้าเบี้ย	offensive	bad and crazy person	wiktionary
องครักษ์พิทักษ์หี	offensive	a person who advocates, defends, or protects an attractive or adorable female.	wiktionary
อมควย	offensive	Suck my dick	thaiwithgrace.com/thai-swear-words-insults/
อมนุษย์	offensive	nonhuman being, as deity, demon, ghost, spirit, etc, especially malevolent one, but usually not including animals.; inhuman person.	wiktionary
อลัชชี	offensive	shameless; immoral; unorthodox.; shameless priest; immoral priest; unorthodox priest.	wiktionary
อวย	offensive	to give; to grant; to advertise; to boost; to promote; to praise; to publicise; ceramic or earthen pot with a handle or handles / to hype / overpraise	thaipod101.com/blog/2019/07/23/thai-text-slang/,wiktionary
อะไรวะ	offensive	What the hell	thaiwithgrace.com/thai-swear-words-insults/
อัปรีย์	offensive	bad, wicked, evil; inauspicious, unfortunate, unfavourable, ill-boding, marked by or inviting misfortune, bringing about bad luck; low, base, mean; unpleasant, disagreeable, objectionable.	wiktionary
อั้งม้อ	offensive	ang moh	wiktionary
อั๊ว	offensive	(a first person pronoun used when addressing a person of equal or lower status:) I.	wiktionary
อี	offensive	e; (used as a title for a female animal); (used as a term of address to or title for a female commoner) / Impolite prefix for women's names	thaiwithgrace.com/thai-swear-words-insults/,wiktionary
อีกา	offensive	old crow	lingopie.com/blog/thai-swear-words-and-thai-insults/
อีดอก	offensive	slut / bitch / Bitch	australiaunwrapped.com/thai-swear-words/,sanook.com/campus/1407160/
อีดอกทอง	offensive	slut (lit. golden flower) / Slut / bitch / bitch (for women)	ling-app.com/blog/thai-swear-words/,sanook.com/campus/1407160/,thaiwithgrace.com/thai-swear-words-insults/
อีตอแหล	offensive	lying bitch / lying bitch / bullshit	ling-app.com/blog/thai-swear-words/,sanook.com/campus/1407160/
อีตัว	offensive	whore	lingopie.com/blog/thai-swear-words-and-thai-insults/
อีบ้า	offensive	You crazy (to a woman)	thaiwithgrace.com/thai-swear-words-insults/
อีร้อยควย	offensive	slut (lit. hundred dicks) / Slut (lit. hundred dicks)	sanook.com/campus/1407160/,thaiwithgrace.com/thai-swear-words-insults/
อีสัตว์	offensive	a despicable or disagreeable person, often female.; (an expression of anger, discontent, displeasure, or surprise.) / (female) animal	sanook.com/campus/1407160/,wiktionary
อีหอย	offensive	You clam (pussy)	thaiwithgrace.com/thai-swear-words-insults/
อีเวร	offensive	bad person	ling-app.com/blog/thai-swear-words/
อีแรด	offensive	You rhino (bitchy)	thaiwithgrace.com/thai-swear-words-insults/
อึ	offensive	to defecate, poop; feces	wiktionary
อุบาทว์	offensive	ill; evil; bad; ill omen; unfavourable portent; accident, disaster; misfortune, mishap; distress, trouble	wiktionary
ฮ่อ	offensive	Haw person.; decorative line written around the eyebrows and lips of a mask used in the Khon performance.; decorative line on a traditional painting, shaped like a waving ribbon, used to divide pictur	wiktionary
เกลือกกลั้ว	offensive	to mix, mingle, or associate (with someone or something bad or unpleasant)	wiktionary
เกาหี	offensive	Korea; Korean.	wiktionary
เกาะชายกระโปรง	offensive	to depend on a woman for livelihood.	wiktionary
เกาเหลา	offensive	Chinese style clear soup, as pig's organ soup.; noodle soup without noodles.; to have a grudge (with someone); to be at variance (with someone). / not getting along (lit. noodle soup without noodles)	thaipod101.com/blog/2019/07/23/thai-text-slang/,wiktionary
เก๋าเจ้ง	offensive	son of a bitch	wiktionary
เขมร	offensive	Khmer; Cambodia; Cambodian	wiktionary
เข้	offensive	crocodylian.; (an exclamation of anger, disapproval, discontent, or surprise.)	wiktionary
เข้าโลง	offensive	to die	wiktionary
เงาะ	offensive	small-statured, dark-skinned, wooly-haired indigenous peoples of the Negrito and Austronesian groups of the Malay Peninsula, including the Semang and Maniq peoples.; member of these peoples.; rambutan	wiktionary
เงี่ยน	offensive	to crave; to lust; to want greatly	wiktionary
เงี้ยว	offensive	งิ้ว; Shan people, a person of Shan descent.; snake.	wiktionary
เจริญ porn	offensive	(used as a conventional greeting or an expression of affirmation or assent, especially in situations concerning Buddhism.); (used to express anger, disapproval, displeasure, or surprise).	wiktionary
เจริญพวง	offensive	(used as a conventional greeting or an expression of affirmation or assent, especially in situations concerning Buddhism.); (used to express anger, disapproval, discontent, or surprise).	wiktionary
เจว็ด	offensive	board, shaped like ใบเสมา, on which a picture of a god is painted, carved, engraved, etc, used for worship.; front man; figurehead; titular head.; Baal: false deity or idol; someone or something invok	wiktionary
เจ๊	offensive	elder sister; woman at the same age as one's elder sister; older woman; woman in charge; bosslady; female business owner; (also used as a term of address to or title for such person.); aunt: aging wom	wiktionary
เจ๊ก	offensive	Chink.	wiktionary
เชี่ย	offensive	เหี้ย; เหี้ย; เหี้ย	wiktionary
เซียมตือ	offensive	Central Thai people	wiktionary
เฒ่าทารก	offensive	aged person with childish and mischievous behaviour.	wiktionary
เดน	offensive	someone or something that is left and is no longer wanted.; low, worthless person: trash, scum, etc.	wiktionary
เดียรฉาน	offensive	nonhuman animal.; inhuman, low, or vile person.; inhuman; low; vile.	wiktionary
เด็กนรก	offensive	brat	wiktionary
เด็กเปรต	offensive	brat	wiktionary
เด็กเวร	offensive	brat	wiktionary
เด็กเสิร์ฟ	offensive	waiter; waitress.	wiktionary
เด็กเอ็น	offensive	hostess, often female in a hostess bar	wiktionary
เด็กแสบ	offensive	brat	wiktionary
เต่า	offensive	turtle, tortoise, reptile of the order order; (กล้วย~) a kind of plant, species Finet & Gagnep; (ขนม~) a turtle-shaped kind of dessert	wiktionary
เทวดา	offensive	god; deity; divine being; celestial being; immortal being; untouchable person; inviolable person	wiktionary
เนติบริกร	offensive	lawyer who gives legal advice or services just for money or personal gain, without considering the right or wrong, such as one who helps a client evade the law.	wiktionary
เบื๊อก	offensive	dim-witted; idiotic; naive; stupid.	wiktionary
เบ๊	offensive	horse-mounted servant.; servant; slave; subordinate; attendant.; Thai Chinese	wiktionary
เปรต	offensive	dead person; dead creature; the dead; preta (a type of supernatural creature born to undergo punishments or sufferings as a result of the sinful deeds committed in a previous life); (ผี~) preta (a typ	wiktionary
เป็นบ้า	offensive	extremely; very.	wiktionary
เผ่ามังกรฟ้า	offensive	royal institution, royal family, or monarchy, especially when protected as untouchable, inviolable, or sacrosanct.	wiktionary
เพ้อฝัน	offensive	to daydream; to fancy; to be delusional.	wiktionary
เพ้อเจ้อ	offensive	to talk nonsense; to drivel; to babble; to blather.; nonsensically; idiotically; foolishly.	wiktionary
เมีย	offensive	female; subordinate; inferior; wife: married woman	wiktionary
เมือง	offensive	city-state; fortified polity; any polity, as district, town, city, state, nation, etc.	wiktionary
เยี่ยว	offensive	piss (urine); to piss (urinate) / fire, outstanding	dict-blog.longdo.com/lgbtq_vocabulary/,wiktionary
เยี่ยววัว	offensive	วัว; โคมูตร	wiktionary
เยี่ยวอูฐ	offensive	a type of smelling salt made of ammonium carbonate mixed with ammonia solution and some fragrant agents	wiktionary
เย็ด	offensive	to do, to make; to fuck / Fuck	thaiwithgrace.com/thai-swear-words-insults/,wiktionary
เย็ดเข้	offensive	(an exclamation of anger, disapproval, discontent, or surprise.)	wiktionary
เย็ดเป็ด	offensive	duck fucker	lingopie.com/blog/thai-swear-words-and-thai-insults/
เย็ดแม่	offensive	motherfucker	ling-app.com/blog/thai-swear-words/
เย็ดแม่ง	offensive	Motherfucker	thaiwithgrace.com/thai-swear-words-insults/
เลว	offensive	Evil / rotten	australiaunwrapped.com/thai-swear-words/
เลีย	offensive	to lick.; to affect or attack as if licking.; to fawn.	wiktionary
เลียไข่	offensive	to fawn: to give a servile display of exaggerated flattery.	wiktionary
เล่นกับหมาหมาเลียปาก	offensive	familiarity breeds contempt.	wiktionary
เล่นกับหมาหมาเลียปาก เล่นกับสากสากตีมือ	offensive	familiarity breeds contempt.	wiktionary
เล่นกับหมาหมาเลียปาก เล่นกับสากสากต่อยหัว	offensive	familiarity breeds contempt.	wiktionary
เวร	offensive	shift, turn, tour, tour of duty, bout, relay; duty, work, service; hostility; malice; ill will; grudge; vengeance; revenge / Damn / karma	australiaunwrapped.com/thai-swear-words/,wiktionary
เสนียด	offensive	unfortunate; inauspicious; unfavorable; ill-boding; marked by or inviting misfortune; bringing about bad luck.; (หวี~) a type of comb with dense teeth on both sides.; Malabar nut: the plant species of	wiktionary
เสี่ย	offensive	wealthy man; male owner (of a business); (also used as a term of address to or title for such man, and used by the man to refer to himself.); potbellied man; man with protruding belly; obese man.; sug	wiktionary
เสือก	offensive	to forcibly or aggressively drive, push, put, or shove (in, forwards, away, etc.); to crawl; to creep; to interfere officiously or unwantedly: to meddle, to interlope, etc.	wiktionary
เสื่อม	offensive	to diminish; to decline; to decay; to deteriorate.; low; base; mean; vile; immoral; corrupt; depraved.	wiktionary
เหนียง	offensive	fleshy lobe or appendage hanging down from the throat or chin, as wattle of an animal or turkey neck of an aged person.; double chin.	wiktionary
เหี้ย	offensive	(ตัว~) Asian water monitor (species); any water monitor; (อี, ไอ้~) anyone or anything considered to be unpleasant, unfavourable, disagreeable, or contemptible / monitor lizard (the animal; polite nam	australiaunwrapped.com/thai-swear-words/,ling-app.com/blog/thai-swear-words/,readthecloud.co/scoop-12meaningsofhia/,wiktionary
เหี้ยมาก	offensive	fucking (intensifier: ร้อนเหี้ย ๆ = fucking hot)	readthecloud.co/scoop-12meaningsofhia/
เห่า	offensive	to bark.; to hiss.; to speak; to talk.	wiktionary
เห่าหอน	offensive	to bark and howl.; to speak; to talk; to gossip.	wiktionary
เอ็ง	offensive	(a second person pronoun used to address a person of equal or lower status or used to address a familiar person:) you.	wiktionary
เอ๋อ	offensive	mentally retarded; affected by intellectual disability.; idiot; dull-witted; dumb.; not in a proper state or condition; not working properly.	wiktionary
เฮงซวย	offensive	bad, poor, or low (in behaviour, performance, quality, condition, etc.) / crap, rotten, worthless	sanook.com/campus/1407160/,wiktionary
เฮีย	offensive	elder brother; older man; husband (of the speaker when he is older than the speaker); person treated as an elder brother; (also used as a familiar or respectful term of address to or title for such pe	wiktionary
แก	offensive	(a second person pronoun used to address a person of equal or lower status out of affection or intimacy); (a second person pronoun used to address a person of equal or lower status out of contempt); (	wiktionary
แกว	offensive	(มัน~) yam bean; jicama.; clue; inkling; hint.; Vietnamese	wiktionary
แก่แดด	offensive	precocious.	wiktionary
แขกขาว	offensive	Middle Asian or Middle Eastern person, especially one of light skin.	wiktionary
แขกดำ	offensive	half-Mongoloid, half-Negro person.	wiktionary
แดก	offensive	to consume; to drink; to eat.; to take wrongfully or dishonestly; to embezzle; to appropriate.; to press; to push; to tighten.	wiktionary
แตก	offensive	to break; to crack; to split; to fracture; to break; to shatter; to become destroyed or ruined; to burst; to explode	wiktionary
แตด	offensive	clitoris.	wiktionary
แถ	offensive	to land in a swerving or wavering manner.; to go here and there purposelessly.; to say or reply in an oblique or evasive manner.	wiktionary
แปะ	offensive	to stick; to paste; to glue.; clapping sound.; old Chinese man.	wiktionary
แป๊ะ	offensive	a traditional Thai song.; clapping sound.; old Chinese man.	wiktionary
แพศยา	offensive	(นาง~, หญิง~) prostitute.; (นาง~, หญิง~) low woman; immoral woman; promiscuous woman; shameless woman.	wiktionary
แม่ง	offensive	(an exclamation of anger, disapproval, discontent, or surprise); (used as an intensifier to express anger, disapproval, discontent, or surprise) / fucking (intensifier) / Fucking (intensifier, from "y	jamkham.com/blog/thai-slang-you-actually-hear/,thaiwithgrace.com/thai-swear-words-insults/,wiktionary
แม่ผัว	offensive	mother of one's husband.	wiktionary
แม่มึง	offensive	Your mother (insult)	thaiwithgrace.com/thai-swear-words-insults/
แสง	offensive	light; (when referring to a royal one: พระ~) weapon; (พระ~) (used as an intensifier:) the heck, the hell, the fuck, etc.	wiktionary
แหก	offensive	to break apart; to pull apart; to stretch out or apart; to spread out; to widen.; to break out (of some place); to escape forcefully.; to break; to go against.	wiktionary
แหกขี้ตา	offensive	to wake up or force oneself to wake up, especially when it is the time that one should sleep or it is so early or earlier than usual.	wiktionary
แหกคอก	offensive	to break tradition or custom; to go against tradition or custom; to behave unconventionally or unorthodoxly.; to break gaol or prison.	wiktionary
แหกตา	offensive	to open an eye or eyes.; to deceive, cheat, or trick, especially as to an appearance or visual perception.	wiktionary
แหกปาก	offensive	to shout; to whoop; to scream.	wiktionary
แหม่ม	offensive	western woman.; a term of address to a western woman.; queen	wiktionary
แอ๊บแบ๊ว	offensive	แอ๊บ, a clipping of abnormal + (a) แบ๊ว, a clipping of บ้องแบ๊ว, or; แอบ + (a), or; act + (a).th	wiktionary
โคตร	offensive	ancestry; clan; family; generation; lineage; great; grand; extremely; very; truly / Super / extremely / Freaking/fucking (intensifier)	studythai.ai/blog/thai-slang-guide,thaiwithgrace.com/thai-swear-words-insults/,wiktionary
โคตรเหง้า	offensive	ancestral origin, ancestry, parentage, lineage; ancestor, parent; family, clan.	wiktionary
โคตรเหง้าศักราช	offensive	ancestor; ancestry, lineage; family, clan; family background, ancestral origin.	wiktionary
โง่	offensive	Stupid	australiaunwrapped.com/thai-swear-words/
โง่เขลา	offensive	stupid, idiotic; foolish, unwise.	wiktionary
โง่เง่า	offensive	very stupid, idiot, or unintelligent.	wiktionary
โง่เง่าเต่าตุ่น	offensive	completely stupid, idiot, or unintelligent.	wiktionary
โจ๊ก	offensive	congee: Cantonese-style rice porridge.; joker.; joke; prank.	wiktionary
โมะ	offensive	vagina	wiktionary
โรคจิต	offensive	psychosis.; mental disorder; mental illness; psychiatric disorder.; sexual assaulter; sexual harasser; sexual molester.	wiktionary
โลกสวย	offensive	positive or optimistic, especially in a fanciful or unreasonable manner. / naive optimist (lit. beautiful world)	thaipod101.com/blog/2019/07/23/thai-text-slang/,wiktionary
โล้น	offensive	bald; lacking the hair on all or most of the scalp; lacking a natural or usual covering; deforested.	wiktionary
โสโครก	offensive	dirty; unclean.; bad, evil, immoral, vile; base, low, vulgar; disgusting, fifthly, loathsome.; sloppy.	wiktionary
โหดสัสรัสเซีย	offensive	very brutal Russian; An ethnic Russian (rhyme parody).	wiktionary
โหน	offensive	to hang, swing, or suspend from or by something, as a bar, rope, vine, etc.; to allude or refer to someone or something to make oneself look good or to justify one's action.	wiktionary
โหล	offensive	dozen: group of 12.; belonging to or shared by many: common, general, generic, etc.; of low quality.	wiktionary
โหลยโท่ย	offensive	very bad, poor, or low (in performance or quality).	wiktionary
โอ	offensive	(ขัน~) a type of lacquerware, being a bowl, sometimes found with a pedestal, used for containing various objects.; (ส้ม~) pomelo: species (Burm.) Merr. of the family family.; (ปลา~) tuna.	wiktionary
ใจง่าย	offensive	credulous; easily believing; easily accepting; easily influenced; easily giving in; easily yielding.; easy: very receptive to sexual advances.	wiktionary
ใจหมา	offensive	low-hearted: morally reprehensible, cowardly, or untrustworthy.	wiktionary
ใจเสาะ	offensive	cowardly; lily-livered; faint-hearted; pigeon-hearted; chicken-hearted; cow-hearted.	wiktionary
ใบ้แดก	offensive	to be temporarily deprived of speech, especially by strong emotion.	wiktionary
ใส่เกียร์หมา	offensive	to run, run away, or escape with great speed, like a dog running or running away.	wiktionary
ไก่อ่อน	offensive	chicken; greenhorn; naif; colt	wiktionary
ไดโนเสาร์	offensive	dinosaur; terrestrial reptile of the Mesozoic era.; one that is hopelessly outdated, ultraconservative, or unwilling to adapt to change.	wiktionary
ไดโนเสาร์เต่าล้านปี	offensive	dinosaur: one that is hopelessly outdated, ultraconservative, or unwilling to adapt to change.	wiktionary
ไทย	offensive	person; human being; (ชาว~, คน~) Siamese person; (ชาว~, คน~) Thai person	wiktionary
ไปให้พ้น	offensive	get lost	lingopie.com/blog/thai-swear-words-and-thai-insults/
ไปไกลไกลตีนกู	offensive	get away from my feet	lingopie.com/blog/thai-swear-words-and-thai-insults/
ไพร่	offensive	citizen; national; subject.; manpower; human resources.; commoner.	wiktionary
ไม่เต็มเต็ง	offensive	half-witted.	wiktionary
ไม้หลักปักขี้ควาย	offensive	wavering person; irresolute person; easily influenced person.	wiktionary
ไส้แห้ง	offensive	living a hungry life due to poverty or insufficient income, for example; poor or impoverished to the extent of being unable to afford food or satisfy one's hunger.	wiktionary
ไอ้	offensive	(used as a title for a male animal); (used as a term of address to or title for a male commoner); (used as a term of address to or title for a man) / Impolite prefix for men's names	thaiwithgrace.com/thai-swear-words-insults/,wiktionary
ไอ้ควาย	offensive	You water buffalo (idiot)	thaiwithgrace.com/thai-swear-words-insults/
ไอ้ชาติชั่ว	offensive	Evil person (lit. evil birth)	thaiwithgrace.com/thai-swear-words-insults/
ไอ้ติ้งต๊อง	offensive	You nuts	thaiwithgrace.com/thai-swear-words-insults/
ไอ้ถ่อย	offensive	Lowlife	thaiwithgrace.com/thai-swear-words-insults/
ไอ้บ้า	offensive	son of a bitch / You crazy	thaiwithgrace.com/thai-swear-words-insults/,wiktionary
ไอ้สัตว์	offensive	You animal (fuck you) / You animal	australiaunwrapped.com/thai-swear-words/,thaiwithgrace.com/thai-swear-words-insults/
ไอ้สัตว์กูขรรม	offensive	(an expression of ridicule.)	wiktionary
ไอ้สัตว์กูขำ	offensive	(an expression of ridicule.)	wiktionary
ไอ้สัสกูขรรม	offensive	(an expression of ridicule.)	wiktionary
ไอ้หน้าด้าน	offensive	Thick face / shameless	thaiwithgrace.com/thai-swear-words-insults/
ไอ้หน้าโง่	offensive	stupid-face / You stupid face	sanook.com/campus/1407160/,thaiwithgrace.com/thai-swear-words-insults/
ไอ้หมู	offensive	You pig	thaiwithgrace.com/thai-swear-words-insults/
ไอ้เข้	offensive	crocodylian.	wiktionary
ไอ้เปรต	offensive	You hungry ghost	thaiwithgrace.com/thai-swear-words-insults/
ไอ้เวร	offensive	bastard	ling-app.com/blog/thai-swear-words/
ไอ้เหี้ย	offensive	You monitor lizard (fuck you)	thaiwithgrace.com/thai-swear-words-insults/
ไอ้เฮงซวย	offensive	You bastard	thaiwithgrace.com/thai-swear-words-insults/
กขค	slang	ก้างขวางคอ	wiktionary
กฐิน	slang	embroidery hoop used in making monastic robes.; Kathina: annual festival during which robes are presented to priests, usually falling between the 1st day of the waning moon of the 11th month and the m	wiktionary
กดบัตร	slang	to buy a ticket through an online platform	wiktionary
กรรม	slang	death; act; action; activity; conduct; deed; business; employment; occupation; work / ugh, damn (lit. karma)	thai-language.com,wiktionary
กระดานชนวน	slang	slate.; tablet computer.	wiktionary
กระบี่	slang	monkey; sword; bayonet	wiktionary
กระบือ	slang	ควาย; ควาย	wiktionary
กรู	slang	to crowd; to rush in.; I; me	wiktionary
กลับบ้านเก่า	slang	to return to one's hometown; to join one's ancestors; to pass away	wiktionary
กล่องดวงใจ	slang	treasure that is considered to be as precious as life; testicle; penis	wiktionary
กะลาแลนด์	slang	Thailand.	wiktionary
กะโหลก	slang	dumb (lit. skull)	popticles.com
กัน	slang	together; jointly; altogether; each other; one another; (a first person pronoun used when speaking to a male friend)	wiktionary
การช่วยตัวเอง	slang	ช่วยตัวเอง	wiktionary
การมองบน	slang	มองบน	wiktionary
การอุ้มบุญ	slang	อุ้มบุญ	wiktionary
กาว	slang	adhesive, as glue, rubber cement, adhesive tape, etc.; sniffing glue, a type of addictive inhalant; crazy, silly, or out of one's mind, as if being intoxicated with glue	wiktionary
กิน	slang	to consume; to eat; to take; to drink; To chew gum	wiktionary
กินข้าวผ่านธูป	slang	to join one's ancestors; to pass away	wiktionary
กินข้าวแดง	slang	to be imprisoned for a crime.	wiktionary
กินตับ	slang	to have sex.	wiktionary
กินบวบ	slang	to fellate: to perform fellatio (upon).	wiktionary
กินเด็ก	slang	to rob the cradle: to have a romantic or sexual relationship with someone who is much younger.	wiktionary
กิโล	slang	kilometer; kilogram; weighing machine (in kilogram)	wiktionary
กิโลกรัม	slang	kilogram.; one million baht in cash.	wiktionary
กิ๊ก	slang	illicit lover; to engage in an illicit romantic relationship (with); gigabyte. / casual fling / more-than-friend, side fling	talkinthai.com/20-thai-slang/,thaipod101.com/blog/2019/07/23/thai-text-slang/,wiktionary
กี	slang	vagina	wiktionary
กีวี	slang	(นก~) kiwi.; kiwifruit.; shoe polish.	wiktionary
กี่โมง	slang	when's it happening? (lit. what time)	younghappyplus.com
กุ	slang	false; fictitious; forged; fabricated; counterfeit.; to make up or fabricate (something fictitious or false).; (กล้วย~) a kind of short or small banana.	wiktionary
กุมาร	slang	boy: male child.; (พระ, พระราช, ราช~) son, especially one who is still a boy.; child ghost servant, created by surgically removing an unborn baby from the womb of its mother, roasting the baby until i	wiktionary
กุ้งร้อยขา	slang	a millipede.	wiktionary
ก๊ก	slang	polity, as state, city-state, region, country, etc.; group; category; class.	wiktionary
ก๊วน	slang	gang: group of delinquents, criminals, etc.; comrade; companion.	wiktionary
ก๊อป	slang	counterfeit; fake; forged; illegally or fraudulently imitated.; to copy; to imitate; to reproduce.; to counterfeit; to fake; to forge; to illegally or fraudulently imitate.	wiktionary
ขนส่ง	slang	to carry (from one place to another, especially as a business).; carriage (as of goods or persons, especially as a business).; organisation carrying out such a business; place where such a business is	wiktionary
ขนเพชร	slang	vellus hair.; pubic hair.	wiktionary
ขบวนการ	slang	movement: series of actions or activities for a particular end; group of persons working together for a particular end.; series of illegal actions or activities; body of persons carrying out those act	wiktionary
ขยี้	slang	to wipe, rub, or scrub repeatedly.; to squeeze, squash, or crush repeatedly.; to repeat or reiterate so as to intensify.	wiktionary
ขรรม	slang	ขำ; ขำ	wiktionary
ขร้า	slang	ค่า	wiktionary
ของ	slang	thing; item; article; stuff; matter; possession; belonging; property; someone or something that is owned or possessed; occult thing, magical thing; the magic or occult science itself	wiktionary
ขอยาด	slang	(used to seek permission): may (I); allow (me) to; let (me); (I) would like to; etc.	wiktionary
ขออำไพ	slang	(an exclamation equivalent to "excuse me", "forgive me", "pardon me", or "sorry".)	wiktionary
ขัน	slang	to fasten or tighten by rotating: to screw, to wind (up), etc.; to force oneself to try something (against great odds), to make a diligent or daring effort; strong, robust, vigorous, stout; valiant, f	wiktionary
ขันหมาก	slang	bowl containing paan, used as an emblem of a noble person.; bowl containing paan, given by a groom as a token of respect to the parents of the bride at the engagement or wedding ceremony, often carrie	wiktionary
ขาด	slang	to stop; to cease; to pause; to be separated, parted, set apart, or removed (from, as by cutting, tearing, pulling, etc.); to be deprived (of); to be strip (of); to be barred (from); to lose	wiktionary
ขาที่สาม	slang	penis	wiktionary
ขายตัว	slang	to sell oneself as a slave.; to prostitute oneself.	wiktionary
ขำ	slang	attractive; charming; private; secret; hidden; concealed; funny; hilarious; laughable; ridiculous	wiktionary
ขำ ๆ	slang	just for fun; without seriousness; in an unserious manner.	wiktionary
ขิง	slang	ginger. แง่ง; very; extremely; truly; indeed.; to show off; to flex; to flaunt. / to show off (lit. ginger)	thaipod101.com/blog/2019/07/23/thai-text-slang/,wiktionary
ขีด	slang	to draw, to scratch, to write.; mark; line; stroke.; dash; hyphen.	wiktionary
ขี้หมูขี้หมา	slang	insignificant; trivial.	wiktionary
ขี้เกียจ	slang	lazy; idle; inactive; sluggish.; (จะ~) (used to express the feeling of not wanting to do something, especially because of tiredness or annoyance.) / Lazy	studythai.ai/blog/thai-slang-guide,wiktionary
ขี้เลื่อย	slang	sawdust.; stupid; foolish.	wiktionary
ขี้แตก	slang	to the utmost; extremely.	wiktionary
ขึ้นเขียง	slang	to undergo plastic surgery; to undergo any surgical procedure.; to undergo a deep, analytical, or piecemeal examination, interrogation, or investigation.; to undergo a critical or difficult situation.	wiktionary
ขืนใจ	slang	to force; to coerce; to compel.; to rape: to commit the crime of rape (upon).	wiktionary
ขุนค้อน	slang	the chief of a legislature, as the speaker of a house of representatives, the president of a senate, etc.	wiktionary
ขุม	slang	pit; hole.; pit (of hell).; trove (of treasure).	wiktionary
ขุ่นแม่	slang	mother (cutesy/ironic คุณแม่)	thaipod101.com/blog/2019/07/23/thai-text-slang/
ข้า	slang	citizen; attendant; retainer; servant; slave	wiktionary
คนกรุง	slang	Bangkokian.	wiktionary
คนมีสี	slang	public servant, especially one who has a uniform, such as a police or military officer.th	wiktionary
คนร้าย	slang	bad person, wicked person, evil person, malicious person; evildoer, wrongdoer; criminal, offender, lawbreaker, outlaw; thief, robber, stealer.; culprit; doer; committer; perpetrator; guilty party.; na	wiktionary
คนไทยคนแรก	slang	(sarcastic) the first Thai ever to do it	marketingoops.com
ครัช	slang	ครับ	wiktionary
คลอด	slang	to give birth; to deliver (a child); to be delivered; to release; to issue; to launch	wiktionary
คลิก	slang	to click.; to click: to fit together.; click.	wiktionary
ควง	slang	to cause to move in a circular course or revolving motion: to rotate, to twirl, to revolve, to flip, to manipulate, etc.; to wield; to carry; to connect, link, enclose, or hold together, as with a cur	wiktionary
ควักกะปิ	slang	to dance like someone who does not know how to dance.; to penetrate another's anus with one's finger(s) or hand(s) for sexual purposes.	wiktionary
ควันหลง	slang	smoke that lingers in the air.; aftereffect; hangover.; throwback: person or thing evoking memories or imitating something from the past.	wiktionary
ความโป๊ะเป็นศูนย์	slang	flawless, zero slip-ups	dict-blog.longdo.com/lgbtq_vocabulary/
คว่ำ	slang	to turn upside down; to turn over; to flip over; to capsize; to upset; to overthrow; to defeat; upside down; with the face downward; in a ventricumbent manner	wiktionary
คอแข็ง	slang	speechless; wordless; inarticulate.; having a high tolerance for alcohol; able to hold one's drink.	wiktionary
คับ	slang	small; tight.; ครับ / casual spelling of ครับ	thaipod101.com/blog/2019/07/23/thai-text-slang/,wiktionary
คาบเจ้า	slang	(first person, first-person pronoun.)	wiktionary
คายตะขาบ	slang	to pass on; to hand down; to transmit; to bequeath.	wiktionary
คืนหมาหอน	slang	election eve: the night before an election day.	wiktionary
คุก	slang	gaol; prison; imprisonment; imprisonment sentence; gaol term; to sentence to imprisonment; to imprison	wiktionary
คุณพระ	slang	(a term of address to a nobleman holding the noble rank of พระ.); oh my God; (an exclamation of alarm, disbelief, shock, surprise, or pleasure.)	wiktionary
คุมกำเนิด	slang	to steal the scene (lit. birth control)	younghappyplus.com
คูม	slang	(used as a polite title for or term of address to any person.)	wiktionary
คู่จิ้น	slang	shipped couple: couple (as of celebrities, fictional characters, etc) that is shipped by a shipper or is a subject of shipping. / imagined couple (ship)	thaipod101.com/blog/2019/07/23/thai-text-slang/,wiktionary
ค่าตัว	slang	slave price (price at which a slave is sold); compensation for a service rendered, especially compensation for an actor or performer	wiktionary
ค่าน้ำร้อนน้ำชา	slang	tea money.	wiktionary
ค่าย	slang	enclosed place, especially one belonging to a military body, as stockade, fort, etc.; base; camp: place with temporary accommodations used by soldiers, refugees, travellers, etc.	wiktionary
ค่าเทอม	slang	tuition fees.	wiktionary
ค่าโง่	slang	payment that would not occur had sufficient judgment or care been exercised.	wiktionary
ค้ากาม	slang	to prostitute; to carry out prostitution	wiktionary
ฆตต	slang	to commit suicide	wiktionary
งง	slang	Confused	studythai.ai/blog/thai-slang-guide
งอแง	slang	to cry.; to crybaby.	wiktionary
งะ	slang	(teen surprise particle)	thai-language.com
งักปุ๊กคุ้ง	slang	a hypocrite	wiktionary
งัด	slang	to move, raise, or open by or as if by leverage: to lever, to prise, to jimmy, to crowbar, etc.; to pick a fight, to pick a quarrel; to fight, to quarrel.	wiktionary
งับ	slang	to close; to shut.; to snap at; to nip; to gently bite.; ครับ	wiktionary
งานดี	slang	good-looking (lit. good work)	thaipod101.com/blog/2019/07/23/thai-text-slang/
งานเข้า	slang	to meet an urgent problem. / in trouble now (lit. work comes in)	talkinthai.com/20-thai-slang/,wiktionary
งู	slang	snake ตัว; penis	wiktionary
งู ๆ ปลา ๆ	slang	basic; shallow; unfluent; unsmart; little; basically; shallowly; not fluently; not smartly; in a little amount or to a little degree	wiktionary
ง่ะ	slang	(teen surprise particle)	thai-language.com
จกตา	slang	to deceive the eye; to misrepresent; to give misrepresentation (of); to give or convey a false expression or impression (of); to lie.	wiktionary
จขกท	slang	OP: original poster	wiktionary
จรวด	slang	rocket; missile.; penis.; high and steep; sharply sloping; precipitous.	wiktionary
จริงหรือเค้ก	slang	real or fake?	younghappyplus.com
จริงเหรอ	slang	Really?	studythai.ai/blog/thai-slang-guide
จร้า	slang	cutesy จ้า	thaipod101.com/blog/2019/07/23/thai-text-slang/
จองกฐิน	slang	to reserve a temple in order to host the presentation of Kathina robes thereat.; to mark someone as a person whom one will deal with, harm, or take revenge upon in the future.	wiktionary
จัดระบบ	slang	to school someone, put them in their place	dict-blog.longdo.com/lgbtq_vocabulary/
จัดไป	slang	(used to express allowance, approval, agreement, or support): okay; here you go, here you are; go for it, go ahead; etc.	wiktionary
จามจุรี	slang	rain tree, the flowering tree of the species species and the family family; Chulalongkorn University, whose mascot is the rain tree	wiktionary
จำเริญ	slang	เจริญ	wiktionary
จิ	slang	(chat spelling of สิ)	thai-language.com
จิก	slang	to peck, as a bird does; to peck: to strike, indent, or take with or as if with a pointed thing, such as nails, claws, etc.; to oppress; to hector; to abuse	wiktionary
จิง	slang	true (casual จริง)	thaipod101.com/blog/2019/07/23/thai-text-slang/
จิงโจ้	slang	a type of tiny bird that utters the cry 'jii-jôo'.; half-bird, half-man monster.; kangaroo: marsupial of the family family.	wiktionary
จิ้น	slang	to imagine; to fantasy.; to romanticise.; to ship: to support or have an interest in a romantic pairing between fictional characters, celebrities, etc.	wiktionary
จิ๊ก	slang	to steal.; gigabyte.	wiktionary
จีนแดง	slang	r/East Asia	wiktionary
จีบ	slang	to fold; to pleat; to crimp.; to fold or roll (a betel leaf) into the shape of a cone or tube in order to make a paan.; to press the thumb against the index and stretch out the other fingers, as in pe	studythai.ai/blog/thai-slang-guide,wiktionary
จึ้ง	slang	stunning	talkinthai.com/20-thai-slang/
จึ้งมาก	slang	stunning	dict-blog.longdo.com/lgbtq_vocabulary/
จุงเบย	slang	quite; very; so; really; actually / so much (cutesy จังเลย)	thaipod101.com/blog/2019/07/23/thai-text-slang/,wiktionary
จุ๊บๆ	slang	Kissy kissy	studythai.ai/blog/thai-slang-guide
จ่อ	slang	to direct or point (something at, on, or closely to something).; to focus or concentrate (oneself, one's attention, etc, on something).; to be about (to do something); to be very close (to do somethin	wiktionary
จ่าฝูง	slang	chief animal, such as the wolf that leads a pack of wolves or the elephant that heads a troop of elephants.; champion.	wiktionary
จ้า	slang	yes / ok (casual, friendly)	jamkham.com/blog/thai-slang-you-actually-hear/
จ๊าก	slang	(an exclamation of sudden fear, sudden terror, shock, or the like.); to experience or express a sudden fear, sudden terror, shock, or the like, by or as if by making such an exclamation.	wiktionary
ฉิง	slang	transgender.; transgender.	wiktionary
ฉ่ำ	slang	wet; moistened; sodden; soggy; juicy; succulent; lush; dewy; hydrated	wiktionary
ฉ่ำสมิหลา สงขลา ปัตตานี แฟนตาซีภูเก็ต	slang	very richly adorned or decorated.; extremely fantastic, impressive, or wonderful.	wiktionary
ชง	slang	to prepare by brewing; to prepare by boiling; to prepare; to arrange	wiktionary
ชนกลุ่มน้อย	slang	minority group; member of such a group.; minority (group distinguished from and less dominant than the more numerous majority); member of such a group.	wiktionary
ชยันโต	slang	to scold.th	wiktionary
ชวด	slang	(ปี~, ~ศก) Year of the Rat, the first year in the cycle of twelve years under the lunar calendar.; Rat, one of the twelve zodiac signs under the lunar calendar.; great-grandfather or great-grandmother	wiktionary
ชะนี	slang	gibbon.; woman.	wiktionary
ชักดาบ	slang	to refuse or intentionally fail to make a payment when required to pay	wiktionary
ชักภาพ	slang	to take a photograph using a daguerreotype camera.; to take a photograph, regardless of the means.	wiktionary
ชั้น G	slang	low-class (lit. ground floor)	younghappyplus.com
ชาติ	slang	birth; origin; life; very long time	wiktionary
ชาติหน้าตอนบ่าย ๆ	slang	absolutely not; no way.; unlikely future.	wiktionary
ชาวสีม่วง	slang	a male homosexual.	wiktionary
ชาวสีรุ้ง	slang	a male homosexual.	wiktionary
ชาวเน็ต	slang	netizen / netizens	thaipod101.com/blog/2019/07/23/thai-text-slang/,wiktionary
ชิดซ้าย	slang	to keep to the left; to be as close as possible to the left side.; to be unable to keep up with, to be not as good as, to be unable to match, or to yield to (someone or something, in terms of value, q	wiktionary
ชิมิ	slang	Right? Isn't it?	studythai.ai/blog/thai-slang-guide
ชิลล์	slang	chill / relaxed	jamkham.com/blog/thai-slang-you-actually-hear/
ชิลๆ	slang	chill, easygoing	talkinthai.com/20-thai-slang/
ชิว	slang	carefreely; relaxingly; unseriously.; in an easygoing manner; relaxedly.; easily; effortlessly. / chill	thaipod101.com/blog/2019/07/23/thai-text-slang/,wiktionary
ชิ่ง	slang	arched, hunched, bent, curved, crooked, convex; convoluted, twisted, coiled; deformed, disfigured, malformed, misshaped.; to dash: to move, run, or leave with haste, especially with a dishonest intent	wiktionary
ชี	slang	priest; ascetic; (แม่~, นาง~, ยาย~) female priest; priestess; religieuse; (แม่~, นาง~, ยาย~) female lay renunciant: laywoman who has her own hair and eyebrows shaved, vows to adhere to ศีลแปด, and is 	thaipod101.com/blog/2019/07/23/thai-text-slang/,wiktionary
ชีเสิร์ฟ	slang	she served; outstanding, nailed it	younghappyplus.com
ชู	slang	to raise; to elevate; to lift up; to enhance; to bring up, to come up with; to propose, to introduce; to present, to offer; to exalt; to extol	wiktionary
ช็อตฟีล	slang	to kill the vibe; to ruin the mood; to ruin the moment	wiktionary
ช่วยตัวเอง	slang	to help oneself; to masturbate.	wiktionary
ช่ะ	slang	(used to check agreement.) / right? (very casual)	pickup-thai.com,wiktionary
ช้าง	slang	elephant; bishop; person or thing of great influence or power	wiktionary
ช้างเผือก	slang	white elephant, traditionally believed to be one of the seven precious things, known as สัปตรัตนะ, that a จักรพรรดิ should possess.; popular person from a rural area, just like a white elephant that i	wiktionary
ซกมก	slang	unhygienic; unclean; dirty.	wiktionary
ซองขาว	slang	notice of dismissal from employment.	wiktionary
ซักฟอก	slang	to cleanse.; to interpellate.	wiktionary
ซิส	slang	sis	thaipod101.com/blog/2019/07/23/thai-text-slang/
ซิ่ว	slang	to drop out of one university, faculty, etc, to attend another one	wiktionary
ซีร็อกซ์	slang	to xerox.	wiktionary
ซึนเดเระ	slang	being tsundere	wiktionary
ซึม	slang	drowsy; somnolent; dull; lethargic; torpid; spiritless; lifeless; faint; dormant; inactive; abeyant; seeing no progress or motion; quiet; to come out through a small hole: to seep, to ooze, to exude, 	wiktionary
ซึ้ง	slang	Touched / moved	studythai.ai/blog/thai-slang-guide
ซุ่ม	slang	to lurk; to lie or wait in concealment; to cause to do so.; to lurk: to read or observe a discussion, content, etc, without actively contributing.; to do in secret, in private, in silence, or without 	wiktionary
ซ้อน	slang	to stack; to pile; to heap; to lap; to overlap; to sit on the pillion of (a vehicle)	wiktionary
ซ้อม	slang	to pound (brown rice in order to husk it).; to subject to physical violence: to assault, to beat, etc.; to torture in order to extract confession, information, etc.	wiktionary
ฎีกา	slang	clarification; commentary; explanation; invitation (made to a priest); letter of charitable solicitation	wiktionary
ดง	slang	jungle; forest; wood.; grove; thicket; cluster (as of trees or plants).; cluster, assemblage, assembly, realm, or region (of something or someone unpleasant, as of wild animals, outlaws, etc).	wiktionary
ดอง	slang	to pickle: to preserve or steep in brine or other liquid.; to refrain from picking up for a long time; to leave inactive, untouched, unused, or undone for a long time.; pickled: having been preserved 	wiktionary
ดองเปรี้ยวดองเค็ม	slang	to not take a bath for days or for a long period of time.	wiktionary
ดัน	slang	to push; to press; to insist stubbornly, doggedly; to put forward or bring before the public; to publicise; to create publicity (for); to promote	wiktionary
ดับ	slang	to end; to expire; to terminate; to die (a violent or unusual death); to put out; to go out	wiktionary
ดาม	slang	to hold, support, or maintain, as with a stiffener, brace, or the like.; to secure with a cast, splint, or the like.; to strengthen; to restore to strength; to fix; to mend.	wiktionary
ดาวเทียม	slang	satellite (man-made apparatus).; effeminate man crowned as prom princess, as opposed to the actual female prom princess called ดาว.	wiktionary
ดำน้ำ	slang	to dive into water.; to ad lib; to improvise; to extemporise.	wiktionary
ดิ้น	slang	to squirm; to wriggle; to writhe.; to express annoyance or vexation.; to dance, especially to dance music.	wiktionary
ดี	slang	good; nice; fine; excellent; satisfactory; agreeable; pleasant; favourable; good income	wiktionary
ดีต่อใจ	slang	heart-warming	thaipod101.com/blog/2019/07/23/thai-text-slang/
ดึก	slang	late; deep; advanced; old	wiktionary
ดือ	slang	navel.; ดี / gud (cutesy ดี)	dict-blog.longdo.com/lgbtq_vocabulary/,wiktionary
ดุล	slang	comparable; measurable; balance (weighing device); balance; equibalance; equilibrium; parity	wiktionary
ดูใจ	slang	to visit (a dying person in order to bid one's last farewell to that person or see off that person to the next world); to assess or test (someone's attitude, mind, mental or emotional suitability, etc	wiktionary
ด้อม	slang	to snoop.; fandom; fan club.; member thereof; fan; supporter.	wiktionary
ตก	slang	to drop; to fall; to drop (to give birth to); to drop; to let out; to discharge; to release	wiktionary
ตกกะปิ	slang	ปกติ	wiktionary
ตงฟาง	slang	a transvestite or trans woman who is aging and influential, powerful, or vigourous.	wiktionary
ตรัสรู้	slang	to be enlightened; to attain enlightenment; to know by oneself or without being taught	wiktionary
ตรึม	slang	to be present in a great amount or number.; great in amount or number.; in a great amount or number.	wiktionary
ตอก	slang	to hammer; to nail; to pound.; to have sex.; bamboo strip (for tying or weaving).	wiktionary
ตอแหลแลนด์	slang	Thailand.	wiktionary
ตะมอย	slang	to walk flirtatiously.	wiktionary
ตะมุตะมิ	slang	cute	thaipod101.com/blog/2019/07/23/thai-text-slang/
ตะเอง	slang	you (cutesy ตัวเอง)	thaipod101.com/blog/2019/07/23/thai-text-slang/
ตะแบง	slang	to cross; to twist; to intertwine; to plait.; to make or express (a remark, argument, etc) obliquely, evasively, or distortedly.; the plant species of the family family.	wiktionary
ตับแตก	slang	extremely; very; intolerably.; extremely hot; very hot; intolerably hot.	wiktionary
ตับแลบ	slang	extremely; very; intolerably.; extremely exhausted; very weary; intolerably tired.	wiktionary
ตัวเงินตัวทอง	slang	Asian water monitor (species) / monitor lizard (polite euphemism, lit. silver-gold creature)	readthecloud.co/scoop-12meaningsofhia/,wiktionary
ตัวเอง	slang	oneself; ourselves; (second person pronoun)	wiktionary
ตัวแม่	slang	queen: woman who is pre-eminent in a certain field; woman who is fashionably fierce. / queen, the best (lit. mother figure)	thaipod101.com/blog/2019/07/23/thai-text-slang/,wiktionary
ตั้ลล๊าก	slang	cute (from น่ารัก)	thaipod101.com/blog/2019/07/23/thai-text-slang/
ตั๋วทนาย	slang	licence to practise law (as an attorney-at-law).	wiktionary
ตาถั่ว	slang	eye affected by cataract.; unable to see or find things even though one has good eyes.	wiktionary
ตาย	slang	to die (to cease to live; to cease to function; to cease to move); to render dead; dead (numb; bereft of sensation; lacking sensitivity of feeling; no longer functioning; no longer move, moving)	wiktionary
ตาสว่าง	slang	to see the light: to finally realise or understand.; to be wide awake.; to lose the desire to sleep or be unable to sleep again after an interrupted sleep.	wiktionary
ตาหลุด	slang	jaw-dropping (lit. eyes fall out)	dict-blog.longdo.com/lgbtq_vocabulary/
ตำ	slang	to prick, to prickle; to pierce, to puncture; to sting; to penetrate; to hit; to beat; to strike; to pound, as with a pestle	wiktionary
ตำหนัก	slang	(พระ~) house or residence (of a royal person or high priest) องค์; house or residence (of a shaman) แห่ง	wiktionary
ติดจรวด	slang	instant; urgent; immediate; quick; instantly; urgently; immediately; quickly; to rise or increase instantly	wiktionary
ติดดิน	slang	to live a simple life or be simple in style, especially despite being rich, famous, etc.	wiktionary
ตีกลับ	slang	to return undelivered; to bounce back.; to backlash: to make an adverse reaction.	wiktionary
ตีฉิ่ง	slang	to play Thai finger cymbals (ching); to have lesbian sex; to be lesbian	wiktionary
ตื้บ	slang	to beat or strike with a forcible, downward thrust of the foot.	wiktionary
ตุย	slang	ตาย; ตาย / wiped out, dead tired / I'm dead, wiped out	dict-blog.longdo.com/lgbtq_vocabulary/,wiktionary
ตุ้งติ้ง	slang	dangle earring.; similar ornament, as dangle brooch.; to dangle.	wiktionary
ตุ้งรูป	slang	to facetune a photo	dict-blog.longdo.com/lgbtq_vocabulary/
ตุ้บ	slang	to bomb, get cut	dict-blog.longdo.com/lgbtq_vocabulary/
ตุ๋ย	slang	to have an anal sex (with); to perform an anal sex (on).	wiktionary
ตูบ	slang	to droop; to drop; to hang down.; dog with droopy ears.; (pet name for such dog.)	wiktionary
ต่อมตง	slang	to tell the truth.	wiktionary
ต้มยำกุ้ง	slang	tom yam kung, a tom yam soup with shrimps or prawns.; (วิกฤต, วิกฤติ~) 1997 Asian financial crisis, which started in Thailand.	wiktionary
ต้าว	slang	(ไอ้~) (used as an affectionate title for or term of address to anyone or anything.)	wiktionary
ต๊าช	slang	fierce, excellent / slay, fierce	dict-blog.longdo.com/lgbtq_vocabulary/
ต๊าซ	slang	wow, fierce	popticles.com
ถถถ	slang	LOL.	wiktionary
ถอย	slang	to move back, backwards, aside, or away; to cause to do so.; to buy (a new car or other vehicle) originating from an act of moving a new car out of a store.; to buy or get (something new).	wiktionary
ถังแตก	slang	(ก๋วยเตี๋ยว~) a dish of noodles merely stir-fried with vegetables, traditionally considered a food of the poor.; (ขนม~) a pancake-like snack made of rice flour and coconut milk, topped with scraped co	wiktionary
ถั่วดำ	slang	black bean; anal sex (between men); male to male sex	wiktionary
ถามจริง	slang	(used to ask if someone is being seious): are you serious? / seriously? / for real? / etc	wiktionary
ถุงก๊อบแก๊บ	slang	plastic shopping bag, especially one with handles.	wiktionary
ถุงมีชัย	slang	condom.	wiktionary
ถ่มถุย	slang	contemptible; disgusting; despicable.	wiktionary
ถ่อ	slang	barge pole; punt pole; quant pole; setting pole.; to propel, drive, or move using or as if using such a pole.; to go or travel wearily, reluctantly, or with difficulty.	wiktionary
ถ้ำมอง	slang	peepshow.; voyeurism; voyeur.; to commit voyeurism.	wiktionary
ทลาย	slang	to collapse; to fall apart; to be or become destroyed, broken, shattered, or ruined; to be or become vain or unsuccessful; to come to naught; to fail	wiktionary
ทวิตภพ	slang	Twitter community; community of Twitter users.	wiktionary
ทอง	slang	gold; feces; any metallic material, such as bronze, brass, copper, etc.	wiktionary
ทองคำ	slang	gold; feces	wiktionary
ทองแดง	slang	copper; the speaking in the Southern Thai dialect mixed with the Central Thai dialect; the cricket species of the family family	wiktionary
ทัพ	slang	troops; armed force; military body; body of fighting men; multitude; appliance; equipment; material; utensil	wiktionary
ทัวร์	slang	tour.; tourist.; group of persons who bombard a person or web page with negative or trolling comments or messages.	wiktionary
ทัวร์ลง	slang	to be visited by a large number of tourists.; to receive a large number of criticisms from the public; to be heavily criticised by the public; to be bombarded or flooded with negative or trolling comm	popticles.com,wiktionary
ทำการบ้าน	slang	to do homework.; to prepare oneself or make oneself ready for a certain activity, as by studying or doing research about it in advance.; to have sex (with one's wife).	wiktionary
ทิพย์	slang	heaven; paradise; day; celestial; divine; heavenly	wiktionary
ทิ่ม	slang	to stab; to thrust; to prick; to dive or plunge (forth, forwards, etc), especially headfirst	wiktionary
ทีม	slang	team; to support; to side (with); to take the side (of); to be on someone's side	wiktionary
ที่แท้ทรู	slang	for real (true)	thaipod101.com/blog/2019/07/23/thai-text-slang/
ท่อน้ำเลี้ยง	slang	sap tube.; person who secretly funds a political organisation or activity.	wiktionary
ธรรมะธัมโม	slang	religious; pious; devout.	wiktionary
นก	slang	bird; lock; to be ignored or refused by a person / to fail to get the girl/guy (lit. bird)	thaipod101.com/blog/2019/07/23/thai-text-slang/,wiktionary
นกเขา	slang	(เหยี่ยว~) any of the various birds of the genus genus{{cite-web; (ปลา~) some fish of the genus genus or genus of the family family{{cite-web; penis	wiktionary
นนทบุเรี่ยน	slang	person from Nonthaburi; person native to or inhabiting Nonthaburi.	wiktionary
นอนคุยกับรากมะม่วง	slang	to die.	wiktionary
นอนมง	slang	a sure win (lit. sleep with the crown)	dict-blog.longdo.com/lgbtq_vocabulary/
นอนมา	slang	to gain victory or success easily; to not have to do much or struggle in order to win or succeed.	wiktionary
นอย	slang	vexed, annoyed, disturbed, bothered; fidgety, uneasy, restless.	wiktionary
นอยด์	slang	upset, paranoid / paranoid, overthinking	talkinthai.com/20-thai-slang/,thaipod101.com/blog/2019/07/23/thai-text-slang/
นักซิ่ง	slang	auto racer.; reckless driver.	wiktionary
นักดำน้ำ	slang	water diver.; ad-libber; improviser; extemporiser.	wiktionary
นักต้มตุ๋น	slang	conman.	wiktionary
นักเลงคีย์บอร์ด	slang	cyberharasser; cyberbullier.	wiktionary
นัดยิ้ม	slang	to hook up: to make arrangements for a casual sexual date or meeting; to engage in such a date or meeting.	wiktionary
นางงามตู้กระจก	slang	female worker in a massage parlour; by implication, female prostitute	wiktionary
นางฟ้า	slang	celestial woman, as angel, goddess, etc; angel (woman who is kind, pure, or beautiful); air hostess	wiktionary
นางเอก	slang	heroine; female protagonist; leading lady.; (โรค~) Leukemia patients.	wiktionary
นาจา	slang	cutesy นะจ๊ะ	thaipod101.com/blog/2019/07/23/thai-text-slang/
นาตาชา	slang	gossip, nosy spy / the spy, the gossip	dict-blog.longdo.com/lgbtq_vocabulary/
นานาจิตตัง	slang	subjective; depending on each one's preference or opinion; base on personal tastes, feelings, or opinions.	wiktionary
นายทวาร	slang	doorkeeper; porter.; goalkeeper.	wiktionary
นี่	slang	this; these; this; these; (used as a first person pronoun): I, we, etc.	wiktionary
น่ามคาน	slang	annoying; bothersome; disturbing.	wiktionary
น่ารัก	slang	adorable; cute; lovely; pretty; appropriate; suitable; proper	wiktionary
น่าฮัก	slang	lovely; huggable	wiktionary
น้องชาย	slang	(classifier คน) younger brother; (a term of address to a young or younger man); penis	wiktionary
น้องรหัส	slang	student under the mentorship of a senior student with corresponding ID numbers.	wiktionary
น้องสาว	slang	(classifier คน) younger sister; (a term of address to a young or younger woman); vagina	wiktionary
น้อยหน่า	slang	sugar apple; hand grenade	wiktionary
น้ำ	slang	water; any liquid or fluid ((Classifier changes according to its container.)); body of water, as lake, river, sea, ocean, etc.; water thereof; (used as a title for a body of water, often prefixed to i	wiktionary
น้ำนางเอก	slang	orange juice.	wiktionary
น้ำยา	slang	a soup made of pounded fish, served with the noodle ขนมจีน.; liquid containing chemical or medicinal substances or properties: potion, solution, elixir, etc.; ability, capability, competency; talent, 	wiktionary
น้ำลำไย	slang	Beverage made of these dried longan boiled in water and added sugar, served cool.; beer	wiktionary
น้ำอำพัน	slang	alcoholic beverage.	wiktionary
น้ำเน่า	slang	inviting vomit.; nonsensical; senseless.; polluted water.	wiktionary
น้ำแข็ง	slang	ice; ไอซ์	wiktionary
น้ำแตก	slang	to discharge semen following an orgasm.	wiktionary
บน	slang	on; up; upon; above; over; upper; high; higher; to promise; to pledge	wiktionary
บรัยส์	slang	บัย	wiktionary
บล็อก	slang	blog.; rectangular object such as brick.; group of records.	wiktionary
บวก	slang	to add; to increase; to include; plus sign; to combat, to fight; to strike, to attack; to counter, to oppose; to confront; to clash, to collide	wiktionary
บวช	slang	to ordain; to confer holy orders (upon); to invest with priesthood; to consecrate as a priest.; to be ordained; to be conferred holy orders (upon); to enter priesthood; to be or become a priest.; to f	wiktionary
บวบ	slang	any of the various plants of the genus genus, the family family ต้น; fruit thereof ลูก; penis	wiktionary
บัญชีม้า	slang	account, as bank account, of a money mule.	wiktionary
บัญชีหนังหมา	slang	criminal record; record of misconduct; record of bad deeds; blacklist	wiktionary
บัพพาชนียกรรม	slang	to excommunicate; to expel; to banish	wiktionary
บัย	slang	bye.	wiktionary
บัยม์	slang	บัย	wiktionary
บัยส์	slang	บัย	wiktionary
บัวแก้ว	slang	Ministry of Foreign Affairs of Thailand, whose emblem is a crystal lotus.	wiktionary
บาง	slang	narrow or small watercourse; community or polity located near such watercourse or at the place used to be such watercourse; collectivity; entirety	wiktionary
บาทา	slang	บาท	wiktionary
บิ๊ก	slang	person in authority, person of rank; (also used as a title for such person).	wiktionary
บิ๊ว	slang	to build up (a feeling, emotion, hope, etc).	wiktionary
บุย	slang	bye	thaipod101.com/blog/2019/07/23/thai-text-slang/
บูด	slang	spoiled, gone off; rancid, putrid.; bad; unpleasant.; rotten: very bad, unpleasant, or unsatisfactory. first attested in 2021 / bad vibes, sour mood (lit. spoiled food) / salty, bad vibes	dict-blog.longdo.com/lgbtq_vocabulary/,wiktionary
บ่องตง	slang	to be honest; to tell the truth.	wiktionary
บ้ง	slang	to flop; to fail; to be a failure; to be unsuccessful; to do or work poorly; to suffer a poor result. / botched, a fail / flawed, botched / a flop, cringe	dict-blog.longdo.com/lgbtq_vocabulary/,talkinthai.com/20-thai-slang/,wiktionary
ปรสิต	slang	parasite.; parasite: person clinging to another for personal gain, person living at the expenses of others, etc.	wiktionary
ประกัน	slang	guarantee: someone or something that assures a condition or outcome; security: someone or something serving as surety for the fulfillment of an obligation, promise, etc.; hostage: person seized or hel	wiktionary
ประกาศพูด	slang	to blurt it out	dict-blog.longdo.com/lgbtq_vocabulary/
ประทาบ	slang	beyond impressed (pun on ประทับใจ)	dict-blog.longdo.com/lgbtq_vocabulary/
ประปา	slang	water supply. First attested in 1909.th; waterworks. First attested in 1909.; waterworks agency or agent; plumber.	wiktionary
ประมาณ	slang	to measure, to determine; to approximate, to estimate.; to analyse; to check carefully or part by part; to dissect; to scrutinise.; approximately; about; around; roughly.	wiktionary
ประเคน	slang	to give or offer (something to a priest) by or as if by handing, especially as part of a ceremony or rite.; to present; to offer.	wiktionary
ประเดิม	slang	to initiate or inaugurate, especially through a ceremony or formality.; to be the first one to do something.; initial; inaugural; first.	wiktionary
ประเทศ	slang	nation; also used as a prefix to the name of a nation; area; district; locality; place; region; spot; city; province	wiktionary
ปลดกลางอากาศ	slang	to take off the air part-way.; to remove or dismiss from office, position, job, etc., suddenly.	wiktionary
ปลดทุกข์	slang	to relieve sufferings.; to urinate; to defecate.	wiktionary
ปล่อยของ	slang	to perform a ritual in order to send a magical object to harm someone.; to show one's ability or skill.	wiktionary
ปล้น	slang	to take by force: to usurp, to seize, to rob, etc.; to strip or deprive someone of something completely.	wiktionary
ปอด	slang	lung.; ปอดแหก; (ผัก~) species Gaertn.	wiktionary
ปอดบวม	slang	pneumonia.; big breast.	wiktionary
ปักปากกา	slang	to use an injector pen, especially one designed for weight loss or weight controlth	wiktionary
ปัง	slang	bang (loud sound, as sound of explosion); exactly; accurately; great, wonderful, awesome, amazing, outstanding; successful, flourishing, prosperous; promising / a hit, killer / amazing, a hit / a hit,	popticles.com,talkinthai.com/20-thai-slang/,thaipod101.com/blog/2019/07/23/thai-text-slang/,wiktionary
ปังปุริเย่	slang	exceptionally good, awesome, amazing, or outstanding.	wiktionary
ปัญญา	slang	wisdom; knowledge; intelligence; ability	wiktionary
ปัญหาโลกแตก	slang	dilemma.	wiktionary
ปัด	slang	to remove by or as if by fanning, wiping, sweeping, brushing, or the like.; to remove; to dispel; to expel; to exorcise.; to brush (into shape, with a cosmetic brush, etc).	wiktionary
ปั่น	slang	to cause to move around or in a circle: to spin, to revolve, to rotate, to circulate, to whirl, to twirl, etc.; to blend, purée, or emulsify, as with a liquidiser.; to stir up; to incite; to instigate	wiktionary
ปาขี้	slang	to bombard or flood a website with offensive or trolling comments, usually as a sign of protest.	wiktionary
ปาท่องโก๋	slang	white sugar sponge cake; youtiao, often sold in the form of paired sticks.; pair or couple of very close or intimate persons (as friends, lovers, etc), especially ones that often stick together.	wiktionary
ปิดสวิตช์	slang	to switch off: to turn off a switch.; to end the roles or functions (of); to stop or prevent from functioning or from being in operation or power; to disable; to deactivate.	wiktionary
ปิ๊	slang	vagina.	wiktionary
ปีมะโว้	slang	long time ago; time long past; time immemorial	wiktionary
ปีเตอร์	slang	cockroach.	wiktionary
ป่วยการเมือง	slang	to malinger (to feign illness)thth	wiktionary
ป่อง	slang	to bulge, to protrude, to bulge out.; to be pregnant.; bulging, protruding.	wiktionary
ป่ะ	slang	ปะ; ปะ / ...or not? / let's go?	studythai.ai/blog/thai-slang-guide,wiktionary
ป่าว	slang	no / or not (casual เปล่า) / no / or not? (colloquial เปล่า)	thai-language.com,thaipod101.com/blog/2019/07/23/thai-text-slang/
ป้ายยา	slang	to get someone hooked on buying something	talkinthai.com/20-thai-slang/
ป้ายแดง	slang	brand new; spanking new.	wiktionary
ผงะ	slang	to jerk, jolt, or bounce because of alarm, surprise, or the like.; to be stunned; to be shocked.	wiktionary
ผีขนุน	slang	prostitute.	wiktionary
ผีเสื้อราตรี	slang	lady of the night.	wiktionary
ผู้	slang	guy, man (short for ผู้ชาย)	thaipod101.com/blog/2019/07/23/thai-text-slang/
ผู้หญิงต่ำ	slang	low woman	sanook.com/campus/1407160/
ผ้าเน่า	slang	security blanket.	wiktionary
ฝ	slang	ฝอ ฝา (ฝ ฝา), the 29th consonant letter of the Thai alphabet; ฝรั่ง	wiktionary
ฝรั่งเศษ	slang	ฝรั่งเศส	wiktionary
ฝอย	slang	fine thread, as filament, fibre, fibril, etc.; similar thing, as rootlet, radicle, etc.; trivial, inessential, or insignificant thing or part	wiktionary
ฝุดฝุด	slang	super (intensifier)	thaipod101.com/blog/2019/07/23/thai-text-slang/
ฝ่าไฟแดง	slang	to run a red light.; to have sex with a girl while she is menstruating.	wiktionary
พน	slang	tomorrow	wiktionary
พยานรัก	slang	child; offspring.	wiktionary
พระเจ้าช่วยกล้วยทอด	slang	an exclamation of alarm, disbelief, pleasure, shock, or surprise.	wiktionary
พวง	slang	cluster; bunch; string; testis; (ปลา~) sultan fish: the fish species of the family family	wiktionary
พส	slang	เพื่อนสาว; พี่สาว; พระสงฆ์	wiktionary
พัด	slang	to change the subject (lit. fan)	dict-blog.longdo.com/lgbtq_vocabulary/
พิกัด	slang	requirement; stipulation; determination; specification; term; clause; coordinate; location	wiktionary
พิซซ่า	slang	pizza; section 112 of the Thai Penal Code, which criminalises lèse majesté	wiktionary
พิเรนทร์	slang	unconventional; unorthodox; queer; perverted; unconventionally; unorthodoxly; queerly; pervertedly	wiktionary
พี่ชาย	slang	big brother, elder brother; (older) partner, bud, buddy, bro	wiktionary
พี่รหัส	slang	senior student who serves as a mentor for a junior student with corresponding ID numbers.	wiktionary
พื้นดวง	slang	one's default nature	dict-blog.longdo.com/lgbtq_vocabulary/
พุทธเซเล็บ	slang	a Buddhist monk who is a celebrity.	wiktionary
พุ่มพวง	slang	woman; (โรค~) SLE	wiktionary
พูดไปก็ไลฟ์บอย	slang	speech is silver, silence is golden	wiktionary
พูนสวัสดิ์	slang	a period of time not accompanied by any zero when calculated according to the science of อุบากอง, traditionally believed to be the period of uselessness as any action or effort undertaken during such 	wiktionary
พ่น	slang	to eject from or as if from the mouth: to spit, to sprinkle, to spray, etc.; to send forth rapidly or copiously: to spout, to shoot, etc.; to chatter; to jabber; to blabber.	wiktionary
พ่อแก้วแม่แก้ว	slang	(an expression of alarm or fright.)	wiktionary
ฟรี	slang	for free; free of charge; without payment required; without having to pay; for free; free of charge; without making payment; not making payment when required	wiktionary
ฟอล	slang	Follow	studythai.ai/blog/thai-slang-guide
ฟักทองบด	slang	feces.	wiktionary
ฟันหัวแบะ	slang	to set or determine a shockingly and unfairly high price; to demand the payment of such a price.	wiktionary
ฟันแล้วทิ้ง	slang	to have sex with someone and dump that one afterwards: to nail and bail, to hit and run, etc.	wiktionary
ฟาด	slang	to whip, to lash, to slash; to swing, to sway.; to strike; to hit; to beat.; to strike or beat: to defeat or overcome, especially in a fierce way.	wiktionary
ฟาดแข้ง	slang	to play football.	wiktionary
ฟิน	slang	blissful, joyful, happy; best, excellent, perfect, peak, top.; to finish. / blissful, so satisfying / Blissful / satisfied	studythai.ai/blog/thai-slang-guide,talkinthai.com/20-thai-slang/,wiktionary
ฟีลๆ	slang	meh, so-so	younghappyplus.com
ฟีเจอริ่ง	slang	to have sex; to engage in a sexual activity.; to have as a sexual partner.	wiktionary
ฟ้อนเล็ก	slang	a slap fight (lit. small dance)	dict-blog.longdo.com/lgbtq_vocabulary/
ฟ้าผ่า	slang	lightning.; to strike.; suddenly, unexpectedly, or without warning, and shockingly.	wiktionary
ฟ้าเหลือง	slang	exhaustion caused by overactive sexual activities, especially when accompanied by xanthopsia.	wiktionary
ภาพปลากรอบ	slang	an illustration (a picture that illustrates, as one in a book or magazine).	wiktionary
ภาษาต่างดาว	slang	mojibake.	wiktionary
ภาษาพ่อขุน	slang	impolite, offensive, or vulgar language or expression.	wiktionary
มงลง	slang	to be given a crown; to be honoured or rewarded.	wiktionary
มติมหาโจร	slang	majority opinion or public opinion that is corrupt, debased, evil, immoral, etc.	wiktionary
มวลมหาประชาชน	slang	large number of people; large crowd.	wiktionary
มองบน	slang	to give an eye-roll as an expression of tiredness, fed-'upness, boredom, contempt, incredulity, etc.	wiktionary
มองแรง	slang	death stare.; to give a death stare. / to glare	thaipod101.com/blog/2019/07/23/thai-text-slang/,wiktionary
มอดไม้	slang	illegal logger.	wiktionary
มะขาม	slang	tamarind; penis	wiktionary
มะงุมมะงาหรา	slang	to tour a forest.; to ramble without a definite purpose: to wander, to roam, to rove, to stray, etc.; to move awkwardly; to be awkward.	wiktionary
มะรุ	slang	dunno.	wiktionary
มะรู้	slang	dunno	jamkham.com/blog/thai-slang-you-actually-hear/
มะเหงก	slang	knuckle: the rounded prominence of a finger joint when the finger is bent.; to hit or strike with the knuckles.	wiktionary
มังกร	slang	dragon; nāga; serpent; makara	wiktionary
มันเขี้ยว	slang	so cute I could squish it	thai-language.com
มั่ว	slang	to mix; to mingle.; to do or perform in a disorderly, confusing, or confused manner.; to say or speak groundlessly; to guess or estimate groundlessly.	wiktionary
มั้ย	slang	ไหม / ...? (yes/no)	studythai.ai/blog/thai-slang-guide,wiktionary
มาม่า	slang	whoremistress.; instant noodle.; mocking the term ดราม่า ดราม่า	wiktionary
มาม่าซัง	slang	whoremistress.	wiktionary
มารศาสนา	slang	enemy of religion; obstructs good deeds	sanook.com/campus/1407160/
มาว	slang	don't want	jamkham.com/blog/thai-slang-you-actually-hear/
มิติ	slang	measurement; -metry.; dimension.; sphere; world; realm.	wiktionary
มือที่สาม	slang	third party that interferes with or causes a break in the relationship of a loving couple.	wiktionary
มือฝรั่ง	slang	foot.	wiktionary
มุกิ้ว	slang	(an interjection expressing an invitation to engage in a sexual activity.); to invite someone to engage in a sexual activity.	wiktionary
มุนินมุตา	slang	identical, two of a kind	dict-blog.longdo.com/lgbtq_vocabulary/
มู	slang	มูเตลู; มูเตลู	wiktionary
มูเตลู	slang	occult science, black art, black magic; item or object related thereto; to exercise or resort to such thing	wiktionary
มโน	slang	heart; mind; imagination; thought / to imagine things / fantasise	thaipod101.com/blog/2019/07/23/thai-text-slang/,wiktionary
ม็อบ	slang	mob: crowd of people; crowd of demonstrators or protestors; demonstration or protest itself	wiktionary
ม่อง	slang	to die.	wiktionary
ม่องเท่ง	slang	to die.	wiktionary
ยก	slang	a unit of measuring wooden boards, equal to 1 cubit wide, 16 wa long, and 1 inch thick; period of time; round; a round of flogging, consisting of 30 strokes	wiktionary
ยสตน	slang	unprotected sex.; creampie: the discharge of semen in a vagina or anus.; to engage in unprotected sex.	wiktionary
ยอมใจ	slang	I give up on you	thaipod101.com/blog/2019/07/23/thai-text-slang/
ยะ	slang	(bitchy female particle)	thai-language.com
ยังไง	slang	อย่างไร; (used as a greeting): what's up?, how's things?, etc.; no matter how, no matter what; by no means, in no way; regardless, despite everything / how	pickup-thai.com,wiktionary
ยับ	slang	to pick (up), to take (up); to keep, to store; crumpled; rumpled; wrinkled; crisped; crushed; being in or showing a bad mood	wiktionary
ยั่วเพศ	slang	thirst trap, sexually alluring	dict-blog.longdo.com/lgbtq_vocabulary/
ยาแรง	slang	serious measure; decisive measure.	wiktionary
ยำ	slang	to mix; to mingle.; to cook by mixing.; to mess up; to muddle; to confuse; to conflate.	wiktionary
ยิง	slang	to discharge; to shoot; to fire; to use; to employ; to cause to work or operate; to cause to discharge something inside; to shoot: to give forth or send forth rapidly or forcibly	wiktionary
ยิ้ม	slang	smile; to smile; mocking the term เย็ด to fuck: to have sex	wiktionary
ยิ้มอ่อน	slang	thin smile: smile without sincere effort, or weak and forced smile.; to give a thin smile; to smile thinly.	wiktionary
ยืนหนึ่ง	slang	to stand out: to be especially prominent, eminent, or excellent in comparison to someone or something else. / number one, the best	popticles.com,wiktionary
ยุคมืด	slang	Dark Ages; dark ages: unfavourable period in the past	wiktionary
ย่ะ	slang	(bitchy female particle, contempt)	thai-language.com
รถด่วน	slang	express (bus, car, train, etc).; bamboo borer: the moth species of the family family.; fried bamboo borer.	wiktionary
รวบ	slang	to round up; to bring together; to gather; to collect; to cluster; to tie up; to round up; to arrest; to apprehend	wiktionary
รวบตึง	slang	to wrap it all up at once	dict-blog.longdo.com/lgbtq_vocabulary/
รวมมิตร	slang	a dish of mixed desserts, as ครองแครง, ทับทิมกรอบ, ลอดช่อง, etc, and fruits, as ขนุน, ชิด, etc, served in sweetened coconut milk mixed with the flower-fragrant liquid called น้ำลอยดอกไม้ and scented w	wiktionary
รอบ	slang	cycle; round; turn; period; cycle (of twelve years); period (of twelve years); time; occasion	wiktionary
ระเบิด	slang	to explode; to burst.; to attack, damage, or destroy by explosion or an explosive: to bomb, to blow up, to bombard, etc.; to bring into being; to come into being.	wiktionary
รับน้อง	slang	to receive or welcome with a certain ceremony or activity.; to haze: to subject to an abusive or humiliating activity.	wiktionary
ราดหน้า	slang	rat na: a Thai noodle dish consisting of stir-fried noodles over which a thick sauce is poured.; money shot; the discharge of semen on the partner's body, especially on the face.; to give a money shot	wiktionary
ราพณาสูร	slang	completely lost; completely ruined; completely destroyed	wiktionary
ราม	slang	beautiful; average; moderate; mediocreth; (พระ~) Rāma (a character in the epic Ramayana, Rāmāyaṇa)	wiktionary
รุมสกรัม	slang	joint attacks, irrespective of the means	wiktionary
ร่างทรง	slang	medium (person through whom a spirit is alleged to be able to contact the living); representative; agent; nominee; proxy; stand-in	wiktionary
ร้าบาน	slang	รัฐบาล	wiktionary
ลงดาบ	slang	to carry out a death sentence by means of decapitation; to execute (e.g. a prisoner) by beheading.; to inflict a penalty; to impose a punishment.	wiktionary
ลงเอย	slang	to end a poem with the word เอย.; to terminate, to cease, to conclude, to come to an end; to end up, to turn out (to be).; to be together (as a loving or wedded couple); to be united (in marriage).	wiktionary
ลงแขก	slang	to gather and work together, especially in a paddy field; to gang-rape	wiktionary
ลงแดง	slang	to experience bloody diarrhoea as a withdrawal symptom; to experience excessive agitation or irritability because of inability to do something or denial of access to something	wiktionary
ลงแรงค์	slang	play ranked; go all out	popticles.com
ลอยตัว	slang	to float; to fly; to suspend; to hang; to rest or remain (in the air, water, gas, etc).; to float.; to float: to be free from attachment or involvement, especially in an undue manner.	wiktionary
ลอยแพ	slang	to banish (a criminal) by placing the banished person on a raft and releasing it into a river or seaพระไอยการกระบดศึก]]; to disown; to repudiate; to cut ties with; to lay off (workers)th	wiktionary
ลับแล	slang	screen or barrier, especially one in the form of a flat panel standing on attached feet.; (เมือง~) the name of a town which legend says can only be found by chance.; (อำเภอ~) c/Thailand	wiktionary
ลั่น	slang	to give or cause a loud sound or noise: to roar, to rumble, to resound, to thunder, to blast, etc.; to sound; to beat; to hit; to speak or declare solemnly or seriously: to vow, to pledge, to affirm, 	wiktionary
ลาก่อย	slang	farewell; goodbye; rest in peace.	wiktionary
ลายแทง	slang	map or clue (to a treasure trove, a hidden object or place, or the like).; way (to a certain place or destination).	wiktionary
ลิควิด	slang	correction fluid.	wiktionary
ลิง	slang	primate: monkey, ape, etc.; (กางเกง~) underwear (for any sex)	wiktionary
ลิป	slang	lipstick or similar product, as lip gloss, lip balm, etc	wiktionary
ลีลา	slang	manner, style, pattern, design, form, or technique, especially one that is graceful or elegant.; motion or movement, especially one that is graceful or elegant.; a type of Buddha statue depicting the 	wiktionary
ลุย	slang	to wade; to go through; to pass through; to proceed; to go ahead	wiktionary
ลูกสาว	slang	daughter; effeminate boy	wiktionary
ลูกหลง	slang	child born after another child for many years, such as Benjamin of the family.; projectile unknowingly left in a gun.; projectile or any other thing which hits an unintended target, such as stray bull	wiktionary
ลูกเมียน้อย	slang	anyone or anything that has not been treated as well as others; anyone or anything that gets poorer treatment than others.; เมียน้อย	wiktionary
ล็อก	slang	to lock; to secure or fasten by operation of a lock.; to make immovable.	wiktionary
ล่ม	slang	to go down, to come down, to fall down, to overturn, to turn upside down; to cause to do so.; to be ruined or damaged by a natural disaster or natural cause.; to fail, to be unsuccessful; to cause to 	wiktionary
ล่อ	slang	mule (animal); to lure; to trick; to tempt; to eat; to gulp; to devour	wiktionary
ล่องหน	slang	to vanish through or as if through magic.; to disappear; to be absent; to be missing; to be no longer seen.	wiktionary
ล่า	slang	to hunt; to chase; to pursue; to chase after; to woo; to seek after, especially in an intense manner	wiktionary
ล่ำซำ	slang	very rich; very wealthy; having a very large amount of financial wealth	wiktionary
ล้ม	slang	to fall; to cause to fall; to die; to kill	wiktionary
ล้างตู้เย็น	slang	anilingus.; to perform anilingus.	wiktionary
ล้ำ	slang	to go beyond; to overstep; to exceed.; futuristic.; exceedingly; extremely.	wiktionary
วงการ	slang	circle; clique; coterie; entertainment circle; show business circle	wiktionary
วงวาร	slang	สงสาร	wiktionary
วรนุช	slang	monitor lizard	wiktionary
วอ	slang	(พระ~) roofed palanquin for a royal person or member of a royal harem.; two-way radio; transceiver thereof.	wiktionary
วอก	slang	monkey.; (ปี~, ~ศก) Year of the Monkey, the ninth year in the cycle of twelve years under the lunar calendar.; annoying, mischievous, or deceitful person.	wiktionary
วัชพืช	slang	weed: unwanted plant.; cannabis; marijuana.	wiktionary
วัด	slang	religious compound or place of worship, as temple, sanctuary, monastery, etc.; Buddhist compound; Buddhist place of worship; Buddhist temple; Buddhist monastery; to compare; to measure	wiktionary
วัดเสมียน	slang	(used in greetings.)	wiktionary
วันนั้นของเดือน	slang	menstruation.	wiktionary
วัยดึก	slang	old age; advanced age; old; aged; of an advanced age	wiktionary
วางถุงกาวลงก่อน	slang	(Used to tell someone to stop acting in an uncharacteristic way.)	wiktionary
วางมวย	slang	to fight, quarrel, or brawl, especially when the use of physical force is present.	wiktionary
วางไข่	slang	to lay an egg; to lay eggs.; to father, beget, or procreate (offspring).	wiktionary
วาย	slang	to expire; to terminate; to stop; to die.; to lose: to undergo the deprivation of.; to hit; to strike; to beat.	wiktionary
วาร์ป	slang	to travel with great speed.; to follow a hyperlink; to access or browse a website through a hypertext.; hyperlink.	wiktionary
วิน	slang	station of public transport vehicles, especially public vans or motorcycle taxis.; such vehicle itself or its driver.	wiktionary
วิปลาส	slang	to be perverted: to go away from the right, normal, or usual condition, state, or course.th; to go crazy; to be out of one's mind; to be of unsound mind; to be or become insane.	wiktionary
วีรกรรม	slang	heroic deed; praiseworthy action.; infamous deed; notorious action.	wiktionary
วุ้นแปลภาษา	slang	a machine translation application.	wiktionary
ว่าที่	slang	to temporarily administer certain affairs in the capacity (of); to temporarily assume the capacity or functions (of); to temporarily hold the office or position (of); to temporarily act or serve (as);	wiktionary
ว้าวซ่า	slang	(used to express surprise): oh là là; what a shocker; what a surprise; etc.	wiktionary
ศาลเตี้ย	slang	kangaroo court	wiktionary
ศาสดา	slang	founder (of a religion, religious cult, religious tradition, or the like).; (บรม~, พระ~, พระบรม~) (an epithet of Gautama Buddha.); prophet; influential teacher; inspiring teacher; thought leader.	wiktionary
สก๊อย	slang	girl racer.	wiktionary
สตรอว์เบอร์รี	slang	strawberry.; liar.; to lie.	wiktionary
สตอ	slang	liar.; to lie.	wiktionary
สตีล่าแม็คคาร์ทนี่	slang	out of it, scatterbrained (pun on สติ)	dict-blog.longdo.com/lgbtq_vocabulary/
สน	slang	pine: any tree of the genus genus; conifer: any tree or shrub of the class class; any pine-like plant, as those of species species of the family family or species species of the family family	wiktionary
สปอร์ต	slang	sporting: sportsmanlike, befitting a sportsman, as fair, generous, ungrudging, etc.	wiktionary
สมัยพระเจ้าเหา	slang	long time ago; time long past; time immemorial	wiktionary
สมุนไพร	slang	herb; medicinal plant.; cannabis; marijuana.	wiktionary
สยาม	slang	Siam	wiktionary
สยิว	slang	to feel a chill; to shiver with cold; to tingle from cold.; sexually thrilling or thrilled; sexually arousing or aroused; sexually exciting or excited; sexy; erotic.	wiktionary
สยึ๋มกึ๋ย	slang	very scary, frightening, or thrilling.	wiktionary
สลวน	slang	brain fog, muddled / brain fog, zoned out	dict-blog.longdo.com/lgbtq_vocabulary/
สลายฟีล	slang	let's bounce	dict-blog.longdo.com/lgbtq_vocabulary/
สวด	slang	to recite; to chant; to intone.; to scold; to lecture.	wiktionary
สวรรค์ชั้นเจ็ด	slang	orgasm.	wiktionary
สวาปาม	slang	to eat or consume voraciously, ravenously, or a great deal.	wiktionary
สวีดัด	slang	(used to express a greeting or farewell, answer a telephone, or attract attention)	wiktionary
สหบาทา	slang	mob action in which someone is attacked with stamps or thrusts of feet as punishment.; joint attacks, irrespective of the means.; to subject to such an action; to so attack (with feet or not).	wiktionary
สอย	slang	to pick, collect, or take with a long stick or the like.; to remove.; to take; to get; to acquire; to obtain.	wiktionary
สอยมะม่วง	slang	to orally stimulate the penis and/or scrotum.	wiktionary
สังคมก้มหน้า	slang	phubbing.	wiktionary
สังฆกรรม	slang	activity carried out within a holy area by a quorum of at least four priests, such as incantation or ordination.; part; participation; involvement.	wiktionary
สับตะไคร้	slang	to subscribe: to sign up for a website so as to receive notifications about its activities.	wiktionary
สากกะเบือยันเรือรบ	slang	everything; every kind (of thing).	wiktionary
สาป	slang	curse: solemn utterance invoking a supernatural power to inflict evil or doom on someone or something; to curse: to make such a solemn utterance; to revile, to castigate; to denounce, to condemn	wiktionary
สาย	slang	line; wire; rope; string; strap; connection; tie; telephone call; telephone extension; telephone line / fan of / into (สายกิน = foodie)	thaipod101.com/blog/2019/07/23/thai-text-slang/,wiktionary
สายเปย์	slang	one who tends to spend money to pamper someone / big spender on others (from "pay")	talkinthai.com/20-thai-slang/,wiktionary
สารตั้งต้น	slang	the instigator / who started it	younghappyplus.com
สาวก	slang	adherent; disciple; follower; pupil; adorer; fan; lover; supporter	wiktionary
สาวดุ้น	slang	futanari; cross-dressing boy	wiktionary
สาหร่าย	slang	algae.; a certain type of aquatic flowering plant, as hornwort and hydrilla.; pubic hair.	wiktionary
สิง	slang	to possess; to occupy; to dwell; to reside; to dwell; to reside; to remain; to stay; to stick together closely or stay close to each other, as if being one	wiktionary
สิงโต	slang	siṃha, lion-like mythological animal.; lion.; England national football team, whose emblem contains three lions.	wiktionary
สุดยอด	slang	highest; topmost; uppermost; supreme.; best, excellent, finest, perfect; amazing, awesome, incredible, wonderful; matchless, greatest; first, foremost.	wiktionary
สุนัข	slang	หมา; หมา; หมา	wiktionary
สู่ขิต	slang	to ascend to heaven, to be in heaven: to reach a state of bliss, to be blissful, to be extremely happy; to die, to rest in peace.	wiktionary
สู้เค้าสิวะอีหญิง	slang	you go girl!	dict-blog.longdo.com/lgbtq_vocabulary/
สไลด์หนอน	slang	to masturbate.	wiktionary
ส่วย	slang	money or other things, as crops, animals, etc, collected by the government as national revenue in lieu of forced labour or services.; things, as local goods or products, regularly collected from a loc	wiktionary
ส่อง	slang	to emit light: to glow, to shine, to beam, to radiate, etc.; to look into the dark or look at or observe something in the dark, with the help of a light.; to look (at, into, through, etc); to look fix	wiktionary
ส้มหล่น	slang	windfall: unexpected gain, fortune, or the like.	wiktionary
หนอน	slang	larva of insect.; penis.	wiktionary
หนอนน้อย	slang	penis.	wiktionary
หนัก	slang	heavy; severe; serious; extreme; excessive; incurable; uncorrectable; hopeless	wiktionary
หนัง	slang	skin; leather; shadow puppetry, as หนังตะลุง, หนังใหญ่, etc.; outdoor cinema, as หนังกลางแปลง, หนังขายยา, etc.	wiktionary
หน้าแตก	slang	to undergo embarrassment, especially because of one's own mistake, fault, or disappointment	wiktionary
หมดตูด	slang	to have no more money; to have no money left; to have used up all one's money.	wiktionary
หมดไฟ	slang	to become fatigue or sluggish, especially at work; to undergo burnout.; to lose libido; to undergo erectile dysfunction.	wiktionary
หมวกกันน็อก	slang	safety helmet.	wiktionary
หมอกระเป๋า	slang	unlicensed plastic surgeon.	wiktionary
หมอความ	slang	legal expert; legal scholar; jurist; lawyer.; attorney-at-law.	wiktionary
หมออ้อย	slang	pubic hair	wiktionary
หมั่นไส้	slang	annoyed by someone's showing off	thai-language.com
หมู	slang	pig; (เนื้อ~) pork; (รัก~) the plant species of the family family	wiktionary
หมูกะโจ๊ก	slang	fellatio.; to fellate.	wiktionary
หมูหมากาไก่	slang	basic; insignificant; simple; trivial; unserious.; livestock.; small animal.	wiktionary
หมู่	slang	group; cluster; aggregation; squad; squad leader	wiktionary
หม่อม	slang	female commoner who marries a royal person holding the rank of กรมพระราชวังบวรสถานมงคล, เจ้าฟ้า, พระองค์เจ้า, or หม่อมเจ้า; royal person who has been deprived of the rank of เจ้าฟ้า, พระองค์เจ้า, or ห	wiktionary
หม้อ	slang	cooking pot; cauldron.; vagina.; electrical transformers and storage batteries	wiktionary
หยอยๆ	slang	cute, nice	popticles.com
หยั่มมา	slang	(an exclamation telling someone not to do something, roughly equivalent to "don't".)	wiktionary
หยุมหัว	slang	to bash on in a fight	wiktionary
หรรม	slang	หำ	wiktionary
หลอน	slang	to bait, to entice, to entrap, to lure, to tempt; to deceive, to delude, to mislead, to swindle.; to haunt; to appear or visit as a ghost or spirit	wiktionary
หลอนหู	slang	to be catchy; to be an earworm; to repeat in a person's mind.	wiktionary
หลังคาแดง	slang	lunatic asylum; mental asylum; mental institution; psychiatric hospital.	wiktionary
หลังไมค์	slang	private talk; private conversation.; direct message; personal message; personal chat.; to have a private talk or conversation; to talk privately.	wiktionary
หลุม	slang	hole; pit.; fossa.; lacuna.	wiktionary
หลุมดำ	slang	black hole.; great void; abyss.; large appetite, unsatisfiable stomach; person with large appetite, excessive hunger.	wiktionary
หวย	slang	a form of gambling in which tickets, originally containing flower pictures, later pictures of historical figures and alphabets, are sold, and a drawing is held for prizes.; lottery; lottery ticket.	wiktionary
หวาน	slang	sweet; sexy; loose; keeping coming loose / lying (lit. sweet)	wiktionary,younghappyplus.com
หวานเย็น	slang	block of frozen juice or other liquid consumed as snack, such as ice lolly.; a type of dessert containing an assortment of sweet fruits and others served iced, often covered with coconut milk or syrup	wiktionary
หวีด	slang	to scream; to screech.; to demonstrate intense excitement or adoration for an object of affection: to fanboy, to fangirl, etc.; scream; screech.	wiktionary
หวือหวา	slang	conspicuous: attracting special attention, as by outstanding qualities or eccentricities.; revealing.	wiktionary
หัวร้อน	slang	irascible. / hot-headed	thaipod101.com/blog/2019/07/23/thai-text-slang/,wiktionary
หัวโปก	slang	effeminate boy who wears a crew cut.	wiktionary
หึ	slang	satirically laughing sound.	wiktionary
หืม	slang	Hmm?	studythai.ai/blog/thai-slang-guide
ห้าบาทสิบบาท	slang	petty; insignificant; trifling.	wiktionary
ห้าว	slang	ballsy, tough	popticles.com
อกภูเขาไฟ	slang	big breast.	wiktionary
อกหัก	slang	Heartbroken	studythai.ai/blog/thai-slang-guide
อกไข่ดาว	slang	flat chest.	wiktionary
องค์	slang	body; form; used as an honorific for or term of address to; gods, high priests, and royal persons, as well as things and beings relating to them	wiktionary
อบรม	slang	to accumulate; to pile up; to store up.; to instruct; to educate.; to train; to coach.	wiktionary
อม	slang	to hold in the mouth (for various purposes, such as for letting the thing held dissolve in the mouth or for sucking that thing); to hold inside; to keep within; to avoid showing or expressing; to expe	wiktionary
อมก	slang	oh my God.	wiktionary
อมแล้วดูด	slang	to fellate; to perform fellatio.; fellatio.	wiktionary
อย่าปลุกนก	slang	don't poke the bear (lit. don't wake the bird)	dict-blog.longdo.com/lgbtq_vocabulary/
อย่ามายุ่ง	slang	Stay out of it	studythai.ai/blog/thai-slang-guide
อย่าเล่นกับระบบ	slang	don't test me	dict-blog.longdo.com/lgbtq_vocabulary/
อร่อย	slang	delicious; tasty; fun; enjoyable; sexy; hot; sexually interesting or exciting	wiktionary
อลังการงานสร้าง	slang	magnificently beautiful.	wiktionary
อวตาร	slang	avatar.; monarch, considered as an avatar of a deity according to the cult of divine monarchy.; avatar.	wiktionary
ออกตัว	slang	to humble, defend, or excuse oneself from the outset or beforehand.; to take off (as a plane from a runway or a runner from a starting point).; to appear in a certain way or give a certain impression:	wiktionary
ออกทะเล	slang	ทะเล; to be off-topic; to be off-point.; off the topic; off the point.	wiktionary
อะ	slang	(สระ~) the vowel /a/, represented by –ั–, –ะ, –รร, or –รร–.; (said when giving or handing something to someone, or used to express agreement, allowance, or approval): here you go; here you are; here i	jamkham.com/blog/thai-slang-you-actually-hear/,wiktionary
อะไรนะ	slang	What?	studythai.ai/blog/thai-slang-guide
อัตโนมือ	slang	manual (done or operatedby hand); manually (by hand)	wiktionary
อัพ	slang	Upload / post	studythai.ai/blog/thai-slang-guide
อัมพาต	slang	paralysis.; paralysis: state of helpless stoppage, inactivity, or inability to act.; to be paralysed.	wiktionary
อัลไล	slang	what.; what.; what. / what (cutesy อะไร)	thaipod101.com/blog/2019/07/23/thai-text-slang/,wiktionary
อัศจรรย์	slang	marvel; wonder; miracle; astonishment; amazement; surprise; (บท~, ฉาก~) love scene (scene depicting sexual activity); marvelous; wondrous; miraculous; astonishing; amazing; surprising	wiktionary
อั้น	slang	to hold; to keep; to confine; to contain.; to limit; to restrict.; speechlessly; voicelessly; at a loss for words.	wiktionary
อากู๋	slang	maternal uncle; Google	wiktionary
อาจารย์	slang	teacher: one who teaches, especially as a profession; instructor: teacher in a higher education institution who ranks below assistant professor; (used as a rank for such person Abbreviation): อ.	wiktionary
อารมณ์เปลี่ยว	slang	sexual desire.	wiktionary
อาวุธ	slang	weapon; arm; eating utensil; cutlery	wiktionary
อำ	slang	to conceal; to cover up; to hide.; to visit during sleep and disturb by sitting upon, dragging, assaulting, suffocating, etc.; to joke; to prank; to tease.	wiktionary
อิน	slang	to be into (something): to be absorbed or take an interest (in something). / really into it, emotionally invested	talkinthai.com/20-thai-slang/,wiktionary
อินเนอร์	slang	inner feeling or emotion, especially one expressed in singing or acting.	wiktionary
อิอิ	slang	(an exclamation or representation of laughter, as in expressing amusement or derision.) / Hehe	studythai.ai/blog/thai-slang-guide,wiktionary
อีควาย	slang	(female) buffalo: idiot	sanook.com/campus/1407160/
อีเหี้ย	slang	(female) monitor lizard: bitch, scum	sanook.com/campus/1407160/
อึ้งกิมกี่	slang	very stunned (as because of astonishment, shock, or bewilderment)	wiktionary
อื้อ	slang	deafening; blaring; deafened: stunned or overwhelmed with noise; deafeningly	wiktionary
อุทธรณ์	slang	delivery; presentation; submission.; elevating; lifting; raising.; appeal.	wiktionary
อุนจิ	slang	feces.	wiktionary
อุบล	slang	tiger lotus, the plant Nymphaea lotus of the family Nymphaeaceae.; any lotus or water lily.; c/Thailand	wiktionary
อุ้ม	slang	to bear, carry, hold, or lift up using or as if using an arm or arms.; to uphold, to maintain; to support, to supply (with financial aid, moral aid, etc); to defend, to advocate.; to carry away; to ta	wiktionary
อุ้มบุญ	slang	to act as a surrogate mother.	wiktionary
อ่วม	slang	covered in bruises; badly bruised; black and blue.; to be or put in a very bad, difficult, or inconvenient situation; to experience or cause great trouble or inconvenience.	wiktionary
อ่อม	slang	flat, drained, meh	younghappyplus.com
อ่ะนะ	slang	I see / well...	thai-language.com
ฮัลโหล	slang	hello: (used to answer a telephone or attract attention.); hello: (used to express sarcasm or surprise.)	wiktionary
ฮุบ	slang	to gulp: to take down in one swallow or in large morsels.; to seize or appropriate, especially in whole or in large amounts.	wiktionary
ฮ้อป	slang	suppressing a grin, bashful	younghappyplus.com
เกณฑ์	slang	to exact; to impose; to levy; to conscript (to compel into service); criterion; standard; rule	wiktionary
เกรียน	slang	very closely cropped.; crew cut.; pride of India: the plant species of the family family. / troll, bratty	thaipod101.com/blog/2019/07/23/thai-text-slang/,wiktionary
เกา	slang	to scratch.; Korea; Korean.; Korean.	wiktionary
เกิด	slang	to come into being: to be born, to rise, to originate, to emerge, to occur, to happen, to take place, etc.; to rise; to shine; to be or become conspicuous, prominent, or popular; (used to introduce a 	wiktionary
เก็บ	slang	kept; stored; to accumulate; to heap up; to collect; to compel or demand (financial payment)	wiktionary
เก้ง	slang	barking deer (species).; homosexual male.	wiktionary
เก้ว	slang	let's bounce, break up the party	dict-blog.longdo.com/lgbtq_vocabulary/
เขียง	slang	chopping block; chopping board.; butcher; butcher's shop.	wiktionary
เข้าเฝ้ายมบาล	slang	to die.	wiktionary
เครื่อง	slang	thing; article; matter; material; part; component; constituent; element; ingredient; instrument; implement; tool; device; means	wiktionary
เคะ	slang	uke (bottom)	wiktionary
เค็ม	slang	salty; salted; stingy; miserly; penurious; niggardly	wiktionary
เงินทอน	slang	change: money returned as the balance of the amount paid.; surplus of an estimate or fund that is dishonestly set higher than the actual price or cost.	wiktionary
เงิบ	slang	to be taken aback or rendered speechless by disappointment or by one's own mistake or fault.	wiktionary
เงือก	slang	crocodile.; snake.; nāga; dragon; serpent.	wiktionary
เจาะยาง	slang	to strike the rival's thigh or calf with one's foot or shinbone in order to deprive the rival of mobility, dexterity, or stability.	wiktionary
เจิม	slang	to add; to make additions (to); to increase; to enhance; to supplement; to aggrandise; to expand; to enlarge; to mark white spots on someone or something using a consecrated perfuming powder liquid on	wiktionary
เจ้าชายนิทรา	slang	man in a vegetative state.	wiktionary
เจ้าชู้	slang	person who loves carrying on flirtations; person of carnal adventures; connoisseur of seduction.; (หญ้า~) Mackie's pest: the grass species of the family family.; loving or tending to carry on flirtati	wiktionary
เจ้าพ่อ	slang	father (of a royal person); (also used as a term of address to a royal person's father.); (a term of endearment used to address a young man of royal descent.); male tutelary deity; (also used as a ter	wiktionary
เจ้าหญิงนิทรา	slang	Sleeping Beauty.; woman in a vegetative state.	wiktionary
เจ้าโลก	slang	penis.	wiktionary
เจ๋ง	slang	excellent; awesome; fantastic; cool; wicked. / Cool / awesome / cool, great	popticles.com,studythai.ai/blog/thai-slang-guide,wiktionary
เฉิดฉาย	slang	shiningly, brilliantly; strikingly, remarkably.; shiningly or brilliantly beautiful; strikingly or remarkably adorable.; to shine: to excel or be conspicuous.	wiktionary
เฉียบ	slang	quite; very; extremely.; sharp; keen; biting; piercing. / sharp, cool	thaipod101.com/blog/2019/07/23/thai-text-slang/,wiktionary
เฉ่ง	slang	to pay; to clear; to settle.; to slam; to slash; to criticise harshly; to scold; to attack verbally.	wiktionary
เชย	slang	to chuck: to pat, tap, caress, or stroke lightly, as under the chin; to shower; to blow lightly	wiktionary
เช็กบิล	slang	to ask for the bill (at a restaurant); to have the bill; to reckon up the bill.; to take revenge; to avenge; to take to task.	wiktionary
เซรั่มนารามาก	slang	fabulous	marketingoops.com
เซอร์	slang	Sir; title of respect for some Western notable personage.; เซอร์กาลาฮัด	wiktionary
เซียน	slang	immortal.; master; expert; specialist.	wiktionary
เซ็ง	slang	insipid; tasteless.; fed up; sick and tired. / bummed, fed up / Fed up / bummed	studythai.ai/blog/thai-slang-guide,talkinthai.com/20-thai-slang/,wiktionary
เฒ่าหัวงู	slang	dirty old man.	wiktionary
เดอะเฟส	slang	(bad) attitude, the face	dict-blog.longdo.com/lgbtq_vocabulary/
เดอะแบก	slang	person who carries the fate of a group or organisation; member of a group or organisation on whom its existence or success depends.	wiktionary
เด็ก	slang	child: person below the age of adulthood; young person; childish person	wiktionary
เด็กอนามัย	slang	one who adopts a healthy or hygienic lifestyle, such as a person who goes to bed early, is mysophobic, etc.	wiktionary
เด็กแว้น	slang	boy racer.	wiktionary
เด่ว	slang	wait (short for เดี๋ยว)	thaipod101.com/blog/2019/07/23/thai-text-slang/
เด้ง	slang	to bounce; to bound; to rebound; to spring; to bounce; to remove or dismiss, as from office	wiktionary
เด๊ดสะมอเร่	slang	to die	wiktionary
เตง	slang	(second person pronoun.)	wiktionary
เต็ม	slang	all; every; full; complete; total; full; filled; brimful; not empty; fully sane; all there	wiktionary
เต้า	slang	breast; udder; gourd; to forge; to invent; to make up	wiktionary
เถือ	slang	to slash; to slice; to slit.; to beat; to win; to defeat; to overcome.	wiktionary
เท	slang	to pour (out, down, away, etc.); to move like a stream: to flow, to stream; to cause to so move; to incline, as in a particular direction: to slant, to lean / to dump / bail on / to dump / be dumped (	talkinthai.com/20-thai-slang/,thaipod101.com/blog/2019/07/23/thai-text-slang/,wiktionary
เทกระจาด	slang	to make offerings to ghosts and spirits and to give alms away to people in need, as part of the Ghost Festival.; to overturn, flinging the carried passengers or goods out.	wiktionary
เทพ	slang	(classifier ตน or องค์) god; deity; the Thai ecclesiastical rank above ราช and below ธรรม; divine: extremely good; unusually lovely; very pleasing; of superhuman or surpassing excellence / god-tier, b	thaipod101.com/blog/2019/07/23/thai-text-slang/,wiktionary
เทพบุตร	slang	male deity; handsome and nice man	wiktionary
เทย่า โรเจอร์	slang	to bail (pun on เท + a name)	dict-blog.longdo.com/lgbtq_vocabulary/
เทศนา	slang	preaching; teaching; sermon; discourse; lecture.; preaching: moral advice, especially one given in an obtrusive or tedious way.; lecture: long, tedious reprimand.	wiktionary
เทสมาก	slang	so my type	younghappyplus.com
เทียน	slang	(classifier เล่ม) candle; penis; touch-me-not: the plant, species L., of the family family	wiktionary
เท่	slang	slanting; aslant; cool: fashionably attractive or impressive; highly skilled or clever; socially adept; acceptable, appropriate, satisfactory, okay	wiktionary
เท่งทึง	slang	to die.	wiktionary
เท่สับ	slang	super cool	popticles.com
เน่า	slang	decayed; decomposed; putrid; rotten; bad; poor; out-of-service; not working; not in normal or proper condition; inviting vomit	wiktionary
เบลอ	slang	to blur.; to have a blurry vision; to dazzle; to feel dizzy; to undergo brain fog.	wiktionary
เบอร์	slang	number; telephone number; degree; extent; size	wiktionary
เบิ้ล	slang	more, again, or in several amounts or numbers at the same time.; to do, have, take, or make more, again, or in several amounts or numbers at the same time.	wiktionary
เบียว	slang	to have or be characterised by chūnibyō; to be fascinated or obsessed in some self-pretending behaviour.	wiktionary
เบี้ยว	slang	oblique; bent; crooked; distorted; twisted; askew; awry; out of shape.; to elude or evade (as the payment of a debt or the performance of an obligation).	wiktionary
เบื่อ	slang	Bored / fed up	studythai.ai/blog/thai-slang-guide
เบ่ง	slang	to force out; to eject or discharge through physical efforts or forcibly.; to labour; to deliver (a child) by means of labour.; to bloat; to puff; to inflate; to billow; to distend.	wiktionary
เปย์	slang	to spend money to pamper (someone)	wiktionary
เปรี้ยว	slang	fermented; sour; acidic; tart; sharp (of taste).; bold; daring; flashy; avant-garde.; loud (said of fashion).	wiktionary
เปลือก	slang	outer coat or covering, as rind, bark, skin, peel, husk, shell, case, pod, etc.; outer portion; surface; outer layer; cortex (as of a brain or kidney)	wiktionary
เปล่า	slang	containing nothing, being nothing: empty, blank, vacant, etc.; giving nothing, resulting in nothing: void, invalid, vain, waste, dead, etc.; covered by nothing: bare, naked, nude, etc.	wiktionary
เปา	slang	baozi.; (ท่าน~) judge: judicial officer, referee, umpire.	wiktionary
เปาบุ้นจิ้น	slang	judge: judicial officer, referee, umpire.	wiktionary
เปิด	slang	to open: to render unclosed or uncovered; to undo or remove the cover, lid, or fastening of; to part; to undo or remove (as the cover, lid, or fastening of something); to open: to spread; to burst; to	wiktionary
เปิดการ์ด	slang	to cite as an excuse.	wiktionary
เปิบ	slang	to eat with the hand, especially with the grip of fingertips.; to eat (by whatever means).	wiktionary
เปิ๊ดสะก๊าด	slang	very luxurious or expensive (often used of clothing).	wiktionary
เป็ด	slang	duck: bird of the family family.; (ผัก~) the plant species of the family family.; (ผัก~) the plant species of the family family.	wiktionary
เป๊ะ	slang	exact; precise; perfect; flawless; exactly; precisely	wiktionary
เผา	slang	to burn; to combust; to roast: to cook by direct exposure to fire or heat; to do something in a quick-and-dirty or slapdash manner	wiktionary
เผือก	slang	taro: the plant species of the family family. หัว; albino; white.; to meddle; to interfere officiously, unduly, or unwantedly (used for avoiding vulgarity). / nosy (lit. taro)	thaipod101.com/blog/2019/07/23/thai-text-slang/,wiktionary
เผ็ด	slang	spicy; hot; pungent; peppery; producing a burning or tingling sensation on the tongue; hot; sexy	wiktionary
เพี้ยน	slang	turned from what is right or correct: perverted, distorted, corrupted, deviated, abused; incorrect, erroneous, faulty; inaccurate, inexact, imprecise; etc.; unusual; abnormal; strange; peculiar; weird	wiktionary
เพื่อ	slang	for; for; since; because; why	wiktionary
เพื่อน	slang	(a third person pronoun:) he, she, it, they, etc.thth; anyone or anything else; any other person or thing; other(s); the other(s); person whom one knows, likes, trusts, is allied with, or receives sup	wiktionary
เฟก	slang	pretentious; insincere; hypocritic; phony; ingenuine.	wiktionary
เฟื่อน	slang	person in a romantic friendship.	wiktionary
เมน	slang	(รัฐ~) Maine; bias (one's favourite member of a musical band)	wiktionary
เมม	slang	memory: the part of a computer in which certain information subject to recall is stored.; to store on or save to such memory.; member (of a body of persons, organisation, etc).	wiktionary
เมะ	slang	anime; seme (top)	wiktionary
เมืองผู้ดี	slang	England.	wiktionary
เม็ดเยอะ	slang	secretive, cagey	younghappyplus.com
เม้น	slang	comment.; to comment.; เม้ม	wiktionary
เม้นท์	slang	เม้น; เม้น	wiktionary
เม้าท์	slang	to gossip (from "mouth")	talkinthai.com/20-thai-slang/
เม้าท์แตก	slang	gossiping like mad	popticles.com
เม้าแฟ่ด	slang	to blabber fast	younghappyplus.com
เย	slang	to fuck.	wiktionary
เยอะ	slang	a lot; many; much; plenty; demanding; picky	wiktionary
เยิน	slang	crumpled; rumpled; wrinkled.; losing one's normal or good shape, form, or condition; worn out; shabby.; mushroomed; flattened; expanded.	wiktionary
เยี่ว	slang	outstanding	dict-blog.longdo.com/lgbtq_vocabulary/
เริ่ด	slang	เลิศ fabulous; cool; awesome; spiffy. / fabulous	jamkham.com/blog/thai-slang-you-actually-hear/,wiktionary
เรื่อง	slang	story; tale; account; essence; content	wiktionary
เรื่อย ๆ	slang	slowly; leisurely; laggardly; sluggishly; one after another; time after time; time and time again	wiktionary
เรื้อน	slang	(โรค~) leprosy.; to behave badly or madly when drunk.	wiktionary
เลยป้าย	slang	toes hanging over the shoe (lit. missed the stop)	dict-blog.longdo.com/lgbtq_vocabulary/
เละ	slang	pastelike; mushy; slushy; squashy.; disordered; disorderly; chaotic; messy; untidy.; ruined, doomed, finished; irremediable, irreparable.	wiktionary
เละเทะ	slang	disordered; disorderly; chaotic; messy; untidy.; messed up.; ruined, doomed, finished; irremediable, irreparable.	wiktionary
เลิกกัน	slang	Break up	studythai.ai/blog/thai-slang-guide
เลิศสะแมนแตน	slang	fabulous; fantastic; gorgeous	wiktionary
เลื้อย	slang	to creep; to climb; to crawl.; to perform a body wave dance.	wiktionary
เล่นลิ้น	slang	to equivocate, to quibble; to beat around the bush.; to do or engage in a French kiss.; to perform a sexual act using the tongue, as anilingus, fellatio, etc.	wiktionary
เล่นเพื่อน	slang	to engage in lesbianism; to be a lesbian	wiktionary
เล่นใหญ่	slang	to overact.	wiktionary
เวชธานี	slang	pathetic, pitiable (pun on เวทนา + hospital name)	dict-blog.longdo.com/lgbtq_vocabulary/
เวลากะเทย	slang	running late, as usual (lit. katoey time) / way late (lit. katoey time)	dict-blog.longdo.com/lgbtq_vocabulary/
เวียนเทียน	slang	to pass lit candles around a circle or ring of people, usually as part of a rite.; to walk clockwise around something with flowers, candles, and incense sticks in hands for the purpose of worship.; on	wiktionary
เว่อร์	slang	overly; excessively; immoderately.; beyond reality; fancifully.; extremely, very; really, truly. / over the top / dramatic	jamkham.com/blog/thai-slang-you-actually-hear/,wiktionary
เว้ย	slang	(rude emphatic particle, among guys)	thai-language.com
เศษเล็บ	slang	a wannabe.	wiktionary
เสก	slang	to pronounce; to chant; to cast.; to consecrate or sanctify, especially through magic, magical spells, religious words, etc.; to cause or create using magic or supernatural power.	wiktionary
เสย	slang	to lift up something by placing another thing under that thing and pushing it up, like prying up or levering up; to lift up, push up, raise, or elevate in a similar manner.; to push up, back, or away 	wiktionary
เสร่อ	slang	outdated; to be outdated	wiktionary
เสียตัว	slang	to lose one's virginity; to lose one's chastity.	wiktionary
เสียผี	slang	to, by making offerings, apologise a deity or spirit for having breached a sexual taboo.; to lose one's virginity.	wiktionary
เสียอาการ	slang	to lose control of oneself, lose one's mind, or go crazy because of shyness, excitement, surprise, etc.	wiktionary
เสี่ยว	slang	friend; pal; chum.; to snatch; lame; cheesy; awkward; lacking class.	wiktionary
เสือสิงห์กระทิงแรด	slang	very ferocious, dangerous, or harmful person.; very smart person.	wiktionary
เส้น	slang	line; anything that is long and thin: hair, rope, string, thread, etc.; a traditional unit of length, equal to 20 wa or 40 metres	wiktionary
เส้นใหญ่	slang	large, flat noodle.; a lot of connections; powerful connections.; having a lot of connections or powerful connections.	wiktionary
เหน	slang	see (misspelling of เห็น)	thaipod101.com/blog/2019/07/23/thai-text-slang/
เหยิน	slang	protruding, resulting in an overbite; overjoyed or overexcited, to or as if to the point that the mouth is agape first attested in 2024th / grinning shyly, can't hide it	wiktionary,younghappyplus.com
เหรอ	slang	หรือ / Is that so?	studythai.ai/blog/thai-slang-guide,wiktionary
เหลือบ	slang	horsefly.; a person who lives at the expense of another.; a person who derives benefits from another without making any contribution to him or her.	wiktionary
เหล็กดัด	slang	decorative curved iron.; brace: wire placed against the surfaces of the teeth.	wiktionary
เหาะ	slang	to fly, move in the air, or travel through the air by supernatural power; to fly, move in the air, or travel through the air by whatever means; to move with great speed	wiktionary
เห้ย	slang	hey! / dude (เหี้ย softened as a friend-pronoun/interjection)	readthecloud.co/scoop-12meaningsofhia/
เอกซ์	slang	x; from X rating erotic; pornographic; sexual; sexy.	wiktionary
เอกราช	slang	independent: not subject to another nation's authority or jurisdiction.; independence: the state or condition of not being subject to another nation's authority or jurisdiction.; virginity: the state 	wiktionary
เอา	slang	to bring; to take; to capture; to seize; to cope; to handle	wiktionary
เอาที่สบายใจ	slang	whatever makes you happy (sarcastic)	thaipod101.com/blog/2019/07/23/thai-text-slang/
เอาปากกามาวง	slang	circle it for me, be specific (lit. bring a pen and circle)	dict-blog.longdo.com/lgbtq_vocabulary/
เอ็กซ์	slang	x; from X rating erotic; pornographic; sexual; sexy.	wiktionary
เอ็น	slang	tendon; sinew; ligament; penis; n	wiktionary
เฮ	slang	(an exclamation of joy, delight, celebration, or glee.); (an exclamation uttered by a group of people when doing something together.); to express or experience joy, delight, or glee; to celebrate.	wiktionary
เฮ้ย	slang	Hey! / hey! whoa!	studythai.ai/blog/thai-slang-guide,thai-language.com
แกง	slang	curry; soup; stew; to make or make as or into a curry, soup, or stew; to kill; to slay / to prank, set someone up (lit. curry)	talkinthai.com/20-thai-slang/,wiktionary
แกรด	slang	of a Japanese idol, Korean idol, or the like to graduate: to leave the group or band; to resign from membership.; to leave, quit, resign from, or relinquish (one's office, position, status, rank, etc)	wiktionary
แก๊ง	slang	gang: group of delinquents, criminals, etc.; any group or band.	wiktionary
แขวน	slang	to hang; to suspend; to hang; to be hung; to be suspended; to expose to public humiliation; to subject to public shaming	wiktionary
แครอท	slang	carrot.; Buddhist priest. First attested in 2020, originating from the colour of their robe.	wiktionary
แค้นฝังหุ่น	slang	to have deep-seated anger or revenge (towards someone); to be deeply vengeful (towards someone).	wiktionary
แง	slang	Waaah (crying)	studythai.ai/blog/thai-slang-guide
แจก	slang	to distribute: to divide into parts, classes, phases, etc.; to distribute, give out, or hand out, especially for free or as gifts or donations.; to give; to present; to offer.	wiktionary
แจกกล้วย	slang	to signify a penis for an offensive purpose, as by shouting a word that means "penis" or by showing a middle finger upright.	wiktionary
แจกัน	slang	vase; เจอกัน	wiktionary
แจม	slang	to join; to participate.; to meddle; to interfere; to intervene.	wiktionary
แจว	slang	oar: watercraft shaft.; to oar: to propel with or as if with oars.; to run away or flee quickly.	wiktionary
แจ่ม	slang	bright; shining; brilliant; clear; obvious; explicit; cool; great; excellent	wiktionary
แชร์	slang	a type of business in which investors are lured to invest money and are paid profits with funds from subsequent investors, as pyramid scheme, Ponzi scheme, etc; to share (to post or repost); to share 	studythai.ai/blog/thai-slang-guide,wiktionary
แซะ	slang	to dig out, force out, or remove using a flat device, as a chisel, gouge, spade, etc: to chisel out, to gouge out, to spade out, etc.; to urge; to hasten; to push; to impel.; to cavil; to carp; to tau	popticles.com,wiktionary
แซ่บ	slang	delicious; tasty; spicy; deliciously spicy from the Isan cuisine's reputation of being spicier than the Central Thai cuisine; sexy; hot / sexy, hot / sexy, hot (lit. spicy-delicious, Isaan)	talkinthai.com/20-thai-slang/,thaipod101.com/blog/2019/07/23/thai-text-slang/,wiktionary
แซ้บ	slang	brat; annoying child; ill-mannered child; rude child.	wiktionary
แต๊ะอั๋ง	slang	to grope sexually.	wiktionary
แท้ง	slang	to experience the termination of a pregnancy before the fetus is viable: to abort, to miscarry, etc.; to go or come to naught; to result in nothing; to give no result; to take no effect; to be or beco	wiktionary
แนว	slang	stylish, edgy	popticles.com
แบงก์กาโม่	slang	play banknote; counterfeit banknote	wiktionary
แบ๊ว	slang	childishly cute; innocently cute.	wiktionary
แปลไทยเป็นไทย	slang	to explain something in a simple or understandable language.	wiktionary
แป้ก	slang	flop: failure.; to flop: to fail, to be or become a failure.	wiktionary
แป๊ก	slang	flop, fail	popticles.com
แพง	slang	expensive; of a high price; elegant.	wiktionary
แพ้	slang	to defeat; to overcome; to win; to be defeated; to lose; to be overcome; to be allergic (to); to have an allergy (to)	wiktionary
แฟน	slang	fan (admirer, devotee, supporter, etc.); lover (person in love affair, as boyfriend, girlfriend, husband, wife, spouse, partner, etc.) first attested around 1947	wiktionary
แฟนคลับ	slang	fan club.; (classifier คน) fan; supporter; lover.	wiktionary
แฟนอาร์ต	slang	fanart, artworks created by people who like an existing work.	wiktionary
แฟ่ด	slang	loads, tons	dict-blog.longdo.com/lgbtq_vocabulary/
แมส	slang	mainstream.; surgical mask; dust mask.	wiktionary
แม่	slang	mother; female parent, mother-in-law, or person regarded as a female parent; * th	wiktionary
แม่เล้า	slang	whoremistress.	wiktionary
แรง	slang	force; strength; power; energy; labour; effort; strong; intense	wiktionary
แลง	slang	(หิน~, ศิลา~) laterite.; evening.; แมลง	wiktionary
แว่น	slang	circular piece (of something sliced, of glass, etc).; piece (of something flat), as tract or plot (of land).; territory, province, state	wiktionary
แว้น	slang	to rev.; to take part in a street racing.; boy racer.	wiktionary
แสบ	slang	annoying; sore; troublesome.; to undergo or cause to undergo a sharp, burning, or stinging pain or sensation.	wiktionary
แห่งชาติ	slang	national.; wanted or sought after by all or most of the people in the nation.	wiktionary
แห้ว	slang	sedge: any of the plants of the family family.; fruit of this plant: nut, chestnut, etc.; (งู~) Asian vine snake: the snake genus of the family family.	wiktionary
แอนนาซุย	slang	a hot mess, worn out (pun on brand + ซุย)	dict-blog.longdo.com/lgbtq_vocabulary/
แอบ	slang	to hide; to conceal.; secretly; stealthily.; privately.	wiktionary
แอปรุ้ง	slang	Instagram	wiktionary
แอปแดง	slang	YouTube First attested around 2024th	wiktionary
แอ๊บ	slang	to pretend / fake (from "act")	thaipod101.com/blog/2019/07/23/thai-text-slang/
แอ๊บว้าว	slang	to fake being impressed	dict-blog.longdo.com/lgbtq_vocabulary/
แอ๊ว	slang	to seduce or entice sexually. / to chat up	thaipod101.com/blog/2019/07/23/thai-text-slang/,wiktionary
โกย	slang	to sweep: to move or remove with or as if with a broom, brush, or the like.; to take or take into possession (in a large quantity).; to run away.	wiktionary
โกอินเตอร์	slang	to go global; to go to an international level.	wiktionary
โขยง	slang	group; herd.; any large quantity.; in a large quantity; in whole; wholly; in entirety; entirely; altogether.	wiktionary
โคกะโหลก	slang	A Thai gay slang for oral sex.	wiktionary
โคตรเฉลย	slang	speak of the devil / painfully obvious	dict-blog.longdo.com/lgbtq_vocabulary/,younghappyplus.com
โคมลอย	slang	sky lantern; groundless; baseless; nonsensical	wiktionary
โคมเขียว	slang	of or pertaining to prostitution.	wiktionary
โดนใจ	slang	to impress, captivate, or fascinate; to catch one's fancy; to be to one's liking.	wiktionary
โตเกียว	slang	(กรุง~) Tokyo; ขนมโตเกียว	wiktionary
โทรม	slang	decayed; rotten; ruined; worn; worn out; shabby; run-down; seedy; dilapidated.; decaying; decadent; declining; degenerating; deteriorating; decomposing.; thin; skinny; emaciated; tabescent; wasting aw	wiktionary
โบ	slang	bowknot.; bowed ribbon; ribbon bow.; outdated; out-of-date; old-fashioned; obsolete.	wiktionary
โบราณ	slang	ancient; old; antique; archaic; old-fashioned; outdated; outmoded; conservative	wiktionary
โป๊	slang	to supplement: to complete, to add (to), to extend by a supplement; to supply a deficiency.; to fix; to mend; to repair.; (ยา~) aphrodisiac; tonic.	wiktionary
โป๊ะ	slang	busted, caught out	talkinthai.com/20-thai-slang/
โป๊ะแตก	slang	a dish of seafood boiled with lemongrass, kaffir lime leaves, onions, parsley roots, seasoned with tamarind juice, lemonade, fish sauce, bird's eye chilis, and toasted dried chilis.; to reveal one's o	thaipod101.com/blog/2019/07/23/thai-text-slang/,wiktionary
โม่ง	slang	oversize.; a traditional game in which a participant whose head is covered for concealment of identity is chased.; (อ้าย~, ไอ้~) person who conceals one's identity by covering one's head.	wiktionary
โม้	slang	to brag; to boast	wiktionary
โม้ก	slang	to have oral sex.	wiktionary
โรง	slang	building or structure, especially one roofed or canopied; hall; residential hall; residential building	wiktionary
โรงแรมจิ้งหรีด	slang	fleabag (seedy, rundown hotel)	wiktionary
โล	slang	kilometer; kilogram; weighing machine (in kilogram)	wiktionary
โลลิ	slang	paedophile.	wiktionary
โว้ย	slang	(rude emphatic particle)	thai-language.com
โสมแดง	slang	red ginseng; r/East Asiath	wiktionary
โห่	slang	ululating yell traditionally uttered as part of an auspicious ceremony.; to utter a ululating yell, traditionally as part of an auspicious ceremony.; to cry a similar yell, as that of Tarzan or of a r	wiktionary
โออิชิ	slang	numb: deprived of physical sensation or the ability to move.	wiktionary
โอเอซิส	slang	oasis: fertile area in a desert.; floral foam: a type of foam used in flower arranging.	wiktionary
โอโม่	slang	to appropriate; to embezzle; to expropriate; to peculate.; very white or light in colour.	wiktionary
โอ้โห	slang	Wow! / wow!	studythai.ai/blog/thai-slang-guide,thai-language.com
โฮ่งมาก	slang	excellent, nailed it	younghappyplus.com
ใจ	slang	heart; mind; spirit; breath	wiktionary
ใจเจ็บ	slang	heartbroken, stung	popticles.com
ใต้ถุน	slang	space beneath a traditional house; crawl space; ground floor	wiktionary
ใบชุบ	slang	Yggdrasil leaf	wiktionary
ใบสั่ง	slang	official notice of a traffic offence: traffic ticket, traffic citation, etc.; order, command, mandate, or instruction, especially from a hidden authority.	wiktionary
ใบเทา	slang	1,000-baht note	wiktionary
ใส่	slang	to don; to wear; to put on; to put, place, or set (in, into, etc); to cause to be in, into, etc; to insert; to add; to hit, to strike; to punch, to jab	wiktionary
ใส่เดี่ยว	slang	to engage in or pick a personal or one on one fight or quarrel.	wiktionary
ใส่ไข่	slang	to colour; to distort; to exaggerate; to manipulate; to misrepresent; to twist.	wiktionary
ไก่	slang	fowl; domesticated fowl, as chicken, turkey, etc.; sock; sock puppet	wiktionary
ไก่กา	slang	insincere; untruthful; false.; run-of-the-mill, ordinary; small, slight; inadequate, paltry; low, inferior.	wiktionary
ไข่	slang	egg; roe; spawn; roundish reproductive body; ovum	wiktionary
ไถ	slang	plough (agricultural implement for cutting or turn over, turning over the earth; similar implement, such as snow clearing device); to plough (to turn up soil or make a furrow with a plough); to drive,	wiktionary
ไทยมุง	slang	officious onlooker or rubbernecker in Thailand, especially one who is Thai.	wiktionary
ไปดี	slang	to rest in peace; to die.	wiktionary
ไปที่ชอบ ๆ	slang	(used to express a hope that a dead person be at peace): rest easy; rest in peace; etc.; (used to tell someone to go away): get lost; get bent; etc.	wiktionary
ไปเรื่อย	slang	aimlessly; purposelessly; idly; nonspecifically.; nonsensically; foolishly; absurdly.; carelessly; inappropriately; improperly.	wiktionary
ไปโดนตัวไหนมา	slang	what was someone smoking?	wiktionary
ไฟ	slang	fire; flame; light; light source; electricity	wiktionary
ไฟฉาย	slang	flashlight.; penis.	wiktionary
ไฟลุก	slang	fired up, hyped	popticles.com
ไฟเขียว	slang	green light: traffic light.; to give green light: to give permission or approval.	wiktionary
ไฟแดง	slang	red light; traffic light (all three colors); menstruation	wiktionary
ไฟไหม้	slang	urgent; rush.; ไหม้	wiktionary
ไม	slang	why.; why.; microphone.	wiktionary
ไมโครเวฟ	slang	microwave.; microwave oven.; warmhearted person.	wiktionary
ไม่หยอก	slang	truly; really; very	wiktionary
ไม่เป็นไร	slang	(used to express that the matter in question is not or no longer minded or deemed serious or important): never mind; forget it; it's nothing; no problem; no worries; not at all; it's okay; it's fine; 	wiktionary
ไร	slang	what? / what	jamkham.com/blog/thai-slang-you-actually-hear/,pickup-thai.com
ไรแว้	slang	(an exclamation to express anger, disappointment, disapproval, or discontent.)	wiktionary
ไวไฟ	slang	combustible; flammable.; sexually active, alive, excitable, or keen.; sexually careless.	wiktionary
ไส้กรอก	slang	sausage; penis	wiktionary
ไหว	slang	to wave; to shift, to move, to be in motion; to sway, to shake, to quake; capably; ably; possibly (to do something); okay; fine; all right	wiktionary
ไอโอ	slang	information operations: integrated employment of information and communications technology to support the military or state; information operator: person who carries out such an operation.; (พระ~) Io:	wiktionary
ไอ้ตัวแสบ	slang	little shit, troublemaker	sanook.com/campus/1407160/
ไอ้ระยำ	slang	vile bastard	sanook.com/campus/1407160/
ไอ้เบื้อก	slang	dumbass	sanook.com/campus/1407160/
ไฮโซ	slang	one who belongs to the high-class society.; having class; classy; high-class. / posh, high society	talkinthai.com/20-thai-slang/,wiktionary
๕๕๕	slang	lol	wiktionary
