rank	word	count	per_million	tnc_rank	speech_skew	slang	in_decks
1	ไม่	775082	25132.5	9	1.85	colloquial	
2	ฉัน	750292	24328.6	54	9.87	colloquial	y
3	ที่	710246	23030.1	1	0.93	colloquial	y
4	จะ	661445	21447.7	7	1.42		y
5	คุณ	556745	18052.8	66	8.86	colloquial	y
6	ได้	478329	15510.1	10	1.30	colloquial	
7	ไป	454303	14731.0	13	1.39	colloquial	y
8	ว่า	430580	13961.8	12	1.29		y
9	เป็น	392366	12722.7	3	0.78		y
10	ผม	381034	12355.2	45	4.53		y
11	มัน	377479	12240.0	69	6.15	offensive	
12	แล้ว	359790	11666.4	20	2.01		y
13	มี	357841	11603.2	6	0.76		y
14	มา	353344	11457.4	14	1.21		y
15	ของ	351412	11394.7	5	0.75	slang	
16	เธอ	348925	11314.1	65	5.45		
17	นะ	291947	9466.5	95	7.06	colloquial	y
18	เรา	288077	9341.1	41	3.03		y
19	เขา	283566	9194.8	31	2.15		y
20	อะไร	275803	8943.1	72	4.79		y
21	ให้	271682	8809.4	11	0.81		
22	ก็	246237	7984.4	15	0.89	colloquial	y
23	คน	245159	7949.4	18	1.19		y
24	นี่	234788	7613.1	116	6.73	slang	
25	อยู่	234391	7600.3	21	1.37		y
26	กับ	209760	6801.6	19	1.15		y
27	ใน	207135	6716.5	4	0.41		
28	ใช่	204118	6618.6	133	6.52	colloquial	
29	นี้	202511	6566.5	25	1.26		y
30	ทำ	200666	6506.7	43	2.28		y
31	และ	194446	6305.0	8	0.45		y
32	ต้อง	192670	6247.4	28	1.36		
33	เลย	181497	5885.1	70	2.97		y
34	รู้	173100	5612.9	88	3.85		y
35	กัน	170759	5537.0	24	1.06	slang	
36	นาย	166335	5393.5	94	4.02	colloquial	
37	แต่	156589	5077.5	26	0.99		y
38	ดี	143815	4663.3	52	1.82	slang	y
39	การ	140524	4556.6	2	0.26		
40	อย่าง	129014	4183.3	27	0.89		
41	เรื่อง	128446	4164.9	40	1.34	slang	
42	ด้วย	126064	4087.7	29	0.94		y
43	นั้น	125383	4065.6	32	1.00		
44	บอก	119819	3885.2	97	2.95		
45	มาก	116238	3769.1	36	1.12		
46	พวก	114945	3727.2	191	5.10		
47	ครับ	110392	3579.5	199	5.09	colloquial	y
48	ถ้า	108905	3531.3	71	1.84		y
49	คิด	107100	3472.8	104	2.87		
50	ล่ะ	106989	3469.2	282	6.82	colloquial	y
51	จาก	106306	3447.0	23	0.66		
52	เหรอ	105557	3422.7	587	13.82	slang	
53	นั่น	100161	3247.8	324	7.37		
54	อยาก	99494	3226.1	123	3.05		
55	อีก	95248	3088.5	46	1.13		
56	ความ	91837	2977.9	17	0.43		
57	ยัง	91300	2960.5	42	0.96		y
58	ขึ้น	89250	2894.0	30	0.67		
59	เอา	88356	2865.0	89	2.00	slang	y
60	ไหม	87344	2832.2	382	7.55	colloquial	y
61	หรือ	84608	2743.5	22	0.49	colloquial	y
62	ใคร	83487	2707.1	120	2.46		y
63	ออก	82319	2669.2	53	1.08		y
64	แค่	81382	2638.9	302	5.57		
65	กำลัง	80961	2625.2	135	2.65		y
66	มั้ย	80268	2602.7	712	13.17	slang	
67	คือ	80235	2601.7	56	1.09		
68	พูด	79143	2566.3	112	2.22		y
69	สิ	79126	2565.7	432	7.77	colloquial	y
70	ดู	78255	2537.5	86	1.66		y
71	ทุก	76665	2485.9	81	1.50		y
72	จริง	75144	2436.6	142	2.54		y
73	ทำไม	72720	2358.0	310	5.15	colloquial	y
74	น่า	70527	2286.9	162	2.61	colloquial	
75	น่ะ	69008	2237.6	413	6.51	colloquial	
76	เห็น	68536	2222.3	57	0.94		
77	เข้า	67733	2196.3	50	0.83		
78	พ่อ	67658	2193.8	217	3.40		y
79	แบบ	67640	2193.3	79	1.31	colloquial	
80	ถึง	67258	2180.9	49	0.82	colloquial	y
81	ข้า	67099	2175.7	919	14.53	slang	
82	สิ่ง	66141	2144.7	107	1.79		
83	ไง	66117	2143.9	482	7.18	colloquial	y
84	พวกเขา	65592	2126.9	664	9.82		y
85	ค่ะ	65241	2115.5	284	4.20	colloquial	y
86	หา	65051	2109.3	121	1.94	colloquial	
87	ไว้	63187	2048.9	62	0.97		
88	แม่	62616	2030.4	152	2.24	slang	y
89	ต้องการ	62452	2025.0	253	3.59		
90	ถูก	62091	2013.3	80	1.20		y
91	ช่วย	61764	2002.7	140	2.05		
92	ตัว	61436	1992.1	63	0.95	offensive	y
93	ก่อน	60189	1951.7	83	1.23		y
94	เคย	59624	1933.3	115	1.70		y
95	งั้น	58881	1909.2	842	11.40	colloquial	
96	เกิด	58044	1882.1	55	0.79	slang	
97	กลับ	57466	1863.4	98	1.42		
98	เหมือน	56637	1836.5	109	1.54		
99	ทำให้	56574	1834.4	59	0.83		
100	เวลา	55824	1810.1	73	0.98		y
101	กว่า	54881	1779.5	60	0.82		y
102	หรอก	53707	1741.5	363	4.42	colloquial	y
103	ไหน	53486	1734.3	222	2.70	colloquial	
104	ลูก	52619	1706.2	147	1.83		y
105	เพื่อ	52602	1705.6	44	0.60	slang	y
106	ยังไง	52434	1700.2	480	5.68	slang	y
107	ตาย	50460	1636.2	254	2.90	slang	
108	คง	50313	1631.4	126	1.58		
109	เจ้า	50064	1623.4	305	3.46	colloquial	
110	อย่า	49747	1613.1	317	3.61		
111	ตอนนี้	49385	1601.3	500	5.54		y
112	เพราะ	49046	1590.3	51	0.62		y
113	อาจ	47850	1551.6	78	0.89		
114	ท่าน	47794	1549.7	137	1.57	colloquial	
115	แก	47567	1542.4	369	3.99	offensive	
116	ทาง	47383	1536.4	39	0.49		y
117	โอเค	47061	1526.0		speech-only	colloquial	
118	ใช้	45812	1485.5	38	0.45		
119	คะ	45288	1468.5	307	3.14	colloquial	y
120	ครั้ง	45104	1462.5	87	1.00		y
121	เจอ	44013	1427.1	472	4.68		
122	เมื่อ	42762	1386.6	48	0.51		y
123	ขอ	42642	1382.7	143	1.45		y
124	ชั้น	42326	1372.4	297	2.85	slang	
125	ตาม	41533	1346.7	35	0.39		
126	วัน	41431	1343.4	82	0.82		y
127	เอง	41352	1340.9	148	1.44		y
128	เปล่า	40894	1326.0	438	4.07	slang	
129	พวกเรา	40672	1318.8	932	8.93		
130	ตอน	39513	1281.2	230	2.04	colloquial	y
131	ขอบคุณ	39195	1270.9	1292	12.68	colloquial	y
132	หน่อย	39137	1269.0	658	5.80	colloquial	y
133	บาง	38584	1251.1	100	0.98	slang	y
134	โอ้	38525	1249.2	3250	44.98		
135	เด็ก	38202	1238.7	105	1.02	slang	y
136	ชีวิต	37317	1210.0	106	1.00		
137	ขอโทษ	37117	1203.5	1671	16.74	colloquial	y
138	เค้า	36907	1196.7	1259	11.66	colloquial	
139	สามารถ	36530	1184.5	93	0.88		
140	ลง	36295	1176.9	74	0.63	colloquial	
141	เถอะ	35573	1153.5	931	7.81	colloquial	y
142	หนู	35190	1141.1	411	3.29	offensive	y
143	ควร	35157	1140.0	157	1.28		
144	หนึ่ง	35059	1136.8	47	0.42	colloquial	y
145	สำหรับ	34679	1124.5	129	1.09		
146	ฆ่า	34629	1122.9	831	6.62		
147	ชอบ	34256	1110.8	226	1.75	colloquial	y
148	งาน	33919	1099.8	92	0.80		y
149	รัก	33550	1087.9	203	1.58		y
150	เข้าใจ	33458	1084.9	225	1.70		y
151	รึ	33450	1084.6	1101	8.93	colloquial	
152	เพื่อน	33214	1077.0	196	1.51	slang	y
153	ซะ	32972	1069.1	885	6.78	offensive	
154	เดียว	32828	1064.5	172	1.35		
155	บ้าน	31917	1034.9	113	0.90	offensive	y
156	สอง	31813	1031.6	90	0.73		y
157	ฟัง	31769	1030.1	248	1.80		y
158	บ้าง	31677	1027.1	200	1.47		
159	เฮ้	30676	994.7	6099	101.30		
160	คืน	30644	993.6	362	2.52		
161	หรอ	29902	969.6	7035	126.73	colloquial	
162	อื่น	29860	968.2	85	0.63		
163	ปี	29664	961.9	64	0.46		y
164	รู้สึก	29304	950.2	234	1.57		y
165	ทำงาน	29162	945.6	144	1.00		y
166	เร็ว	28904	937.2	597	3.83		y
167	แน่	28425	921.7	584	3.68		
168	พบ	28113	911.6	153	1.01		
169	หยุด	27829	902.4	534	3.31		
170	พี่	27717	898.7	163	1.03	colloquial	y
171	พอ	26862	871.0	150	0.94		y
172	ผู้	26831	870.0	33	0.24	slang	
173	ตัวเอง	25663	832.1	176	1.07	slang	
174	ที่สุด	25524	827.6	151	0.91		y
175	ทั้งหมด	25459	825.5	344	1.99		y
176	ก็ได้	25201	817.2	233	1.35	colloquial	
177	ต่อ	24973	809.8	67	0.40	colloquial	
178	รถ	24780	803.5	245	1.38		y
179	เล่น	24773	803.3	266	1.51		y
180	เกี่ยวกับ	24700	800.9	180	1.05		
181	คุย	24580	797.0	544	2.95	colloquial	
182	รอ	24230	785.7	429	2.36		
183	ส่ง	24144	782.9	171	0.99		
184	ที	23943	776.4	389	2.12		
185	บ้า	23839	773.0	740	4.11	offensive	
186	เชื่อ	23561	764.0	377	2.00		
187	ชื่อ	23412	759.1	238	1.29		
188	บน	23271	754.6	154	0.83	slang	
189	เดี๋ยว	23139	750.3	801	4.32	colloquial	y
190	ผู้หญิง	22981	745.2	292	1.53		y
191	เนี่ย	22923	743.3	991	5.43	colloquial	
192	โอ	22880	741.9	537	2.72	offensive	
193	ทั้ง	22817	739.9	68	0.37		
194	ห้อง	22622	733.5	209	1.10		y
195	ได้รับ	22592	732.6	101	0.58		
196	ใหม่	22456	728.1	114	0.64		y
197	พยายาม	22455	728.1	312	1.60		
198	สัก	22171	718.9	325	1.64		
199	กิน	22154	718.4	170	0.89	slang	y
200	พระเจ้า	22045	714.8	853	4.36	colloquial	
201	ได้ยิน	21956	711.9	569	2.75		
202	เริ่ม	21484	696.6	194	0.97		y
203	เงิน	21447	695.4	138	0.71		y
204	ละ	21353	692.4	252	1.23	colloquial	y
205	ไอ้	21204	687.6	567	2.66	offensive	
206	พา	20594	667.8	368	1.71		
207	ผิด	20530	665.7	241	1.14		y
208	หมด	20296	658.1	268	1.25		y
209	จำ	20107	652.0	554	2.46		
210	ไม่เป็นไร	20031	649.5		speech-only	slang	y
211	โทร	19892	645.0	1577	8.33	colloquial	y
212	ตรง	19822	642.7	228	1.02		
213	มอง	19641	636.9	127	0.62		
214	หน้า	19430	630.0	96	0.47		y
215	ปล่อย	19286	625.4	513	2.20	colloquial	
216	ที่ไหน	19110	619.7	960	4.39		y
217	จับ	19069	618.3	400	1.74		y
218	โดย	19035	617.2	37	0.18		
219	นาน	18896	612.7	244	1.05		y
220	รับ	18893	612.6	110	0.53	colloquial	
221	จัง	18730	607.3	1311	6.17	colloquial	
222	รู้จัก	18632	604.2	347	1.46		
223	ปัญหา	18431	597.6	118	0.53		
224	แรก	18202	590.2	173	0.75		
225	เอ่อ	18174	589.3	2183	11.84		
226	โลก	17859	579.1	139	0.59		y
227	อืม	17563	569.5	2689	15.36	colloquial	
228	โปรด	17481	566.8	1430	6.43	colloquial	
229	วันนี้	17455	566.0	467	1.84		y
230	ใส่	17432	565.2	294	1.17	slang	y
231	ตลอด	17300	561.0	285	1.12		y
232	แน่นอน	16996	551.1	644	2.42		
233	นึง	16597	538.2	2019	9.71		
234	แล้วก็	16550	536.6	336	1.27		y
235	อา	16444	533.2	481	1.78	colloquial	y
236	หมายถึง	16292	528.3	530	1.91		
237	ถาม	16277	527.8	198	0.75		
238	เสีย	16159	524.0	155	0.58	colloquial	
239	ดูเหมือน	15915	516.1	1006	3.82		
240	มิ	15862	514.3	489	1.73		
241	ต่อไป	15778	511.6	218	0.80		
242	นัก	15776	511.5	182	0.68		
243	ผู้ชาย	15748	510.6	475	1.68		y
244	ยา	15485	502.1	261	0.92	colloquial	y
245	ทิ้ง	15448	500.9	615	2.13		
246	บางที	15307	496.3	992	3.63		
247	สาว	15191	492.6	195	0.69		y
248	เสียง	15183	492.3	125	0.47		y
249	เปิด	15125	490.4	220	0.76	slang	y
250	เอ	15072	488.7	726	2.55		
251	จบ	14905	483.3	469	1.58		
252	ใหญ่	14871	482.2	146	0.52		y
253	เรียก	14793	479.7	257	0.87		
254	เปลี่ยน	14668	475.6	303	1.01		
255	เพิ่ง	14608	473.7	622	2.03		y
256	ผ่าน	14550	471.8	208	0.71	colloquial	
257	อาหาร	14544	471.6	179	0.61		y
258	แย่	14176	459.7	1584	5.97		y
259	จัดการ	14104	457.3	444	1.42		
260	ซา	13965	452.8	922	3.03		
261	ครอบครัว	13948	452.3	381	1.20		y
262	นอน	13853	449.2	343	1.08		y
263	คำ	13792	447.2	122	0.42		
264	เก็บ	13730	445.2	296	0.92	slang	
265	แน่ใจ	13701	444.3	1320	4.54		
266	ยอม	13603	441.1	416	1.29		
267	เยี่ยม	13599	441.0	1330	4.55		
268	พร้อม	13530	438.7	274	0.84		
269	มือ	13503	437.8	255	0.78		y
270	อัน	13409	434.8	149	0.47		y
271	เดิน	13396	434.4	160	0.49		y
272	นั่ง	13370	433.5	237	0.73		y
273	หวัง	13352	432.9	793	2.46		
274	ซิ	13321	431.9	1338	4.48	colloquial	
275	หนี	13277	430.5	682	2.04		
276	ห	13213	428.4	4757	28.45		
277	คา	13210	428.3	1087	3.47		
278	ยิง	13171	427.1	1051	3.34	slang	
279	ตำรวจ	13144	426.2	609	1.79		
280	ส่วน	13114	425.2	76	0.24		y
281	รี่	13089	424.4	1479	5.01		
282	หลาย	13080	424.1	111	0.37		
283	นา	12971	420.6	384	1.13	colloquial	
284	น้อย	12901	418.3	159	0.47		
285	หมายความ	12899	418.3	710	2.11		
286	ซึ่ง	12777	414.3	34	0.11		
287	ดังนั้น	12772	414.1	350	1.01		y
288	อ	12759	413.7	1124	3.52		
289	ตั้งแต่	12756	413.6	216	0.64		
290	กลัว	12663	410.6	558	1.56		y
291	แห่ง	12652	410.2	99	0.31		y
292	ซัก	12621	409.2	1625	5.48	colloquial	
293	ตกลง	12523	406.1	670	1.90		y
294	หลัง	12514	405.8	188	0.55		y
295	ลืม	12487	404.9	759	2.21		
296	ใจ	12436	403.2	166	0.47	slang	
297	มั๊ย	12400	402.1	30067	2669.74	colloquial	
298	แสดง	12355	400.6	134	0.40		
299	ลอง	12320	399.5	706	2.01		
300	ติด	12293	398.6	293	0.82		
301	หมอ	12197	395.5	373	1.03	offensive	y
302	หาย	12174	394.7	457	1.25		
303	เมือง	12164	394.4	158	0.44	offensive	
304	น	12101	392.4	1864	6.31		
305	สาม	12071	391.4	263	0.72		y
306	สวัสดี	11975	388.3	2813	11.15	colloquial	y
307	หลังจาก	11948	387.4	430	1.16		
308	สาย	11920	386.5	462	1.25	slang	y
309	สร้าง	11888	385.5	136	0.39		
310	โดน	11821	383.3	783	2.15		
311	ตา	11671	378.4	206	0.56	offensive	y
312	เลือก	11638	377.4	277	0.73		
313	สุดท้าย	11478	372.2	552	1.40		y
314	ซื้อ	11374	368.8	267	0.69		y
315	สุข	11346	367.9	346	0.89		
316	เหตุผล	11330	367.4	515	1.30		
317	แต่งงาน	11315	366.9	877	2.30		
318	ร่วม	11055	358.5	164	0.41		
319	เพราะว่า	11008	356.9	1506	4.33		y
320	ขนาด	10995	356.5	235	0.59		y
321	ที่รัก	10978	356.0	2095	6.72		
322	ดื่ม	10974	355.8	1228	3.37		y
323	เสียใจ	10846	351.7	1858	5.62		y
324	ประตู	10831	351.2	526	1.26		y
325	เรียน	10830	351.2	229	0.56		
326	สวย	10819	350.8	483	1.18	colloquial	y
327	ตั้ง	10778	349.5	224	0.55		
328	ล่า	10600	343.7	1138	2.95	slang	
329	ความจริง	10552	342.2	635	1.49		
330	ช่วง	10503	340.6	184	0.46		
331	สี	10502	340.5	161	0.39		y
332	ปลอดภัย	10447	338.7	862	2.09		
333	ง่าย	10355	335.8	356	0.83		y
334	หัว	10245	332.2	394	0.91	colloquial	y
335	สัญญา	10217	331.3	426	0.99		
336	สำคัญ	10197	330.6	219	0.51		
337	อย่างไร	10073	326.6	279	0.63		y
338	ดูแล	10010	324.6	456	1.03		
339	สงสัย	10001	324.3	732	1.71		
340	จำเป็น	9958	322.9	328	0.74		
341	ไม่ว่า	9909	321.3	405	0.92		
342	เลือด	9902	321.1	696	1.57		y
343	นำ	9894	320.8	91	0.23		
344	จน	9841	319.1	102	0.26		
345	ห่วง	9836	318.9	1014	2.38		
346	สบาย	9800	317.8	713	1.61		y
347	โกหก	9781	317.2	2792	9.02		
348	ยาก	9774	316.9	461	1.02		y
349	ชิ	9745	316.0	1475	3.71		
350	ร้าน	9742	315.9	351	0.77		y
351	เท่านั้น	9734	315.6	236	0.53		
352	เหลือ	9730	315.5	504	1.10		
353	เพียง	9719	315.1	186	0.42		
354	เกินไป	9702	314.6	767	1.73		
355	รักษา	9672	313.6	276	0.60		
356	ช่าง	9667	313.5	716	1.60	colloquial	
357	ซี่	9606	311.5	2368	7.04		
358	น้ำ	9606	311.5	130	0.30	slang	y
359	วิธี	9575	310.5	308	0.67		
360	โอกาส	9560	310.0	314	0.69		y
361	ริ	9553	309.8	1244	2.98		
362	โทษ	9548	309.6	668	1.44		
363	ชาย	9538	309.3	337	0.74		
364	ตรงนี้	9451	306.5	1432	3.49		
365	ใกล้	9424	305.6	439	0.94		y
366	ปืน	9423	305.5	1235	2.92		
367	ข่าว	9387	304.4	486	1.03		
368	ต่าง	9379	304.1	75	0.17		
369	เดี๋ยวนี้	9353	303.3	1675	4.23		y
370	เลิก	9324	302.3	631	1.31		
371	ส	9303	301.7	3453	11.75		
372	ระหว่าง	9281	300.9	128	0.29		y
373	กลับบ้าน	9247	299.8	1308	3.03		
374	พัก	9229	299.3	549	1.12		y
375	ที่อยู่	9221	299.0	376	0.78		
376	หรือไม่	9168	297.3	288	0.61		
377	กิ	9168	297.3	1687	4.20		
378	ลี่	9167	297.2	3327	11.01		
379	ค	9140	296.4	1628	3.97	offensive	
380	ด้าน	9133	296.1	103	0.24		y
381	ผล	9117	295.6	131	0.29		y
382	นั่นคือ	9110	295.4	1293	2.95		
383	สนุก	9100	295.1	1034	2.27		y
384	เหมือนกับ	9088	294.7	1088	2.39		
385	รีบ	9085	294.6	512	1.04		
386	ปิด	9071	294.1	551	1.11		y
387	เจ	9035	293.0	1499	3.53		
388	นาที	8979	291.1	915	1.93		y
389	เขียน	8969	290.8	280	0.56		y
390	เล็ก	8913	289.0	249	0.51		y
391	รอบ	8902	288.7	339	0.69	slang	
392	สนใจ	8892	288.3	541	1.06		
393	หล่อน	8807	285.6	499	0.99	offensive	
394	ยินดี	8791	285.1	1462	3.32		
395	โรงเรียน	8725	282.9	385	0.76		y
396	พูดถึง	8703	282.2	1132	2.41		
397	ก็คือ	8649	280.4	281	0.55		
398	ม	8634	280.0	4100	14.41		
399	ขาย	8578	278.1	270	0.53		y
400	ชุด	8499	275.6	410	0.79		y
401	ซู	8446	273.9	2139	5.36		
402	จิ	8425	273.2	1354	2.90	slang	
403	โง่	8417	272.9	2412	6.30	offensive	
404	ก	8414	272.8	1004	2.02		
405	เตอร์	8377	271.6	1264	2.65		
406	เค	8374	271.5	1113	2.26	colloquial	
407	ฝัน	8358	271.0	880	1.71		
408	อ่าน	8350	270.8	278	0.52		y
409	เดือน	8345	270.6	239	0.46		y
410	ปกติ	8344	270.6	422	0.80		
411	ข้อมูล	8332	270.2	211	0.41		y
412	พรุ่งนี้	8321	269.8	1863	4.34		y
413	ลับ	8313	269.6	1151	2.33		
414	ทำลาย	8311	269.5	925	1.82		
415	แฟน	8310	269.5	847	1.63	slang	y
416	เยอะ	8303	269.2	878	1.69	slang	y
417	แปลก	8281	268.5	744	1.44		
418	โทรศัพท์	8251	267.5	887	1.70		y
419	มนุษย์	8228	266.8	262	0.49		
420	ซัง	8196	265.8	7918	43.68		
421	อายุ	8195	265.7	366	0.68		
422	สัน	8171	264.9	1437	3.03	colloquial	
423	คิดถึง	8153	264.4	1197	2.43		
424	สุด	8140	263.9	588	1.07		
425	ศพ	8138	263.9	755	1.43		
426	วิ่ง	8137	263.8	566	1.02		y
427	เร	8123	263.4	1486	3.12		
428	วาง	8099	262.6	420	0.77		
429	นาง	8074	261.8	393	0.72	offensive	
430	ค่า	8014	259.9	207	0.39	colloquial	y
431	ทีม	8002	259.5	720	1.33	slang	
432	ลิ	7985	258.9	1282	2.56		
433	เครื่อง	7927	257.0	501	0.89	slang	y
434	เสร็จ	7919	256.8	619	1.09		y
435	ก็ตาม	7913	256.6	653	1.16	colloquial	
436	เสมอ	7885	255.7	498	0.88		y
437	คอย	7820	253.6	701	1.25		
438	นิ	7795	252.8	1277	2.50		
439	ข้าง	7761	251.7	359	0.63		y
440	แหละ	7701	249.7	1104	2.06	colloquial	
441	ทา	7700	249.7	1050	1.95		
442	เท่าไหร่	7691	249.4	1411	2.78	colloquial	y
443	เพลง	7598	246.4	442	0.76		y
444	แมน	7586	246.0	2006	4.39	colloquial	
445	ถูกต้อง	7584	245.9	671	1.15		
446	ตก	7562	245.2	571	0.95	slang	y
447	เท่า	7559	245.1	414	0.71		
448	ดี้	7552	244.9	2993	7.73	offensive	
449	ขอบใจ	7551	244.8	3860	11.48	colloquial	y
450	ความคิด	7547	244.7	287	0.50		
451	อะ	7543	244.6	879	1.54	slang	
452	กลายเป็น	7513	243.6	399	0.68		
453	ฮา	7511	243.5	2391	5.57		
454	จ่าย	7499	243.2	582	0.97		y
455	แต่ว่า	7481	242.6	1586	3.16		y
456	ยู	7446	241.4	1368	2.59		
457	หัวใจ	7438	241.2	540	0.89		y
458	ฮ	7434	241.1	5593	21.17		
459	คดี	7432	241.0	595	0.98		
460	ระวัง	7398	239.9	1126	2.04		
461	หัวหน้า	7356	238.5	969	1.71		y
462	พิเศษ	7328	237.6	443	0.74		
463	ภาพ	7313	237.1	205	0.35		
464	ไร้	7225	234.3	795	1.33		
465	อี	7201	233.5	849	1.42	offensive	
466	ลูกชาย	7199	233.4	1222	2.20		y
467	เรือ	7194	233.3	529	0.84		y
468	ชั่วโมง	7118	230.8	830	1.36		y
469	กะ	7113	230.6	1063	1.83	colloquial	
470	เมื่อไหร่	7103	230.3	1847	3.65	colloquial	y
471	เช้า	7083	229.7	782	1.29	colloquial	y
472	หนังสือ	7081	229.6	210	0.35		y
473	ตัดสินใจ	7076	229.4	593	0.93		
474	อ่า	7030	228.0	8993	48.51		
475	รูป	7013	227.4	258	0.41		
476	เกลียด	6984	226.5	1965	3.91		
477	ทำร้าย	6969	226.0	1471	2.65		
478	ย้าย	6968	225.9	768	1.24		
479	ช	6931	224.7	4213	12.01		
480	ไม	6917	224.3	2968	6.99	slang	
481	ดีใจ	6914	224.2	1581	2.90		y
482	ปกป้อง	6913	224.2	1938	3.81		
483	สูง	6912	224.1	169	0.27		y
484	กังวล	6855	222.3	1594	2.91		y
485	ลา	6852	222.2	733	1.17		
486	อาทิตย์	6841	221.8	1007	1.64	colloquial	y
487	รอย	6806	220.7	1095	1.81		
488	เล่า	6740	218.5	331	0.51	colloquial	
489	โร	6734	218.4	1139	1.88		
490	ชนะ	6719	217.9	1161	1.92		y
491	แก่	6639	215.3	156	0.24		y
492	ยิ่ง	6618	214.6	212	0.33		y
493	เชิญ	6608	214.3	1089	1.74	colloquial	
494	น่ารัก	6605	214.2	1357	2.28	slang	y
495	ระเบิด	6601	214.0	1591	2.80	slang	
496	โต	6595	213.8	494	0.73		
497	สินะ	6585	213.5	3735	9.45		
498	โชคดี	6580	213.4	1638	2.88	colloquial	
499	ร่า	6558	212.6	2747	5.92		
500	ลูกสาว	6537	212.0	1208	1.98	slang	y
501	นั่นแหละ	6536	211.9	1239	2.03		
502	ไม่ค่อย	6527	211.6	625	0.91	colloquial	y
503	ข้างนอก	6518	211.3	2506	5.16		
504	คำถาม	6507	211.0	598	0.87		
505	บริษัท	6501	210.8	340	0.50		y
506	กี้	6482	210.2	3017	6.75	colloquial	
507	โม	6468	209.7	1434	2.39		
508	กี่	6460	209.5	792	1.19		y
509	จนกว่า	6427	208.4	1770	3.12		
510	พลัง	6420	208.2	758	1.13		
511	ซี	6394	207.3	610	0.87	colloquial	
512	เก่า	6382	206.9	621	0.89		y
513	สู่	6372	206.6	286	0.42		
514	จ๊ะ	6362	206.3	2297	4.45	colloquial	y
515	ยุ่ง	6354	206.0	1897	3.40		
516	ลี	6351	205.9	1529	2.55		
517	กา	6337	205.5	790	1.17		
518	เก่ง	6329	205.2	972	1.47		
519	แผน	6298	204.2	857	1.25		
520	ใด	6289	203.9	124	0.19		
521	แรง	6283	203.7	396	0.57	slang	y
522	จุด	6273	203.4	355	0.50		y
523	เหยื่อ	6259	203.0	1796	3.10		y
524	เช่น	6244	202.5	84	0.13		y
525	โค	6241	202.4	1396	2.23		
526	ติดต่อ	6235	202.2	684	0.97		
527	นึก	6220	201.7	574	0.79		
528	เจ้าหน้าที่	6218	201.6	484	0.68		
529	ครู	6216	201.6	348	0.49		y
530	สอน	6215	201.5	435	0.61		
531	อันตราย	6162	199.8	809	1.16		
532	ขโมย	6159	199.7	2242	4.15		
533	ว	6139	199.1	3308	7.33		
534	ใต้	6098	197.7	561	0.76		
535	รา	6088	197.4	749	1.06	colloquial	
536	เดียวกัน	6082	197.2	298	0.41		
537	ควบคุม	6061	196.5	418	0.58		
538	ช้า	6055	196.3	791	1.11		y
539	เซ	6027	195.4	1231	1.86		
540	หวัดดี	6012	194.9		speech-only	colloquial	
541	ความรู้สึก	6009	194.8	374	0.51		
542	ฮะ	6007	194.8	1981	3.41	colloquial	y
543	ไกล	6000	194.6	669	0.90		y
544	หนุ่ม	5969	193.5	641	0.85		y
545	อิ	5952	193.0	1371	2.08		
546	ไฟ	5947	192.8	677	0.91	slang	y
547	เบอร์	5925	192.1	1803	2.96	slang	y
548	โน	5918	191.9	1473	2.25		
549	สู้	5896	191.2	1398	2.11		
550	กลุ่ม	5883	190.8	117	0.17		
551	เงียบ	5874	190.5	875	1.19	colloquial	
552	เพิ่ม	5868	190.3	214	0.29		
553	ยังคง	5867	190.2	511	0.67		
554	หนัง	5861	190.0	657	0.87	slang	y
555	จริงเหรอ	5841	189.4		speech-only	slang	
556	ท	5837	189.3	5738	17.41		
557	เกือบ	5830	189.0	652	0.85		y
558	ร้อน	5807	188.3	520	0.67	colloquial	y
559	หนัก	5802	188.1	688	0.91	slang	y
560	ยอมรับ	5795	187.9	473	0.62		
561	ซ่อน	5794	187.9	1937	3.19		
562	วา	5792	187.8	1074	1.50		y
563	บี้	5778	187.4	4688	12.15		
564	เดินทาง	5771	187.1	383	0.50		y
565	ช่วยเหลือ	5761	186.8	510	0.66		
566	จู	5760	186.8	2889	5.60		
567	ถนน	5756	186.6	565	0.72		y
568	ห้าม	5754	186.6	711	0.94		
569	ไร	5753	186.5	1916	3.12	slang	
570	จึง	5751	186.5	58	0.08		
571	นิดหน่อย	5724	185.6	2439	4.35		y
572	โซ	5721	185.5	1607	2.46		
573	เลี้ยง	5720	185.5	620	0.79	colloquial	
574	ตลก	5712	185.2	2153	3.65		
575	สั่ง	5712	185.2	518	0.66		
576	เจ็บ	5699	184.8	1067	1.47		y
577	ไอ	5689	184.5	977	1.33		y
578	ตอบ	5680	184.2	321	0.41		
579	ตื่น	5665	183.7	1047	1.43		
580	เต็ม	5659	183.5	531	0.67	slang	y
581	ภรรยา	5621	182.3	1013	1.36		y
582	ตัด	5617	182.1	648	0.81		
583	หลับ	5615	182.1	978	1.31		
584	เม	5614	182.0	1714	2.61		
585	สามี	5608	181.8	832	1.07		y
586	ตั้งใจ	5551	180.0	856	1.10		
587	ทรง	5549	179.9	215	0.28		
588	เย็น	5537	179.5	592	0.73		y
589	โกรธ	5495	178.2	1044	1.39		y
590	ว้าว	5470	177.4	8517	33.65		
591	ระบบ	5439	176.4	145	0.19		y
592	จัด	5425	175.9	183	0.23		
593	ทหาร	5415	175.6	503	0.61		
594	เต้น	5415	175.6	1449	2.03		y
595	วันที่	5401	175.1	204	0.25		y
596	ความผิด	5391	174.8	547	0.65		
597	ดิ	5381	174.5	1164	1.54	colloquial	
598	แถว	5379	174.4	927	1.18		y
599	มี่	5364	173.9	2294	3.73		
600	ยก	5358	173.7	407	0.50	slang	y
601	ข้อความ	5316	172.4	924	1.16		y
602	ยืน	5316	172.4	423	0.51		
603	พระ	5300	171.9	108	0.14		y
604	เรียบร้อย	5290	171.5	794	0.98		
605	แพ้	5279	171.2	1378	1.86	slang	y
606	ต	5261	170.6	4463	10.11		
607	ตรวจ	5238	169.8	466	0.55		y
608	โกะ	5236	169.8	3274	6.15		
609	อาวุธ	5228	169.5	1387	1.86	slang	
610	แทน	5222	169.3	375	0.44		
611	อย่างน้อย	5200	168.6	1084	1.36		y
612	รี	5192	168.4	1201	1.55		
613	ครึ่ง	5191	168.3	839	1.00	colloquial	y
614	จอห์น	5188	168.2	3346	6.29		
615	เดา	5177	167.9	2130	3.27		
616	หาก	5158	167.3	167	0.19		
617	คู่	5153	167.1	397	0.47		y
618	รายงาน	5138	166.6	485	0.56		
619	แม้แต่	5119	166.0	762	0.91		
620	เฮ	5118	166.0	2211	3.39	slang	
621	ประเทศ	5117	165.9	77	0.09	slang	
622	ใบ	5109	165.7	342	0.40		y
623	ก้า	5100	165.4	3229	5.87		
624	เออ	5098	165.3	1984	2.90	colloquial	
625	เด	5098	165.3	2426	3.85		
626	เกม	5098	165.3	1443	1.90	colloquial	y
627	ทราบ	5092	165.1	353	0.41		
628	ล้อ	5086	164.9	1878	2.68		
629	ดัง	5080	164.7	213	0.25	colloquial	
630	ซ้ำ	5068	164.3	828	0.97		
631	เกอร์	5067	164.3	2531	4.08		
632	ย	5063	164.2	1855	2.62		
633	ด	5063	164.2	4544	10.02		
634	หญิง	5060	164.1	256	0.29	colloquial	
635	ต่อสู้	5039	163.4	979	1.18		
636	อธิบาย	5038	163.4	570	0.63		y
637	โด	5036	163.3	1379	1.77		
638	ร้อง	5024	162.9	585	0.65		
639	สัตว์	5016	162.6	452	0.52	offensive	y
640	รวม	5013	162.5	193	0.23		
641	เดี๋ยวก่อน	5011	162.5	8645	31.73		
642	แซม	5006	162.3	2639	4.27		
643	กระเป๋า	4996	162.0	1018	1.22	colloquial	y
644	นอก	4995	162.0	458	0.51		
645	วะ	4989	161.8	1465	1.89	offensive	
646	รอด	4989	161.8	1674	2.26		
647	มากมาย	4981	161.5	555	0.61		
648	อาจารย์	4963	160.9	542	0.59	slang	y
649	ใจเย็น	4953	160.6	3295	5.88	colloquial	y
650	แอน	4953	160.6	2681	4.31		
651	เตรียม	4931	159.9	679	0.76		
652	ชา	4921	159.6	698	0.78		y
653	เกิน	4909	159.2	345	0.38		y
654	บา	4906	159.1	1176	1.42		
655	โจ	4889	158.5	2848	4.67		
656	จ้ะ	4888	158.5	3093	5.25	colloquial	y
657	บ	4883	158.3	2644	4.17		
658	ทาน	4879	158.2	1468	1.85	colloquial	y
659	เจน	4877	158.1	2863	4.69		
660	พี่ชาย	4867	157.8	1582	2.05	slang	y
661	ค่อย	4862	157.7	628	0.68		
662	ก็ดี	4836	156.8	1123	1.33	colloquial	
663	บิน	4824	156.4	1048	1.22		
664	ร้าย	4805	155.8	1149	1.35		
665	เจ๋ง	4803	155.7	6516	17.83	slang	
666	ขอร้อง	4784	155.1	2791	4.41		
667	ตัน	4776	154.9	1177	1.38		
668	เดิม	4775	154.8	327	0.35		
669	กู	4767	154.6	1219	1.46	offensive	
670	อ่ะ	4760	154.3	2645	4.07	colloquial	
671	โฮ	4754	154.2	3190	5.36		
672	โรงพยาบาล	4738	153.6	935	1.04		y
673	ต่างหาก	4733	153.5	1349	1.61		
674	โท	4729	153.3	1550	1.93		
675	ลุง	4727	153.3	1260	1.49	offensive	y
676	กล้า	4727	153.3	751	0.82		
677	สถานที่	4725	153.2	655	0.69		
678	ชิน	4692	152.1	1599	2.00		
679	โก	4691	152.1	1683	2.15		
680	ทำตัว	4688	152.0	2227	3.13		
681	ต้า	4680	151.8	2104	2.89		
682	พ่อแม่	4662	151.2	788	0.86		y
683	รุ	4653	150.9	3932	7.28		
684	มัก	4652	150.8	275	0.29		
685	ล้าน	4616	149.7	378	0.39		y
686	คุก	4608	149.4	3129	5.04	slang	
687	ประธาน	4606	149.4	491	0.51		
688	ผู้คน	4596	149.0	876	0.94		
689	เหตุ	4591	148.9	320	0.33		
690	กรุณา	4547	147.4	2838	4.32		
691	อ้อ	4531	146.9	2438	3.44	colloquial	
692	อาการ	4524	146.7	365	0.37		
693	ชัด	4514	146.4	904	0.95		
694	มั่นใจ	4514	146.4	1512	1.79		
695	ฉลาด	4496	145.8	1760	2.17		
696	พลาด	4475	145.1	2228	2.99		
697	กลิ่น	4468	144.9	939	0.99		
698	ข้อ	4467	144.8	190	0.20		
699	สัมพันธ์	4456	144.5	318	0.32		
700	ยอง	4438	143.9	6285	15.46		
701	ทันที	4437	143.9	471	0.47		
702	ล	4425	143.5	4316	8.02		
703	ภายใน	4420	143.3	250	0.25		
704	หลักฐาน	4418	143.3	742	0.76		y
705	ตอนนั้น	4385	142.2	1229	1.35		
706	ไล่	4379	142.0	1336	1.47		
707	ห้า	4375	141.9	604	0.59		y
708	ตำแหน่ง	4370	141.7	309	0.31		y
709	ส่วนตัว	4356	141.2	907	0.93		
710	ทั้งนั้น	4356	141.2	1452	1.63		
711	สงคราม	4355	141.2	1052	1.11		
712	ตรวจสอบ	4348	141.0	624	0.61		
713	คำสั่ง	4335	140.6	681	0.67		
714	เหนือ	4335	140.6	560	0.54		
715	ร	4331	140.4	2872	4.19		
716	ประมาณ	4326	140.3	354	0.35	slang	y
717	ระดับ	4326	140.3	175	0.18		
718	ว่ะ	4317	140.0	4940	9.87	offensive	
719	ลู	4307	139.7	3284	5.10		
720	ขา	4302	139.5	722	0.72	colloquial	y
721	หน่วย	4300	139.4	676	0.66		y
722	เจ็บปวด	4289	139.1	2005	2.48		
723	ข้างใน	4288	139.0	2493	3.36		
724	นิด	4279	138.7	1090	1.13		
725	อารมณ์	4275	138.6	508	0.49		y
726	เล	4261	138.2	1704	1.97		
727	อนาคต	4256	138.0	865	0.85		
728	เริ่มต้น	4250	137.8	1032	1.06		
729	แดน	4238	137.4	2138	2.69		
730	คราว	4236	137.4	772	0.76		
731	เลว	4234	137.3	2306	2.99	offensive	
732	ตี	4232	137.2	909	0.90		
733	ดา	4229	137.1	944	0.95		
734	สัญญาณ	4202	136.3	1172	1.21		
735	นัด	4201	136.2	1135	1.17		y
736	สมอง	4180	135.5	965	0.96		y
737	ตี้	4173	135.3	3065	4.42		
738	หละ	4154	134.7	6720	16.26		
739	เสื้อ	4138	134.2	707	0.67		y
740	สิบ	4116	133.5	440	0.41		y
741	จากนั้น	4108	133.2	998	0.98		
742	หลบ	4096	132.8	1355	1.41		y
743	ซ	4091	132.7	4722	8.69		
744	ถือ	4078	132.2	330	0.31		
745	เดท	4074	132.1	8349	24.23		
746	น้อง	4073	132.1	372	0.34	offensive	y
747	ป	4061	131.7	3571	5.40		
748	ห่าง	4060	131.6	943	0.90		
749	สี่	4057	131.6	563	0.50		y
750	แท	4052	131.4	16110	109.05		
751	ปาร์ตี้	4020	130.4	5643	11.63		y
752	สน	4010	130.0	2309	2.85	slang	
753	ดง	4003	129.8	3300	4.76	slang	
754	ซ่า	3998	129.6	3053	4.22		
755	ดร	3995	129.5	11139	43.01		
756	วาน	3993	129.5	2547	3.25		
757	เรียกว่า	3987	129.3	361	0.33		
758	เตือน	3968	128.7	1440	1.47		
759	เศร้า	3966	128.6	1428	1.46		
760	คำตอบ	3939	127.7	806	0.74		y
761	ธุรกิจ	3935	127.6	532	0.47		
762	เหรียญ	3933	127.5	1750	1.87		
763	ชัค	3931	127.5	17758	141.06		
764	ขับรถ	3930	127.4	1306	1.28		
765	ตะ	3915	126.9	1658	1.74		
766	ดึง	3902	126.5	1055	1.00		y
767	อิน	3899	126.4	1027	0.96	slang	
768	สุดยอด	3893	126.2	2875	3.77	slang	
769	ดาว	3884	125.9	578	0.50		y
770	ทั้งคู่	3871	125.5	1712	1.80		
771	ปาก	3862	125.2	445	0.39		y
772	ภาษา	3859	125.1	227	0.20		
773	ร่าง	3853	124.9	434	0.38		
774	ข้าม	3853	124.9	908	0.82		
775	รู	3852	124.9	1871	2.02		
776	ข้าว	3851	124.9	403	0.36	colloquial	y
777	แนะนำ	3847	124.7	945	0.86		
778	โย	3840	124.5	1703	1.78		
779	อ้า	3839	124.5	2946	3.84		
780	ปีศาจ	3832	124.3	3782	5.61		
781	จูบ	3827	124.1	3038	4.02		
782	หายใจ	3814	123.7	1000	0.91		y
783	บาร์	3811	123.6	2527	3.07		
784	แตก	3807	123.4	1099	1.01	offensive	
785	สูญเสีย	3806	123.4	1565	1.58		
786	หน้าที่	3802	123.3	289	0.25		
787	อากาศ	3799	123.2	692	0.60		y
788	ประโยชน์	3795	123.1	300	0.26		
789	ฝ่าย	3787	122.8	185	0.16		
790	คุ	3778	122.5	3113	4.10		
791	เพียงแค่	3777	122.5	1949	2.09		
792	ลุก	3774	122.4	796	0.70		
793	อร่อย	3770	122.2	1504	1.48	slang	y
794	เล้ว	3755	121.8	18370	144.37		
795	บันทึก	3748	121.5	771	0.67		
796	นับ	3744	121.4	535	0.45		y
797	ลิน	3743	121.4	2390	2.77		
798	อำนาจ	3737	121.2	202	0.17		
799	ค่อนข้าง	3731	121.0	807	0.70		
800	โบ	3729	120.9	2736	3.34	slang	
801	จี	3729	120.9	1203	1.12	colloquial	
802	ดำ	3719	120.6	559	0.46		
803	ง	3706	120.2	2422	2.79		
804	ฮัลโหล	3703	120.1		speech-only	slang	
805	เหอะ	3695	119.8		speech-only	colloquial	
806	ขี้	3687	119.6	1655	1.64	offensive	
807	หัวเราะ	3683	119.4	601	0.49		
808	ทน	3671	119.0	1285	1.18		
809	ทั่ว	3657	118.6	478	0.39		
810	เชล	3655	118.5	6385	13.07		
811	จิน	3652	118.4	2629	3.09		
812	แสน	3652	118.4	700	0.58		y
813	ไหว	3651	118.4	1186	1.07	slang	
814	แตกต่าง	3649	118.3	370	0.31		
815	เสี่ยง	3643	118.1	1152	1.02		
816	แจ็ค	3638	118.0	6508	13.46		
817	นี	3636	117.9	1588	1.54		
818	ทางเลือก	3634	117.8	1827	1.84		
819	พัน	3631	117.7	746	0.63		y
820	ตน	3622	117.4	192	0.16		
821	นักสืบ	3621	117.4	4168	6.19		
822	สติ	3614	117.2	1230	1.11		
823	แยก	3605	116.9	538	0.43		
824	ราคา	3603	116.8	290	0.24		y
825	ม่า	3602	116.8	4009	5.83		
826	ฆาตกร	3602	116.8	6672	14.00		
827	แก้	3595	116.6	502	0.40		
828	ฆาตกรรม	3581	116.1	4963	8.25		
829	หมา	3569	115.7	1169	1.02	offensive	y
830	โล	3564	115.6	1672	1.61	slang	
831	ที่ผ่านมา	3546	115.0	612	0.49		
832	ที่จริง	3530	114.5	1763	1.70		
833	สำเร็จ	3530	114.5	989	0.83		
834	คิม	3527	114.4	4078	5.84		
835	ผิดพลาด	3527	114.4	1922	1.92		
836	กาแฟ	3516	114.0	1958	1.96		y
837	พิสูจน์	3514	113.9	1163	1.00		y
838	ซอง	3509	113.8	2278	2.42		
839	นักเรียน	3503	113.6	667	0.53		
840	หลอก	3499	113.5	2071	2.11		
841	บาย	3493	113.3	4402	6.57	colloquial	
842	นิ้ว	3483	112.9	1125	0.96		y
843	อัล	3482	112.9	2165	2.25		
844	ผ้า	3481	112.9	650	0.51		y
845	ฝึก	3481	112.9	888	0.72		y
846	ร่างกาย	3476	112.7	539	0.41		y
847	ชาว	3474	112.6	273	0.22		
848	บท	3470	112.5	453	0.36		
849	เกี่ยวข้อง	3470	112.5	495	0.39		
850	ป้า	3464	112.3	820	0.66	offensive	y
851	เหล่านี้	3461	112.2	367	0.29		
852	วางแผน	3458	112.1	1409	1.25		
853	ม้า	3457	112.1	1082	0.91	colloquial	y
854	ลด	3449	111.8	264	0.21		
855	ประหลาด	3447	111.8	2147	2.20		
856	โรงแรม	3446	111.7	1020	0.85		y
857	โรค	3437	111.4	364	0.28		
858	สัปดาห์	3434	111.3	1318	1.14		y
859	แอบ	3423	111.0	1181	1.00	slang	
860	เลอร์	3416	110.8	4156	5.82		
861	วิน	3413	110.7	1898	1.83	slang	
862	ถอย	3412	110.6	2345	2.47	slang	
863	ทอม	3411	110.6	5266	8.72	offensive	
864	เท้า	3406	110.4	952	0.77		y
865	เท	3397	110.1	1699	1.57	slang	
866	ดีแล้ว	3394	110.1	2395	2.52		
867	คนใน	3390	109.9	702	0.55		
868	ฮิ	3379	109.6	3161	3.77		
869	วู	3376	109.5	7640	16.90		
870	น่ากลัว	3369	109.2	2322	2.41		
871	แวมไพร์	3368	109.2	3810	5.00		
872	เอ๊ย	3366	109.1	2992	3.44	colloquial	
873	ร้องไห้	3365	109.1	1494	1.31		
874	ของขวัญ	3362	109.0	2624	2.83		y
875	อาร์	3355	108.8	2360	2.45		
876	เมีย	3353	108.7	1220	1.02	offensive	
877	เหมาะ	3353	108.7	1360	1.16		
878	บี	3350	108.6	1719	1.57		
879	โจมตี	3350	108.6	1995	1.92		
880	กล้อง	3346	108.5	1953	1.86		
881	แดง	3346	108.5	507	0.38	colloquial	
882	ในที่สุด	3340	108.3	2240	2.24		
883	ชิ้น	3332	108.0	803	0.62		y
884	เป้าหมาย	3329	107.9	843	0.65		
885	ขับ	3324	107.8	1597	1.42		y
886	จอง	3323	107.8	2725	2.97		
887	ธรรมดา	3322	107.7	761	0.59		
888	เรียนรู้	3322	107.7	802	0.62		
889	คิ	3321	107.7	2798	3.07		
890	เช็ค	3312	107.4	2621	2.79		
891	เจ้าของ	3312	107.4	474	0.35		
892	ไมค์	3308	107.3	7893	17.54		
893	ฝ่า	3302	107.1	3106	3.57		
894	นิค	3297	106.9	6086	10.85		
895	หิว	3297	106.9	2120	2.07		y
896	กล่อง	3297	106.9	1987	1.88		
897	ระ	3294	106.8	948	0.74		
898	คุณนาย	3293	106.8	3565	4.37	offensive	
899	ฟ	3291	106.7	10226	29.52		
900	จดหมาย	3289	106.6	1641	1.45		
901	ค้นหา	3287	106.6	1971	1.85		
902	ความหมาย	3282	106.4	447	0.33		
903	เปลี่ยนแปลง	3279	106.3	329	0.25		
904	เสื้อผ้า	3277	106.3	1100	0.87		y
905	กุญแจ	3269	106.0	2398	2.43		y
906	ขาว	3254	105.5	514	0.37		
907	มั้ง	3239	105.0	2560	2.65	colloquial	
908	หุบปาก	3232	104.8	8361	19.22	offensive	
909	ฝาก	3232	104.8	1162	0.92		
910	จำนวน	3232	104.8	189	0.14		
911	มิน	3229	104.7	3147	3.56		
912	คอ	3226	104.6	1021	0.79		y
913	คำพูด	3225	104.6	1071	0.84		
914	คัน	3224	104.5	1010	0.78		y
915	เบื่อ	3219	104.4	1667	1.45	slang	y
916	มืด	3219	104.4	1580	1.35		
917	โต๊ะ	3212	104.2	786	0.59		y
918	ชน	3211	104.1	599	0.43		
919	มาร์	3206	104.0	2115	2.00		
920	ยาน	3206	104.0	2661	2.76		
921	สถานการณ์	3201	103.8	804	0.60		
922	แข่ง	3195	103.6	1811	1.60		
923	อดีต	3193	103.5	639	0.45		
924	ท้อง	3192	103.5	1146	0.89	colloquial	y
925	ขวา	3172	102.9	1533	1.28		
926	เหนื่อย	3172	102.9	1341	1.07		y
927	สะอาด	3171	102.8	1128	0.88		y
928	แทบ	3170	102.8	673	0.48		
929	แปล	3167	102.7	894	0.66		
930	แจ้ง	3164	102.6	576	0.40		
931	ป่วย	3161	102.5	1623	1.37		y
932	นอกจาก	3155	102.3	476	0.34		
933	บาท	3153	102.2	259	0.19		y
934	เที่ยว	3146	102.0	778	0.57		y
935	เมา	3142	101.9	2410	2.35		
936	ยิ่งใหญ่	3141	101.8	1571	1.31		
937	กฏ	3135	101.7	3052	3.31		
938	ชม	3119	101.1	743	0.54		
939	น้องชาย	3118	101.1	2343	2.26	slang	y
940	เอาละ	3116	101.0	6163	10.45		
941	เอ้ย	3114	101.0	11151	33.52		
942	เคน	3113	100.9	4349	5.74		
943	ขาด	3108	100.8	479	0.34	slang	
944	ตื่นเต้น	3100	100.5	1615	1.34		y
945	ผ่าตัด	3100	100.5	1825	1.56		
946	นรก	3099	100.5	3131	3.39	offensive	
947	เบน	3096	100.4	4921	7.03		
948	เวอร์	3093	100.3	3480	3.96		
949	ต้องหา	3088	100.1	2267	2.11		
950	เฮ้ย	3086	100.1	2414	2.31	slang	
951	น้องสาว	3081	99.9		speech-only	slang	y
952	ยัย	3081	99.9	963	0.71	offensive	
953	ได	3079	99.8	3142	3.39		
954	ก้าว	3074	99.7	890	0.64		
955	โอ้ว	3072	99.6	10905	31.50		
956	สาบาน	3071	99.6	4687	6.44		
957	เอล	3069	99.5	4393	5.76		
958	กฎหมาย	3066	99.4	177	0.13		
959	หลุม	3061	99.3	2373	2.25	slang	
960	วิญญาณ	3059	99.2	1300	1.00		
961	ไม้	3059	99.2	459	0.32		
962	เฝ้า	3047	98.8	1271	0.97		
963	เห็นด้วย	3039	98.5	1337	1.02		
964	ประชุม	3036	98.4	291	0.20		y
965	เลวร้าย	3034	98.4	3191	3.42		
966	คริส	3031	98.3	3947	4.78		
967	ราย	3027	98.2	417	0.29		
968	วอน	3023	98.0	4372	5.63		
969	นี่แหละ	3022	98.0	1844	1.55		
970	สักหน่อย	3020	97.9	2478	2.35		
971	หลง	3020	97.9	1191	0.89		
972	ประจำ	3018	97.9	311	0.21		
973	เนื้อ	3017	97.8	717	0.50	colloquial	y
974	ทดสอบ	3013	97.7	1472	1.15		
975	ยาว	3006	97.5	379	0.26		y
976	พัง	3005	97.4	3110	3.25		y
977	ป้องกัน	3002	97.3	586	0.39		
978	ปฏิเสธ	2999	97.2	1036	0.75		
979	ฟังดู	2993	97.0	3470	3.82		
980	มานะ	2992	97.0	3870	4.56		
981	สงบ	2992	97.0	737	0.51		
982	เหตุการณ์	2992	97.0	562	0.37		y
983	แม้ว่า	2991	97.0	893	0.62		
984	อ๋อ	2988	96.9	3694	4.20	colloquial	
985	เสนอ	2956	95.8	271	0.18		
986	ฐานะ	2954	95.8	488	0.32		
987	มะ	2950	95.7	2004	1.70	colloquial	
988	ไว้ใจ	2950	95.7	3276	3.47		
989	เกาะ	2944	95.5	860	0.59		y
990	เรื่อย	2934	95.1	695	0.46	slang	
991	ชัดเจน	2928	94.9	533	0.35		
992	ยอด	2926	94.9	763	0.52		
993	บ่อย	2923	94.8	757	0.51		y
994	แต่ง	2918	94.6	858	0.58		
995	พอดี	2917	94.6	1076	0.76		y
996	ถ่าย	2914	94.5	1335	0.98	colloquial	
997	ความสามารถ	2905	94.2	661	0.43		
998	พื้นที่	2896	93.9	306	0.20		y
999	หลาน	2891	93.7	1287	0.93		y
1000	หก	2885	93.5	1159	0.82		y
1001	ว่าง	2864	92.9	1171	0.82		y
1002	สมควร	2861	92.8	1005	0.69		
1003	พระองค์	2859	92.7	660	0.43		
1004	เผา	2858	92.7	1553	1.17	slang	
1005	ยืนยัน	2857	92.6	987	0.67		
1006	แม	2849	92.4	4437	5.42		
1007	ลึก	2845	92.3	837	0.55		
1008	สถานี	2837	92.0	1160	0.81		y
1009	ตึก	2830	91.8	1402	1.02		
1010	ลูกค้า	2829	91.7	974	0.66		y
1011	ด้า	2828	91.7	3450	3.57		
1012	แค่นั้น	2826	91.6	3754	4.08		
1013	อึน	2826	91.6	4319	5.13		
1014	โยน	2822	91.5	2453	2.16		
1015	เซอร์	2818	91.4	2630	2.39	slang	
1016	โชว์	2816	91.3	1833	1.43	colloquial	
1017	วง	2812	91.2	812	0.53		
1018	ร้อย	2810	91.1	626	0.39		y
1019	วาด	2810	91.1	1309	0.92		y
1020	ดิน	2805	91.0	727	0.47		y
1021	ทีนี้	2803	90.9	2583	2.31		
1022	จิต	2803	90.9	509	0.32		
1023	แค่นี้	2799	90.8	2248	1.89		
1024	ยินดีต้อนรับ	2792	90.5		speech-only	colloquial	
1025	ทำเป็น	2789	90.4	1406	1.00		
1026	ยาย	2780	90.1	729	0.47	offensive	y
1027	อุบัติเหตุ	2778	90.1	1913	1.50		
1028	ที่สำคัญ	2778	90.1	579	0.36		
1029	รองเท้า	2773	89.9	1593	1.18		y
1030	คุง	2773	89.9	12839	41.46		
1031	มอบ	2773	89.9	1194	0.82		
1032	เก	2770	89.8	2893	2.70		
1033	วิ	2768	89.8	1057	0.71		
1034	ป่า	2768	89.8	583	0.36		
1035	วิธีการ	2768	89.8	371	0.23		
1036	อนุญาต	2766	89.7	433	0.27		
1037	เหล้า	2758	89.4	1724	1.29		
1038	วิล	2757	89.4	4484	5.34		
1039	นั้นแหละ	2754	89.3	3681	3.85		
1040	เครื่องบิน	2745	89.0	1816	1.38		y
1041	จอด	2745	89.0	1404	0.99		y
1042	ยะ	2744	89.0	1662	1.23	slang	
1043	บาดเจ็บ	2740	88.8	1709	1.27		
1044	นก	2736	88.7	784	0.50	slang	y
1045	น่าสนใจ	2733	88.6	1284	0.88		y
1046	รายการ	2730	88.5	632	0.38		
1047	ไมเคิล	2729	88.5	3531	3.57		
1048	ล้าง	2725	88.4	1116	0.74		
1049	คบ	2721	88.2	2061	1.63		
1050	รบกวน	2720	88.2	2276	1.87		
1051	ขยับ	2718	88.1	1644	1.20		
1052	แก้ว	2718	88.1	630	0.38		y
1053	ไฮ	2717	88.1	3285	3.21		
1054	งี่เง่า	2713	88.0		speech-only	offensive	
1055	ติ	2710	87.9	1249	0.85		
1056	ถอด	2703	87.6	2051	1.61		y
1057	เชียว	2697	87.5	1954	1.50		
1058	แม้	2695	87.4	315	0.20		
1059	เตียง	2693	87.3	1456	1.01		y
1060	ปีเตอร์	2691	87.3	6068	8.81	slang	
1061	ญาติ	2681	86.9	906	0.57		y
1062	ร้องเพลง	2680	86.9	2281	1.85		y
1063	เฉย	2680	86.9	1469	1.02		
1064	กระสุน	2678	86.8	3791	3.94		
1065	ซาน	2675	86.7	2587	2.21		
1066	เอกสาร	2674	86.7	769	0.48		
1067	เบ	2666	86.4	3265	3.12		
1068	ไซ	2652	86.0	2175	1.72		
1069	ดัน	2648	85.9	1178	0.77	slang	
1070	สึ	2642	85.7	3508	3.43		
1071	บิล	2637	85.5	5571	7.47	colloquial	
1072	เอ็ม	2632	85.3	1766	1.28		
1073	แท้จริง	2632	85.3	864	0.53		
1074	มื้อ	2627	85.2	2180	1.71		
1075	แกล้ง	2626	85.1	2026	1.54		
1076	เกียรติ	2621	85.0	1632	1.14		
1077	ปลา	2620	85.0	516	0.30	slang	y
1078	ห้องน้ำ	2618	84.9	1918	1.42		y
1079	ทะเล	2618	84.9	603	0.35		y
1080	พึ่ง	2613	84.7	2190	1.71		y
1081	หนาว	2609	84.6	1246	0.82		y
1082	เธอร์	2605	84.5	7411	12.14		
1083	ย่า	2603	84.4	1620	1.13		y
1084	ขัง	2602	84.4	2501	2.05		
1085	แสง	2599	84.3	984	0.61	offensive	y
1086	ศัตรู	2598	84.2	1779	1.27		
1087	ทนาย	2597	84.2	5708	7.68	colloquial	
1088	ฝัง	2597	84.2	2028	1.52		
1089	หลังจากนั้น	2596	84.2	1515	1.03		
1090	จา	2593	84.1	1730	1.22		
1091	ต้น	2589	83.9	431	0.25		y
1092	โมง	2585	83.8	1749	1.23	colloquial	
1093	พื้น	2583	83.8	773	0.47		y
1094	พอใจ	2577	83.6	905	0.54		
1095	แม่ง	2575	83.5	10285	23.29	offensive	
1096	อาศัย	2572	83.4	408	0.24		
1097	จง	2570	83.3	1372	0.90	colloquial	
1098	จ	2561	83.0	2517	2.04		
1099	สิ้น	2560	83.0	1188	0.75		
1100	ซึ	2554	82.8	7257	11.50		
1101	ผี	2553	82.8	1213	0.78		
1102	น้า	2550	82.7	1326	0.85		y
1103	ตู้	2549	82.7	1464	0.96		y
1104	มุม	2546	82.6	730	0.43		y
1105	ท่า	2545	82.5	911	0.55		
1106	ตัดสิน	2543	82.5	1353	0.87		
1107	สนาม	2542	82.4	1302	0.83		
1108	เชื่อใจ	2541	82.4	8918	17.20		
1109	ลำบาก	2538	82.3	1566	1.06		
1110	มันดี	2537	82.3	5931	8.01		
1111	อังกฤษ	2535	82.2	536	0.30		
1112	ประกาศ	2531	82.1	392	0.23		
1113	บริสุทธิ์	2529	82.0	1943	1.40	colloquial	
1114	อเมริกา	2528	82.0	1356	0.87		
1115	เบล	2525	81.9	6244	8.66		
1116	กำจัด	2523	81.8	1637	1.10		
1117	แข่งขัน	2512	81.5	709	0.41		
1118	ทำการ	2512	81.5	591	0.33		
1119	บังคับ	2510	81.4	460	0.26		
1120	เดอร์	2508	81.3	2915	2.46		
1121	องค์	2506	81.3	799	0.47	slang	
1122	สนิท	2497	81.0	926	0.55		
1123	สวน	2497	81.0	728	0.42		y
1124	ไท	2495	80.9	1291	0.81		
1125	ป่าว	2488	80.7	12005	31.89	slang	
1126	กอง	2486	80.6	819	0.47		
1127	แขน	2485	80.6	966	0.58		y
1128	โก้	2483	80.5	2460	1.91		
1129	พิษ	2481	80.4	1268	0.79		
1130	เจ้านาย	2479	80.4	1751	1.18		y
1131	เขต	2475	80.3	455	0.25		
1132	เอาเลย	2474	80.2	6838	9.94		
1133	ฮี	2474	80.2	7847	12.99		
1134	ดะ	2472	80.2	5158	6.10		
1135	รางวัล	2471	80.1	1127	0.68		
1136	วี	2467	80.0	1323	0.82		
1137	แค	2458	79.7	3909	3.81		
1138	สวม	2456	79.6	1426	0.90		
1139	เส้น	2454	79.6	580	0.31	slang	y
1140	ดอน	2450	79.4	2769	2.23		
1141	แท้	2449	79.4	1133	0.68		
1142	กฎ	2444	79.2	1078	0.64		
1143	เหมาะสม	2440	79.1	577	0.31		
1144	ออ	2437	79.0	2619	2.05	colloquial	
1145	อิสระ	2433	78.9	1019	0.59		y
1146	ครู่	2428	78.7	2201	1.60		
1147	ยาม	2427	78.7	838	0.47		
1148	อรุณสวัสดิ์	2424	78.6		speech-only	colloquial	
1149	กัปตัน	2420	78.5	5234	6.13		
1150	ซ้าย	2419	78.4	1250	0.76		
1151	ยิ้ม	2411	78.2	449	0.25	slang	y
1152	ส่วนใหญ่	2409	78.1	421	0.23		y
1153	แห	2408	78.1	5873	7.47		
1154	กล่าว	2405	78.0	178	0.10		
1155	พร้อมกับ	2398	77.8	834	0.46		
1156	หนี้	2391	77.5	785	0.44		
1157	มั่ง	2390	77.5	2852	2.29	colloquial	
1158	ข้างหน้า	2387	77.4	1370	0.83		y
1159	เพศ	2384	77.3	659	0.36		
1160	อาย	2383	77.3	1921	1.30		y
1161	ไหล	2383	77.3	781	0.43		
1162	ปลอม	2382	77.2	2355	1.73		
1163	ทรมาน	2377	77.1	2317	1.70		
1164	เดอะ	2375	77.0	3079	2.54		
1165	ฮัน	2371	76.9	3842	3.58		
1166	ทัน	2369	76.8	1542	0.96		
1167	แลน	2367	76.8	6993	9.91		
1168	หมาย	2367	76.8	1493	0.92		
1169	ภารกิจ	2364	76.7	2059	1.42		
1170	วินาที	2363	76.6	1994	1.35		y
1171	คุม	2362	76.6	1604	1.01		
1172	ศาล	2356	76.4	545	0.28		
1173	จ้าง	2355	76.4	1080	0.62		
1174	สาระ	2351	76.2	1286	0.76		
1175	เล็กน้อย	2345	76.0	1109	0.63		
1176	สืบ	2344	76.0	1395	0.84		
1177	พนัน	2340	75.9	2074	1.41		
1178	สาเหตุ	2340	75.9	748	0.41		
1179	ซ่อม	2340	75.9	2305	1.66		
1180	แหวน	2338	75.8	2780	2.14		
1181	เฮน	2336	75.7	8833	15.52		
1182	ริค	2335	75.7	6354	8.30		
1183	ลาก่อน	2333	75.6		speech-only	colloquial	y
1184	สิทธิ	2333	75.6	299	0.16		
1185	จีน	2332	75.6	247	0.13		
1186	ล็อค	2331	75.6	4383	4.36		y
1187	หลัก	2331	75.6	243	0.13		y
1188	เกี่ยว	2329	75.5	2540	1.88		
1189	กลาง	2328	75.5	395	0.21	colloquial	y
1190	มีด	2327	75.5	1879	1.23		y
1191	แผล	2327	75.5	1678	1.06		
1192	กองทัพ	2325	75.4	1717	1.08	colloquial	
1193	ขน	2321	75.3	1103	0.62		
1194	รถไฟ	2315	75.1	1666	1.04		y
1195	ถึงแม้ว่า	2310	74.9	2484	1.81		y
1196	ทีหลัง	2307	74.8	3583	3.09		y
1197	หมายเลข	2299	74.5	1708	1.06		
1198	อย่างงั้น	2296	74.4		speech-only	colloquial	
1199	รหัส	2290	74.3	2924	2.26		
1200	เหมือนเดิม	2279	73.9	2041	1.35		
1201	อก	2279	73.9	1207	0.69		y
1202	บัตร	2277	73.8	1352	0.78		
1203	เรน	2276	73.8	3203	2.58		
1204	เลน	2274	73.7	3812	3.38		
1205	แคท	2273	73.7	8445	13.75		
1206	แก้ไข	2272	73.7	441	0.23		
1207	สนับสนุน	2272	73.7	493	0.25		
1208	ดีน	2262	73.3	8533	13.99		
1209	ติดตาม	2260	73.3	999	0.54		
1210	แม่มด	2255	73.1	8092	12.51		
1211	เมอร์	2255	73.1	5500	6.26		
1212	จนถึง	2245	72.8	611	0.31		
1213	คนร้าย	2241	72.7	2744	2.02	slang	
1214	สอบ	2240	72.6	914	0.48		
1215	ข้างหลัง	2238	72.6	2999	2.31		y
1216	ผิดหวัง	2236	72.5	2430	1.69		y
1217	หายตัว	2235	72.5	6527	8.33		
1218	อาชีพ	2234	72.4	646	0.32		y
1219	สภาพ	2232	72.4	388	0.20		
1220	ยกเลิก	2227	72.2	1616	0.96		y
1221	ยึด	2224	72.1	1030	0.55		
1222	คัง	2221	72.0	8691	14.23		
1223	ตกใจ	2217	71.9	1408	0.80		y
1224	ถุง	2217	71.9	1375	0.78		y
1225	กระดูก	2216	71.9	1975	1.25		y
1226	ฤดู	2208	71.6	1583	0.93		y
1227	ต้อนรับ	2207	71.6	2023	1.29		
1228	ต่อหน้า	2206	71.5	2608	1.85		
1229	ไมล์	2202	71.4	5216	5.54		y
1230	เคารพ	2202	71.4	1522	0.88		
1231	เน	2201	71.4	1826	1.11		
1232	พยาบาล	2200	71.3	1056	0.56		y
1233	หยิบ	2195	71.2	1059	0.56		
1234	ชวน	2195	71.2	754	0.38		
1235	ดอกไม้	2194	71.1	1098	0.58		
1236	รับผิดชอบ	2193	71.1	1245	0.68		
1237	ธรรมชาติ	2192	71.1	419	0.21		
1238	กด	2189	71.0	1200	0.65		
1239	ลักพา	2183	70.8	9247	15.99		
1240	แขก	2183	70.8	1627	0.95		
1241	ผู้จัดการ	2181	70.7	1640	0.96		
1242	กุ	2173	70.5	2864	2.09	slang	
1243	คนไข้	2170	70.4	1362	0.75	colloquial	y
1244	ก้น	2169	70.3	2734	1.94		
1245	ญี่ปุ่น	2165	70.2	436	0.21		
1246	แด	2164	70.2	6734	8.50		
1247	ฉาก	2162	70.1	1417	0.79		
1248	เอ็ด	2154	69.8	2403	1.61		
1249	ธนาคาร	2148	69.7	968	0.50		y
1250	วิเศษ	2146	69.6	2641	1.83		
1251	ฉลอง	2144	69.5	2302	1.51		y
1252	เจ้าชาย	2143	69.5	2156	1.37	colloquial	
1253	สเต	2142	69.5	4883	4.81		
1254	ระยะ	2140	69.4	283	0.14		
1255	เจส	2138	69.3	11321	23.97		
1256	สวรรค์	2138	69.3	1728	1.00		
1257	เหล่านั้น	2133	69.2	912	0.46		
1258	พ	2132	69.1	6647	8.23		
1259	แต่ละ	2128	69.0	251	0.12		y
1260	ก่อ	2126	68.9	995	0.51		
1261	พี่น้อง	2125	68.9	1384	0.75		
1262	รัฐ	2124	68.9	231	0.11	colloquial	
1263	ดาบ	2122	68.8	2650	1.81		
1264	หู	2121	68.8	964	0.49	colloquial	y
1265	รีน	2119	68.7	5885	6.59		
1266	เซ็น	2119	68.7	2805	1.96	colloquial	
1267	พยาน	2111	68.5	1540	0.86		
1268	ตัวอย่าง	2110	68.4	358	0.17		y
1269	รัฐบาล	2108	68.4	242	0.12		
1270	ฝน	2105	68.3	824	0.40		y
1271	เวร	2103	68.2	2732	1.88	offensive	
1272	แถม	2099	68.1	950	0.47		y
1273	แต่งตัว	2096	68.0	1477	0.80		
1274	จิตใจ	2094	67.9	689	0.33		
1275	หือ	2091	67.8	4815	4.57		
1276	ไว	2091	67.8	2220	1.39		
1277	ช่าย	2090	67.8	12713	30.82		
1278	นัง	2090	67.8	2922	2.06		
1279	ชาร์ลี	2088	67.7	14437	42.41		
1280	ลอ	2087	67.7	2636	1.78		
1281	เรย์	2084	67.6	5922	6.56		
1282	เกมส์	2083	67.5	4508	4.08		
1283	สมาชิก	2080	67.4	427	0.20		y
1284	ซ้อม	2079	67.4	2811	1.93	slang	
1285	สงสาร	2070	67.1	1961	1.15		
1286	กษัตริย์	2067	67.0	1524	0.83		
1287	สาป	2067	67.0	4997	4.82	slang	
1288	ทางออก	2067	67.0	2423	1.56		
1289	ไก่	2061	66.8	1345	0.70	slang	y
1290	เปิดเผย	2060	66.8	868	0.41		
1291	ล้ม	2060	66.8	1652	0.91	slang	
1292	ฟัน	2059	66.8	1407	0.74	colloquial	y
1293	ชั่ว	2058	66.7	1141	0.57		
1294	ประเด็น	2056	66.7	680	0.32		
1295	สิทธิ์	2055	66.6	1762	0.99		
1296	พอล	2054	66.6	3383	2.53		
1297	ทีวี	2053	66.6	2388	1.52	colloquial	y
1298	เรื่องราว	2053	66.6	928	0.45		
1299	ขั้น	2050	66.5	645	0.30		
1300	ทางการ	2050	66.5	437	0.20		
1301	พูดคุย	2049	66.4	1645	0.90		
1302	จริงจัง	2048	66.4	1505	0.80		
1303	ยกเว้น	2047	66.4	1303	0.67		
1304	คาด	2047	66.4	997	0.49		
1305	ฝีมือ	2047	66.4	1185	0.60		
1306	ด่วน	2046	66.3	2514	1.63		
1307	มองเห็น	2046	66.3	1092	0.54		
1308	โดยเฉพาะ	2045	66.3	349	0.16		
1309	ลีย์	2044	66.3	7522	9.87		
1310	ประวัติ	2041	66.2	1502	0.80		
1311	ลองดู	2037	66.1	5222	5.15		
1312	เอ๋	2036	66.0	5719	6.04	colloquial	
1313	พนักงาน	2035	66.0	983	0.48		y
1314	เอส	2033	65.9	1661	0.91		
1315	แปลกใจ	2033	65.9	1945	1.12		
1316	รายชื่อ	2033	65.9	2195	1.33		
1317	ยอน	2030	65.8	4965	4.68		
1318	หล่อ	2027	65.7	1692	0.93	colloquial	y
1319	นี่นา	2021	65.5		speech-only	colloquial	
1320	คอน	2019	65.5	2351	1.46		
1321	เนอร์	2018	65.4	3535	2.65		
1322	ขยะ	2011	65.2	1797	1.00		y
1323	ชู	2009	65.1	1853	1.04	slang	
1324	ยุค	2008	65.1	451	0.21		
1325	นี่เอง	2005	65.0	2434	1.52		
1326	ยอดเยี่ยม	2005	65.0	4193	3.46		
1327	ประสาท	2004	65.0	1631	0.87	offensive	
1328	กัด	2004	65.0	1810	1.00	offensive	
1329	เย้	2001	64.9	10743	19.95	colloquial	
1330	ยุน	1995	64.7	7853	10.53		
1331	มือถือ	1995	64.7		speech-only	colloquial	y
1332	ข้อตกลง	1994	64.7	1559	0.82		
1333	สายตา	1993	64.6	596	0.26		
1334	สาร	1991	64.6	556	0.25		y
1335	คุณหมอ	1989	64.5	1732	0.94		
1336	ประเภท	1988	64.5	319	0.14		
1337	สืบสวน	1988	64.5	2549	1.62		
1338	ข้างล่าง	1986	64.4	3214	2.26		y
1339	คลับ	1984	64.3	6276	6.89	colloquial	
1340	แวะ	1981	64.2	2018	1.16		
1341	แคร์	1978	64.1	4780	4.28		
1342	แพทย์	1978	64.1	496	0.22		
1343	ห่วย	1976	64.1	8489	12.09	offensive	
1344	เส้นทาง	1976	64.1	1254	0.62		
1345	บัญชี	1975	64.0	760	0.35		y
1346	สัมผัส	1974	64.0	958	0.45		
1347	ต่ำ	1970	63.9	546	0.24		
1348	ฆ่าตัวตาย	1969	63.8	3855	2.99		
1349	จนกระทั่ง	1965	63.7	1117	0.54		
1350	โร่	1965	63.7	4983	4.56		
1351	ผิว	1963	63.7	734	0.34		y
1352	กระทำ	1963	63.7	223	0.10		
1353	ศูนย์	1960	63.6	789	0.36		y
1354	ทรยศ	1958	63.5	7019	8.27		
1355	ขวบ	1955	63.4	1888	1.03		
1356	รุ่น	1955	63.4	608	0.27		
1357	ประทับใจ	1954	63.4	2164	1.26		
1358	เที่ยง	1954	63.4	1972	1.10		y
1359	ฟ้า	1954	63.4	731	0.33		
1360	ปลาย	1952	63.3	675	0.30		
1361	โนะ	1952	63.3	4325	3.56		
1362	แมว	1949	63.2	2067	1.17		y
1363	เว	1946	63.1	3089	2.09		
1364	สวยงาม	1945	63.1	1327	0.65		
1365	ในขณะที่	1943	63.0	718	0.32		
1366	ทะเลาะ	1943	63.0	2387	1.44		
1367	แทนที่	1943	63.0	1315	0.64		
1368	มู	1939	62.9	3566	2.57	slang	
1369	รอน	1938	62.8	4755	4.16		
1370	เช่นนั้น	1938	62.8	1265	0.61		
1371	กำแพง	1937	62.8	1957	1.08	colloquial	
1372	เต่	1931	62.6	21476	122.28		
1373	เละ	1929	62.5	6394	6.90	slang	
1374	กำหนด	1929	62.5	141	0.07		
1375	แข็งแรง	1928	62.5	1389	0.68		y
1376	ครบ	1928	62.5	851	0.38		
1377	ขอตัว	1925	62.4	4488	3.73		
1378	เวน	1924	62.4	4634	3.95		
1379	โรง	1924	62.4	923	0.42	slang	
1380	บิ	1922	62.3	4120	3.24		
1381	มอร์แกน	1920	62.3	12435	26.84		
1382	รุ่นพี่	1918	62.2		speech-only	colloquial	
1383	ไวน์	1918	62.2	3833	2.88		
1384	หน้าต่าง	1914	62.1	1925	1.05		y
1385	ใช้ได้	1913	62.0	1691	0.88		
1386	ปู่	1912	62.0	1630	0.83		y
1387	หนะ	1912	62.0	19732	93.56		
1388	การ์ด	1911	62.0	3636	2.62	colloquial	
1389	หิน	1908	61.9	976	0.45		y
1390	อัยการ	1906	61.8	3086	2.04		
1391	กรณี	1902	61.7	174	0.08		
1392	ขณะที่	1900	61.6	618	0.26		
1393	แผนก	1898	61.5	2377	1.40		
1394	ประธานาธิบดี	1894	61.4	1257	0.60		
1395	แบ่ง	1891	61.3	522	0.22		
1396	บังเอิญ	1890	61.3	2108	1.17		
1397	บอล	1883	61.1	3105	2.03		
1398	สั้น	1882	61.0	738	0.32		y
1399	ปา	1880	61.0	1334	0.63		
1400	นาฬิกา	1875	60.8	1563	0.78		y
1401	เพ	1874	60.8	2984	1.91		
1402	หมาป่า	1874	60.8	8715	12.08		
1403	ลงมือ	1874	60.8	2073	1.13		
1404	ลาก	1873	60.7	1842	0.96		
1405	ภูมิใจ	1872	60.7	2415	1.40		y
1406	ช่อง	1871	60.7	1085	0.49		
1407	เดล	1867	60.5	6288	6.50		
1408	ลำ	1867	60.5	1431	0.69		y
1409	ทดลอง	1866	60.5	1350	0.64		y
1410	ฝั่ง	1864	60.4	1216	0.57		
1411	ประวัติศาสตร์	1862	60.4	870	0.38		
1412	เชอร์	1861	60.3	6855	7.50		
1413	กางเกง	1861	60.3	1663	0.83		y
1414	ณ	1859	60.3	521	0.22		
1415	เตรียมตัว	1859	60.3	2593	1.54		
1416	สำนักงาน	1859	60.3	468	0.20		y
1417	พลังงาน	1858	60.2	895	0.39		y
1418	ต่อต้าน	1858	60.2	1498	0.72		
1419	เอ๊ะ	1853	60.1	3472	2.37		
1420	เทอร์	1853	60.1	4784	4.01		
1421	กระโดด	1853	60.1	2042	1.10		
1422	ดูซิ	1851	60.0	5864	5.73		
1423	เบียร์	1850	60.0	3612	2.51		y
1424	โต้	1847	59.9	3372	2.26		
1425	ภัย	1847	59.9	957	0.42		
1426	ชนิด	1846	59.9	333	0.14		
1427	เหลือเกิน	1845	59.8	1598	0.79		
1428	อ๊ะ	1842	59.7	5075	4.42		
1429	ฮุน	1840	59.7	6008	5.93		
1430	สมัย	1840	59.7	316	0.13		
1431	ผู้นำ	1838	59.6	633	0.26		
1432	มึง	1837	59.6	1904	0.98	offensive	
1433	มัว	1835	59.5	2223	1.22		
1434	แอง	1830	59.3	4621	3.75		
1435	โว้ว	1828	59.3	28762	327.98		
1436	เท่าไร	1828	59.3	1960	1.02		
1437	เจค	1824	59.1	17236	59.50		
1438	จุน	1819	59.0	4280	3.26		
1439	ลบ	1819	59.0	1491	0.70		y
1440	คล้าย	1818	58.9	721	0.30		
1441	ความหวัง	1813	58.8	2057	1.08		
1442	โธ่	1812	58.8	3232	2.09		
1443	ริน	1812	58.8	1727	0.85		
1444	สับสน	1808	58.6	2099	1.11		
1445	สังหาร	1806	58.6	3913	2.81		
1446	เหล่า	1805	58.5	1838	0.92		
1447	เล่ม	1801	58.4	741	0.31		y
1448	แฮ	1800	58.4	6041	5.84		
1449	โตะ	1800	58.4	5467	4.94		
1450	คนตาย	1797	58.3	3591	2.42		
1451	เจ้าหญิง	1796	58.2	2068	1.08	colloquial	
1452	ละคร	1795	58.2	889	0.37		y
1453	ค่ำ	1795	58.2	1861	0.93		y
1454	สังคม	1794	58.2	119	0.05		
1455	หืม	1792	58.1	10126	15.68	slang	
1456	นิ่ง	1792	58.1	846	0.35		
1457	ทีเดียว	1791	58.1	1202	0.54		y
1458	ธ	1790	58.0	7360	8.27		
1459	ไอ้บ้า	1783	57.8		speech-only	offensive	
1460	ฉุกเฉิน	1781	57.7	2508	1.41		y
1461	ภายใต้	1779	57.7	836	0.34		
1462	ชาติ	1778	57.7	240	0.10	slang	
1463	บ๊อบ	1776	57.6	12162	23.32		
1464	ดนตรี	1775	57.6	971	0.41		y
1465	กลางวัน	1775	57.6	1892	0.94		
1466	รับใช้	1774	57.5	2558	1.45		
1467	ยังงั้น	1773	57.5	4982	4.11		
1468	หลุด	1772	57.5	1596	0.75		
1469	แทง	1771	57.4	3088	1.90		
1470	หมู	1770	57.4	1548	0.72	slang	y
1471	ก่อนหน้านี้	1769	57.4	2293	1.23		
1472	ฟรี	1769	57.4	2569	1.45	slang	
1473	โคล	1765	57.2	9890	14.84		
1474	พิจารณา	1765	57.2	201	0.08		
1475	หัน	1761	57.1	404	0.16		
1476	รบ	1760	57.1	1976	1.00	colloquial	
1477	กอด	1759	57.0	1723	0.82		
1478	เชื่อม	1759	57.0	1706	0.81		
1479	โช	1757	57.0	3563	2.33		
1480	ลิส	1756	56.9	5940	5.56		
1481	คาร์	1756	56.9	4254	3.11		
1482	พักผ่อน	1755	56.9	1948	0.97		y
1483	รุนแรง	1755	56.9	994	0.42		
1484	ชื่อเสียง	1752	56.8	1549	0.72		
1485	แจ	1747	56.6	5015	4.10		
1486	คู่หู	1744	56.6	9796	14.44	colloquial	
1487	หัก	1737	56.3	1617	0.75		
1488	ดวง	1735	56.3	821	0.33		
1489	โชค	1731	56.1	2466	1.34		
1490	ไล	1730	56.1	3181	1.95		
1491	มอร์	1730	56.1	7930	9.27		
1492	สุ	1728	56.0	816	0.33		
1493	แผนที่	1726	56.0	1314	0.57		
1494	ความสำเร็จ	1726	56.0	936	0.38		
1495	งี้	1724	55.9	4472	3.33	colloquial	
1496	นักข่าว	1722	55.8	3970	2.74		
1497	ขวด	1722	55.8	1936	0.95		y
1498	บอน	1721	55.8	8010	9.40		
1499	เชื้อ	1721	55.8	1218	0.52		
1500	รู้ตัว	1716	55.6	1705	0.79		
1501	ขึ้นอยู่กับ	1715	55.6	1242	0.53		y
1502	ถัง	1714	55.6	1738	0.81		
1503	ชะมัด	1712	55.5	3457	2.17	offensive	
1504	แบลร์	1710	55.4	16807	52.60		
1505	ข้างบน	1710	55.4	3573	2.28		y
1506	ตัวแทน	1710	55.4	1263	0.54		
1507	สุภาพบุรุษ	1709	55.4	6726	6.71		
1508	บ่าย	1709	55.4	1801	0.85	colloquial	y
1509	ไข่	1709	55.4	1546	0.70	slang	
1510	เดวิด	1707	55.4	5019	4.01		
1511	เฉพาะ	1707	55.4	406	0.16		
1512	นึกถึง	1707	55.4	1400	0.61		
1513	โผล่	1703	55.2	2339	1.23		
1514	ประสบ	1702	55.2	693	0.27		
1515	ราชินี	1700	55.1	6389	6.08		
1516	ลาออก	1698	55.1	1891	0.90		
1517	เต็มที่	1698	55.1	1165	0.49		
1518	ทอง	1697	55.0	573	0.21	slang	
1519	รูปแบบ	1697	55.0	527	0.20		
1520	ประสบการณ์	1696	55.0	835	0.33		
1521	ต้นไม้	1691	54.8	1155	0.48		
1522	อเมริกัน	1689	54.8	1255	0.53		
1523	กระ	1689	54.8	1570	0.70		
1524	โอะ	1686	54.7	5444	4.59		
1525	แข็งแกร่ง	1684	54.6	3332	2.03		
1526	ฮ่า	1682	54.5	3149	1.86		
1527	อาบน้ำ	1682	54.5	1978	0.95		
1528	ไล่ออก	1681	54.5	5163	4.15		
1529	ดูด	1679	54.4	2465	1.30		
1530	ถอน	1673	54.2	1114	0.45		
1531	ชอล	1672	54.2	24184	163.63		
1532	ปล้น	1671	54.2	4388	3.13	slang	
1533	ทุกข์	1670	54.2	745	0.29		
1534	ต่อมา	1668	54.1	553	0.20		
1535	แมค	1668	54.1	5767	5.02		
1536	ธุระ	1668	54.1	2634	1.42		
1537	เทป	1666	54.0	3260	1.95		
1538	สายลับ	1665	54.0	8343	9.90		
1539	น้ำมัน	1665	54.0	708	0.27		y
1540	ทุ่ม	1664	54.0	2167	1.07		
1541	ตอนเช้า	1662	53.9	3296	1.97		y
1542	หมวก	1661	53.9	3258	1.94		y
1543	ถ่ายรูป	1658	53.8	2437	1.26		y
1544	รายละเอียด	1656	53.7	800	0.31		
1545	สกปรก	1654	53.6	2846	1.58		y
1546	ลม	1653	53.6	883	0.34		y
1547	ค้าง	1647	53.4	1720	0.77		
1548	คอมพิวเตอร์	1646	53.4	1459	0.62		y
1549	ล้มเหลว	1646	53.4	2476	1.28		
1550	โมโห	1646	53.4	3071	1.75		y
1551	ผู้ช่วย	1644	53.3	2054	0.98		
1552	บุก	1644	53.3	2512	1.31		
1553	อุปกรณ์	1641	53.2	1038	0.41		
1554	มัย	1640	53.2	8749	10.70		
1555	ทั่วไป	1640	53.2	543	0.20		
1556	ระบุ	1640	53.2	629	0.23		
1557	มอน	1636	53.0	5245	4.15		
1558	คะแนน	1635	53.0	1066	0.42		y
1559	อดทน	1634	53.0	2149	1.04		
1560	เนี้ย	1634	53.0	8621	10.29		
1561	แก้แค้น	1634	53.0	5312	4.25		
1562	เอาแต่	1634	53.0	2507	1.30		
1563	โบสถ์	1629	52.8	2823	1.53		y
1564	เซล	1618	52.5	4636	3.32		
1565	อือ	1617	52.4	4172	2.76		
1566	คุณแม่	1615	52.4	1130	0.45		
1567	รับทราบ	1614	52.3	2485	1.26		
1568	อึ	1614	52.3	9610	12.78	offensive	
1569	เถอะน่า	1613	52.3	8027	8.86		
1570	นายพล	1613	52.3	4478	3.12		
1571	เค้ก	1613	52.3	3885	2.47		
1572	มนต์	1613	52.3	4849	3.57		
1573	ความสนใจ	1613	52.3	1121	0.44		
1574	เกาหลี	1611	52.2	2626	1.36		
1575	ค้นพบ	1611	52.2	1846	0.83		y
1576	ถ้าหาก	1608	52.1	1476	0.61		
1577	เต้นรำ	1604	52.0	4132	2.71		
1578	บริการ	1603	52.0	352	0.13		
1579	ข้อหา	1602	51.9	2961	1.61		
1580	เป็นไร	1599	51.8	1800	0.80		
1581	ตะโกน	1597	51.8	1713	0.74		
1582	แฮน	1596	51.8	12225	21.21		
1583	ผู้ใหญ่	1594	51.7	854	0.32	colloquial	
1584	อู	1593	51.7	4003	2.57		
1585	บุคคล	1592	51.6	197	0.07		
1586	เลื่อน	1587	51.5	1243	0.49		y
1587	อาชญากรรม	1585	51.4	2408	1.18		
1588	พัฒนา	1585	51.4	165	0.06		
1589	วิค	1584	51.4	7908	8.44		
1590	ลี่ย์	1584	51.4	18564	63.16		
1591	ราตรีสวัสดิ์	1582	51.3		speech-only	colloquial	
1592	ลงโทษ	1581	51.3	1210	0.48		
1593	ประชาชน	1580	51.2	260	0.09	colloquial	
1594	สัมภาษณ์	1578	51.2	470	0.17		
1595	เจมส์	1577	51.1	5798	4.80		
1596	ขี่	1577	51.1	2233	1.06		y
1597	นักโทษ	1576	51.1	3476	2.02		
1598	หน้าตา	1576	51.1	1143	0.44		
1599	นิวยอร์ค	1575	51.1	5849	4.86		
1600	ฮีโร่	1575	51.1	7352	7.28		
1601	เพอร์	1575	51.1	4011	2.55		
1602	อ่อนแอ	1573	51.0	2518	1.26		
1603	ชั่น	1572	51.0	1905	0.84		
1604	เนอะ	1571	50.9		speech-only	colloquial	
1605	รับมือ	1565	50.7	3728	2.24		
1606	ค้น	1562	50.6	2516	1.24		
1607	ท่าทาง	1562	50.6	1192	0.46		
1608	แคส	1561	50.6	15894	40.01		
1609	เย	1561	50.6	5514	4.34	slang	
1610	จินตนาการ	1558	50.5	2077	0.94		
1611	เช่นนี้	1556	50.5	640	0.22		
1612	จักรวาล	1554	50.4	2717	1.38		y
1613	เน่	1550	50.3	10186	13.79		
1614	อี้	1549	50.2	5649	4.49		
1615	ถึงแม้	1549	50.2	1793	0.77		
1616	กระดาษ	1547	50.2	1272	0.49		
1617	อ่อ	1546	50.1	22288	110.95		
1618	สารภาพ	1543	50.0	3493	1.98		
1619	ดึก	1540	49.9	2873	1.49	slang	
1620	เตะ	1538	49.9	3263	1.80		y
1621	สอบสวน	1537	49.8	1233	0.48		
1622	อุ	1531	49.6	2356	1.11		
1623	เจ็ด	1526	49.5	1646	0.67		y
1624	โรคจิต	1526	49.5	5333	4.01	offensive	
1625	ตระกูล	1526	49.5	1819	0.77		
1626	แกน	1525	49.4	2265	1.04		y
1627	ล่าสุด	1525	49.4	1845	0.78		
1628	โคตร	1522	49.4	5519	4.23	offensive	
1629	โอ๊ย	1521	49.3	2733	1.36		
1630	ครัว	1519	49.3	1794	0.75		
1631	เบา	1517	49.2	736	0.26	colloquial	y
1632	เมื่อกี้	1516	49.2	3369	1.85		y
1633	พี	1515	49.1	1118	0.41		
1634	นม	1511	49.0	1851	0.78		
1635	ยุติธรรม	1508	48.9	1470	0.57		
1636	ท้าย	1504	48.8	1035	0.38		
1637	เผื่อ	1503	48.7	2912	1.47		
1638	ลุย	1500	48.6	3951	2.37	slang	
1639	เวทย์	1500	48.6	9413	11.37		
1640	วอลเตอร์	1497	48.5	19144	67.15		
1641	ฟาน	1495	48.5	11123	16.09		
1642	ร่องรอย	1495	48.5	3293	1.77		
1643	ไปให้พ้น	1493	48.4		speech-only	offensive	
1644	แวน	1493	48.4	7021	6.30	colloquial	
1645	ฐาน	1491	48.3	884	0.31		
1646	ตอนแรก	1490	48.3	2144	0.95		
1647	ก้อ	1490	48.3	9070	10.42		
1648	ข้อเสนอ	1490	48.3	2116	0.93		
1649	สุนัข	1489	48.3	2887	1.45	slang	y
1650	ปี้	1486	48.2	4538	2.94	offensive	
1651	หวาน	1486	48.2	1003	0.36	slang	
1652	ปฏิบัติ	1486	48.2	272	0.09		
1653	รวดเร็ว	1480	48.0	910	0.32		
1654	ปรากฏ	1479	48.0	335	0.11		
1655	กลางคืน	1475	47.8	1959	0.82		y
1656	เจฟ	1474	47.8	18778	61.03		
1657	โว	1471	47.7	6529	5.48		
1658	ลีน	1470	47.7	5707	4.35		
1659	กระจก	1470	47.7	1782	0.72	colloquial	
1660	แพง	1470	47.7	1363	0.51	slang	y
1661	พิธี	1466	47.5	1198	0.44		
1662	กล้าหาญ	1463	47.4	4229	2.56		
1663	ไม่ทัน	1462	47.4	1137	0.41		
1664	ตั๋ว	1461	47.4	3291	1.73		y
1665	หมุน	1457	47.2	1903	0.78		
1666	วัย	1456	47.2	572	0.18		
1667	รส	1456	47.2	1240	0.45		
1668	แจ๊ค	1455	47.2	4769	3.14		
1669	วุ่นวาย	1454	47.1	2027	0.85		
1670	สังเกต	1451	47.0	686	0.23		y
1671	กวน	1449	47.0	2392	1.08		
1672	ยาง	1449	47.0	1875	0.76		
1673	แลก	1448	47.0	2752	1.31		
1674	จูเลีย	1447	46.9	8778	9.50		
1675	ลาย	1447	46.9	1253	0.46		
1676	เน็ต	1446	46.9	2713	1.28	colloquial	y
1677	ชมรม	1444	46.8	2953	1.45		
1678	แป๊บ	1442	46.8	5365	3.82		
1679	แหม	1440	46.7	2653	1.24	colloquial	
1680	สะกด	1440	46.7	3649	1.98		
1681	แฮม	1438	46.6	5247	3.65	colloquial	
1682	การเงิน	1437	46.6	1028	0.36		
1683	โดยที่	1432	46.4	1009	0.35		
1684	มหาวิทยาลัย	1429	46.3	548	0.17		
1685	เดอ	1428	46.3	3192	1.61		
1686	คุ้มครอง	1428	46.3	1058	0.37		
1687	เกย์	1427	46.3	4191	2.46	colloquial	
1688	โอ๊ะ	1424	46.2	9133	10.15		
1689	เอ้า	1423	46.1	3667	1.98		
1690	คำแนะนำ	1423	46.1	2020	0.83		
1691	ห่า	1421	46.1	7610	7.05	offensive	
1692	แข็ง	1420	46.0	1716	0.66		
1693	ธาน	1418	46.0	9801	11.74		
1694	ศิลปะ	1418	46.0	840	0.27		
1695	อะไรวะ	1417	45.9		speech-only	offensive	
1696	ยืม	1417	45.9	2666	1.22		
1697	ข	1415	45.9	1890	0.75		
1698	คู	1415	45.9	3773	2.07		
1699	อเล็กซ์	1414	45.8	9912	11.99		
1700	รอง	1413	45.8	672	0.21		
1701	เกรง	1412	45.8	2231	0.95		
1702	สถาน	1412	45.8	798	0.26		
1703	ดิฉัน	1411	45.8	550	0.17		y
1704	เว้ย	1407	45.6	5806	4.29	slang	
1705	วันหยุด	1407	45.6	2353	1.02		y
1706	ทั้งหลาย	1406	45.6	764	0.25		
1707	วิทยุ	1405	45.6	1474	0.54		
1708	สินค้า	1405	45.6	326	0.10		
1709	เกะ	1404	45.5	4065	2.31		
1710	จอม	1404	45.5	2642	1.20		
1711	ขู่	1402	45.5	2829	1.32		
1712	อุค	1396	45.3	26030	187.85		
1713	ซุก	1396	45.3	5469	3.83		
1714	เนส	1396	45.3	5319	3.65		
1715	เลีย	1393	45.2	2667	1.20	offensive	
1716	เคลื่อนไหว	1393	45.2	1111	0.38		
1717	โปรแกรม	1392	45.1	1747	0.66		
1718	ให้อภัย	1392	45.1	4846	3.08		
1719	ปฎิ	1391	45.1	4299	2.51		
1720	ซับซ้อน	1390	45.1	2017	0.81		
1721	ลักษณะ	1390	45.1	187	0.06		
1722	ฟา	1388	45.0	4380	2.59		
1723	ยักษ์	1387	45.0	2022	0.81	offensive	
1724	สมบูรณ์แบบ	1385	44.9	4685	2.91		
1725	แลนด์	1383	44.8	4098	2.30		
1726	บุหรี่	1383	44.8	1680	0.63		
1727	จม	1383	44.8	2424	1.04		y
1728	เฟ	1382	44.8	4677	2.89		
1729	เมื่อไร	1382	44.8	3138	1.52		
1730	อ้วน	1382	44.8	2136	0.88		y
1731	งาม	1382	44.8	808	0.26		
1732	เอฟบีไอ	1381	44.8	13102	21.86		
1733	ก้อน	1379	44.7	1742	0.65		
1734	หุ่น	1378	44.7	1325	0.46		
1735	ประหลาดใจ	1375	44.6	3840	2.08		y
1736	เคลียร์	1372	44.5	5107	3.33	colloquial	
1737	รังเกียจ	1370	44.4	2891	1.33		
1738	สูบ	1370	44.4	1804	0.68		
1739	ปาร์ค	1369	44.4	7055	5.85		
1740	แอล	1369	44.4	2409	1.02		
1741	นิสัย	1368	44.4	1415	0.50		
1742	ที่นั่ง	1365	44.3	1158	0.39		y
1743	คลื่น	1363	44.2	1423	0.50		y
1744	เรีย	1361	44.1	4871	3.05		
1745	ไพ่	1360	44.1	5934	4.29		
1746	เครียด	1360	44.1	2064	0.82		y
1747	ซื่อสัตย์	1359	44.1	3398	1.68		
1748	ละก็	1359	44.1	3386	1.68		
1749	อิจฉา	1357	44.0	3012	1.41		
1750	สรุป	1355	43.9	705	0.22		y
1751	เห	1354	43.9	1802	0.67		
1752	สบายใจ	1354	43.9	1839	0.69		
1753	มังกร	1353	43.9	3435	1.70	slang	
1754	เข้าสู่	1353	43.9	929	0.30		
1755	มมี่	1346	43.6	8642	8.52		
1756	เศษ	1346	43.6	1689	0.62		y
1757	สด	1345	43.6	1168	0.39	colloquial	
1758	คาดหวัง	1342	43.5	2359	0.98		
1759	บู	1339	43.4	3054	1.41		
1760	เด็ดขาด	1339	43.4	1654	0.59		
1761	อัด	1338	43.4	2684	1.17		
1762	ขนม	1337	43.4	1397	0.48		
1763	แหล่ง	1336	43.3	617	0.18		
1764	เดี่ยว	1335	43.3	2406	1.00		
1765	สมบูรณ์	1335	43.3	869	0.27		
1766	ปลุก	1335	43.3	2609	1.12		
1767	เจาะ	1335	43.3	2058	0.80		
1768	เจอร์	1334	43.3	4304	2.41		
1769	ไหม้	1334	43.3	1923	0.73		
1770	เหล็ก	1331	43.2	1739	0.63		
1771	คอม	1329	43.1	3247	1.55	colloquial	
1772	สิ้นสุด	1329	43.1	1670	0.60		
1773	หนทาง	1329	43.1	2303	0.94		
1774	ไฟฟ้า	1327	43.0	1199	0.40		y
1775	เทอ	1326	43.0	7622	6.61		
1776	ฟื้น	1324	42.9	3206	1.51		
1777	สุขภาพ	1324	42.9	845	0.26		y
1778	แปด	1321	42.8	1622	0.57		y
1779	เตรียมพร้อม	1320	42.8	4611	2.70		
1780	กาล	1320	42.8	2146	0.84		
1781	หมู่บ้าน	1314	42.6	674	0.20		
1782	เช่า	1314	42.6	1321	0.44		
1783	อ้าว	1313	42.6	2030	0.77	colloquial	
1784	เมอร์ลิน	1313	42.6	28335	235.58		
1785	ตำนาน	1312	42.5	1554	0.54		
1786	โน่	1310	42.5	7498	6.30		
1787	ภูเขา	1310	42.5	2185	0.85		
1788	อันที่จริง	1308	42.4	9467	10.06		
1789	นิว	1308	42.4	3917	2.03		
1790	ดอก	1308	42.4	934	0.29	offensive	y
1791	ดำเนินการ	1308	42.4	338	0.10		
1792	กี	1307	42.4	3074	1.39	slang	
1793	บริ	1305	42.3	5252	3.31		
1794	เค่	1305	42.3	25890	156.09		
1795	น้ำแข็ง	1303	42.3	2988	1.33	slang	y
1796	วี่	1302	42.2	4305	2.36		
1797	แตะ	1302	42.2	2628	1.10	colloquial	
1798	ชัก	1298	42.1	1544	0.53		
1799	สม	1296	42.0	818	0.25		
1800	หม่อมฉัน	1293	41.9	5166	3.19		
1801	เปอร์	1293	41.9	3857	1.97		
1802	แผนการ	1290	41.8	2002	0.74		
1803	บริเวณ	1289	41.8	448	0.13		
1804	เอาชนะ	1289	41.8	2774	1.18		
1805	สารเลว	1288	41.8		speech-only	offensive	
1806	เป้น	1288	41.8	3212	1.47		
1807	ดับ	1287	41.7	1568	0.54	slang	
1808	ท่อ	1285	41.7	1508	0.51		
1809	ขอรับ	1284	41.6	1817	0.65	colloquial	
1810	เอาจริง	1283	41.6	6270	4.46		
1811	สะดวก	1283	41.6	982	0.30		
1812	ลอย	1283	41.6	1147	0.36		y
1813	จนท	1281	41.5	40650	speech-only	colloquial	
1814	ปล่าว	1281	41.5	25675	153.22		
1815	เช	1280	41.5	3846	1.94		
1816	เวิร์ด	1279	41.5	8541	7.91		
1817	ชาน	1279	41.5	3489	1.64		
1818	เพื่อนบ้าน	1279	41.5	2420	0.96		
1819	อย่างไรก็ตาม	1278	41.4	691	0.20		y
1820	คัส	1276	41.4	6653	4.94		
1821	รัสเซีย	1273	41.3	2209	0.84		
1822	น้ำหนัก	1273	41.3	1148	0.36		y
1823	ชี	1271	41.2	2854	1.22	slang	
1824	รับรอง	1270	41.2	1040	0.32		
1825	เข้าถึง	1269	41.1	1942	0.70		
1826	อันดับ	1268	41.1	1144	0.35		
1827	เฟอร์	1267	41.1	4828	2.78		
1828	ค้า	1266	41.1	600	0.17		
1829	คาร์ล	1265	41.0	9219	9.20		
1830	มัธยม	1263	41.0	3219	1.44		
1831	จาง	1262	40.9	2496	0.99		
1832	ใบหน้า	1262	40.9	1193	0.37		
1833	ฝรั่งเศส	1261	40.9	1142	0.35		
1834	ขำ	1260	40.9	2452	0.96	slang	
1835	นายอำเภอ	1259	40.8	4377	2.35		
1836	คิว	1259	40.8	2301	0.88	colloquial	
1837	จมูก	1259	40.8	1768	0.61		y
1838	ตูด	1258	40.8	7910	6.70	colloquial	
1839	เครื่องมือ	1257	40.8	1033	0.31		
1840	นาม	1256	40.7	1110	0.34		
1841	จับกุม	1255	40.7	2143	0.80		
1842	พ้น	1255	40.7	874	0.25		
1843	เวที	1254	40.7	1424	0.46		y
1844	เดน	1253	40.6	4932	2.85	offensive	
1845	อ่อน	1253	40.6	815	0.24		
1846	ล่อ	1251	40.6	3610	1.70	slang	
1847	คนเรา	1250	40.5	1324	0.41		
1848	ร่วมมือ	1249	40.5	1956	0.70		
1849	รัน	1248	40.5	4771	2.69		
1850	ร่วมเพศ	1244	40.3	7030	5.27		
1851	จิม	1242	40.3	6665	4.81		
1852	ข่าวลือ	1241	40.2	6024	4.01		
1853	พร	1241	40.2	1394	0.44		
1854	อื้ม	1240	40.2	14499	25.19		
1855	วอล	1239	40.2	10255	11.21		
1856	เติม	1239	40.2	1682	0.57		
1857	เม่	1237	40.1	12223	16.44		
1858	มัด	1237	40.1	3028	1.29		
1859	จาน	1235	40.0	1503	0.48		y
1860	นส์	1233	40.0	28578	221.22		
1861	เมน	1231	39.9	4301	2.22	slang	
1862	ตะวันตก	1231	39.9	825	0.23		
1863	การศึกษา	1230	39.9	232	0.07		
1864	ลิง	1229	39.9	2480	0.96	slang	y
1865	อดัม	1228	39.8	13925	22.41		
1866	แน่น	1228	39.8	1564	0.51		
1867	มม	1227	39.8	8585	7.68		
1868	ป้าย	1227	39.8	1840	0.63		
1869	กลาย	1227	39.8	2429	0.93		
1870	แซน	1226	39.8	7555	6.00		
1871	ชั่วร้าย	1226	39.8	4950	2.81		
1872	ฉ	1225	39.7	5367	3.25		
1873	เปลี่ยนใจ	1224	39.7	4798	2.66		
1874	ปรารถนา	1224	39.7	1419	0.45		
1875	ถือว่า	1224	39.7	525	0.14		
1876	เทพ	1223	39.7	1224	0.37	slang	
1877	ออฟฟิศ	1223	39.7	5414	3.29	colloquial	y
1878	เคท	1222	39.6	4819	2.67		
1879	แมท	1222	39.6	13213	19.63		
1880	ฟิ	1222	39.6	4874	2.74		
1881	นักแสดง	1221	39.6	3111	1.32		
1882	จ่า	1220	39.6	4334	2.24		
1883	วิชา	1220	39.6	687	0.19		
1884	บอ	1219	39.5	4864	2.72		
1885	แดเนียล	1218	39.5	11135	13.11		
1886	แผ่น	1217	39.5	1120	0.33		
1887	งัย	1217	39.5	28723	218.35		
1888	กระตุ้น	1216	39.4	1288	0.39		
1889	บาป	1213	39.3	2783	1.11		y
1890	ทาส	1213	39.3	1997	0.69		
1891	กันและกัน	1213	39.3	1734	0.57		
1892	เติบโต	1213	39.3	967	0.28		
1893	จอร์จ	1212	39.3	4900	2.74		
1894	เบค	1211	39.3	10025	10.43		
1895	เลี่ยน	1211	39.3	6911	4.96		
1896	ภาระ	1211	39.3	1487	0.47		
1897	เกล	1210	39.2	5751	3.62		
1898	ฝูง	1209	39.2	2140	0.77		
1899	โกง	1209	39.2	3990	1.94		
1900	เกรย์	1207	39.1	19625	59.06		
1901	ออกแบบ	1207	39.1	988	0.28		
1902	แบ	1206	39.1	4991	2.81		
1903	วิทยาศาสตร์	1205	39.1	1039	0.30		y
1904	ถัด	1205	39.1	1612	0.52		
1905	กล่าวหา	1205	39.1	1510	0.48		
1906	วิเคราะห์	1204	39.0	506	0.14		
1907	คลั่ง	1204	39.0	5008	2.82	offensive	
1908	แคลร์	1202	39.0	16055	32.35		
1909	อด	1201	38.9	1446	0.45		
1910	ขุด	1200	38.9	2349	0.87		
1911	มาร์ค	1199	38.9	3488	1.54		
1912	สภา	1197	38.8	387	0.11		
1913	ตอบแทน	1195	38.7	1537	0.48		
1914	รู้อยู่	1194	38.7	3953	1.89		
1915	วานนี้	1193	38.7	4752	2.56		
1916	อย่างยิ่ง	1193	38.7	859	0.24		
1917	คี	1193	38.7	3448	1.51		
1918	การ์	1193	38.7	5731	3.55		
1919	ฟุต	1192	38.7	4167	2.04	colloquial	y
1920	โจร	1189	38.6	2743	1.07		
1921	รวบรวม	1188	38.5	1331	0.40		
1922	ลาน	1186	38.5	1567	0.49		
1923	โรงงาน	1186	38.5	1042	0.30		
1924	เซ็กส์	1185	38.4	6880	4.81	colloquial	
1925	โว้ย	1185	38.4	3703	1.68	slang	
1926	เพียงพอ	1184	38.4	1310	0.39		
1927	โครงการ	1183	38.4	357	0.10		
1928	อง	1182	38.3	4085	1.96		
1929	คุ้มกัน	1182	38.3	6395	4.23		
1930	โน้น	1181	38.3	2497	0.93		
1931	ฉี่	1181	38.3	5829	3.62	offensive	
1932	แม่น้ำ	1180	38.3	1156	0.33		
1933	มิส	1177	38.2	5748	3.51		
1934	พายุ	1176	38.1	3235	1.36		y
1935	ล่าง	1175	38.1	1145	0.33		
1936	แฟรงค์	1173	38.0	4599	2.38		
1937	หนังสือพิมพ์	1173	38.0	1094	0.31		
1938	ซัน	1173	38.0	3762	1.70		
1939	แตะต้อง	1172	38.0	6696	4.57		
1940	ขอบ	1171	38.0	1463	0.44		
1941	ร้ายแรง	1171	38.0	2040	0.69		
1942	อ๊า	1170	37.9	6472	4.28		
1943	สะ	1170	37.9	2258	0.80		
1944	บำบัด	1170	37.9	1951	0.65		
1945	โดด	1169	37.9	4485	2.27		
1946	เพียงแต่	1169	37.9	970	0.27		
1947	ขออภัย	1168	37.9	8314	6.87		
1948	ขั้นตอน	1167	37.8	1049	0.30		
1949	ผลงาน	1166	37.8	897	0.24		
1950	เทียบ	1165	37.8	1183	0.34	colloquial	
1951	ตะวันออก	1164	37.7	1274	0.37		
1952	หย่า	1163	37.7	3257	1.36		
1953	แม็กซ์	1162	37.7	13654	20.18		
1954	บ่น	1162	37.7	1551	0.48		
1955	ดินแดน	1161	37.6	1648	0.51		
1956	ขนมปัง	1159	37.6	3524	1.51	colloquial	
1957	นิส	1157	37.5	7966	6.26		
1958	มหาลัย	1157	37.5		speech-only	colloquial	
1959	เสน่ห์	1156	37.5	2272	0.79		
1960	ทำหน้าที่	1156	37.5	770	0.21		
1961	ผลิต	1154	37.4	265	0.07		
1962	ซูซาน	1153	37.4	11640	13.79		
1963	เพราะฉะนั้น	1152	37.4	1519	0.46		
1964	องค์กร	1152	37.4	697	0.18		
1965	ฟอร์ด	1151	37.3	6021	3.72		
1966	ฮู	1150	37.3	7040	4.87		
1967	ลลี่	1149	37.3	13644	19.95		
1968	รวย	1149	37.3	2383	0.85		
1969	ยื่น	1149	37.3	678	0.18		
1970	ดอง	1148	37.2	4092	1.91	slang	
1971	ใหม	1148	37.2	19361	53.73		
1972	แอ	1148	37.2	4123	1.94		
1973	ใกล้ชิด	1148	37.2	1281	0.37		
1974	แม็ก	1147	37.2	8593	7.22		
1975	เขียว	1147	37.2	1136	0.32		
1976	ปวด	1146	37.2	1429	0.42		y
1977	เลข	1144	37.1	2055	0.68	colloquial	y
1978	สะพาน	1143	37.1	1990	0.65		y
1979	นซ์	1142	37.0	9641	9.11		
1980	ปรากฎ	1142	37.0	18678	47.28		
1981	สื่อสาร	1142	37.0	715	0.19		
1982	หมอบ	1141	37.0	5262	2.91		
1983	อพาร์ท	1141	37.0	21419	72.25		
1984	สื่อ	1139	36.9	739	0.20		
1985	จุง	1137	36.9	9982	9.71		
1986	สตาร์	1136	36.8	5386	3.03		
1987	ยอ	1134	36.8	4467	2.18		
1988	ยุ่งยาก	1133	36.7	2876	1.10		
1989	เร่ง	1132	36.7	1365	0.39		
1990	วู้ด	1129	36.6	6036	3.66		
1991	โชคชะตา	1129	36.6	6479	4.15		
1992	เข้มแข็ง	1129	36.6	1862	0.59		
1993	ประกัน	1129	36.6	1251	0.35	slang	
1994	ผอ	1126	36.5	32767	speech-only		
1995	ซุ	1126	36.5	3543	1.48		
1996	ใจดี	1126	36.5	2907	1.10		y
1997	สาธารณะ	1126	36.5	1511	0.45		
1998	กรรม	1123	36.4	780	0.20	slang	y
1999	อีกหน่อย	1121	36.3	4647	2.32		
2000	กรีด	1119	36.3	4369	2.08		
2001	ใส่ใจ	1119	36.3	2338	0.81		
2002	ขัด	1117	36.2	1237	0.35		
2003	ลึกลับ	1117	36.2	4285	2.00		
2004	แอนนา	1116	36.2	9901	9.39		
2005	ด็อก	1114	36.1	5859	3.45		
2006	อบ	1111	36.0	3217	1.27		y
2007	ตัวเลข	1110	36.0	1482	0.43		y
2008	นักเขียน	1110	36.0	2092	0.68		
2009	อ้าง	1109	36.0	917	0.24		
2010	ตรา	1108	35.9	1657	0.49		
2011	โปร	1107	35.9	2300	0.78		
2012	ชี้	1107	35.9	850	0.22	colloquial	
2013	จ้อง	1107	35.9	2007	0.64		
2014	เว้นแต่	1106	35.9	1820	0.56		
2015	กรีน	1102	35.7	6868	4.46		
2016	เบื้องหลัง	1102	35.7	2704	0.97		
2017	ความกลัว	1100	35.7	3243	1.28		
2018	สัญลักษณ์	1098	35.6	1523	0.44		
2019	ปรับ	1097	35.6	492	0.12		
2020	เท่ากับ	1096	35.5	823	0.21		y
2021	ปิดบัง	1096	35.5	4549	2.17		
2022	เทร	1095	35.5	11430	12.54		
2023	ฟิล	1094	35.5	7830	5.72		
2024	ปฏิบัติการ	1094	35.5	1386	0.39		
2025	หมู่	1094	35.5	980	0.26	slang	
2026	ซิน	1092	35.4	3350	1.32		
2027	พ่อคุณ	1092	35.4	3666	1.52		
2028	คนรัก	1090	35.3	2291	0.76		
2029	ประ	1089	35.3	955	0.25		
2030	แม้กระทั่ง	1085	35.2	2499	0.85		
2031	ดารา	1083	35.1	1980	0.61		
2032	ลิลลี่	1082	35.1	7932	5.79		
2033	โซ่	1082	35.1	4529	2.13		
2034	เชียร์	1081	35.1	4269	1.93		
2035	จี้	1081	35.1	2154	0.69		
2036	กร	1081	35.1	1340	0.37		
2037	รสชาติ	1081	35.1	2347	0.78		
2038	ตาราง	1081	35.1	1097	0.29		
2039	พิ	1080	35.0	2062	0.65		
2040	รับรู้	1079	35.0	918	0.23		
2041	กอน	1077	34.9	4760	2.32		
2042	วัง	1077	34.9	1495	0.42	colloquial	
2043	ย้อนกลับ	1077	34.9	2867	1.04		
2044	เก้าอี้	1077	34.9	1618	0.47		y
2045	ไอเดีย	1076	34.9	5260	2.74	colloquial	
2046	วัยรุ่น	1075	34.9	1610	0.46		
2047	หน้ากาก	1073	34.8	4847	2.37		
2048	ภาค	1072	34.8	360	0.09		
2049	หิมะ	1072	34.8	4468	2.07		y
2050	สูงสุด	1072	34.8	898	0.22		
2051	คอล	1071	34.7	2861	1.03		
2052	คุณย่า	1070	34.7	3145	1.18		
2053	ธี	1070	34.7	2283	0.74		
2054	แนว	1069	34.7	402	0.10	slang	
2055	เอม	1068	34.6	5800	3.25		
2056	คุณปู่	1065	34.5	2361	0.78		
2057	เซน	1065	34.5	2982	1.09		
2058	ถ้วย	1065	34.5	2085	0.65		y
2059	โค้ช	1063	34.5	5486	2.93	colloquial	
2060	สนามบิน	1063	34.5	2482	0.83	colloquial	y
2061	กว้าง	1063	34.5	735	0.18		
2062	ตุ๊กตา	1061	34.4	2544	0.86		
2063	ทฤษฎี	1061	34.4	662	0.16		y
2064	น้ำตาล	1060	34.4	1416	0.39		y
2065	หมื่น	1060	34.4	1206	0.32		y
2066	ศาสตราจารย์	1059	34.3	1985	0.60		
2067	รัส	1059	34.3	7180	4.65		
2068	วัด	1058	34.3	391	0.09	slang	y
2069	มั่นคง	1058	34.3	822	0.20		
2070	ส่อง	1058	34.3	2009	0.61	slang	
2071	ก็เถอะ	1057	34.3	5752	3.16		
2072	หลอกลวง	1057	34.3	3537	1.39		
2073	จ้า	1056	34.2	3732	1.51	slang	
2074	เผชิญหน้า	1056	34.2	3334	1.27		
2075	เครื่องดื่ม	1055	34.2	3109	1.14		
2076	มอ	1055	34.2	4575	2.11		
2077	มีชื่อ	1055	34.2	1821	0.53		
2078	ลอร์ด	1054	34.2	11348	11.82		
2079	เยอะแยะ	1054	34.2	3845	1.59		
2080	วิทยาลัย	1052	34.1	3067	1.12		
2081	เด็กซ์	1051	34.1	21319	66.55		
2082	หมวด	1051	34.1	1718	0.49	colloquial	
2083	บันได	1051	34.1	1592	0.45		y
2084	ตลาด	1051	34.1	398	0.10		y
2085	พระราชา	1050	34.0	3216	1.20		
2086	ขวาง	1050	34.0	2545	0.86		
2087	พก	1049	34.0	3394	1.30		
2088	สา	1047	33.9	719	0.17		
2089	อาณาจักร	1047	33.9	2578	0.86		
2090	บัส	1046	33.9	6117	3.48		
2091	ซิส	1045	33.9	6356	3.71	slang	
2092	ชัยชนะ	1045	33.9	2948	1.05		
2093	เงา	1045	33.9	1932	0.57		
2094	โหดร้าย	1044	33.9	4912	2.37		
2095	หน้าอก	1040	33.7	3316	1.24		
2096	เยน	1039	33.7	5127	2.54		
2097	ฮาร์	1039	33.7	7012	4.39		
2098	ชดใช้	1038	33.7	3528	1.36		
2099	ราชา	1036	33.6	2382	0.76		
2100	ต่อย	1036	33.6	4062	1.71		
2101	เดฟ	1035	33.6	11565	12.11		
2102	เว็บ	1035	33.6	2261	0.70	colloquial	
2103	กระจาย	1033	33.5	930	0.23		
2104	คริสต์มาส	1032	33.5	6078	3.39		
2105	เพคะ	1031	33.4	4527	2.03		
2106	ทารก	1031	33.4	2237	0.69	offensive	
2107	แฮะ	1031	33.4	3582	1.38	colloquial	
2108	ทึ่ง	1029	33.4	4445	1.96		
2109	หมี	1029	33.4	3954	1.63	colloquial	y
2110	สั่น	1029	33.4	1741	0.49		
2111	ชอน	1028	33.3	11869	12.87		
2112	ปารีส	1028	33.3	3169	1.15		
2113	ฟิน	1027	33.3	11202	11.17	slang	
2114	นิวยอร์ก	1027	33.3	3886	1.57		
2115	วิจัย	1026	33.3	401	0.09		y
2116	ชก	1025	33.2	4474	1.98		
2117	โบราณ	1025	33.2	973	0.24	slang	
2118	เออร์	1023	33.2	6408	3.67		
2119	ปกปิด	1023	33.2	3861	1.56		
2120	เวล	1020	33.1	5292	2.63		
2121	โชคร้าย	1019	33.0	5384	2.72		
2122	มหัศจรรย์	1019	33.0	3545	1.34		
2123	วัว	1018	33.0	2196	0.67		y
2124	พล	1017	33.0	1211	0.31		
2125	ซับ	1017	33.0	3581	1.36		
2126	จับตาดู	1014	32.9	9500	7.85		
2127	พาย	1013	32.8	3311	1.21		y
2128	แฮร์	1011	32.8	10613	9.72		
2129	เทคนิค	1011	32.8	1215	0.31	colloquial	
2130	อค	1011	32.8	18061	37.53		
2131	เหลือเชื่อ	1009	32.7	5921	3.18		
2132	อนุ	1009	32.7	2212	0.67		
2133	เก้า	1008	32.7	2187	0.66		y
2134	พรสวรรค์	1008	32.7	6077	3.31		
2135	ผ่อนคลาย	1006	32.6	2976	1.02		y
2136	ชื่อว่า	1006	32.6	1830	0.51		
2137	แม็ค	1006	32.6	6686	3.91		
2138	ถั่ว	1006	32.6	3617	1.37		
2139	อัส	1005	32.6	5590	2.86		
2140	ธา	1005	32.6	3631	1.37		
2141	เมอ	1005	32.6	10201	8.94		
2142	เพชร	1005	32.6	933	0.22		
2143	คณะ	1005	32.6	386	0.09		
2144	เป้า	1002	32.5	2289	0.69		y
2145	ฉีก	1002	32.5	3238	1.16		
2146	พิพากษา	1000	32.4	1866	0.52		
2147	เคียง	1000	32.4	3063	1.06		
2148	เรล	999	32.4	7002	4.20		
2149	หน	997	32.3	2097	0.61		
2150	จัดงาน	996	32.3	1934	0.55		
2151	ยุ่	995	32.3	6704	3.90		
2152	อิส	993	32.2	6260	3.43		
2153	นิดเดียว	993	32.2	3143	1.09		
2154	เครดิต	993	32.2	2925	0.98	colloquial	
2155	ในขณะนี้	992	32.2	3050	1.04		
2156	ริส	992	32.2	5941	3.14		
2157	นี้เอง	991	32.1	1867	0.52		
2158	กาย	990	32.1	844	0.19		
2159	หนิ	990	32.1	24369	96.89		
2160	กับดัก	986	32.0	7968	5.33		
2161	สกี้	986	32.0	9443	7.53		
2162	เชื่อมโยง	986	32.0	1595	0.42		
2163	แรน	985	31.9	14556	20.39		
2164	ชิง	985	31.9	1736	0.46		
2165	หลีก	983	31.9	4854	2.18		
2166	เสริม	983	31.9	1252	0.31		
2167	ความรับผิดชอบ	980	31.8	1889	0.52		
2168	ความต้องการ	980	31.8	826	0.19		
2169	เลิกกัน	979	31.7		speech-only	slang	
2170	ความเร็ว	979	31.7	2475	0.76		y
2171	หาเงิน	979	31.7	4012	1.59		
2172	เดม่อน	976	31.6	19840	47.76		
2173	หักหลัง	976	31.6	10329	8.90		
2174	หลังคา	975	31.6	2446	0.74		
2175	ทุกที	975	31.6	2488	0.76		
2176	ฉะนั้น	974	31.6	1187	0.29		
2177	ว่ายน้ำ	974	31.6	2870	0.94		y
2178	ไฟไหม้	973	31.6		speech-only	slang	
2179	ล้วน	973	31.6	953	0.22		
2180	ชิ้นส่วน	972	31.5	3659	1.35		
2181	เป่า	971	31.5	2929	0.96	colloquial	
2182	เชือก	971	31.5	2894	0.95		
2183	พุ่ง	971	31.5	1900	0.52		
2184	ปลด	971	31.5	3373	1.19		
2185	ชิม	970	31.5	3040	1.02		
2186	ต่อเนื่อง	969	31.4	901	0.20		y
2187	ทู	968	31.4	3629	1.32		
2188	ฟาร์ม	968	31.4	4348	1.78		
2189	ร่าห์	967	31.4	18623	40.04		
2190	เซ็กซี่	967	31.4	5786	2.93	colloquial	
2191	ซิตี้	966	31.3	5595	2.75		
2192	วน	965	31.3	2529	0.78		
2193	เดีย	965	31.3	8479	5.87		
2194	วิส	965	31.3	7493	4.62		
2195	จอ	965	31.3	2385	0.71		
2196	จังหวะ	965	31.3	1091	0.25		
2197	เวีย	964	31.3	9011	6.65		
2198	ศรัทธา	963	31.2	2043	0.57		
2199	ซุป	962	31.2	3644	1.32		
2200	โดดเดี่ยว	960	31.1	4546	1.90		
2201	แด่	959	31.1	5164	2.37		
2202	แฟ้ม	957	31.0	4328	1.75		
2203	อย่างเช่น	956	31.0	2612	0.80		
2204	ฉบับ	955	31.0	487	0.10		y
2205	ศาสนา	955	31.0	636	0.13		y
2206	พื้นฐาน	950	30.8	814	0.18		
2207	ตราบใด	950	30.8	5044	2.25		
2208	สเปนเซอร์	949	30.8	24646	102.16		
2209	เบาะแส	948	30.7	8721	6.11		
2210	โอลิเวอร์	947	30.7	16373	26.83		
2211	ใบไม้	947	30.7	2673	0.82		
2212	กัส	945	30.6	5624	2.72		
2213	เหม็น	945	30.6	3390	1.17		
2214	บริจาค	945	30.6	2082	0.57		
2215	มัล	943	30.6	8549	5.87		
2216	ทุกสิ่งทุกอย่าง	943	30.6	3517	1.23		
2217	มะเร็ง	943	30.6	2137	0.60		
2218	ปธน	942	30.5		speech-only	colloquial	
2219	ไก	942	30.5	6251	3.24		
2220	นางฟ้า	942	30.5	5379	2.51	slang	
2221	แปลกหน้า	941	30.5	3380	1.16		
2222	ศึก	941	30.5	1248	0.29		
2223	โรส	940	30.5	8461	5.72		
2224	ตรงข้าม	940	30.5	1585	0.40		y
2225	ชื่นชม	939	30.4	1966	0.53		
2226	สมัคร	939	30.4	1569	0.39		
2227	ศึกษา	939	30.4	295	0.06		
2228	มาร์ติน	938	30.4	8662	5.97		
2229	เลส	938	30.4	5585	2.66		
2230	ซอ	938	30.4	4620	1.92		
2231	ผลัก	938	30.4	3096	1.01		y
2232	เหงา	938	30.4	2754	0.85		y
2233	ทักทาย	937	30.4	2416	0.70		
2234	แกะ	937	30.4	2432	0.71		y
2235	แลกเปลี่ยน	937	30.4	1490	0.36		
2236	ฟ้อง	937	30.4	1435	0.35		
2237	ครีม	936	30.4	2658	0.80	colloquial	
2238	สูท	936	30.4	5125	2.29		
2239	ทีละ	935	30.3	2025	0.55		
2240	การณ์	935	30.3	2883	0.91		
2241	ลอนดอน	934	30.3	3213	1.07		
2242	ของเล่น	932	30.2	3958	1.48		
2243	อุ่น	932	30.2	2802	0.86		
2244	ตบ	931	30.2	2325	0.67		
2245	สหรัฐ	931	30.2	663	0.14		
2246	ขยาย	931	30.2	704	0.15		
2247	ผสม	928	30.1	1226	0.29		
2248	กวาด	927	30.1	2810	0.86		
2249	ดอร์	926	30.0	7077	3.97		
2250	เป	925	30.0	4637	1.90		
2251	ฆาตร	924	30.0	27028	142.10		
2252	คลอด	924	30.0	1901	0.50	slang	
2253	ต่อรอง	924	30.0	2671	0.80		
2254	หอม	923	29.9	1083	0.24		y
2255	นักรบ	922	29.9	4353	1.70		
2256	เนีย	922	29.9	5803	2.81		
2257	ท้องฟ้า	922	29.9	2457	0.71		y
2258	เน่า	922	29.9	2821	0.86	slang	
2259	ลูกหมา	921	29.9		speech-only	offensive	y
2260	ย้อน	921	29.9	2124	0.58		
2261	เนล	920	29.8	8259	5.32		
2262	พิมพ์	920	29.8	813	0.17		
2263	ปลดปล่อย	920	29.8	4323	1.67		
2264	แก่ตัว	918	29.8	3452	1.16		
2265	ปราสาท	918	29.8	2646	0.78		
2266	ทางเดิน	918	29.8	2584	0.76		
2267	มุ่งหน้า	918	29.8	4450	1.76		
2268	ก่อนหน้า	917	29.7	2402	0.68		
2269	โล่ง	917	29.7	2492	0.72		
2270	เชื่อถือ	917	29.7	2554	0.75		
2271	น้ำตา	916	29.7	1634	0.40		
2272	เผชิญ	916	29.7	1894	0.49		
2273	สละ	915	29.7	3165	1.02		
2274	หมั้น	915	29.7	2375	0.67		
2275	มด	914	29.6	4058	1.50		
2276	น่าเชื่อ	913	29.6	2207	0.60		
2277	เสียสละ	913	29.6	3665	1.27		
2278	คว้า	913	29.6	1686	0.42		
2279	ล่วงหน้า	912	29.6	1701	0.42		
2280	กองกำลัง	912	29.6	4422	1.73		
2281	วิลล์	911	29.5	9331	6.76		
2282	โซล	911	29.5	7744	4.67		
2283	ปัจจุบัน	911	29.5	304	0.06		
2284	แมลง	911	29.5	2940	0.91		y
2285	เต	911	29.5	2973	0.92		
2286	ฟินน์	910	29.5	32496	speech-only		
2287	น่ารำคาญ	910	29.5	8006	4.97	offensive	
2288	กำเนิด	910	29.5	1234	0.28		
2289	สมบัติ	909	29.5	1843	0.47		
2290	เอ้อ	908	29.4	4898	2.05		
2291	ยาเสพติด	908	29.4	1887	0.48		
2292	เก็ต	906	29.4	5100	2.19	colloquial	
2293	หญ้า	906	29.4	1695	0.42		
2294	ซิล	905	29.3	7366	4.18		
2295	ความเป็นจริง	905	29.3	1444	0.34		
2296	เกราะ	904	29.3	6003	2.90		
2297	ฟุตบอล	903	29.3	2486	0.71		y
2298	วิดีโอ	903	29.3	4783	1.96	colloquial	
2299	ความสำคัญ	903	29.3	528	0.11		
2300	ร่วง	903	29.3	2246	0.61		
2301	ทั้งที่	903	29.3	1275	0.29		
2302	สตีฟ	902	29.2	10736	8.91		
2303	ซวย	902	29.2	4341	1.66	offensive	
2304	จดจำ	901	29.2	3397	1.11		
2305	ออฟ	900	29.2	5135	2.21		
2306	ซุง	900	29.2	6026	2.91		
2307	ซุน	899	29.2	6990	3.77		
2308	ผูก	899	29.2	1778	0.44		
2309	ทรอย	898	29.1	13056	14.01		
2310	อวกาศ	898	29.1	3153	1.00		y
2311	เคาะ	897	29.1	2771	0.82		
2312	ฉีด	897	29.1	2520	0.72		
2313	เชื่อมั่น	896	29.1	1791	0.44		
2314	เอิ่ม	894	29.0	26606	120.30	colloquial	
2315	ริม	894	29.0	1175	0.26		
2316	โฆษณา	894	29.0	1312	0.29		
2317	หลีกเลี่ยง	894	29.0	1698	0.41		
2318	เช่นเดียว	893	29.0	1189	0.26		
2319	กีฬา	893	29.0	1296	0.29		y
2320	โอ้ย	891	28.9	14082	16.83		
2321	บรี	891	28.9	20463	47.96		
2322	ตามลำพัง	891	28.9	3993	1.43		
2323	ใช้งาน	890	28.9	1530	0.36		
2324	เปื้อน	890	28.9	2825	0.84		
2325	อบอุ่น	889	28.8	1835	0.45		y
2326	แน่ะ	889	28.8	4201	1.54		
2327	ปราศจาก	889	28.8	1635	0.39		
2328	ก็แล้วกัน	887	28.8	2546	0.72	colloquial	
2329	ที่ดิน	887	28.8	607	0.12		
2330	แอส	886	28.7	7046	3.77		
2331	งดงาม	886	28.7	1792	0.44		
2332	แก้ตัว	886	28.7	4202	1.53		
2333	พฤติกรรม	886	28.7	613	0.12		
2334	สัง	886	28.7	3806	1.31		
2335	โระ	885	28.7	11014	9.34		
2336	ปีน	885	28.7	3461	1.12		
2337	เบด	883	28.6	15046	19.80		
2338	รวมทั้ง	883	28.6	454	0.09		
2339	เมตตา	883	28.6	2125	0.56		
2340	จอช	882	28.6	30161	189.90		
2341	ชั่วคราว	882	28.6	1860	0.46		
2342	บิ๊ก	881	28.6	4765	1.90	slang	
2343	แคน	881	28.6	2808	0.82		
2344	ดำเนิน	881	28.6	699	0.14		
2345	เบ็ค	880	28.5	15330	20.59		
2346	เทน	880	28.5	5446	2.40		
2347	นีล	879	28.5	10545	8.37		
2348	เล็บ	879	28.5	3550	1.16		y
2349	เกรด	879	28.5	4518	1.72		
2350	โสด	878	28.5	4274	1.57		
2351	แจ๋ว	877	28.4	5526	2.45		
2352	อัจฉริยะ	877	28.4	6343	3.11		
2353	ซอน	877	28.4	6204	2.99		
2354	การเมือง	877	28.4	269	0.05		
2355	แบก	877	28.4	2862	0.84		
2356	เซนต์	876	28.4	5267	2.24		
2357	ทอด	876	28.4	1633	0.38		y
2358	ระเบียบ	875	28.4	505	0.10		
2359	คุกคาม	875	28.4	3251	1.02		
2360	เบสบอล	874	28.3	13106	13.84		
2361	อย่างงี้	874	28.3		speech-only	colloquial	
2362	นับถือ	874	28.3	1401	0.31		
2363	งานแต่ง	873	28.3		speech-only	colloquial	
2364	เสียหาย	873	28.3	1828	0.44		
2365	แย่ง	872	28.3	2379	0.64		
2366	เท็ด	871	28.2	19650	42.62		
2367	ริว	871	28.2	19830	42.62		
2368	อาคาร	871	28.2	903	0.18		
2369	ซัส	870	28.2	3771	1.27		
2370	คอร์	870	28.2	4711	1.84		
2371	เว่น	869	28.2	7121	3.77		
2372	เยอรมัน	868	28.1	2151	0.55	colloquial	
2373	ปู	868	28.1	1514	0.35		y
2374	จุดจบ	868	28.1	7840	4.56		
2375	ผู้ชนะ	867	28.1	5405	2.33		
2376	บรรยาย	866	28.1	1333	0.29		
2377	ผ่า	865	28.0	3137	0.95		
2378	ความจำ	865	28.0	3141	0.95		
2379	รอคอย	864	28.0	3424	1.08		
2380	ต่างประเทศ	864	28.0	517	0.10		
2381	บุกรุก	863	28.0	5256	2.20		
2382	ทาย	862	28.0	4261	1.53		
2383	ก่อสร้าง	862	28.0	1513	0.34		
2384	สำรวจ	862	28.0	1029	0.21		
2385	ดอลลาร์	861	27.9	1940	0.48		
2386	ดอล	861	27.9	10550	8.20		
2387	การ์เซีย	860	27.9	17666	29.86		
2388	เอ็น	860	27.9	2157	0.55	slang	y
2389	ขลาด	860	27.9	8390	5.14		
2390	ความรุนแรง	860	27.9	1882	0.45		
2391	หุ้น	859	27.9	1388	0.30		
2392	จู่โจม	859	27.9	7433	4.04		
2393	ดวงตา	858	27.8	1236	0.27		
2394	ผู้กำกับ	857	27.8	3499	1.10	colloquial	
2395	เรด	857	27.8	10314	7.82		
2396	ฮาน	857	27.8	12738	12.64		
2397	สเตอร์	857	27.8	14156	16.47		
2398	ดูถูก	857	27.8	3653	1.18		
2399	เฮ้อ	856	27.8	2708	0.76	colloquial	
2400	เสือ	856	27.8	1650	0.38		y
2401	เกรซ	854	27.7	11207	9.29		
2402	ตามใจ	854	27.7	2794	0.79		
2403	เซีย	854	27.7	4655	1.77		
2404	ทิ	853	27.7	2770	0.78		
2405	เอ่ย	853	27.7	985	0.20	colloquial	
2406	เส	851	27.6	3956	1.35		
2407	ที่พัก	851	27.6	2269	0.58		
2408	ผู้ก่อการร้าย	850	27.6	7247	3.81		
2409	สุภาพสตรี	849	27.5	5720	2.52		
2410	อินเดีย	849	27.5	1278	0.27		
2411	ทิศ	849	27.5	1313	0.28		
2412	เวทมนตร์	848	27.5	8487	5.19		
2413	กันเอง	848	27.5	1813	0.43		
2414	แท็กซี่	847	27.5	3282	1.00	colloquial	
2415	ไฟล์	847	27.5	4945	1.94		
2416	ภายนอก	847	27.5	891	0.18		
2417	อยู่รอด	845	27.4	3454	1.07		
2418	เซ็นต์	843	27.3	10746	8.40		
2419	ฟิลด์	843	27.3	12105	11.07		
2420	สมุด	843	27.3	2656	0.72		
2421	ศุกร์	842	27.3	3465	1.07		
2422	บุ	841	27.3	3196	0.95		
2423	สูตร	841	27.3	1911	0.45		y
2424	จ๋า	840	27.2	3996	1.35	colloquial	
2425	เสาร์	840	27.2	2555	0.69		
2426	ยัด	840	27.2	4466	1.62	offensive	
2427	สกาย	838	27.2	16920	25.77		
2428	เอียน	837	27.1	6825	3.35		
2429	สก็อต	837	27.1	8596	5.27		
2430	คัด	837	27.1	2441	0.64		
2431	สะสม	837	27.1	1528	0.34		
2432	เซฟ	836	27.1	8269	4.86	colloquial	
2433	อม	836	27.1	3342	1.01	slang	
2434	เบอ	836	27.1	5345	2.20		
2435	แหง	835	27.1	2755	0.76		
2436	ผู้เชี่ยวชาญ	835	27.1	2271	0.57		
2437	ตอบสนอง	835	27.1	1752	0.40		
2438	โพ	834	27.0	3871	1.27		
2439	เข็ม	834	27.0	2487	0.65		
2440	บทเรียน	834	27.0	3630	1.14		
2441	กล	833	27.0	3328	1.00		
2442	กุ๊ก	832	27.0	8661	5.30	colloquial	
2443	ว่างเปล่า	831	26.9	3559	1.10		
2444	ปุ่ม	831	26.9	4271	1.48		y
2445	สำรอง	831	26.9	2581	0.68		
2446	แห้ง	831	26.9	1516	0.33		y
2447	ไบ	830	26.9	3765	1.21		
2448	คาถา	830	26.9	4855	1.85		
2449	ตัวประกัน	830	26.9	15262	19.42		
2450	ผลกระทบ	830	26.9	899	0.17		
2451	มหา	829	26.9	863	0.17		
2452	ย่าง	829	26.9	1944	0.46		y
2453	จู่	827	26.8	3237	0.96		
2454	แฟร์	827	26.8	7514	3.97		
2455	กดดัน	827	26.8	3315	0.99		
2456	แขวน	827	26.8	3184	0.93	slang	
2457	เมล	825	26.8	5553	2.32		
2458	เทล	825	26.8	8045	4.55		
2459	เนท	825	26.8	10407	7.66		
2460	ดาร์	824	26.7	4641	1.70		
2461	สิง	823	26.7	4534	1.62	slang	
2462	โรเบิร์ต	822	26.7	5819	2.51		
2463	ไค	822	26.7	5503	2.28		
2464	อาชญากร	822	26.7	7081	3.53		
2465	เจรจา	821	26.6	1392	0.29		
2466	สไตล์	820	26.6	2427	0.62		
2467	บรรยากาศ	820	26.6	1131	0.23		y
2468	สหาย	819	26.6	3756	1.19		
2469	เลี้ยว	819	26.6	3223	0.94		
2470	ผู้ป่วย	819	26.6	1184	0.24		
2471	มุ	818	26.5	5622	2.35		
2472	พันธุ์	818	26.5	1022	0.20		
2473	ผนัง	818	26.5	2162	0.53		y
2474	สตี	817	26.5	6232	2.80		
2475	ราว	817	26.5	1016	0.20		
2476	เข้าท่า	817	26.5	5883	2.54		
2477	ทางเข้า	817	26.5	3684	1.14		
2478	สุดสัปดาห์	814	26.4	7317	3.71		y
2479	แป	814	26.4	6490	3.00		
2480	ค่าย	813	26.4	2241	0.55	slang	
2481	ปอนด์	812	26.3	2850	0.78		
2482	ลำดับ	812	26.3	752	0.14		y
2483	แนน	810	26.3	5488	2.24		
2484	สถานะ	810	26.3	2268	0.55		y
2485	งู	809	26.2	2565	0.66	slang	y
2486	นิยาย	809	26.2	3388	1.00	colloquial	
2487	เรียกร้อง	809	26.2	1012	0.20		
2488	รีด	808	26.2	4582	1.62		
2489	เบิร์ก	808	26.2	6387	2.89		
2490	แม่คุณ	807	26.2	10256	7.30		
2491	สลาย	807	26.2	2607	0.68		
2492	ววว	806	26.1	6768	3.19		
2493	ความพยายาม	806	26.1	1880	0.42		
2494	ท้องถิ่น	806	26.1	900	0.17		
2495	เซิล	805	26.1	9541	6.28		
2496	ไม่เชิง	804	26.1	9286	5.93		
2497	ไวรัส	803	26.0	4273	1.43		y
2498	รถบรรทุก	803	26.0	5084	1.93		
2499	เร็ต	802	26.0	13254	12.89		
2500	กิล	802	26.0	10307	7.32		
2501	ปล่อยตัว	802	26.0	4361	1.49		
2502	ศตวรรษ	800	25.9	1771	0.39		
2503	เนื่องจาก	800	25.9	313	0.06		
2504	สมาธิ	799	25.9	1399	0.29		
2505	บรา	798	25.9	6537	2.98		
2506	อึดอัด	798	25.9	2714	0.71		
2507	ตระหนัก	798	25.9	1576	0.33		
2508	ขว้าง	797	25.8	3942	1.25		
2509	ยกมือ	796	25.8	2284	0.55		
2510	ตั้น	796	25.8	14133	15.30		
2511	ริชาร์ด	795	25.8	8985	5.45		
2512	คาร์เตอร์	795	25.8	14091	15.01		
2513	วอร์	795	25.8	8914	5.38		
2514	คิดมาก	795	25.8	3922	1.24		
2515	แสบ	795	25.8	3341	0.96	slang	
2516	ช็อค	795	25.8	6441	2.88		
2517	เช็ด	795	25.8	3254	0.93		
2518	ยาวนาน	795	25.8	2038	0.47		
2519	โด้	793	25.7	6954	3.28		
2520	บาน	793	25.7	2003	0.46	colloquial	
2521	เย็บ	793	25.7	3974	1.27		
2522	บริหาร	792	25.7	425	0.08		
2523	ย้ำ	791	25.6	1852	0.41		
2524	อิม	790	25.6	4287	1.42		
2525	จิง	790	25.6	6062	2.58	slang	
2526	ให้ออก	790	25.6	2657	0.68		
2527	ความเชื่อ	790	25.6	938	0.17		
2528	อลิซ	789	25.6	11226	8.67		
2529	ควิน	788	25.6	12555	11.16		
2530	ป่ะ	788	25.6	7344	3.63	slang	
2531	ความรู้	788	25.6	415	0.07		
2532	ทักษะ	788	25.6	2218	0.52		
2533	มารยาท	788	25.6	2585	0.65		
2534	โหวต	787	25.5	6615	3.01	colloquial	
2535	เลี่ยม	786	25.5	9354	5.88		
2536	ที่ปรึกษา	786	25.5	1818	0.40		
2537	ปอด	786	25.5	2590	0.65	slang	y
2538	น่าเสียดาย	785	25.5	4042	1.28		
2539	เหลวไหล	783	25.4	7246	3.51		
2540	โหล	783	25.4	4893	1.76	offensive	
2541	ท่ามกลาง	783	25.4	1721	0.37		
2542	เหยียบ	782	25.4	2974	0.79		
2543	ปีก	782	25.4	2662	0.67		
2544	แชมป์	781	25.3	2113	0.49	colloquial	
2545	ปะ	780	25.3	3068	0.83	colloquial	
2546	เกร	780	25.3	4873	1.75		
2547	บะ	780	25.3	4660	1.62		
2548	หุ่นยนต์	780	25.3	6039	2.53		
2549	คุ้มค่า	778	25.2	3763	1.13		
2550	ไข	778	25.2	3752	1.12		
2551	แสดงออก	778	25.2	1305	0.25		
2552	รอดชีวิต	777	25.2	6579	2.95		
2553	เอฟ	776	25.2	2340	0.56		
2554	เพน	776	25.2	9862	6.48		
2555	ยืด	776	25.2	2170	0.50		
2556	สิ่งมีชีวิต	774	25.1	3474	0.99		y
2557	บีบ	774	25.1	2509	0.61		
2558	ภาวะ	774	25.1	724	0.13		
2559	เปน	773	25.1	2327	0.56		
2560	อัศวิน	773	25.1	6847	3.11		
2561	เล่นงาน	772	25.0	5916	2.42		
2562	สายเลือด	771	25.0	5191	1.92		
2563	ปั่น	769	24.9	3704	1.09	slang	
2564	แง่	768	24.9	962	0.18		
2565	หยาบคาย	767	24.9	7113	3.33		
2566	เวท	767	24.9	5639	2.21		
2567	ปิศาจ	767	24.9	10921	7.94		
2568	ท่าเรือ	766	24.8	4219	1.33		
2569	จำกัด	764	24.8	747	0.13		
2570	ลิ้น	764	24.8	2132	0.48		y
2571	คุ้ม	764	24.8	2720	0.68		
2572	ซาบซึ้ง	762	24.7	4623	1.56		
2573	เมย์	760	24.6	7322	3.48		
2574	คิน	760	24.6	5348	2.01		
2575	บาส	759	24.6	5466	2.08		
2576	เทคโนโลยี	759	24.6	817	0.14		
2577	สดใส	759	24.6	2098	0.47		
2578	ชาวบ้าน	759	24.6	656	0.11	offensive	
2579	เรียว	758	24.6	2202	0.50		
2580	โน่น	758	24.6	2421	0.57		
2581	เมะ	757	24.5	11293	8.40	slang	
2582	จันทร์	757	24.5	1521	0.30	colloquial	
2583	ไซต์	757	24.5	2949	0.76		
2584	โจนส์	756	24.5	6759	2.98		
2585	ยูน	756	24.5	6702	2.96		
2586	นท์	756	24.5	19265	33.91		
2587	บุตร	756	24.5	1295	0.24		
2588	เย่	755	24.5	9519	5.85		
2589	ผู้อำนวยการ	755	24.5	1484	0.29		
2590	ร็อค	754	24.4	6249	2.59		
2591	ศักดิ์สิทธิ์	754	24.4	2511	0.60		
2592	แก๊ง	753	24.4	4125	1.27	slang	
2593	เล็ง	752	24.4	4365	1.40		
2594	คุ้น	752	24.4	3022	0.79		
2595	เถียง	752	24.4	2896	0.73		
2596	มาริ	751	24.4	2715	0.67		
2597	ความยุติธรรม	750	24.3	2945	0.75		
2598	ทั่วโลก	750	24.3	23071	62.11		
2599	ระบาย	750	24.3	1707	0.35		
2600	จด	750	24.3	2193	0.49		
2601	ซาก	750	24.3	2932	0.74		
2602	ประเมิน	750	24.3	1073	0.19		
2603	เบธ	749	24.3	8176	4.24		
2604	วัตถุ	749	24.3	961	0.17		
2605	นิก	748	24.3	3893	1.15		
2606	สเปน	748	24.3	1977	0.42		
2607	ทุน	748	24.3	787	0.14		
2608	เฮล	747	24.2	14193	14.36		
2609	มิตร	747	24.2	1964	0.42		
2610	รูปร่าง	747	24.2	1527	0.30		y
2611	คู่หมั้น	746	24.2	3982	1.20		
2612	เผ่า	746	24.2	2159	0.48		
2613	โตเกียว	745	24.2	4286	1.33	slang	
2614	อวยพร	745	24.2	4816	1.63		
2615	เซ็กซ์	744	24.1	6363	2.64		
2616	หวาดกลัว	743	24.1	4481	1.44		
2617	บาดแผล	743	24.1	3126	0.81		
2618	วุง	742	24.1	39573	speech-only		
2619	เคียว	742	24.1	7076	3.18		
2620	ท้าทาย	742	24.1	2606	0.62		
2621	ตนเอง	742	24.1	323	0.05		
2622	ทำนอง	740	24.0	975	0.17		
2623	ผัก	740	24.0	1157	0.21		y
2624	มิสเตอร์	739	24.0	7148	3.23		
2625	เบ็น	738	23.9	9823	6.11		
2626	เอะ	738	23.9	6542	2.77		
2627	กระต่าย	738	23.9	5042	1.75		
2628	คณะกรรมการ	738	23.9	301	0.05		
2629	ค่ำคืน	736	23.9	4714	1.56		
2630	นัม	735	23.8	9998	6.33		
2631	เชน	734	23.8	6887	2.98		
2632	รอส	734	23.8	6590	2.79		
2633	ยิว	734	23.8	4736	1.57		
2634	ล็อก	733	23.8	4887	1.65	slang	
2635	เพี้ยน	733	23.8	4825	1.61	slang	
2636	หายนะ	731	23.7	6151	2.45		
2637	อุโมงค์	731	23.7	6554	2.75		
2638	ชอย	730	23.7	19395	34.17		
2639	เงินสด	730	23.7	3780	1.07		y
2640	เดิมพัน	730	23.7	10146	6.44		
2641	อัพ	730	23.7	5508	2.03	slang	
2642	รัด	729	23.6	3381	0.90		
2643	เงื่อนไข	729	23.6	861	0.15		
2644	มุ่ง	729	23.6	1026	0.18		
2645	ขณะนี้	728	23.6	1195	0.22		
2646	คุกเข่า	728	23.6	6456	2.66		
2647	ล้อม	728	23.6	2213	0.48		
2648	เยซู	727	23.6	8539	4.50		
2649	เลิศ	727	23.6	2308	0.52		
2650	ชันสูตร	727	23.6	5155	1.79		
2651	ข่มขืน	726	23.5	3156	0.81		
2652	ฮึ	725	23.5	5642	2.10		
2653	ยุโรป	725	23.5	1065	0.19		
2654	เปียก	725	23.5	3175	0.81		y
2655	ปกครอง	725	23.5	523	0.08		
2656	ไวท์	724	23.5	9056	5.06		
2657	สตาร์ค	723	23.4	38333	speech-only		
2658	ติน	723	23.4	5311	1.88		
2659	ชี่	723	23.4	6166	2.43		
2660	แคมป์	722	23.4	8582	4.52	colloquial	
2661	ด่า	722	23.4	1910	0.39		
2662	เวย์	722	23.4	8882	4.86		
2663	อื้อ	721	23.4	5691	2.12	slang	
2664	บูธ	721	23.4	13052	11.25		
2665	เบรน	721	23.4	22103	51.74		
2666	ยง	721	23.4	3082	0.77		
2667	ปลูก	721	23.4	882	0.15		
2668	ออน	720	23.3	6463	2.63		
2669	เจ้าสาว	720	23.3	4284	1.29		
2670	ชอว์	719	23.3	12968	11.06		
2671	ขัดขวาง	719	23.3	3572	0.96		
2672	โย่	718	23.3	13270	11.71		
2673	โล่	718	23.3	6473	2.63		
2674	เกตุ	718	23.3	6402	2.58		
2675	ทะลุ	718	23.3	3195	0.81		
2676	คาล	717	23.2	15376	17.15		
2677	เบิ้ล	716	23.2	8303	4.21	slang	
2678	ปริศนา	716	23.2	5459	1.96		
2679	พราก	716	23.2	5355	1.89		
2680	วุ	715	23.2	14128	13.74		
2681	ซึง	715	23.2	10002	6.16		
2682	จูงใจ	715	23.2	2129	0.45		
2683	ล้ำ	715	23.2	2841	0.68	slang	
2684	ควีน	714	23.2	9468	5.49	colloquial	
2685	พี่เลี้ยง	714	23.2	4000	1.15		
2686	สุสาน	714	23.2	4794	1.55		
2687	สวด	714	23.2	2542	0.58	slang	
2688	พันล้าน	713	23.1	3730	1.02		y
2689	อวัยวะ	713	23.1	1798	0.35		y
2690	ผ	712	23.1	10535	6.78		
2691	หาง	711	23.1	2234	0.48		
2692	รัง	711	23.1	2198	0.47		
2693	ฮืม	710	23.0	21314	44.96		
2694	อีไล	710	23.0	26079	95.54		
2695	แช	710	23.0	4807	1.55		
2696	กระทรวง	709	23.0	334	0.05		
2697	ชำระ	709	23.0	1023	0.17		
2698	ซื่อ	709	23.0	3340	0.86		
2699	เซลล์	709	23.0	1656	0.31		y
2700	นิยม	709	23.0	428	0.07		
2701	เคร	708	23.0	10901	7.26		
2702	พิซซ่า	707	22.9		speech-only	slang	
2703	เลขา	707	22.9	4312	1.28	colloquial	
2704	ฝุ่น	707	22.9	2913	0.69		
2705	ระยำ	706	22.9	14300	13.82	offensive	
2706	คนขับ	706	22.9	3344	0.85		
2707	ระมัดระวัง	706	22.9	2053	0.42		
2708	หล่น	706	22.9	3325	0.85		
2709	แม่บ้าน	705	22.9	3186	0.79	colloquial	
2710	เทียน	704	22.8	1896	0.38	slang	y
2711	ภาษี	704	22.8	666	0.11		
2712	คอนเนอร์	703	22.8	19914	36.04		
2713	ฝันดี	703	22.8		speech-only	colloquial	
2714	สแตน	703	22.8	14432	14.28		
2715	เสด็จ	703	22.8	1024	0.17	colloquial	
2716	เหลือง	703	22.8	1517	0.28		
2717	วีดีโอ	703	22.8	9244	5.15		
2718	หาเรื่อง	703	22.8	4129	1.19		
2719	โบร	702	22.8	12277	9.45		
2720	ใกล้เคียง	702	22.8	1668	0.32		
2721	มิด	702	22.8	3818	1.05		
2722	ไบรอัน	701	22.7	14558	14.51		
2723	นานา	701	22.7	2440	0.53		
2724	หงุดหงิด	701	22.7	2521	0.56		
2725	ละเอียด	701	22.7	1258	0.22		
2726	ชีส	700	22.7	10458	6.55		
2727	ดินเนอร์	700	22.7	9344	5.23		
2728	สำนึก	700	22.7	2133	0.44		
2729	อับอาย	700	22.7	5301	1.82		
2730	โป	699	22.7	3244	0.81		
2731	เพิ่มเติม	698	22.6	947	0.16		
2732	ควัน	698	22.6	2519	0.56		
2733	กู้	698	22.6	1837	0.36		
2734	รีส	697	22.6	13451	11.72		
2735	พันธ์	697	22.6	2820	0.65		
2736	แต่ก่อน	696	22.6	2384	0.51		
2737	หัด	696	22.6	2574	0.57		
2738	เคิร์ท	694	22.5	22712	53.36		
2739	ลำพัง	694	22.5	3148	0.77		
2740	คุ้นเคย	694	22.5	1946	0.38		
2741	ฟุ	693	22.5	10312	6.32		
2742	กำลังใจ	693	22.5	1781	0.34		
2743	ฟัส	692	22.4	19964	35.47		
2744	บวก	692	22.4	1757	0.33	slang	y
2745	วาย	692	22.4	3172	0.78	slang	
2746	เพียร์ซ	691	22.4	24096	67.62		
2747	พัด	691	22.4	2045	0.41	slang	
2748	จุ	690	22.4	3443	0.87	colloquial	
2749	ถล่ม	690	22.4	3682	0.96		
2750	ย่อม	689	22.3	409	0.06		
2751	รอล	688	22.3	7768	3.54		
2752	กรุ๊ป	688	22.3	6588	2.62		
2753	เท่านี้	688	22.3	3745	0.99		
2754	เมล์	687	22.3	4664	1.43		
2755	อพยพ	687	22.3	2033	0.41		
2756	ชะตา	687	22.3	3717	0.98		
2757	คิง	686	22.2	3400	0.85	colloquial	
2758	ขณะ	686	22.2	902	0.14		
2759	ทิม	685	22.2	7389	3.18		
2760	แผ่นดิน	685	22.2	954	0.16		
2761	เจ้าหนู	684	22.2	10351	6.29		
2762	แช่	684	22.2	3479	0.88		
2763	ละอาย	683	22.1	5884	2.13		
2764	ห่อ	683	22.1	2245	0.46		y
2765	วูด	682	22.1	9768	5.60		
2766	แล	682	22.1	1079	0.18	colloquial	
2767	โคลน	682	22.1	3938	1.07		
2768	สุภาพ	682	22.1	2845	0.65		
2769	ลอบ	682	22.1	3248	0.79		
2770	ดั่ง	681	22.1	3333	0.82		
2771	จัน	680	22.0	3002	0.70		
2772	เลอ	680	22.0	4400	1.28		
2773	คาร์ลอส	678	22.0	9688	5.45		
2774	นักร้อง	678	22.0	2530	0.55		
2775	ก่อการ	677	22.0	3157	0.75		
2776	ยากลำบาก	677	22.0	3656	0.94		
2777	ปัญญาอ่อน	676	21.9	6751	2.67	offensive	
2778	นักศึกษา	676	21.9	942	0.15		
2779	แซล	675	21.9	16049	17.72		
2780	ทิส	675	21.9	11961	8.55		
2781	ออส	675	21.9	7141	2.94		
2782	ชายหาด	675	21.9	4089	1.12		y
2783	ความเสียหาย	675	21.9	1380	0.24		
2784	สว่าง	675	21.9	1483	0.26		
2785	คืบหน้า	675	21.9	3558	0.89		
2786	เบบ	675	21.9	28928	121.11		
2787	ภาวนา	674	21.9	3733	0.97		
2788	นอร์	673	21.8	9695	5.41		
2789	กล้ามเนื้อ	673	21.8	1881	0.35		y
2790	ปรึกษา	673	21.8	1075	0.17		
2791	ครอบครอง	673	21.8	1775	0.33		
2792	มายา	672	21.8	5057	1.60		
2793	กี่โมง	671	21.8		speech-only	slang	y
2794	บัน	671	21.8	4070	1.11		
2795	เสา	671	21.8	1924	0.37		
2796	ลาร์	670	21.7	9071	4.68		
2797	แปลง	670	21.7	1601	0.29		
2798	นักบิน	670	21.7	5002	1.56		
2799	มยอง	669	21.7	32642	speech-only		
2800	ใหน	669	21.7	17466	22.51		
2801	คุณครู	668	21.7	3101	0.72		
2802	ตาบอด	668	21.7	3983	1.07		
2803	ลงทุน	667	21.6	1364	0.23		
2804	รัชทายาท	666	21.6	7533	3.23		
2805	ลัส	666	21.6	8429	4.03		
2806	คุณค่า	665	21.6	1072	0.17		
2807	ประกาย	665	21.6	2163	0.43		
2808	อเล็ก	664	21.5	7334	3.04		
2809	สูด	663	21.5	3513	0.86		
2810	อิล	662	21.5	9996	5.70		
2811	สลัด	662	21.5	3955	1.05		
2812	รั่ว	662	21.5	2855	0.63	offensive	
2813	วางยา	661	21.4	9997	5.69		
2814	ใต้เท้า	660	21.4	15157	15.12		
2815	เมตร	660	21.4	1294	0.21		y
2816	แล้วแต่	660	21.4	1298	0.21		
2817	ดวงอาทิตย์	660	21.4	2243	0.45		y
2818	ย่ะ	659	21.4	3926	1.03	slang	
2819	ยังงี้	659	21.4	5840	2.03		
2820	หนา	659	21.4	1681	0.30		y
2821	ทับ	659	21.4	1912	0.36		
2822	เวส	658	21.3	8916	4.45		
2823	ทำนาย	658	21.3	3406	0.82		
2824	เคย์	657	21.3	16737	19.65		
2825	โอน	657	21.3	1279	0.21		
2826	คลุม	657	21.3	2675	0.57		
2827	เคอร์	656	21.3	8052	3.62		
2828	เรียบ	656	21.3	1438	0.24	colloquial	
2829	ฮอล	655	21.2	12786	9.66		
2830	เงินเดือน	655	21.2	1450	0.25		y
2831	ผลประโยชน์	654	21.2	1046	0.17		
2832	ใส	654	21.2	1154	0.18		
2833	ไหล่	654	21.2	2034	0.39		y
2834	ทุบ	654	21.2	3688	0.92		
2835	ฮง	653	21.2	5702	1.92		
2836	ไอ้เวร	652	21.1		speech-only	offensive	
2837	สาขา	652	21.1	872	0.13		
2838	นั่นเอง	651	21.1	896	0.14	colloquial	
2839	รอยยิ้ม	651	21.1	1587	0.28		
2840	ลัง	651	21.1	5239	1.65		
2841	เลี้ยงดู	651	21.1	2200	0.43		
2842	เส้นเลือด	651	21.1	4482	1.26		y
2843	ผลไม้	650	21.1	1694	0.30		y
2844	โหลด	650	21.1	6951	2.69	colloquial	
2845	หลุยส์	649	21.0	5572	1.84		
2846	ทอ	648	21.0	2468	0.50		
2847	ค่าใช้จ่าย	648	21.0	1108	0.17		
2848	จอน	647	21.0	10103	5.66		
2849	เจ็ค	646	20.9	22133	46.36		
2850	ก็ช่าง	646	20.9	5989	2.07		
2851	หลับตา	646	20.9	2928	0.64		
2852	ดาวเทียม	646	20.9	3090	0.69	slang	y
2853	จีบ	646	20.9	3442	0.81	slang	
2854	กระแทก	646	20.9	3207	0.73		
2855	โว้	645	20.9	18585	25.72		
2856	เทค	645	20.9	4663	1.34		
2857	ลอต	645	20.9	15288	15.09		
2858	ลิซ	644	20.9	16713	19.26		
2859	เชฟ	644	20.9	6258	2.22	colloquial	
2860	ผู้ปกครอง	644	20.9	1606	0.28		
2861	กระบวนการ	643	20.8	568	0.08		
2862	ซิม	642	20.8	8270	3.74		
2863	ประกอบ	642	20.8	332	0.05		
2864	มอล	641	20.8	13225	10.30		
2865	โป๊	641	20.8	5810	1.95	slang	
2866	เดินหน้า	640	20.8	3538	0.84		
2867	เหมือง	640	20.8	4936	1.46		
2868	เพนนี	638	20.7	17835	22.89		
2869	ฟี	638	20.7	4386	1.19		
2870	ขายหน้า	638	20.7	7964	3.45		
2871	เต็มใจ	638	20.7	3098	0.69		
2872	โกดัง	638	20.7	8486	3.90	colloquial	
2873	เรส	637	20.7	4789	1.38		
2874	แสงสว่าง	637	20.7	3252	0.74		
2875	เชื่อฟัง	637	20.7	5071	1.52		
2876	การ์ตูน	637	20.7	2225	0.42		
2877	สำนัก	637	20.7	690	0.10		
2878	เค้	636	20.6	19611	31.12		
2879	คุณตา	636	20.6	4584	1.28		
2880	ซอส	636	20.6	6572	2.40		
2881	เลี่ยง	636	20.6	2779	0.58		
2882	ไข้	636	20.6	2350	0.46		
2883	โสเภณี	635	20.6	4732	1.35		
2884	หันหลัง	635	20.6	3379	0.78		
2885	แฮงค์	634	20.6	7906	3.38		
2886	เนะ	634	20.6	8857	4.24		
2887	เปียโน	634	20.6	4700	1.34		
2888	ทรัพย์สิน	634	20.6	723	0.11		
2889	ดอลล่าร์	633	20.5	7676	3.20		
2890	เหี้ย	633	20.5	11627	7.49	offensive	
2891	เที่ยวบิน	633	20.5	5369	1.68		
2892	นักวิทยาศาสตร์	633	20.5	3112	0.69		y
2893	มิติ	633	20.5	1748	0.30	slang	y
2894	หอ	633	20.5	2461	0.49	colloquial	
2895	ข่มขู่	633	20.5	2977	0.64		
2896	เอน	632	20.5	3557	0.84		
2897	ราวกับ	632	20.5	1232	0.20		
2898	เฟล	631	20.5	9488	4.85		
2899	กุน	630	20.4	7207	2.79		
2900	ปวดหัว	630	20.4	4053	1.03		y
2901	คม	629	20.4	1767	0.30		
2902	หนอน	629	20.4	5040	1.49	slang	
2903	โรม	628	20.4	2766	0.57		
2904	นิวเคลียร์	628	20.4	4451	1.20		
2905	ห้องสมุด	626	20.3	3299	0.74		
2906	โรแมนติก	625	20.3	4442	1.19	colloquial	
2907	ขัดจังหวะ	624	20.2	7221	2.79		
2908	เครื่องหมาย	624	20.2	1759	0.30		
2909	เซ่น	624	20.2	6791	2.48		
2910	ธนู	624	20.2	4143	1.06		
2911	วิท	623	20.2	6830	2.49		
2912	แคม	622	20.2	6110	2.06	colloquial	
2913	คู่รัก	622	20.2	4072	1.03		
2914	ประโยค	622	20.2	937	0.14		
2915	เด็บ	620	20.1	31243	speech-only		
2916	ขยะแขยง	619	20.1	9005	4.27		
2917	หน่วยงาน	619	20.1	649	0.09		
2918	รวมตัว	619	20.1	2226	0.41		
2919	ท่านหญิง	618	20.0	4764	1.33		
2920	บันดาล	618	20.0	2701	0.54		
2921	ปิ้ง	618	20.0	3359	0.75		y
2922	โทมัส	617	20.0	11892	7.72		
2923	พะยะค่ะ	617	20.0		speech-only	colloquial	
2924	เข็มขัด	617	20.0	5330	1.62		y
2925	หมัด	617	20.0	4190	1.06		y
2926	นอกใจ	617	20.0	8148	3.48		
2927	วินเซนต์	616	20.0	7260	2.77		
2928	ซีไอเอ	616	20.0	17334	20.09		
2929	บาทหลวง	616	20.0	5352	1.63		
2930	ไต	616	20.0	2418	0.46		y
2931	แหก	615	19.9	7981	3.34	offensive	
2932	รถยนต์	614	19.9	1196	0.18		y
2933	ชาร์	613	19.9	11228	6.73		
2934	กวาง	613	19.9	3804	0.91		
2935	เครื่องยนต์	613	19.9	3570	0.81		
2936	เวอ	613	19.9	7588	3.03		
2937	ลาง	613	19.9	4521	1.20		
2938	สุขสันต์วันเกิด	612	19.8		speech-only	colloquial	
2939	แบร์	612	19.8	6783	2.43		
2940	แค้น	612	19.8	2971	0.62		
2941	บรรดา	612	19.8	993	0.15		
2942	ลุค	611	19.8	9950	5.22		
2943	ชาง	611	19.8	12073	7.92		
2944	เอาเรื่อง	611	19.8	4038	1.00		
2945	เข็น	611	19.8	3981	0.98		
2946	ดัล	610	19.8	8935	4.16		
2947	พู	610	19.8	6133	2.03		
2948	แอร์	610	19.8	2860	0.59	colloquial	y
2949	ห้าง	610	19.8	2692	0.53	colloquial	y
2950	อ้วก	609	19.7	7176	2.68	colloquial	
2951	ทรี	608	19.7	6240	2.08		
2952	ลอน	608	19.7	6029	1.97		
2953	โดยตรง	608	19.7	1041	0.15		
2954	บัติ	608	19.7	5499	1.68		
2955	ที่นอน	608	19.7	2840	0.58		
2956	งค์	607	19.7	27818	93.35		
2957	นอกจากนี้	606	19.6	602	0.08		y
2958	เคส	606	19.6	9287	4.47		
2959	ดวงดาว	606	19.6	3657	0.84		
2960	ตรงกัน	606	19.6	2669	0.52		
2961	เก็บความ	606	19.6	7940	3.26		
2962	จุดประสงค์	606	19.6	3425	0.76		
2963	แคโรไลน์	605	19.6	27747	93.04		
2964	อัตรา	605	19.6	463	0.06		y
2965	แบรด	604	19.6	13594	10.49		
2966	ซัมเมอร์	604	19.6	9867	5.04		
2967	มหาสมุทร	604	19.6	3646	0.83		y
2968	กอ	604	19.6	3239	0.70		
2969	วอชิงตัน	603	19.6	5656	1.75		
2970	นอกเหนือ	603	19.6	1895	0.32		
2971	ทราย	603	19.6	1460	0.23		y
2972	นำทาง	603	19.6	5220	1.52		
2973	บอร์ด	603	19.6	3946	0.95	colloquial	
2974	เห็นใจ	603	19.6	2627	0.51		
2975	ตกเป็น	603	19.6	1653	0.27		
2976	อีริค	602	19.5	13059	9.39		
2977	แคล	602	19.5	11435	6.89		
2978	ข้อมือ	602	19.5	2990	0.62		
2979	ด้านหน้า	601	19.5	2706	0.53		
2980	สลับ	600	19.5	2123	0.38		
2981	เฮอร์	599	19.4	9636	4.78		
2982	ทุเรศ	599	19.4		speech-only	offensive	
2983	อภัย	599	19.4	2955	0.60		
2984	สนทนา	599	19.4	1651	0.27		
2985	สโนว์	598	19.4	15873	15.33		
2986	ใช	598	19.4	14972	13.14		
2987	จักรยาน	598	19.4	2451	0.46		y
2988	วงการ	598	19.4	1461	0.23	slang	
2989	เคลย์	597	19.4	25330	71.41		
2990	อังคาร	597	19.4	2834	0.56		
2991	เคลื่อนที่	597	19.4	2504	0.47		
2992	คนงาน	597	19.4	1769	0.29		
2993	เหงื่อ	597	19.4	3041	0.63		y
2994	ฉาย	597	19.4	1455	0.22		
2995	โอว	596	19.3	20814	33.77		
2996	พีท	596	19.3	10600	5.73		
2997	เทีย	596	19.3	7814	3.10		
2998	ไทย	596	19.3	61	0.01	offensive	
2999	ทริค	595	19.3	17358	19.41		
3000	คูณ	595	19.3	3555	0.79		y
3001	ผู้เล่น	595	19.3	5073	1.42		
3002	แฟรง	594	19.3	14127	11.42		
3003	เลขที่	594	19.3	3008	0.61		
3004	เบิล	594	19.3	8476	3.61		
3005	เด็กชาย	594	19.3	2676	0.52		
3006	แฟชั่น	594	19.3	1831	0.30	colloquial	
3007	ปรุง	594	19.3	2513	0.47		
3008	รปภ	593	19.2		speech-only	colloquial	
3009	นอ	593	19.2	6589	2.26		
3010	เน็ท	593	19.2	14401	11.82		
3011	ลีโอ	593	19.2	3844	0.90		
3012	บลู	592	19.2	5793	1.80		
3013	มรดก	592	19.2	2369	0.43		
3014	อ่ะนะ	591	19.2		speech-only	slang	
3015	บัง	591	19.2	3542	0.78	colloquial	
3016	ดูก่อน	591	19.2	5813	1.81	colloquial	
3017	บทความ	591	19.2	1776	0.29		
3018	ชาร์ล	589	19.1	10198	5.24		
3019	เม็ด	589	19.1	1507	0.23		y
3020	ชุมชน	589	19.1	477	0.06		
3021	ยี	587	19.0	4315	1.06		
3022	ปากกา	587	19.0	4247	1.04		
3023	ให	587	19.0	8729	3.81		
3024	เชส	586	19.0	11467	6.71		
3025	โหด	586	19.0	4658	1.22		
3026	เพจ	585	19.0	10778	5.83	colloquial	
3027	ฮัต	585	19.0	10443	5.48		
3028	กอล์ฟ	585	19.0	3236	0.68		y
3029	เคลื่อน	585	19.0	1917	0.32		
3030	ส่วนร่วม	585	19.0	1557	0.24		
3031	เอเดน	584	18.9	23644	52.39		
3032	ห่างไกล	584	18.9	2917	0.57		
3033	ทุ่มเท	584	18.9	3716	0.83		
3034	ยุติ	584	18.9	2500	0.46		
3035	เปรียบเทียบ	584	18.9	871	0.12		
3036	ฮัม	583	18.9	5948	1.85		
3037	โห	582	18.9	3906	0.90		
3038	งั่ง	582	18.9	20574	32.98	offensive	
3039	กระหม่อม	582	18.9	5489	1.61	colloquial	
3040	สิวะ	582	18.9	9607	4.61		
3041	เลียนแบบ	582	18.9	3603	0.79		
3042	พิทักษ์	581	18.8	2710	0.51		
3043	วิว	581	18.8	4541	1.15		
3044	เฮาส์	580	18.8	8386	3.47		
3045	คลา	580	18.8	6150	1.95		
3046	กำพร้า	580	18.8	6122	1.93		
3047	อย่ามายุ่ง	579	18.8		speech-only	slang	
3048	ซอก	579	18.8	3985	0.93		
3049	ลมหายใจ	579	18.8	2172	0.37		
3050	ต้ม	579	18.8	2119	0.36	colloquial	y
3051	โศก	579	18.8	3575	0.77		
3052	ตอบรับ	579	18.8	2601	0.48		
3053	เอาชีวิต	579	18.8	7212	2.58		
3054	จับตา	579	18.8	4919	1.31		
3055	เจตนา	579	18.8	694	0.09		
3056	ฟี่	578	18.7	11701	6.99		
3057	ฮิล	578	18.7	6346	2.05		
3058	นัน	578	18.7	3738	0.83		
3059	นิตยสาร	578	18.7	1629	0.25		
3060	ฟู	578	18.7	3271	0.68		
3061	ปัญญา	578	18.7	1150	0.16	slang	
3062	ส่งตัว	577	18.7	4626	1.18		
3063	ล็อต	576	18.7	8611	3.63		
3064	บัล	576	18.7	6291	2.01		
3065	วงจรปิด	576	18.7	8340	3.43		
3066	มัส	576	18.7	4851	1.28		
3067	เท่	576	18.7	4197	1.00	slang	
3068	หว่า	576	18.7	4026	0.94		
3069	ตำหนิ	576	18.7	3121	0.63		
3070	เดย์	575	18.6	4790	1.25		
3071	แบรน	575	18.6	15837	14.74		
3072	แป๊ป	575	18.6	18425	22.93		
3073	แอ๊บ	574	18.6	18352	22.07	slang	
3074	ศิลปิน	574	18.6	1405	0.21		
3075	มิล	574	18.6	6563	2.17		
3076	ดึงดูด	574	18.6	3375	0.70		
3077	องศา	573	18.6	2222	0.38		y
3078	เร็ค	573	18.6	20717	32.47		
3079	ฮอ	573	18.6	12290	7.71		
3080	ผู้โดยสาร	573	18.6	2775	0.52		
3081	ครอง	573	18.6	1927	0.31		
3082	อน	573	18.6	6216	1.96		
3083	ถ้ำ	573	18.6	2939	0.57		y
3084	วิคตอเรีย	572	18.5	10688	5.60		
3085	ราช	572	18.5	627	0.08		
3086	ลังเล	572	18.5	3621	0.78		
3087	ความมั่นใจ	572	18.5	2660	0.49		
3088	ถนัด	572	18.5	2363	0.42		
3089	วิต	571	18.5	8347	3.40		
3090	แซค	570	18.5	17151	18.05		
3091	มีเสียง	570	18.5	1870	0.30		
3092	วอล์ค	569	18.5	14284	11.14		
3093	รด	569	18.5	3503	0.74		
3094	ซึ้ง	569	18.5	3820	0.85	slang	
3095	กิจ	569	18.5	1824	0.29		
3096	ข่าวร้าย	568	18.4	9963	4.85		
3097	เกิ้ล	568	18.4	12826	8.49		
3098	ชง	568	18.4	4249	1.00	slang	
3099	ซอล	567	18.4	11723	6.86		
3100	ออนไลน์	567	18.4	3599	0.77		
3101	ละลาย	567	18.4	3360	0.69		y
3102	อลัน	566	18.4	11415	6.41		
3103	วส	566	18.4	19347	26.49		
3104	โซเฟีย	565	18.3	18570	22.53		
3105	ยัน	565	18.3	2921	0.56		
3106	ชุน	563	18.3	3171	0.63		
3107	อุ้ม	563	18.3	2869	0.54	slang	
3108	วู้	562	18.2	14179	10.80		
3109	ถ	562	18.2	6822	2.25		
3110	ดุ	562	18.2	2181	0.37		
3111	แกะรอย	562	18.2	13588	9.60		
3112	ก็แล้วแต่	561	18.2	5064	1.34		
3113	สมเพช	561	18.2	8841	3.73		
3114	จุดเริ่มต้น	561	18.2	3669	0.78		
3115	กิจการ	561	18.2	643	0.08		
3116	เยอร์	560	18.2	12832	8.37		
3117	คลาส	560	18.2	6604	2.14	colloquial	
3118	แฟ	560	18.2	7775	2.88		
3119	ล่อง	560	18.2	3170	0.63		
3120	โซฟา	560	18.2	4440	1.07		y
3121	ใจร้าย	560	18.2	5510	1.55		y
3122	มหาศาล	560	18.2	2571	0.46		
3123	ราชวงศ์	560	18.2	2399	0.42		
3124	คู่แข่ง	560	18.2	3580	0.75		
3125	เข่า	559	18.1	2599	0.47		y
3126	ย่อย	559	18.1	1031	0.14		
3127	หึ	558	18.1	3267	0.65	slang	
3128	วิก	558	18.1	6433	2.02	colloquial	
3129	ไส้	557	18.1	3001	0.57	colloquial	
3130	ไดอาน่า	556	18.0	10898	5.70		
3131	เสียที	556	18.0	2831	0.53		
3132	เสธ	556	18.0	12215	7.39		
3133	ลอส	555	18.0	8292	3.25		
3134	ดวงจันทร์	555	18.0	2760	0.50		y
3135	แพน	554	18.0	4148	0.94		
3136	เด็ด	554	18.0	3512	0.72		
3137	ติดตั้ง	554	18.0	3004	0.57		
3138	ร่ม	553	17.9	2830	0.52		y
3139	ความร่วมมือ	553	17.9	1342	0.19		
3140	กระหาย	553	17.9	5272	1.42		
3141	คัท	552	17.9	10462	5.17		
3142	แต้ม	552	17.9	3164	0.62		
3143	ก้าวหน้า	552	17.9	1390	0.20		
3144	เซอร์ไพรส์	551	17.9	7757	2.82		
3145	ศ	550	17.8	6666	2.13		
3146	ปรับปรุง	550	17.8	921	0.12		
3147	ตัวเรา	550	17.8	2273	0.38		
3148	เดือดร้อน	550	17.8	1737	0.26		
3149	ทะเลสาบ	549	17.8	4698	1.16		
3150	เข้าข้าง	549	17.8	4241	0.97		
3151	มายัง	549	17.8	1930	0.30		
3152	คับ	548	17.8	4594	1.10	slang	
3153	รก	548	17.8	3309	0.65		
3154	พลิก	548	17.8	1996	0.31		
3155	เครื่องจักร	547	17.7	2857	0.52		
3156	นพ	546	17.7	2573	0.45		
3157	ลิฟท์	546	17.7	5219	1.38		
3158	ธง	546	17.7	3016	0.57		
3159	ทัวร์	546	17.7	2749	0.49	slang	
3160	กลืน	546	17.7	2998	0.56		
3161	เจ้าตัว	545	17.7	2709	0.48		
3162	เทส	545	17.7	7973	2.95		
3163	ไนท์	544	17.6	9300	4.01		
3164	นวด	544	17.6	2503	0.43		
3165	ขนส่ง	544	17.6	1140	0.15	slang	
3166	ขบวน	544	17.6	2255	0.37		
3167	คลาร์ก	543	17.6	18522	21.65		
3168	เนิร์ด	543	17.6	27546	83.51		
3169	เอ๋ย	543	17.6	4609	1.11		
3170	แก๊ส	543	17.6	4882	1.22	colloquial	y
3171	พระจันทร์	543	17.6	3654	0.75		
3172	ปรกติ	543	17.6	1753	0.26		
3173	หรู	543	17.6	3416	0.68		
3174	เม็ก	541	17.5	9938	4.59		
3175	ภายหลัง	541	17.5	1037	0.14		
3176	อ่าง	541	17.5	3482	0.69		
3177	กรุง	541	17.5	881	0.11		
3178	ทอดทิ้ง	541	17.5	4632	1.11		
3179	ส่วนมาก	540	17.5	1974	0.31		
3180	ถ่วง	540	17.5	5297	1.39		
3181	กรง	540	17.5	4836	1.19		
3182	ทาว	539	17.5	13007	8.41		
3183	ทุกวันนี้	539	17.5	1442	0.20		
3184	สปา	539	17.5	3963	0.86		
3185	กระบอก	539	17.5	2316	0.39		
3186	ประหาร	539	17.5	2723	0.48		
3187	เฮ่	538	17.4	26501	72.40		
3188	เกิล	538	17.4	9309	3.99		
3189	ทะเบียน	538	17.4	1299	0.17		
3190	เสพ	538	17.4	2815	0.50		
3191	อิทธิพล	538	17.4	833	0.10		
3192	รน	537	17.4	7881	2.85		
3193	สกี	537	17.4	6657	2.08		
3194	มือปืน	537	17.4	7177	2.36		
3195	ผู้ชม	537	17.4	2548	0.44		
3196	แบท	536	17.4	16421	15.18		
3197	อยู่จริง	536	17.4	4938	1.22		
3198	แพท	535	17.3	6701	2.09		
3199	มิตรภาพ	535	17.3	4401	1.01		
3200	หุ้นส่วน	535	17.3	4209	0.93		
3201	ไร่	535	17.3	1289	0.17		y
3202	รัฐมนตรี	534	17.3	1045	0.13		
3203	กระป๋อง	534	17.3	3230	0.61		
3204	บาว	533	17.3	18257	20.49		
3205	ส่งเสียง	533	17.3	2786	0.49		
3206	ดัม	533	17.3	9571	4.19		
3207	บริต	532	17.3	36675	speech-only		
3208	ไคล์	532	17.3	32500	speech-only		
3209	ร็อบ	532	17.3	13993	9.87		
3210	รพ	532	17.3	11203	5.78		
3211	ลูกเรือ	532	17.3	5592	1.52		
3212	เครื่องแบบ	532	17.3	4396	1.00		
3213	แบล็ค	531	17.2	11704	6.42		
3214	ลิ่ง	531	17.2	8776	3.49		
3215	โน้มน้าว	531	17.2	4418	1.00		
3216	ตกแต่ง	531	17.2	2075	0.32		
3217	ด๊อก	530	17.2	9811	4.39		
3218	ทูต	530	17.2	2471	0.41		
3219	อู้	529	17.2	5891	1.65		
3220	เป๊ะ	529	17.2	7158	2.31	slang	
3221	บ่อ	529	17.2	2215	0.35		
3222	คัล	528	17.1	8372	3.16		
3223	มุ่งมั่น	528	17.1	3180	0.59		
3224	สร้อย	528	17.1	3043	0.56		
3225	อนุมัติ	528	17.1	1427	0.19		
3226	เทศกาล	528	17.1	2809	0.49		y
3227	มาเรีย	527	17.1	6205	1.80		
3228	รี้ด	527	17.1	21793	35.46		
3229	โรมัน	527	17.1	3270	0.62		
3230	รับประกัน	527	17.1	5433	1.43		
3231	สมาคม	527	17.1	1190	0.16		
3232	หลวงพ่อ	526	17.1		speech-only	colloquial	
3233	สารวัตร	526	17.1	5575	1.49		
3234	เลดี้	525	17.0	13331	8.56		
3235	ปิ	525	17.0	3304	0.63		
3236	เคลื่อนย้าย	525	17.0	2722	0.47		
3237	เครือข่าย	525	17.0	1679	0.24		
3238	เอก	525	17.0	1552	0.22		
3239	ไลท์	524	17.0	9935	4.44		
3240	ไพ	524	17.0	4649	1.08		
3241	กวี	524	17.0	1854	0.27		
3242	ริก	523	17.0	4834	1.15		
3243	เลย์	523	17.0	4931	1.19		
3244	คู่ควร	522	16.9	10908	5.35		
3245	หลอน	522	16.9	7315	2.38	slang	
3246	แอช	521	16.9	18188	20.03		
3247	อป	521	16.9	10614	5.01		
3248	ดิส	521	16.9	4233	0.91		
3249	มาดาม	520	16.9	8125	2.92		
3250	ออร์	520	16.9	5687	1.53		
3251	มูลค่า	520	16.9	1307	0.17		
3252	ออกอากาศ	520	16.9	5375	1.38		
3253	ศักดิ์ศรี	520	16.9	3261	0.61		
3254	หยด	520	16.9	3256	0.61		
3255	ทะเลทราย	520	16.9	5929	1.64		
3256	ขอยืม	520	16.9	6134	1.73		
3257	ประมูล	520	16.9	2751	0.47		
3258	ลอว์	519	16.8	11247	5.70		
3259	กัญชา	519	16.8	8221	2.99		
3260	ฝึกงาน	519	16.8	5208	1.31		
3261	แคบ	519	16.8	2287	0.36		
3262	เถิด	518	16.8	3021	0.54	colloquial	y
3263	แล็บ	518	16.8	7962	2.80	colloquial	
3264	บทบาท	518	16.8	654	0.08		
3265	คอนราด	517	16.8	14301	10.12		
3266	สันต์	517	16.8	3158	0.58		
3267	เบลล์	516	16.7	10742	5.14		
3268	ดีเอ็นเอ	516	16.7	3498	0.67		y
3269	เสะ	516	16.7	22320	37.03		
3270	กรรมการ	516	16.7	589	0.07		y
3271	นีย์	516	16.7	4460	0.99		
3272	น้ำเงิน	516	16.7	2787	0.48		
3273	อัศจรรย์	516	16.7	5026	1.22	slang	
3274	ยั่ว	516	16.7	4303	0.93		
3275	เวียน	515	16.7	2298	0.36		
3276	นึกออก	515	16.7	6596	1.97		
3277	ถอนตัว	515	16.7	5539	1.44		
3278	ชายฝั่ง	515	16.7	2654	0.44		
3279	ผู้ร้าย	514	16.7	3790	0.76		
3280	ทุ่ง	514	16.7	2266	0.35	colloquial	
3281	ทนายความ	513	16.6	3146	0.57		
3282	นี่ย์	513	16.6	17648	17.81		
3283	ผลิ	513	16.6	5048	1.22		
3284	เยาะ	513	16.6	4414	0.97		
3285	แม่น	512	16.6	4719	1.08		
3286	คำราม	511	16.6	7244	2.29		
3287	ถอยหลัง	511	16.6	4956	1.18		
3288	เวิร์ค	511	16.6	8336	3.02		
3289	ทบทวน	511	16.6	2072	0.31		
3290	สิ่งของ	511	16.6	2229	0.34		
3291	เท็ก	510	16.5	10518	4.82		
3292	ค่าเช่า	510	16.5	2477	0.40		
3293	คำอธิบาย	510	16.5	2084	0.31		
3294	กล่อม	510	16.5	5561	1.44		
3295	สแกน	509	16.5	8301	2.99		
3296	เผลอ	508	16.5	2315	0.36		
3297	สโตน	507	16.4	13398	8.40		
3298	ตกปลา	507	16.4	8393	3.05		
3299	คุณสมบัติ	507	16.4	1001	0.12		
3300	แอรอน	506	16.4	26138	68.09		
3301	เชีย	506	16.4	5385	1.35		
3302	งง	506	16.4	1933	0.28	slang	
3303	สันติ	506	16.4	2859	0.49		
3304	จักร	506	16.4	2413	0.38		
3305	เศรษฐี	506	16.4	2682	0.44		
3306	สูญ	506	16.4	3957	0.80		
3307	สยอง	506	16.4	5603	1.44		
3308	ซัล	505	16.4	8318	2.97		
3309	วาร์	505	16.4	13066	7.88		
3310	สถาบัน	505	16.4	490	0.06		
3311	กุหลาบ	504	16.3	2152	0.32		
3312	ท่อน	504	16.3	2528	0.41		
3313	เต้	504	16.3	2900	0.49		
3314	ดาวเคราะห์	504	16.3	3638	0.69		y
3315	ฟาด	504	16.3	3975	0.80	slang	
3316	ร้องขอ	504	16.3	2313	0.36		
3317	อุตส่าห์	504	16.3	3253	0.59		
3318	พันธมิตร	503	16.3	3297	0.60		
3319	หนวด	503	16.3	3624	0.69		
3320	ข้ออ้าง	503	16.3	5147	1.24		
3321	ตรงกลาง	502	16.3	3329	0.60		
3322	รสนิยม	502	16.3	3853	0.76		
3323	ชิบ	501	16.2	11449	5.74		
3324	มันฝรั่ง	501	16.2	8495	3.06		
3325	ดม	501	16.2	3613	0.68		
3326	ข้าวของ	501	16.2	2911	0.49		
3327	กอร์ดอน	500	16.2	13260	8.16		
3328	ก้ม	500	16.2	1526	0.20		
3329	บอสตัน	500	16.2	12164	6.56		
3330	อุณหภูมิ	500	16.2	2176	0.32		y
3331	ลล์	500	16.2	30171	107.65		
3332	วิช	500	16.2	5974	1.60		
3333	พับ	499	16.2	3179	0.56		
3334	นู	499	16.2	5326	1.31		
3335	วีรบุรุษ	499	16.2	5472	1.37		
3336	ซีน	499	16.2	5862	1.54		
3337	วอ	499	16.2	7351	2.30	slang	
3338	ก่อตั้ง	499	16.2	2664	0.43		
3339	เบรียล	498	16.1	17965	18.49		
3340	ชิพ	498	16.1	8164	2.82		
3341	ยย	498	16.1	4337	0.91		
3342	ทายาท	498	16.1	3753	0.72		
3343	ปัก	497	16.1	1733	0.23		
3344	ชะตากรรม	496	16.1	5124	1.21		
3345	ยี่สิบ	496	16.1	2046	0.29		y
3346	เคมี	496	16.1	3966	0.79		y
3347	ชู่ว	495	16.1	26589	66.61		
3348	หน่า	495	16.1	16901	15.22		
3349	ภักดี	495	16.1	4453	0.95		
3350	เศรษฐกิจ	494	16.0	221	0.02		
3351	กาศ	494	16.0	10643	4.79		
3352	แบงค์	493	16.0	9038	3.42		
3353	รูปถ่าย	493	16.0	3504	0.64		
3354	ฑูต	493	16.0	8132	2.78		
3355	มอส	492	16.0	6918	2.02		
3356	มาร	492	16.0	3639	0.67	offensive	
3357	ปลื้ม	492	16.0	3626	0.67		
3358	แพร่	491	15.9	2816	0.46		
3359	สก๊อต	490	15.9	14646	10.34		
3360	พาร์ค	490	15.9	11060	5.22		
3361	กระซิบ	490	15.9	2796	0.45		
3362	ทส์	490	15.9	32917	speech-only		
3363	เทวดา	490	15.9	3045	0.52	offensive	
3364	จรวด	490	15.9	6161	1.64	slang	y
3365	ซิด	489	15.9	18411	19.50		
3366	คาส	489	15.9	5907	1.53		
3367	วุฒิสมาชิก	489	15.9	6839	1.96	colloquial	
3368	ดักฟัง	489	15.9	15813	12.53		
3369	ธิว	488	15.8	19050	21.01		
3370	เกลือ	488	15.8	2777	0.45	colloquial	y
3371	พิพิธภัณฑ์	488	15.8	2566	0.40		
3372	พ่อค้า	488	15.8	2168	0.32		
3373	ยว	488	15.8	11863	6.04		
3374	ถ่ายทอด	488	15.8	1561	0.20		
3375	ทำท่า	488	15.8	1731	0.23		
3376	ม่อน	487	15.8	5381	1.30		
3377	แท่ง	487	15.8	3900	0.75		
3378	ไซด์	487	15.8	8764	3.20		
3379	งา	487	15.8	2757	0.44		
3380	หม้อ	487	15.8	2758	0.44	slang	y
3381	ยินยอม	487	15.8	1541	0.20		
3382	กึม	486	15.8	21937	32.70		
3383	หัวข้อ	486	15.8	1685	0.22		
3384	อิ่ม	486	15.8	2251	0.33		y
3385	โรล	486	15.8	9924	4.12		
3386	สับ	486	15.8	3973	0.78		y
3387	จัก	486	15.8	2089	0.30		
3388	ประทาน	485	15.7	3618	0.66		
3389	นักกีฬา	485	15.7	2683	0.42		
3390	กระท่อม	485	15.7	5445	1.32		
3391	ซุ่ม	485	15.7	7079	2.08	slang	
3392	พรรคพวก	484	15.7	4417	0.91		
3393	เมลล์	484	15.7	23751	43.42		
3394	แผลเป็น	484	15.7	5919	1.52		
3395	อร	484	15.7	2329	0.35		
3396	แถบ	484	15.7	1697	0.22		
3397	ศีรษะ	484	15.7	1481	0.19		
3398	เร็กซ์	483	15.7	21178	28.89		
3399	ลูกบอล	483	15.7	11159	5.25		
3400	พื้นดิน	483	15.7	3501	0.62		
3401	นิน	482	15.6	7199	2.14		
3402	เอ็กซ์	482	15.6	5498	1.33	slang	
3403	ขนลุก	482	15.6	5703	1.42		
3404	อิสรภาพ	482	15.6	3645	0.66		
3405	จุดอ่อน	482	15.6	3275	0.57		
3406	โถง	482	15.6	4600	0.98		
3407	กระโปรง	482	15.6	3355	0.58		y
3408	ปิดปาก	482	15.6	5179	1.20		
3409	บอส	481	15.6	8085	2.67	colloquial	
3410	แว่น	481	15.6	3173	0.54	slang	
3411	บรรจุ	480	15.6	1329	0.16		
3412	ถึงขนาด	480	15.6	2538	0.39		
3413	ผลักดัน	480	15.6	2101	0.30		
3414	เด่น	480	15.6	1761	0.23		
3415	เสียบ	480	15.6	4355	0.89		
3416	หอบ	479	15.5	2943	0.48		
3417	เซ่	479	15.5	5470	1.32		
3418	ชั้นใน	479	15.5	4235	0.84		
3419	ดั้งเดิม	479	15.5	1915	0.26		
3420	พรม	479	15.5	3589	0.64		
3421	แกร่ง	478	15.5	5368	1.27		
3422	บรูซ	477	15.5	17180	15.56		
3423	มาสต์	477	15.5	29755	102.70		
3424	ผจญภัย	477	15.5	4096	0.79		
3425	สีหน้า	477	15.5	1485	0.18		
3426	ริช	476	15.4	11287	5.28		
3427	ตราบเท่า	476	15.4	6829	1.90		
3428	เฮ้าส์	476	15.4	7238	2.14		
3429	สัญชาตญาณ	476	15.4	4362	0.88		
3430	ถ่ายทำ	476	15.4	4643	0.98		
3431	จูเนียร์	475	15.4	11362	5.33		
3432	ฝึกซ้อม	475	15.4	5082	1.14		
3433	สตรี	475	15.4	1376	0.17		
3434	มุข	475	15.4	4656	0.99		
3435	แว	474	15.4	8391	2.83		
3436	รุ่ง	474	15.4	1808	0.24		
3437	สืบทอด	474	15.4	2892	0.46		
3438	พิลึก	473	15.3	5351	1.25		
3439	จริงใจ	473	15.3	3908	0.73		
3440	ประสิทธิภาพ	473	15.3	867	0.09		
3441	ทัพ	473	15.3	2745	0.43	slang	
3442	รอบคอบ	473	15.3	3078	0.50		
3443	กิจกรรม	473	15.3	637	0.07		
3444	ชัวร์	472	15.3	6656	1.83		
3445	อมตะ	472	15.3	5146	1.16		
3446	ออกกำลังกาย	472	15.3	2131	0.30		y
3447	เชิง	472	15.3	465	0.05		
3448	นิทาน	472	15.3	1575	0.20		
3449	เกิร์ล	471	15.3	12605	6.76		
3450	รายได้	471	15.3	564	0.06		
3451	แอนด์	470	15.2	4147	0.80		
3452	แฮป	470	15.2	5474	1.29	colloquial	
3453	ฟูจิ	470	15.2	13755	8.29		
3454	บิดา	470	15.2	1266	0.15		
3455	มาตรฐาน	470	15.2	683	0.07		
3456	อวด	470	15.2	3064	0.50		
3457	ฐ	469	15.2	7852	2.47		
3458	ซี่ย์	469	15.2	18371	18.03		
3459	อะนะ	469	15.2	16486	13.29		
3460	ซอมบี้	469	15.2	31990	speech-only		
3461	ลอก	469	15.2	3481	0.60		
3462	แต่งหน้า	469	15.2	3798	0.69		
3463	เมนท์	469	15.2	7626	2.34		
3464	เผย	469	15.2	1955	0.26		
3465	แบ่งปัน	469	15.2	4356	0.87		
3466	มอบหมาย	469	15.2	1447	0.18		
3467	พอตเตอร์	468	15.2	17193	15.27		
3468	ชู่	468	15.2	16196	12.60		
3469	เบอร์โทร	468	15.2		speech-only	colloquial	
3470	โลง	468	15.2	5227	1.18		
3471	นามสกุล	467	15.1	4051	0.77		
3472	พ่ายแพ้	467	15.1	4071	0.77		
3473	กรอบ	467	15.1	1061	0.12		
3474	ลื่น	467	15.1	4640	0.96		
3475	เพียบ	466	15.1	5824	1.43		
3476	แอค	465	15.1	11765	5.69		
3477	อ่าว	465	15.1	4505	0.91		y
3478	ร้ายกาจ	465	15.1	6391	1.66		
3479	เทา	465	15.1	2979	0.47		
3480	ละทิ้ง	465	15.1	5167	1.15		
3481	หนูน้อย	464	15.0	6564	1.75		
3482	ตรงกันข้าม	464	15.0	1935	0.25		
3483	สุก	464	15.0	2695	0.41		
3484	ปรบมือ	464	15.0	6219	1.59		
3485	เกน	463	15.0	8397	2.78		
3486	แคระ	463	15.0	10522	4.37		
3487	ไลน์	463	15.0	8079	2.57		y
3488	แจก	463	15.0	2224	0.31	slang	
3489	โกน	462	15.0	6375	1.65		
3490	ชดเชย	462	15.0	3387	0.57		
3491	ของหวาน	461	14.9	6390	1.65		
3492	มนตร์	461	14.9	11171	5.01		
3493	ส่งผล	461	14.9	848	0.09		
3494	บ็อบบี้	460	14.9	19448	21.53		
3495	บริท	460	14.9	30013	99.04		
3496	ปก	460	14.9	2906	0.45		
3497	รังสี	460	14.9	2832	0.43		
3498	เฟรด	459	14.9	14360	9.15		
3499	ซีเรียส	459	14.9	8241	2.64	colloquial	
3500	ซอย	459	14.9	1677	0.21		y
3501	ยุง	459	14.9	5003	1.07		y
3502	ยัก	459	14.9	3231	0.53		
3503	โลหะ	459	14.9	3095	0.49		y
3504	ลืมตา	458	14.9	3422	0.57		
3505	ตัวอักษร	458	14.9	2370	0.34		
3506	ไน	458	14.9	4429	0.87		
3507	หาไม่	458	14.9	4127	0.77		
3508	ยุ่งเหยิง	458	14.9	7515	2.20		
3509	อนา	457	14.8	8007	2.50		
3510	ทอร์	457	14.8	16093	12.30		
3511	โค้ง	457	14.8	2250	0.31		
3512	เมฆ	457	14.8	2702	0.40		y
3513	สนุกสนาน	456	14.8	2177	0.30		
3514	ถุงมือ	456	14.8	8233	2.63		
3515	แบน	456	14.8	3828	0.68	colloquial	
3516	ประหยัด	456	14.8	1834	0.23		
3517	เพลิง	456	14.8	3075	0.49		
3518	เก่าแก่	456	14.8	2926	0.45		
3519	ดอ	455	14.8	9886	3.83	colloquial	
3520	เหว	455	14.8	7980	2.47		
3521	แอปเปิ้ล	455	14.8	7502	2.19		
3522	ป่านนี้	455	14.8	4291	0.82		
3523	ผิวหนัง	454	14.7	1877	0.24		
3524	ระงับ	454	14.7	2100	0.28		
3525	ตับ	453	14.7	3059	0.48		y
3526	สัตว์เลี้ยง	453	14.7	5170	1.12		
3527	คนรวย	453	14.7	4870	1.01		
3528	ขอบเขต	453	14.7	1764	0.22		
3529	ม้วน	453	14.7	3896	0.70		
3530	ปราบ	453	14.7	3533	0.59		
3531	ค่าจ้าง	453	14.7	1789	0.22		
3532	พืช	452	14.7	940	0.10		
3533	เข้าหา	452	14.7	2680	0.39		
3534	สมเหตุสมผล	451	14.6	7154	1.97		y
3535	เสื้อคลุม	451	14.6	6804	1.80		
3536	ห้องเรียน	451	14.6	3616	0.61		
3537	เชสเตอร์	450	14.6	15528	11.01		
3538	ซิป	450	14.6	9616	3.56		
3539	หึง	450	14.6	4996	1.05		
3540	บล็อก	449	14.6	5168	1.11	slang	y
3541	สระ	449	14.6	1823	0.23		
3542	กำไร	449	14.6	1788	0.22		
3543	ทราวิส	448	14.5	35447	speech-only		
3544	ไสหัว	448	14.5	19245	20.09		
3545	เรียล	448	14.5	9778	3.68		
3546	อ่อนไหว	448	14.5	5413	1.21		
3547	ตัดผม	448	14.5	6209	1.53		
3548	โครงสร้าง	448	14.5	616	0.06		
3549	เชี่ยวชาญ	447	14.5	3577	0.60		
3550	โน้ต	447	14.5	811	0.08		
3551	เว้น	446	14.5	2559	0.36		
3552	ผู้ดูแล	446	14.5	4502	0.87		
3553	ตัง	446	14.5	5953	1.42		
3554	เนย	446	14.5	5007	1.04		
3555	รั้ว	446	14.5	2668	0.39		
3556	แต	445	14.4	9251	3.26		
3557	โรว์	445	14.4	12264	5.99		
3558	อ่อนโยน	445	14.4	2354	0.32		
3559	จะแจ้ง	445	14.4	6729	1.75		
3560	ภาพยนตร์	445	14.4	892	0.09		
3561	ส่วนเกี่ยวข้อง	445	14.4	5209	1.12		
3562	พิการ	445	14.4	2118	0.28		
3563	เสิร์ฟ	445	14.4	3403	0.55	colloquial	
3564	ดรู	444	14.4	21746	29.87		
3565	วาเลนไทน์	444	14.4	7387	2.06		
3566	เดส	444	14.4	9676	3.57		
3567	ผอม	444	14.4	3576	0.59		y
3568	บรรพบุรุษ	444	14.4	3115	0.48		
3569	ครอบงำ	444	14.4	2750	0.40		
3570	ปริมาณ	444	14.4	777	0.08		
3571	เสื่อม	443	14.4	1885	0.23	offensive	
3572	ครรภ์	443	14.4	1947	0.25		
3573	โลว์	442	14.3	10085	3.87		
3574	ชมพู	442	14.3	2205	0.29		
3575	มาส	442	14.3	4881	0.99		
3576	กระดาน	442	14.3	4551	0.88	offensive	
3577	ทริ	441	14.3	13279	7.19		
3578	แชมเปญ	441	14.3	11214	4.84		
3579	เปล	441	14.3	6766	1.75		
3580	สั่งสอน	441	14.3	3287	0.52	colloquial	
3581	มิยา	440	14.3	13098	6.86		
3582	ห่ม	440	14.3	3023	0.46		
3583	จิตแพทย์	440	14.3	5991	1.41		
3584	สวดมนต์	440	14.3	3933	0.69		y
3585	ผู้บัญชาการ	439	14.2	3961	0.70		
3586	วัฒนธรรม	439	14.2	322	0.03		
3587	พลาสติก	439	14.2	2631	0.37		
3588	ท่อง	439	14.2	3445	0.55		
3589	เยส	438	14.2	12346	5.97		
3590	ริล	438	14.2	9337	3.27		
3591	ดัก	438	14.2	3292	0.52		
3592	เชอ	438	14.2	7362	2.02		
3593	กบ	438	14.2	3437	0.55		y
3594	ตู้เย็น	438	14.2	4117	0.74		y
3595	กั้น	438	14.2	2742	0.39		
3596	ริง	437	14.2	8884	2.94		
3597	กก	437	14.2	2985	0.45		
3598	กอส	437	14.2	2898	0.43		
3599	อ้อม	437	14.2	2179	0.28		
3600	ท้า	437	14.2	5546	1.23		
3601	แห่งชาติ	437	14.2		speech-only	slang	
3602	ชีพจร	436	14.1	5586	1.24		y
3603	แพต	435	14.1	16275	12.01		
3604	เคล้าส์	435	14.1	27768	66.90		
3605	เดียงสา	435	14.1	6010	1.40		
3606	เซอ	435	14.1	10693	4.26		
3607	แช่ง	435	14.1	6650	1.68		
3608	ตัวละคร	435	14.1	1560	0.18		
3609	ชรา	435	14.1	2169	0.28		
3610	ชีพ	435	14.1	3035	0.46		
3611	สมรส	434	14.1	1273	0.14		
3612	อัลบั้ม	434	14.1	3269	0.51		
3613	เรียง	434	14.1	1377	0.15		
3614	ถู	434	14.1	3880	0.66		
3615	ปรับตัว	434	14.1	1509	0.17		
3616	พ่น	434	14.1	3697	0.61	slang	
3617	เจาะจง	434	14.1	3655	0.60		
3618	พูดจา	434	14.1	2677	0.38		
3619	โอย	433	14.0	6137	1.44		
3620	โรเจอร์	433	14.0		speech-only	slang	
3621	ดาวน์	433	14.0	6283	1.51		
3622	ชิป	433	14.0	12430	5.98		
3623	ทร	433	14.0	2989	0.44		
3624	กุ้ง	433	14.0	1418	0.16		y
3625	ห่วงใย	433	14.0	3185	0.49		
3626	ตีน	432	14.0	3679	0.60	offensive	
3627	ราด	432	14.0	3548	0.57		
3628	ตำรา	432	14.0	1850	0.22		
3629	ประกวด	432	14.0	2428	0.33		
3630	ปฏิกิริยา	432	14.0	2114	0.27		y
3631	ส้ม	431	14.0	2065	0.26		
3632	ทำเนียบ	431	14.0	2970	0.44		
3633	ถ่ายภาพ	431	14.0	3620	0.59		
3634	จูน	430	13.9	10217	3.86		
3635	กุระ	430	13.9	6820	1.71		
3636	ไช่	430	13.9	20464	23.14		
3637	บอย	430	13.9	4170	0.73		
3638	เสร็จสิ้น	430	13.9	3506	0.56		
3639	ทิศทาง	430	13.9	1344	0.15		y
3640	คัดเลือก	430	13.9	1743	0.20		
3641	กำ	430	13.9	2957	0.43	colloquial	
3642	หั่น	430	13.9	3228	0.50	colloquial	y
3643	ฮอด	429	13.9	21279	27.17		
3644	นายกเทศมนตรี	429	13.9	6532	1.60		
3645	บัลลังก์	429	13.9	5550	1.21		
3646	ราง	429	13.9	3532	0.56		
3647	พิกัด	428	13.9	3402	0.53	slang	y
3648	ดั๊ก	427	13.8	22630	32.83		
3649	ติดตัว	427	13.8	3072	0.45		
3650	เจย์	426	13.8	14847	9.17		
3651	ลิป	426	13.8	10480	3.99	slang	
3652	ป๊า	426	13.8	5544	1.19	colloquial	
3653	เป็ด	426	13.8	3323	0.51	slang	y
3654	กลอง	426	13.8	4141	0.72		
3655	เทพเจ้า	426	13.8	3737	0.61		
3656	หมอน	426	13.8	3662	0.59		y
3657	เสแสร้ง	426	13.8	8424	2.58		
3658	ต้องสู้	426	13.8	9773	3.50		
3659	ใหญ่โต	426	13.8	2738	0.38		
3660	เถื่อน	426	13.8	5011	1.00		
3661	ยกย่อง	426	13.8	2197	0.28		
3662	ฮาว	425	13.8	14021	7.89		
3663	แคลิฟอร์เนีย	425	13.8	6189	1.44		
3664	บลอนด์	425	13.8	13527	7.26		
3665	เคล	425	13.8	8809	2.81		
3666	ดาดฟ้า	425	13.8	9285	3.13		
3667	นักสู้	425	13.8	10779	4.24		
3668	ธรรม	425	13.8	581	0.05		
3669	มูน	424	13.7	6383	1.52		
3670	ตู	424	13.7	5248	1.08		
3671	ชายหนุ่ม	424	13.7	852	0.08		
3672	หมกมุ่น	424	13.7	6585	1.61		
3673	ปฏิวัติ	424	13.7	1621	0.18	colloquial	
3674	สอบปากคำ	424	13.7	6255	1.46		
3675	เดร	423	13.7	11161	4.60		
3676	กี๊	423	13.7	15391	10.12		
3677	เกลียดชัง	423	13.7	5893	1.32		
3678	ก๊าซ	423	13.7	1573	0.18		
3679	หาด	423	13.7	2649	0.36		y
3680	มัง	422	13.7	3083	0.45		
3681	ต่อเมื่อ	422	13.7	2326	0.30		
3682	เปลือย	421	13.7	4735	0.90		
3683	นิรภัย	421	13.7	9597	3.33		
3684	เบาะ	421	13.7	4823	0.92		
3685	ละเมิด	421	13.7	2319	0.30		
3686	เบ็ธ	420	13.6	15085	9.42		
3687	มวล	420	13.6	3290	0.50		y
3688	คอร์น	420	13.6	18119	15.59		
3689	แน	420	13.6	7885	2.23		
3690	รำคาญ	420	13.6	2849	0.40		
3691	คุณภาพ	420	13.6	634	0.06		
3692	ฝึกฝน	420	13.6	3119	0.46		
3693	คนขาย	420	13.6	4563	0.84		
3694	ใช่มะ	419	13.6		speech-only	colloquial	
3695	เฮงซวย	419	13.6		speech-only	offensive	
3696	กบฏ	419	13.6	4347	0.77		
3697	เลียต	418	13.6	16001	10.98		
3698	บัดนี้	418	13.6	2232	0.28		
3699	แอฟริกา	418	13.6	3858	0.64		
3700	กุญแจมือ	418	13.6	13980	7.76		
3701	จำลอง	418	13.6	3277	0.49		
3702	น้ำใจ	418	13.6	2670	0.36		
3703	ฉีดยา	418	13.6	5820	1.28		y
3704	เงินทุน	418	13.6	2604	0.35		
3705	ลงเอย	418	13.6	6925	1.72	slang	
3706	จอร์แดน	417	13.5	10305	3.80		
3707	คริสตัล	417	13.5	9670	3.35		
3708	ลัน	417	13.5	3122	0.45		
3709	ถ้าหากว่า	417	13.5	5080	1.00		
3710	โทรศัพท์มือถือ	417	13.5	3361	0.51	colloquial	
3711	กองทุน	417	13.5	1283	0.13		
3712	ม่าน	417	13.5	3337	0.50		
3713	เบย์	416	13.5	12520	5.89		
3714	ฮ่องกง	416	13.5	3033	0.44		
3715	พลเมือง	416	13.5	2895	0.41		
3716	ไว้วางใจ	416	13.5	2881	0.40		
3717	ออกซิเจน	415	13.5	3486	0.53		y
3718	ประเพณี	415	13.5	1391	0.15		y
3719	สถิติ	415	13.5	1876	0.22		y
3720	ซึม	415	13.5	2470	0.32	slang	
3721	ย่าน	415	13.5	2184	0.27		
3722	ถึงกับ	415	13.5	1626	0.18		
3723	ชะ	414	13.4	4421	0.78		
3724	บริด	414	13.4	22751	31.83		
3725	รัม	414	13.4	8987	2.84		
3726	ทริป	414	13.4	7561	2.03		
3727	ซี้	414	13.4	6446	1.51		
3728	คอนเสิร์ต	414	13.4	3420	0.52		
3729	เปิดใจ	414	13.4	6410	1.49		
3730	ขวัญ	414	13.4	2155	0.26		
3731	บูชา	414	13.4	2479	0.32		
3732	แลต	413	13.4	12862	6.26		
3733	โฮม	413	13.4	6983	1.73		
3734	พล่าม	413	13.4	12040	5.29		
3735	สะท้อน	413	13.4	1093	0.11		y
3736	อีฟ	412	13.4	7336	1.90		
3737	เติมเต็ม	412	13.4	6100	1.36		
3738	ปะทะ	411	13.3	3419	0.51		
3739	มาเรียน	411	13.3	3492	0.53		
3740	อาวุโส	411	13.3	2789	0.38		
3741	แป้ง	411	13.3	2295	0.29	colloquial	
3742	สลบ	411	13.3	7190	1.81		
3743	คำนวณ	411	13.3	1403	0.15		y
3744	ฮ้า	410	13.3	9317	3.04		
3745	คณบดี	410	13.3	6386	1.47		
3746	เลียน	410	13.3	5654	1.19		
3747	ป๋า	410	13.3	4198	0.71	colloquial	
3748	แก๊งค์	410	13.3	24084	40.12		
3749	อธิษฐาน	410	13.3	5051	0.97		
3750	หลักการ	410	13.3	951	0.09		
3751	ผ่านพ้น	410	13.3	4705	0.87		
3752	ซื้อขาย	410	13.3	1989	0.23		
3753	ดื้อ	409	13.3	3830	0.61		
3754	เนื้อเยื่อ	409	13.3	4944	0.93		
3755	เม็กซิโก	408	13.2	5145	1.00		
3756	คัพ	408	13.2	4796	0.89		
3757	เอ็ก	408	13.2	7364	1.89		
3758	แตง	408	13.2	4251	0.72		
3759	หอย	408	13.2	2093	0.25	offensive	y
3760	ลูกผู้ชาย	408	13.2	6931	1.68		
3761	คลาน	408	13.2	4298	0.73		
3762	ผู้บริหาร	408	13.2	1497	0.16		
3763	ฝา	408	13.2	2882	0.40		
3764	โกล	407	13.2	6154	1.36		
3765	สมมติ	407	13.2	2166	0.26		y
3766	วัล	407	13.2	5679	1.19		
3767	สอดแนม	407	13.2	13396	6.74		
3768	ร้าง	407	13.2	4522	0.80		
3769	หลงใหล	407	13.2	4314	0.74		
3770	ฝืน	407	13.2	3414	0.51		
3771	กระทันหัน	407	13.2	14297	7.97		
3772	ยอก	406	13.2	8777	2.67		
3773	เด้น	406	13.2	10414	3.80		
3774	เลยทีเดียว	406	13.2	2711	0.36		
3775	ลิสบอน	405	13.1	25974	48.44		
3776	พันปี	405	13.1	4691	0.85		
3777	ลำบากใจ	405	13.1	6379	1.44		
3778	เอ็ง	405	13.1	2431	0.31	offensive	
3779	วิถี	405	13.1	2346	0.29		
3780	รร	404	13.1	17922	14.50		
3781	ฟ่า	404	13.1	6700	1.58		
3782	มือขวา	404	13.1	4946	0.93		
3783	เทอม	404	13.1	3413	0.50	colloquial	
3784	ปน	404	13.1	2304	0.29		
3785	คำขอ	404	13.1	2039	0.24		
3786	เจ็ท	403	13.1	16092	10.85		
3787	คาบ	403	13.1	3992	0.65		
3788	จู๋	403	13.1	9644	3.21		
3789	อุปสรรค	403	13.1	1745	0.19		
3790	งัด	403	13.1	6876	1.64	slang	
3791	แม่ทัพ	402	13.0	5564	1.14		
3792	ที่ตั้ง	402	13.0	1115	0.11		
3793	เนียล	401	13.0	15793	10.28		
3794	กุศล	401	13.0	2236	0.27		
3795	วิจารณ์	401	13.0	1856	0.21		
3796	โปง	401	13.0	10345	3.69		
3797	อุทิศ	401	13.0	3815	0.60		
3798	เผื่อว่า	400	13.0	8203	2.29		
3799	ทัก	400	13.0	2523	0.32		
3800	ความดี	400	13.0	1886	0.21		
3801	เกษียณ	400	13.0	5736	1.19	colloquial	y
3802	ร่าย	400	13.0	5982	1.28		
3803	ศีลธรรม	400	13.0	1688	0.18		
3804	นั่งเล่น	399	12.9	4697	0.84		
3805	กะโหลก	399	12.9	5225	1.01	slang	
3806	จุดหมาย	399	12.9	3734	0.57		
3807	มม่า	398	12.9	38408	speech-only		
3808	ปเปอร์	398	12.9	20300	21.42		
3809	เฮลิคอปเตอร์	398	12.9	8731	2.58		
3810	เต่า	398	12.9	3139	0.44	offensive	y
3811	ฐานข้อมูล	398	12.9	5058	0.95		
3812	ยน	397	12.9	6298	1.39		
3813	มั่ว	397	12.9	6042	1.29	slang	
3814	รต	397	12.9	14670	8.38		
3815	ยุ่งเกี่ยว	397	12.9	6424	1.43		
3816	เฮเลน	396	12.8	12585	5.68		
3817	คริสเตียน	396	12.8	5996	1.27		
3818	นักการเมือง	396	12.8	1829	0.20		
3819	รูปภาพ	396	12.8	5402	1.06		
3820	เยือน	396	12.8	2249	0.27		
3821	วอลท์	395	12.8	23055	32.71		
3822	ฮัด	395	12.8	12880	5.99		
3823	เฟค	395	12.8	5394	1.06		
3824	จำเลย	395	12.8	1107	0.11		
3825	โทรทัศน์	395	12.8	1256	0.12		
3826	นุ่ม	395	12.8	2525	0.32		
3827	น้ำลาย	395	12.8	3569	0.52		
3828	มุก	395	12.8	1790	0.19		
3829	บุญคุณ	395	12.8	4293	0.71		
3830	เมสัน	394	12.8	23766	35.35		
3831	มารี	394	12.8	8068	2.19		
3832	ฟอล	394	12.8	18702	16.31	slang	
3833	แต่งตั้ง	394	12.8	866	0.08		
3834	หยาง	393	12.7	3929	0.61		
3835	เวียร์	393	12.7	14458	7.98		
3836	ราก	393	12.7	2586	0.32		y
3837	หุบเขา	393	12.7	6570	1.48		
3838	อสูร	393	12.7	10709	3.88		
3839	ตกต่ำ	393	12.7	3018	0.41		
3840	ฟอง	392	12.7	2972	0.40		
3841	กง	392	12.7	3497	0.51		
3842	ลวง	392	12.7	4027	0.64		
3843	จ้องมอง	392	12.7	3894	0.60		
3844	ตกงาน	391	12.7	5198	0.98		
3845	เจริญ	391	12.7	685	0.06	offensive	
3846	ช้ำ	391	12.7	4358	0.72		
3847	เฮย์	390	12.6	15553	9.54		
3848	สหรัฐอเมริกา	390	12.6	1064	0.10		
3849	ลูกคิด	390	12.6	11925	4.94		
3850	กรม	390	12.6	614	0.05		
3851	ทีมงาน	390	12.6	3134	0.43	colloquial	
3852	เงินได้	390	12.6	2445	0.30		
3853	ดับเพลิง	389	12.6	4935	0.89		
3854	เนียน	389	12.6	3687	0.54		
3855	คอส	388	12.6	9305	2.88		
3856	ทาร์	388	12.6	13996	7.20		
3857	รูม	388	12.6	7674	1.96		
3858	สำเนา	388	12.6	2433	0.29		
3859	อ้อนวอน	388	12.6	6235	1.33		
3860	น้ำยา	388	12.6	3988	0.62	slang	
3861	ผง	388	12.6	4040	0.63		
3862	ฮัมฟรีย์	387	12.5	30469	83.32		
3863	ฟอร์	387	12.5	7723	1.97		
3864	ผืน	387	12.5	1872	0.20		
3865	คูเปอร์	386	12.5	18708	15.98		
3866	เทวทูต	386	12.5	30001	83.11		
3867	ประท้วง	386	12.5	2730	0.35		
3868	พะย่ะค่ะ	385	12.5		speech-only	colloquial	
3869	รัช	385	12.5	4675	0.80		
3870	เมนู	385	12.5	3838	0.58		
3871	ญ	385	12.5	7104	1.66		
3872	บัซ	384	12.5	25748	45.93		
3873	ดร้า	384	12.5	17623	13.33		
3874	แบ่งแยก	384	12.5	2923	0.38		
3875	ท่องเที่ยว	384	12.5	1060	0.10		
3876	ลินน์	383	12.4	32535	speech-only		
3877	มิร์	383	12.4	17039	12.13		
3878	ผีเสื้อ	383	12.4	4761	0.82		y
3879	เวลล์	383	12.4	15293	8.96		
3880	สร้อยคอ	383	12.4	7349	1.76		
3881	ปาฏิหาริย์	383	12.4	6969	1.60		
3882	ด่าน	383	12.4	3055	0.41		
3883	อ้ะ	382	12.4	18869	16.45		
3884	แม่เจ้า	382	12.4	9250	2.80		
3885	โหย	382	12.4	4978	0.89		
3886	กีตาร์	382	12.4	4174	0.65		
3887	ซี่โครง	382	12.4	8072	2.12		
3888	สร้างสรรค์	382	12.4	1359	0.13		
3889	นโยบาย	382	12.4	412	0.04		
3890	ฮาร์ด	381	12.4	10625	3.70		
3891	อาสาสมัคร	381	12.4	3318	0.46		
3892	ตอ	381	12.4	4524	0.75		
3893	แจ่ม	380	12.3	5805	1.16	slang	
3894	ฉลาม	380	12.3	6123	1.26		
3895	สิงโต	380	12.3	5696	1.12	slang	
3896	รัศมี	380	12.3	3705	0.54		y
3897	กล้วย	380	12.3	3273	0.45	colloquial	
3898	แลป	380	12.3	22632	29.22		
3899	สึก	380	12.3	5309	0.99	colloquial	
3900	ผนึก	380	12.3	5836	1.17		
3901	การลงทุน	380	12.3	1304	0.12		
3902	ต้าน	380	12.3	3552	0.50		
3903	แฟนคลับ	379	12.3	7084	1.63	slang	
3904	คารา	379	12.3	6196	1.29		
3905	อึ๊บ	379	12.3	20799	21.47		
3906	ด้อน	378	12.3	29521	81.38		
3907	เธีย	378	12.3	18817	15.65		
3908	พรี	378	12.3	6980	1.58		
3909	ฮาวาย	378	12.3	8881	2.54		
3910	ชายแดน	378	12.3	2174	0.24		
3911	เมล็ด	378	12.3	2659	0.33		y
3912	คณิตศาสตร์	377	12.2	3994	0.61		y
3913	เชื้อเพลิง	377	12.2	2078	0.23		
3914	สาด	377	12.2	3778	0.55		
3915	สาธารณรัฐ	377	12.2	4214	0.65		
3916	ขับไล่	377	12.2	5085	0.91		
3917	ซิก	376	12.2	10261	3.40		
3918	เขี้ยว	376	12.2	6411	1.35		
3919	บื้อ	376	12.2	10735	3.71		
3920	อนุภาค	376	12.2	6378	1.34		
3921	ซุปเปอร์	375	12.2	8505	2.31		
3922	เข้ม	375	12.2	1684	0.17		
3923	ซิ่ง	375	12.2	7109	1.62	colloquial	
3924	เบิร์น	374	12.1	7864	1.97		
3925	เท่ห์	374	12.1	19690	18.30		
3926	รื้อ	374	12.1	3259	0.44		
3927	โนอาห์	373	12.1	23153	30.89		
3928	ฌอน	373	12.1	18863	16.06		
3929	วว	373	12.1	15057	8.37		
3930	โจรสลัด	373	12.1	8514	2.29		
3931	ตอง	373	12.1	4278	0.67		
3932	ฮอต	373	12.1	9115	2.64		
3933	ไขมัน	373	12.1	2011	0.22		
3934	จับคู่	373	12.1	5251	0.95		
3935	งิ	372	12.1	14467	7.56		
3936	เข้มงวด	372	12.1	3502	0.48		
3937	รัสเซล	371	12.0	24834	39.94		
3938	ซัม	371	12.0	6330	1.31		
3939	ความเครียด	371	12.0	3058	0.39		
3940	ว่าย	371	12.0	3286	0.44		
3941	นักหนา	371	12.0	4630	0.76		
3942	จัดหา	371	12.0	1849	0.19		
3943	ชื่นชอบ	371	12.0	3675	0.52		
3944	ธอร์น	370	12.0	26149	49.79		
3945	เจล	370	12.0	8287	2.16		
3946	บุคลิก	370	12.0	3611	0.50	colloquial	
3947	แดด	370	12.0	1986	0.21		y
3948	ผู้ตาย	370	12.0	2532	0.30		
3949	สั่งการ	370	12.0	3062	0.39		
3950	ฟื้นฟู	370	12.0	1556	0.15		
3951	ใบ้	370	12.0	6292	1.29		
3952	หาความ	370	12.0	3438	0.47		
3953	นาร์ด	369	12.0	25556	44.14		
3954	ราชการ	369	12.0	380	0.03		
3955	ดรา	369	12.0	10800	3.71		
3956	เปลือก	369	12.0	2235	0.25	slang	
3957	กรอก	369	12.0	4375	0.69		
3958	ฮ่ะ	368	11.9	6450	1.34	colloquial	
3959	คำเตือน	368	11.9	7713	1.88		
3960	อิตาลี	368	11.9	2795	0.34		
3961	เลค	368	11.9	4243	0.65		
3962	ทองคำ	368	11.9	2483	0.29	slang	
3963	การเลือกตั้ง	368	11.9	1153	0.10		
3964	เมท	368	11.9	10243	3.30		
3965	วิทยา	368	11.9	1382	0.13		
3966	เน้น	368	11.9	524	0.04		
3967	สุ่ม	368	11.9	4533	0.73		y
3968	ชาร์ลส์	367	11.9	10076	3.19		
3969	เวสต์	367	11.9	7028	1.56		
3970	ลูกจ้าง	367	11.9	990	0.09		
3971	ระเบียง	367	11.9	3395	0.45		y
3972	ซูเปอร์	366	11.9	5839	1.13		
3973	เสียดาย	365	11.8	2603	0.30		
3974	โวล	365	11.8	17165	11.56		
3975	ทั้งสิ้น	365	11.8	1212	0.11		
3976	สง่า	365	11.8	3061	0.39		
3977	สำ	365	11.8	5336	0.96		
3978	โซฟี	364	11.8	33639	speech-only		
3979	ฮัลโล	364	11.8	16257	10.05	colloquial	
3980	มิ่ง	364	11.8	5547	1.02		
3981	โรซา	364	11.8	13263	5.94		
3982	ประจำตัว	364	11.8	3124	0.40		
3983	พยาม	364	11.8	14134	7.00		
3984	เมษายน	363	11.8	2135	0.23		y
3985	เบท	363	11.8	22053	26.05		
3986	ซิง	363	11.8	6245	1.24	colloquial	
3987	ขัน	363	11.8	2937	0.36	slang	
3988	เนื้องอก	363	11.8	7371	1.68		
3989	แพะ	363	11.8	5992	1.16		y
3990	ได้เปรียบ	363	11.8	3436	0.46		
3991	ถิ่น	363	11.8	1209	0.11		
3992	แจ้งความ	363	11.8	4001	0.58	colloquial	
3993	มิท	362	11.7	13863	6.61		
3994	ปีใหม่	362	11.7	2951	0.36		y
3995	ทรู	362	11.7	7675	1.83		
3996	ระบาด	362	11.7	4080	0.60		
3997	กระเพาะ	362	11.7	3758	0.52		
3998	แล่น	362	11.7	2699	0.32		
3999	แชร์	361	11.7	6044	1.17	slang	
4000	ที่จอดรถ	361	11.7	6107	1.20		
4001	ล้างแค้น	361	11.7	11230	3.97		
4002	อ๊าก	360	11.7	6959	1.50		
4003	อุ๊ย	360	11.7	5626	1.04	colloquial	
4004	ฮอท	360	11.7	29700	77.51		
4005	มาย	360	11.7	6130	1.20		
4006	คกี้	360	11.7	17602	12.50		
4007	สตูดิโอ	360	11.7	6573	1.36		
4008	เยียวยา	360	11.7	3348	0.44		
4009	กระทั่ง	360	11.7	2208	0.24		
4010	ชาลี	359	11.6	5437	0.97		
4011	มาร์คัส	359	11.6	23566	32.21		
4012	เอซ	359	11.6	21172	21.47		
4013	พยากรณ์	359	11.6	4158	0.61		y
4014	เป็นลม	359	11.6	4867	0.80		
4015	ยุ	359	11.6	2244	0.24		
4016	แขวนคอ	359	11.6	9007	2.48		
4017	รม	359	11.6	4729	0.76		
4018	สาน	359	11.6	2524	0.29		
4019	ต้นเหตุ	359	11.6	4107	0.60		
4020	ประสงค์	359	11.6	1276	0.11		
4021	ซีย์	358	11.6	10703	3.54		
4022	คีย์	358	11.6	7617	1.78		
4023	เบร	358	11.6	11429	4.10		
4024	เกท	358	11.6	13826	6.42		
4025	ตรวจจับ	358	11.6	9432	2.71		
4026	เหละ	358	11.6	34354	speech-only		
4027	เรก	358	11.6	6642	1.38		
4028	บุรุษ	358	11.6	3226	0.41		
4029	ลักลอบ	358	11.6	4259	0.64		
4030	คอบ	357	11.6	14008	6.63		
4031	ทอน	357	11.6	4827	0.78		y
4032	ช่า	357	11.6	11665	4.27		
4033	สท์	357	11.6	31763	speech-only		
4034	สันติภาพ	357	11.6	3848	0.54		
4035	วาระ	357	11.6	1664	0.16		
4036	ขีด	357	11.6	2533	0.29	slang	
4037	ลึกซึ้ง	357	11.6	2142	0.23		
4038	สาหัส	357	11.6	3744	0.51		
4039	วิลสัน	356	11.5	11032	3.76		
4040	ฮันเตอร์	356	11.5	22326	25.55		
4041	กอร์	356	11.5	5212	0.90		
4042	ราตรี	356	11.5	4230	0.62		
4043	รันดร์	356	11.5	7130	1.55		
4044	กระจอก	356	11.5	9463	2.72	offensive	
4045	กลี	356	11.5	12087	4.62		
4046	กลอน	356	11.5	3579	0.47		
4047	เทย์เลอร์	355	11.5	10947	3.67		
4048	แลนซ์	355	11.5	13795	6.37		
4049	ต่อไปนี้	355	11.5	946	0.08		
4050	วงกลม	355	11.5	3127	0.39		y
4051	หวัด	355	11.5	3755	0.51		
4052	คริสต์	354	11.5	2598	0.29		y
4053	ฟาร์	354	11.5	12564	5.08		
4054	ฟิส	354	11.5	27626	54.44		
4055	แฟรงก์	353	11.4	23878	31.67		
4056	ธี่	353	11.4	22370	25.33		
4057	ดิ๊ก	353	11.4	14417	7.17		
4058	เร่	353	11.4	6114	1.17		
4059	ฟิสิกส์	353	11.4	7188	1.56		y
4060	กระทบ	353	11.4	1008	0.08		
4061	คาดคิด	353	11.4	5214	0.89		
4062	เร่งด่วน	353	11.4	3478	0.45		
4063	ลินคอล์น	352	11.4	16398	9.97		
4064	ทันใด	352	11.4	4119	0.59		
4065	โมน	352	11.4	18246	13.53		
4066	เกียร์	352	11.4	8160	1.99		
4067	โน้มถ่วง	352	11.4	8705	2.27		
4068	หดหู่	352	11.4	5621	1.01		
4069	กรรไกร	351	11.4	7439	1.65		
4070	เร็น	351	11.4	10659	3.44		
4071	ย่อ	351	11.4	2462	0.27		
4072	ถาวร	351	11.4	2352	0.25		
4073	ออกเสียง	351	11.4	1740	0.17		
4074	พรรค	351	11.4	390	0.03	colloquial	
4075	เฟ่น	350	11.3	11656	4.19		
4076	มอนโร	350	11.3	19224	15.70		
4077	ทะ	350	11.3	2331	0.25		
4078	เธ	350	11.3	11984	4.49		
4079	คิงส์	350	11.3	12129	4.59		
4080	ทรา	350	11.3	3363	0.43		
4081	บ่งบอก	350	11.3	3100	0.38		
4082	คว่ำ	350	11.3	3937	0.55	slang	
4083	ใส่ร้าย	350	11.3	9789	2.88		
4084	สมิธ	349	11.3	7764	1.80		
4085	เรค	349	11.3	22275	25.05		
4086	น้ำผึ้ง	349	11.3	5776	1.06		
4087	เสรีภาพ	349	11.3	1433	0.13		
4088	วงจร	349	11.3	2312	0.25		y
4089	แอนดรูว์	348	11.3	17701	12.08		
4090	ลัย	348	11.3	4614	0.71		
4091	ร่อน	348	11.3	6009	1.12	offensive	
4092	ตรงไปตรงมา	348	11.3	3884	0.53		
4093	คลี	348	11.3	6483	1.28		
4094	ช็อต	348	11.3	7197	1.54		
4095	ถอดรหัส	348	11.3	9652	2.78		
4096	ราบรื่น	348	11.3	4093	0.58		
4097	บ้านพัก	348	11.3	3218	0.40		
4098	วินิจฉัย	348	11.3	1261	0.11		
4099	เบลค	347	11.3	27616	53.36		
4100	หมึก	347	11.3	3888	0.53		
4101	งุ	347	11.3	20924	20.75		
4102	ฟอ	347	11.3	6007	1.12		
4103	แมชชีน	347	11.3	21340	21.97		
4104	ร่าเริง	347	11.3	3910	0.54		
4105	อันธพาล	347	11.3	9748	2.83		
4106	ตอบโต้	347	11.3	2148	0.22		
4107	โถ่	346	11.2	37143	speech-only		
4108	คัดค้าน	346	11.2	2217	0.23		
4109	สำเนียง	346	11.2	4645	0.71		
4110	เผ่าพันธุ์	346	11.2	5271	0.89		
4111	ครา	346	11.2	4845	0.76		
4112	เล่นตลก	346	11.2	8834	2.30		
4113	เคี้ยว	345	11.2	4311	0.62		
4114	จงรักภักดี	345	11.2	3715	0.49		
4115	กริช	345	11.2	4672	0.72		
4116	จราจร	345	11.2	2803	0.32		
4117	ขี้เกียจ	345	11.2	3769	0.50	slang	y
4118	วิลเลียม	344	11.2	8781	2.27		
4119	โถ	344	11.2	5528	0.96	colloquial	
4120	ออร์สัน	344	11.2	37171	speech-only		
4121	หลา	344	11.2	7486	1.64		
4122	ตัวเมีย	344	11.2	4744	0.74		
4123	พาส	344	11.2	10507	3.25		
4124	คราบ	344	11.2	3723	0.49		
4125	คุร	344	11.2	8049	1.90		
4126	บัดซบ	343	11.1	15341	8.03	offensive	
4127	สวะ	343	11.1	10722	3.39	colloquial	
4128	ชาม	343	11.1	2847	0.33		y
4129	ชุมนุม	343	11.1	2069	0.21		
4130	เตียน	342	11.1	9257	2.50		
4131	คัม	342	11.1	12209	4.55		
4132	ล่าร์	342	11.1	23250	28.32		
4133	แมงมุม	342	11.1	7792	1.77		y
4134	ทาวน์	342	11.1	7600	1.69		
4135	อาสา	342	11.1	2914	0.34		
4136	โทด	341	11.1	33493	speech-only		
4137	ผุ้	341	11.1	7478	1.62		
4138	ทึ่ม	341	11.1	11011	3.60		
4139	ฮอร์	341	11.1	8699	2.20		
4140	อู่	341	11.1	4199	0.59		
4141	ไบร	340	11.0	20436	18.30		
4142	หัวขโมย	340	11.0	15149	7.79		
4143	เรือนจำ	340	11.0	4379	0.64		
4144	เทิร์น	340	11.0	9323	2.52		
4145	สมรู้	340	11.0	10174	3.00		
4146	เอเชีย	340	11.0	1319	0.11		
4147	ประถม	340	11.0	4134	0.57	colloquial	
4148	ชอว์น	339	11.0	32492	speech-only		
4149	โธมัส	339	11.0	11031	3.58		
4150	มุน	339	11.0	12612	4.87		
4151	ซาร์	339	11.0	5156	0.84		
4152	หยิ่ง	339	11.0	5889	1.06		
4153	บัค	339	11.0	13329	5.53		
4154	เผ่น	339	11.0	8057	1.88		
4155	แม่เหล็ก	339	11.0	6287	1.18		y
4156	ผลลัพธ์	339	11.0	3473	0.43		y
4157	คร	339	11.0	7573	1.67		
4158	ตีพิมพ์	339	11.0	2330	0.24		
4159	บันเทิง	339	11.0	2257	0.23		
4160	ฝ่าฝืน	339	11.0	3013	0.35		
4161	ขยัน	339	11.0	2753	0.31		
4162	ติส	338	11.0	9588	2.66		
4163	สัตย์	338	11.0	6360	1.20		
4164	พีช	338	11.0	11768	4.13		
4165	ข้อเท็จจริง	338	11.0	1374	0.12		
4166	อะตอม	337	10.9	9198	2.43		y
4167	ประชากร	337	10.9	1182	0.10		y
4168	กิม	337	10.9	5314	0.88		
4169	นักธุรกิจ	337	10.9	3117	0.37		y
4170	ข้อสงสัย	337	10.9	4618	0.69		
4171	หลวง	337	10.9	829	0.06	colloquial	
4172	กระแส	337	10.9	986	0.08		
4173	แมก	336	10.9	9909	2.85		
4174	บก	336	10.9	2799	0.31		
4175	เสี่ยว	336	10.9	5671	0.98	slang	
4176	คุน	336	10.9	9497	2.60		
4177	ประลอง	336	10.9	8166	1.90		
4178	สดชื่น	336	10.9	3262	0.39		
4179	เกต	336	10.9	4800	0.73		
4180	หะ	335	10.9	6978	1.40		
4181	ยิ่งกว่านั้น	335	10.9	5591	0.95		
4182	วิง	335	10.9	10752	3.34		
4183	แอต	335	10.9	9514	2.59		
4184	สคูล	335	10.9	14201	6.44		
4185	ล้น	335	10.9	3319	0.40		
4186	เมือ	335	10.9	8365	2.00		
4187	เชอร์ลีย์	334	10.8	30421	71.91		
4188	เบรค	334	10.8	14773	7.19		
4189	โง่เง่า	334	10.8	14601	6.91	offensive	
4190	ดังกล่าว	334	10.8	181	0.01		
4191	คลิป	334	10.8	5343	0.88		
4192	เบ็ต	333	10.8	19091	14.94		
4193	ลือ	333	10.8	3927	0.52		
4194	ซ้อน	333	10.8	1962	0.19	slang	
4195	ว้า	332	10.8	7143	1.45	colloquial	
4196	ฉิบหาย	332	10.8	9058	2.32	offensive	
4197	บรู	332	10.8	10680	3.25		
4198	นายก	332	10.8	1179	0.10	colloquial	
4199	บอดี้	332	10.8	8643	2.10	colloquial	
4200	คส์	332	10.8	30084	71.48		
4201	หอคอย	332	10.8	9107	2.35		
4202	รับจ้าง	332	10.8	2637	0.28		
4203	เกณฑ์	332	10.8	1367	0.12	slang	
4204	เลอะ	332	10.8	7206	1.47		
4205	กิโล	331	10.7	4565	0.66	slang	
4206	เวย์น	331	10.7	13757	5.84		
4207	แอม	331	10.7	3529	0.43		
4208	อลา	331	10.7	14880	7.27		
4209	ซาง	331	10.7	7551	1.61		
4210	โดนัท	331	10.7	17752	11.88		
4211	กรมตำรวจ	331	10.7	7718	1.69		
4212	ระฆัง	331	10.7	4480	0.64		y
4213	เม้นท์	331	10.7	12881	5.02	slang	
4214	ใย	331	10.7	3968	0.53		
4215	ข้อสอบ	331	10.7	4767	0.71		
4216	ฮิวส์	330	10.7	21214	20.90		
4217	คาวบอย	330	10.7	12150	4.33		
4218	ชิล	330	10.7	11773	4.04	colloquial	
4219	ก้อนหิน	330	10.7	5280	0.85		
4220	แส	330	10.7	8835	2.19		
4221	โซน	330	10.7	4704	0.70		
4222	โส	330	10.7	3890	0.51		
4223	ร่ำรวย	330	10.7	3410	0.41		
4224	แสงอาทิตย์	330	10.7	4961	0.76		
4225	ภาคภูมิใจ	330	10.7	3464	0.42		
4226	กรู	329	10.7	7065	1.41	slang	
4227	เด็น	329	10.7	13390	5.45		
4228	อีเมล	329	10.7		speech-only	colloquial	y
4229	พระราชวัง	329	10.7	3051	0.35		
4230	บิด	329	10.7	3759	0.48		
4231	โหลก	329	10.7	17183	10.73		
4232	เลบ	328	10.6	27831	50.44		
4233	แผ่นดินไหว	328	10.6	4332	0.60		y
4234	เจ๊	328	10.6	3036	0.34	offensive	
4235	มง	328	10.6	11174	3.57		
4236	เอื้อม	328	10.6	2764	0.30		
4237	เชี่ย	327	10.6	21904	22.00	offensive	
4238	เรซ	327	10.6	10796	3.29		
4239	ฮิว	327	10.6	11356	3.67		
4240	รัฐบาลกลาง	327	10.6	6819	1.30		
4241	เด็กหญิง	327	10.6	2858	0.31		
4242	แน่ชัด	327	10.6	4008	0.53		
4243	เมนต์	327	10.6	6364	1.16		
4244	เล็ต	326	10.6	12518	4.62		
4245	รีสอร์ท	326	10.6	5323	0.85		
4246	สามสิบ	326	10.6	2372	0.24		y
4247	กลางดึก	326	10.6	7039	1.38		
4248	ส่วนผสม	326	10.6	3549	0.43		y
4249	โคม่า	326	10.6	15004	7.31		
4250	ชอง	325	10.5	7977	1.76		
4251	ลส	325	10.5	19107	14.58		
4252	เซียน	325	10.5	3779	0.48	slang	
4253	แบ็ค	325	10.5	11303	3.61		
4254	โฟ	325	10.5	6691	1.27		
4255	สมดุล	325	10.5	2367	0.24		y
4256	บ็อบ	324	10.5	16346	8.94		
4257	โด่งดัง	324	10.5	4579	0.65		
4258	กระจ่าง	324	10.5	3128	0.35		
4259	เสี่ยงชีวิต	324	10.5	14168	6.23		
4260	ชัน	324	10.5	2916	0.32		
4261	แท่น	324	10.5	4435	0.62		
4262	ไต่	324	10.5	4953	0.75		
4263	นอกจากนั้น	323	10.5	1412	0.12		
4264	สส	323	10.5	20450	17.39		
4265	หัส	323	10.5	7290	1.47		
4266	ค้อน	323	10.5	4081	0.54		
4267	รับปาก	323	10.5	4955	0.74		
4268	สารเคมี	323	10.5	2365	0.24		y
4269	ล้มเลิก	323	10.5	8900	2.19		
4270	บวม	323	10.5	3934	0.51		
4271	เดนนิส	322	10.4	18971	13.87		
4272	จอร์เจีย	322	10.4	13940	5.98		
4273	บาร์ท	322	10.4	27043	49.52		
4274	แชง	322	10.4	32897	speech-only		
4275	สมมุติ	322	10.4	3530	0.42		
4276	โม้	322	10.4	7949	1.73	slang	
4277	พึ่งพา	322	10.4	2568	0.26		
4278	หัวเสีย	322	10.4	8641	2.04		
4279	มมม	321	10.4	19131	14.40		
4280	จัสติน	321	10.4	20292	17.28		
4281	ปัง	321	10.4	4717	0.68	slang	
4282	เดรีย	321	10.4	9423	2.43		
4283	ฟรีย์	321	10.4	30549	69.11		
4284	บรู๊ค	321	10.4	19485	15.02		
4285	ปั๊ม	321	10.4	6414	1.16	colloquial	
4286	ปฏิ	321	10.4	5429	0.87		
4287	ทำการบ้าน	321	10.4	11173	3.49	slang	
4288	ลงทะเบียน	321	10.4	4320	0.58		
4289	บด	321	10.4	4703	0.68		
4290	หุ้ม	321	10.4	3796	0.47		
4291	บอม	320	10.4	12532	4.53		
4292	แพนเค้ก	320	10.4	13617	5.56		
4293	เห็ด	320	10.4	5130	0.78		
4294	ฮาร์ท	320	10.4	13487	5.38		
4295	เป้	320	10.4	3163	0.36	colloquial	
4296	ลายเซ็น	320	10.4	4135	0.54	colloquial	
4297	กาง	320	10.4	3242	0.37		
4298	กุม	320	10.4	2969	0.32		
4299	ล่ม	320	10.4	6233	1.10	slang	
4300	จาห์	319	10.3	35354	speech-only		
4301	ช็อป	319	10.3	5600	0.91		
4302	ใบขับขี่	319	10.3		speech-only	colloquial	
4303	ลูกขุน	319	10.3	8872	2.13		
4304	ล้มละลาย	319	10.3	5077	0.76		
4305	ยากจน	319	10.3	1602	0.14		
4306	รุม	319	10.3	3652	0.44		
4307	เอเดรียน	318	10.3	18458	12.68		
4308	เอลเลน	318	10.3	25284	38.04		
4309	ฮาล	318	10.3	18460	12.68		
4310	มาน	318	10.3	4392	0.60		
4311	อุตสาหกรรม	318	10.3	594	0.04		
4312	ยืนหยัด	318	10.3	6507	1.18		
4313	ตัก	318	10.3	2001	0.18		
4314	ควัก	318	10.3	5237	0.81		
4315	คืนดี	318	10.3	6382	1.14		
4316	เบ่ง	317	10.3	6353	1.13	slang	
4317	เขย	317	10.3	6224	1.08		
4318	แสงไฟ	317	10.3	4436	0.60		
4319	ชีวิตชีวา	317	10.3	4669	0.66		
4320	มนุษยชาติ	317	10.3	4773	0.68		
4321	นาซี	317	10.3	9026	2.20		
4322	เตา	317	10.3	3651	0.44		y
4323	ป่วน	317	10.3	7960	1.71		
4324	เฟย์	316	10.2	6956	1.31		
4325	สวัส	316	10.2	3736	0.45		
4326	เด้ง	316	10.2	7309	1.44	slang	
4327	สเก็ต	316	10.2	13647	5.49		
4328	ขัดแย้ง	316	10.2	2127	0.20		
4329	กริด	315	10.2	7047	1.34		
4330	ไทม์	315	10.2	7377	1.46		
4331	โคเคน	315	10.2	13610	5.47		
4332	ธอ	315	10.2	14893	6.92		
4333	คู่มือ	315	10.2	4674	0.66		
4334	สายพันธุ์	315	10.2	5132	0.77		y
4335	สวีท	314	10.2	10455	2.94		
4336	ท็อป	314	10.2	6854	1.27		
4337	เลิฟ	314	10.2	7460	1.49		
4338	กรีก	314	10.2	3536	0.41		
4339	ธิ	314	10.2	1729	0.15		
4340	แซนด์วิช	314	10.2	8742	2.05		
4341	พาสปอร์ต	313	10.1	8038	1.73	colloquial	
4342	พฤ	313	10.1	6048	1.02		
4343	คาน	313	10.1	3123	0.34		y
4344	แหลม	313	10.1	2286	0.22		
4345	ตร	313	10.1	5838	0.96		
4346	แฝด	313	10.1	5749	0.94		
4347	หลังบ้าน	313	10.1		speech-only	colloquial	
4348	ปั้น	313	10.1	1774	0.15		
4349	เทียม	313	10.1	3305	0.37		
4350	รั้ง	313	10.1	4082	0.52		
4351	ไชโย	312	10.1	9921	2.64	colloquial	
4352	ดอกเตอร์	312	10.1	11515	3.61		
4353	แมด	312	10.1	23214	25.84		
4354	อักษร	312	10.1	1619	0.14		
4355	คอก	312	10.1	5403	0.84		
4356	อาบ	312	10.1	3742	0.45		
4357	อักเสบ	312	10.1	2277	0.21		
4358	หลั่ง	312	10.1	5109	0.76		
4359	ป้อน	312	10.1	3294	0.37		
4360	แอนน์	311	10.1	11561	3.64		
4361	ฮอง	311	10.1	5680	0.91		
4362	อุส	311	10.1	8805	2.05		
4363	นิติ	311	10.1	3650	0.43		
4364	แฝง	311	10.1	2502	0.25		
4365	เหวี่ยง	311	10.1	5645	0.90		
4366	โค้ท	311	10.1	16036	8.17		
4367	ขืน	311	10.1	3331	0.37		
4368	ผูกพัน	311	10.1	1262	0.10		
4369	เชือด	311	10.1	6616	1.19		
4370	เพอ	310	10.1	14444	6.30		
4371	บ้านเกิด	310	10.1	4454	0.59		
4372	ขี้เมา	310	10.1	12358	4.22		
4373	เลือกตั้ง	310	10.1	1328	0.10		
4374	ค้นคว้า	310	10.1	2393	0.23		
4375	ศาสตร์	310	10.1	2056	0.19		
4376	ลิ้ม	310	10.1	4820	0.68		
4377	มีอายุ	310	10.1	1574	0.13		
4378	พอที	309	10.0	20087	15.84		
4379	มิลเลอร์	309	10.0	16917	9.50		
4380	เลสเตอร์	309	10.0	19901	15.84		
4381	สตรีท	309	10.0	9063	2.16		
4382	ลงชื่อ	309	10.0	5036	0.73		
4383	ครอบคลุม	309	10.0	1939	0.17		
4384	ที่ระลึก	309	10.0	4088	0.51		
4385	เอกชน	309	10.0	774	0.06		
4386	เนต	309	10.0	11552	3.62		
4387	อัตโนมัติ	309	10.0	3409	0.38		
4388	จิตวิทยา	309	10.0	1968	0.17		
4389	โวยวาย	309	10.0	3724	0.44		
4390	เฟร	308	10.0	14658	6.50		
4391	กุก	308	10.0	17303	10.05		
4392	รุก	308	10.0	3672	0.43		
4393	จุดมุ่งหมาย	308	10.0	2844	0.29		
4394	สายลม	308	10.0	3936	0.48		
4395	แรงงาน	308	10.0	557	0.04		
4396	เครน	307	10.0	19160	13.77		
4397	อีวาน	307	10.0	19635	15.02		
4398	พระผู้เป็นเจ้า	307	10.0	8474	1.87		
4399	คลอ	307	10.0	4726	0.65		
4400	ดัส	307	10.0	13682	5.33		
4401	เขย่า	307	10.0	4890	0.69		
4402	จารึก	307	10.0	1690	0.14		
4403	มวย	307	10.0	3200	0.35		
4404	วิกฤต	307	10.0	2729	0.27		
4405	โย่ว	306	9.9	26930	47.06		
4406	ฮอลลี	306	9.9	6571	1.16		
4407	ฝาแฝด	306	9.9	6552	1.15		y
4408	รถเมล์	306	9.9	3495	0.39		y
4409	หมากรุก	306	9.9	8297	1.79		
4410	มาเฟีย	306	9.9	9458	2.34		
4411	หลอดเลือด	306	9.9	2556	0.25		y
4412	นำพา	306	9.9	5195	0.77		
4413	ติว	306	9.9	4601	0.62		
4414	คอฟ	305	9.9	13678	5.30		
4415	โพส	305	9.9	11626	3.61		
4416	ต้นฉบับ	305	9.9	3921	0.48		
4417	แถลงข่าว	305	9.9	4176	0.52		
4418	ลิขิต	305	9.9	6000	0.98		
4419	ครอบ	305	9.9	4279	0.55		
4420	เชา	304	9.9	9450	2.32		
4421	อุน	304	9.9	13544	5.19		
4422	เทิล	304	9.9	13072	4.74		
4423	หอก	304	9.9	5854	0.94	offensive	
4424	จิบ	304	9.9	4973	0.70		
4425	คำปรึกษา	304	9.9	2827	0.29		
4426	บรรลุ	304	9.9	1785	0.15		
4427	ฟ้องร้อง	304	9.9	3677	0.42		
4428	ล่าม	304	9.9	5848	0.94		
4429	ถามจริง	303	9.8		speech-only	slang	
4430	จอย	303	9.8	4926	0.69		
4431	เยี่ยมยอด	303	9.8	13670	5.26		
4432	เนน	303	9.8	10843	3.08		
4433	เชียร์ลีดเดอร์	303	9.8		speech-only	colloquial	
4434	มะนาว	303	9.8	4511	0.59		y
4435	ส้น	303	9.8	5530	0.85		
4436	ใบสั่ง	303	9.8	10442	2.84	slang	
4437	เสียจริง	303	9.8		speech-only	colloquial	
4438	ฮิลล์	302	9.8	13176	4.78		
4439	แชน	302	9.8	16691	9.03		
4440	ฝึกหัด	302	9.8	4431	0.57		
4441	ศัลยแพทย์	302	9.8	11483	3.50		
4442	นัย	302	9.8	1393	0.11		
4443	กองไฟ	302	9.8	7052	1.29		
4444	อุด	302	9.8	3627	0.41		
4445	กักตัว	302	9.8	13097	4.71		
4446	ไซมอน	301	9.8	14792	6.48		
4447	บาล	301	9.8	4030	0.49		
4448	สก	301	9.8	6900	1.23		
4449	แร	301	9.8	11917	3.77		
4450	วางใจ	301	9.8	6351	1.07		
4451	เสบียง	301	9.8	6279	1.05		
4452	ผู้สมัคร	301	9.8	2397	0.22		
4453	เสริฟ	301	9.8	16075	8.10		
4454	แสร้ง	301	9.8	6761	1.19		
4455	แมกซ์	300	9.7	17417	10.09		
4456	ดีซี	300	9.7	11122	3.23		
4457	ออม	300	9.7	2469	0.23		
4458	นุ	300	9.7	2052	0.18		
4459	เฟน	300	9.7	6826	1.20		
4460	พลเรือน	300	9.7	2727	0.27		
4461	วางมือ	300	9.7	7917	1.60		
4462	สมุนไพร	300	9.7	2739	0.27	slang	
4463	มัต	300	9.7	11465	3.44		
4464	กลิ้ง	300	9.7	5646	0.87		
4465	ลาดตระเวน	300	9.7	11906	3.76		
4466	สิ่งแวดล้อม	300	9.7	841	0.06		
4467	คำสัญญา	300	9.7	10626	2.91		
4468	นายหน้า	300	9.7	5226	0.76		
4469	นิโคลัส	299	9.7	7689	1.51		
4470	เนลสัน	299	9.7	17394	10.06		
4471	มะเขือเทศ	299	9.7	6105	0.99		
4472	ซาตาน	299	9.7	9593	2.37		
4473	โบว์	299	9.7	8821	1.99		
4474	ลัก	299	9.7	2328	0.21		
4475	พอร์ท	299	9.7	15212	7.00		
4476	ข้าวโพด	299	9.7	3850	0.45		
4477	เครา	299	9.7	6308	1.05		
4478	โค่น	299	9.7	4695	0.63		
4479	สเป	298	9.7	21910	20.05		
4480	แอ็ก	298	9.7	9134	2.12		
4481	สตู	298	9.7	15210	6.97		
4482	จิล	298	9.7	5308	0.77		
4483	มิต	298	9.7	10895	3.06		
4484	มายากล	298	9.7	15923	7.64		
4485	ช่วยตัวเอง	298	9.7		speech-only	slang	
4486	เกียว	298	9.7	7531	1.44		
4487	ไปรษณีย์	298	9.7	3289	0.35	colloquial	y
4488	บราวน์	297	9.6	8707	1.91		
4489	อริส	297	9.6	4974	0.69		
4490	น้ำหอม	297	9.6	4981	0.69		
4491	เคล็ดลับ	297	9.6	6486	1.09		
4492	ดรอยด์	297	9.6	19847	14.53		
4493	ช่องว่าง	297	9.6	3415	0.37		
4494	ข้อเท้า	297	9.6	6126	0.99		
4495	ทำเงิน	297	9.6	8802	1.96		
4496	ออล	296	9.6	10107	2.59		
4497	นัต	296	9.6	5932	0.93		
4498	โบ้	296	9.6	14735	6.37		
4499	คัต	296	9.6	12335	4.03		
4500	คงที่	296	9.6	2981	0.30		
4501	ง่วง	296	9.6	4069	0.49		y
4502	นับตั้งแต่	296	9.6	2117	0.18		
4503	ร้องเรียน	296	9.6	3007	0.31		
4504	เดต	296	9.6	15003	6.64		
4505	คเกอร์	295	9.6	33073	speech-only		
4506	ดิง	295	9.6	11852	3.65		
4507	บอร์น	295	9.6	26266	39.70		
4508	บอง	295	9.6	9357	2.21		
4509	เครื่องประดับ	295	9.6	2954	0.30		
4510	อดิเรก	295	9.6	6875	1.19		
4511	ช้าง	295	9.6	1448	0.11	slang	y
4512	พิธีกรรม	295	9.6	2819	0.28		
4513	ร้านค้า	295	9.6	3080	0.32		
4514	ริมฝีปาก	295	9.6	2254	0.20		y
4515	สกัด	295	9.6	3852	0.45		
4516	โอ้โห	294	9.5		speech-only	slang	
4517	โฟร	294	9.5	17086	9.31		
4518	นัส	294	9.5	11388	3.33		
4519	เยล	294	9.5	6425	1.06		
4520	นาร์	294	9.5	5477	0.81		
4521	หย่ากัน	294	9.5	11461	3.37		
4522	ตรึง	294	9.5	4504	0.57		
4523	เปล่ง	294	9.5	3523	0.38		
4524	ข่าวกรอง	294	9.5	8772	1.93		
4525	โจเซฟ	293	9.5	10343	2.70		
4526	แพม	293	9.5	7384	1.36		
4527	บริกส์	293	9.5	33789	speech-only		
4528	ดิวิชั่น	293	9.5	11198	3.19		
4529	ทัล	293	9.5	11346	3.29		
4530	ทท์	292	9.5	32614	speech-only		
4531	ผึ้ง	292	9.5	5141	0.72		y
4532	ขัดขืน	292	9.5	5872	0.91		
4533	โลภ	292	9.5	4378	0.54		
4534	เนรเทศ	292	9.5	8524	1.80		
4535	เซ็ก	292	9.5	12868	4.43		
4536	ความถี่	292	9.5	2561	0.24		y
4537	ไถ่	292	9.5	6678	1.13		
4538	ต่อม	292	9.5	3826	0.44		y
4539	ปัด	292	9.5	3222	0.33	slang	
4540	สอบถาม	292	9.5	2285	0.20		
4541	สะสาง	292	9.5	8775	1.92		
4542	อาลี	291	9.4	6622	1.12		
4543	เจท	291	9.4	36300	speech-only		
4544	กระดิ่ง	291	9.4	8537	1.80		
4545	ทุกเมื่อ	291	9.4	7571	1.42		
4546	เคิล	291	9.4	9895	2.45		
4547	รีบร้อน	291	9.4	5743	0.87		
4548	บะหมี่	291	9.4	5818	0.89		
4549	แธม	291	9.4	27231	44.75		
4550	มันส์	291	9.4	9881	2.45		
4551	โดม	291	9.4	7127	1.26		
4552	กักกัน	291	9.4	9239	2.13		
4553	แปะ	291	9.4	4394	0.55	offensive	
4554	ม่าย	290	9.4	6430	1.05		
4555	เมส	290	9.4	8744	1.89		
4556	น้ำพุ	290	9.4	6800	1.15		
4557	เก้น	290	9.4	17424	9.76		
4558	ลัด	290	9.4	4179	0.50		
4559	ป่าเถื่อน	290	9.4	8023	1.59		
4560	เผยแพร่	290	9.4	1613	0.13		
4561	หยาบ	290	9.4	3668	0.40		
4562	ก่อให้เกิด	290	9.4	941	0.06		
4563	ลิงค์	289	9.4	13361	4.79		
4564	โบล	289	9.4	11244	3.17		
4565	ชัว	289	9.4	12811	4.32		
4566	พัค	289	9.4	24179	28.28		
4567	พุธ	289	9.4	4164	0.49		
4568	ภาพถ่าย	289	9.4	3174	0.32		
4569	ลูกพี่ลูกน้อง	289	9.4	9521	2.24		
4570	เชี่ยน	289	9.4	6661	1.12		
4571	ญาน	289	9.4	11152	3.11		
4572	วิถีทาง	289	9.4	4228	0.51		
4573	รูด	289	9.4	5877	0.90		
4574	แสงแดด	288	9.3	3279	0.34		
4575	วางเพลิง	288	9.3	11563	3.37		
4576	สังหรณ์	288	9.3	6777	1.14		
4577	ตังค์	288	9.3	5039	0.68	colloquial	
4578	สภาวะ	288	9.3	1700	0.13		
4579	คลาย	288	9.3	2386	0.21		
4580	ดริว	287	9.3	24083	28.09		
4581	วิสกี้	287	9.3	12870	4.35		
4582	จอร์	287	9.3	19210	12.87		
4583	สมัครเล่น	287	9.3	7228	1.28		
4584	นามบัตร	287	9.3	8173	1.63		
4585	ยี่ห้อ	287	9.3	2773	0.26		
4586	ทิป	287	9.3	11865	3.55		
4587	แซง	287	9.3	5111	0.70		
4588	เฟิล	287	9.3	19337	12.87		
4589	ลำไส้	287	9.3	4112	0.48		y
4590	ซัด	287	9.3	4133	0.49		
4591	อื้อฉาว	287	9.3	7888	1.52		
4592	เอาใจใส่	287	9.3	2933	0.29		
4593	เวอร์จิเนีย	286	9.3	9966	2.44		
4594	โดยสิ้นเชิง	286	9.3	4067	0.47		
4595	เตี้ย	286	9.3	4161	0.49		y
4596	เชื้อโรค	286	9.3	4428	0.54		y
4597	ลาด	286	9.3	3396	0.35		
4598	กล้าม	286	9.3	7397	1.33		
4599	แลร์	285	9.2	20014	14.61		
4600	เบลน	285	9.2	29176	61.36		
4601	อาจารย์ใหญ่	285	9.2	9951	2.43		
4602	ลิค	285	9.2	11584	3.37		
4603	กัง	285	9.2	4916	0.65		
4604	ใบเสร็จ	285	9.2	7013	1.20		y
4605	หมอก	285	9.2	4166	0.49		y
4606	กรด	285	9.2	3313	0.34		y
4607	ศักยภาพ	285	9.2	1869	0.15		
4608	แนวโน้ม	285	9.2	1532	0.12		y
4609	สลัก	285	9.2	4503	0.56		
4610	หลุมดำ	284	9.2		speech-only	slang	y
4611	เป็นอัน	284	9.2	1993	0.16		
4612	สันนิษฐาน	284	9.2	3625	0.39		
4613	ใจกลาง	284	9.2	4497	0.55		
4614	ชำนาญ	284	9.2	2454	0.22		
4615	ทีน	283	9.2	9106	2.00		
4616	แบตเตอรี่	283	9.2	7530	1.37		y
4617	บล็อค	283	9.2	17710	9.83		
4618	ล่องหน	283	9.2	14681	5.97	slang	
4619	สะโพก	283	9.2	5826	0.87		y
4620	ปืนใหญ่	283	9.2	7585	1.40		
4621	เต็มตัว	283	9.2	4824	0.62		
4622	ลี้	283	9.2	3412	0.35		
4623	เรียกหา	283	9.2	8800	1.87		
4624	คลัง	283	9.2	3047	0.30		
4625	ไดอารี่	282	9.1	9913	2.39		
4626	ช้อน	282	9.1	2107	0.17		y
4627	เร่าร้อน	282	9.1	8335	1.67		
4628	เวช	282	9.1	2425	0.21		
4629	ครั้งนั้น	282	9.1	2986	0.29		
4630	เท่าเทียม	282	9.1	2079	0.17		
4631	เริ่ด	281	9.1	16900	8.64	slang	
4632	ไอศ	281	9.1	17155	8.90		
4633	เพล	281	9.1	8194	1.60		
4634	บัต	281	9.1	11474	3.25		
4635	ศิษย์	281	9.1	3177	0.32		
4636	จงใจ	281	9.1	2980	0.29		
4637	อู้ว	280	9.1	25191	30.14		
4638	แก๊บ	280	9.1	19420	13.11		
4639	ฮวน	280	9.1	10858	2.84		
4640	ชิคาโก	280	9.1	8941	1.91		
4641	แลง	280	9.1	8710	1.80	slang	
4642	องุ่น	280	9.1	6973	1.17		
4643	ศูนย์กลาง	280	9.1	1649	0.12		
4644	ควง	280	9.1	4045	0.46	slang	
4645	ออสการ์	279	9.0	9767	2.29		
4646	ตอนเย็น	279	9.0	4106	0.47		
4647	ลามก	279	9.0	6393	1.00		
4648	ฮิต	279	9.0	4801	0.61	colloquial	
4649	ผูกมัด	279	9.0	6112	0.92		
4650	บ๊ายบาย	278	9.0		speech-only	colloquial	
4651	ตอแหล	278	9.0	12496	3.94	offensive	
4652	ทัส	278	9.0	10704	2.75		
4653	คุกกี้	278	9.0	7958	1.50		
4654	ข้อดี	278	9.0	3522	0.36		
4655	พันธุกรรม	278	9.0	3797	0.41		y
4656	ขี้ยา	278	9.0	18576	11.08		
4657	ระลึก	278	9.0	3205	0.32		
4658	สโมสร	278	9.0	3374	0.34		
4659	แทรก	278	9.0	2472	0.22		
4660	สัม	278	9.0	2885	0.27		
4661	โว่	277	9.0	19059	11.93		
4662	เฟ่	277	9.0	8848	1.85		
4663	ตส์	277	9.0	32257	speech-only		
4664	ยิน	277	9.0	4720	0.59		
4665	หรูหรา	277	9.0	3905	0.43		
4666	กิ้น	277	9.0	13343	4.52		
4667	จรจัด	277	9.0	9584	2.18		
4668	ไอ่	277	9.0	24520	27.11		
4669	ปิค	277	9.0	7969	1.50		
4670	พ่อครัว	277	9.0	7233	1.24		
4671	พบปะ	277	9.0	3689	0.39		
4672	สอด	277	9.0	3189	0.31		
4673	คลาด	277	9.0	9338	2.07		
4674	เบื้องต้น	277	9.0	1562	0.11		
4675	อ้างอิง	277	9.0	2600	0.23		
4676	เจ้าค่ะ	276	8.9		speech-only	colloquial	
4677	อิซ	276	8.9	17822	9.90		
4678	ตุ๊ด	276	8.9	10622	2.68	offensive	
4679	เกียรติยศ	276	8.9	4941	0.63		
4680	เฒ่า	276	8.9	3747	0.40		
4681	นิโกร	276	8.9	10573	2.65		
4682	ทสึ	276	8.9	19737	13.51		
4683	กินส์	276	8.9	19220	12.38		
4684	สระว่ายน้ำ	276	8.9	8048	1.52		
4685	ยิม	276	8.9	8555	1.72	colloquial	y
4686	สบ	276	8.9	1865	0.14		
4687	ราบ	276	8.9	3204	0.31		
4688	ธาตุ	276	8.9	1979	0.16		y
4689	คิล	275	8.9	9872	2.31		
4690	เหนี่ยว	275	8.9	8588	1.72		
4691	แพ	275	8.9	3674	0.38		
4692	เฮอ	275	8.9	11307	3.05		
4693	ขุม	275	8.9	6146	0.92	slang	
4694	แปรง	275	8.9	5072	0.66		
4695	ขวาน	275	8.9	7816	1.43		
4696	เปอร์เซ็นต์	274	8.9	2016	0.16	colloquial	y
4697	งะ	274	8.9	7457	1.30	slang	
4698	ธรรมเนียม	274	8.9	3150	0.30		
4699	พระเอก	274	8.9	2481	0.21		
4700	เลือน	274	8.9	3803	0.41		
4701	พ่ะย่ะค่ะ	273	8.9	16132	7.35	colloquial	
4702	วายร้าย	273	8.9	14197	5.25		
4703	กระตือรือร้น	273	8.9	4462	0.52		
4704	ปิดกั้น	273	8.9	5745	0.81		
4705	แผง	273	8.9	3500	0.35		
4706	ถ่าน	273	8.9	5136	0.67		
4707	ประพฤติ	273	8.9	1765	0.13		
4708	ลอยด์	272	8.8	13631	4.72		
4709	เล้ย	272	8.8	6981	1.14		
4710	รอฟ	272	8.8	13507	4.58		
4711	โคม	272	8.8	4438	0.52		
4712	แอท	272	8.8	11746	3.29		
4713	กลม	272	8.8	2087	0.17		
4714	ษ	272	8.8	7237	1.22		
4715	โคร	272	8.8	8100	1.52		
4716	เชค	272	8.8	14791	5.86		
4717	โดดเด่น	272	8.8	3046	0.29		
4718	ยุบ	272	8.8	2691	0.24		
4719	เถ้า	272	8.8	7446	1.28		
4720	จิ๋ว	272	8.8	4443	0.52		
4721	ฉะ	271	8.8	6824	1.08		
4722	เรียส	271	8.8	19322	12.16		
4723	วิหาร	271	8.8	4321	0.49		
4724	ไหร	271	8.8	19240	12.16		
4725	ใจกว้าง	271	8.8	8061	1.50		
4726	พัวพัน	271	8.8	7750	1.39		
4727	ลงนาม	271	8.8	3060	0.29		
4728	ลายมือ	271	8.8	5377	0.72		
4729	คาดการณ์	271	8.8	4212	0.47		
4730	แพทริค	270	8.8	22549	20.76		
4731	ยึดมั่น	270	8.8	3368	0.33		
4732	แอลกอฮอล์	270	8.8	4559	0.54		
4733	เซ็ง	270	8.8	3783	0.40	slang	
4734	ไพร์	270	8.8	15089	6.06		
4735	วงดนตรี	270	8.8	5246	0.69		
4736	ปลอด	270	8.8	3314	0.32		
4737	ต้อน	270	8.8	6530	1.01		
4738	พุด	270	8.8	5673	0.79		
4739	ยับยั้ง	270	8.8	4448	0.52		
4740	งีบ	270	8.8	10562	2.57		
4741	แนวคิด	270	8.8	779	0.05		
4742	บบ	269	8.7	9424	2.04		
4743	คลาสสิค	269	8.7	6613	1.03		
4744	ดิก	269	8.7	8428	1.63	colloquial	
4745	แฟนสาว	269	8.7		speech-only	colloquial	
4746	บัญชาการ	269	8.7	7829	1.41		
4747	ดิ้นรน	269	8.7	4195	0.46		
4748	ตัวเดียว	269	8.7	4774	0.58		
4749	แลว	269	8.7	16267	7.43		
4750	จ่อ	269	8.7	5636	0.78	slang	
4751	ฮันท์	268	8.7	26288	36.06		
4752	ร็อก	268	8.7	7671	1.35		
4753	บง	268	8.7	10818	2.70		
4754	เท็จ	268	8.7	4232	0.47		y
4755	ชนวน	268	8.7	8363	1.59		
4756	เธฮ	268	8.7	22883	22.19		
4757	แกรนด์	267	8.7	6214	0.91		
4758	วิวัฒนาการ	267	8.7	3417	0.33		y
4759	แกง	267	8.7	2995	0.27	slang	
4760	นักเลง	267	8.7	4858	0.59		
4761	ชิด	267	8.7	2464	0.21		
4762	แบค	267	8.7	12237	3.55		
4763	เสียก่อน	267	8.7	1647	0.12		
4764	ฤดูกาล	267	8.7	2919	0.26		
4765	ออฟฟิต	267	8.7	24666	28.74		
4766	เสี้ยว	267	8.7	4152	0.45		
4767	สอดคล้อง	267	8.7	1173	0.08		
4768	ลัทธิ	267	8.7	1908	0.14		
4769	แรม	266	8.6	4308	0.48		
4770	โฮป	266	8.6	9594	2.11		
4771	นาคา	266	8.6	9418	2.02		
4772	เจ้าบ่าว	266	8.6	5910	0.83		
4773	แม่นยำ	266	8.6	4257	0.47		
4774	ข้อผิดพลาด	266	8.6	7164	1.17		
4775	โอบ	266	8.6	3825	0.40		
4776	ควบ	266	8.6	4639	0.55		
4777	ดิบ	266	8.6	2991	0.27	offensive	
4778	ไช	265	8.6	5684	0.78		
4779	พินัยกรรม	265	8.6	4670	0.55		
4780	ของเหลว	265	8.6	5770	0.80		y
4781	เบนจามิน	264	8.6	13872	4.82		
4782	กริ่ง	264	8.6	8457	1.61		
4783	ดิ้ง	264	8.6	8793	1.74		
4784	เขิน	264	8.6	2761	0.24		
4785	มิว	264	8.6	9956	2.26		
4786	ภาพลักษณ์	264	8.6	3224	0.30		
4787	กรา	263	8.5	9660	2.11		
4788	นาห์	263	8.5	23522	23.59		
4789	สะใภ้	263	8.5	5373	0.70	colloquial	
4790	คิก	263	8.5	5062	0.63		
4791	วาล	263	8.5	12942	4.04		
4792	ตอก	263	8.5	5577	0.75	slang	
4793	เก้	263	8.5	6082	0.87		
4794	เห่า	263	8.5	6222	0.90	offensive	
4795	เมียร์	263	8.5	10817	2.65		
4796	ชั่ง	263	8.5	4330	0.48		y
4797	บงการ	263	8.5	6471	0.96		
4798	ชื่อดัง	263	8.5	3107	0.28		
4799	คำนึง	263	8.5	1348	0.09		
4800	ลิ้นชัก	263	8.5	7011	1.11		
4801	ระดม	263	8.5	2978	0.27		
4802	ไฮ้	262	8.5	6844	1.05	colloquial	
4803	เตอ	262	8.5	6381	0.94		
4804	แพ็ค	262	8.5	9929	2.22		
4805	โลหิต	262	8.5	3162	0.29		
4806	บุค	262	8.5	9172	1.88		
4807	ข้างเคียง	262	8.5	4256	0.46		
4808	ขุนนาง	262	8.5	2672	0.23		
4809	น้ำเสียง	262	8.5	1458	0.10		
4810	คราง	261	8.5	5987	0.84		
4811	แบม	261	8.5	14842	5.62		
4812	เกรท	261	8.5	16169	7.02		
4813	ลิม	261	8.5	6092	0.86		
4814	หมอฟัน	261	8.5		speech-only	colloquial	
4815	พาร์	261	8.5	4296	0.47		
4816	โรงละคร	261	8.5	6865	1.06		
4817	พละ	261	8.5	6718	1.02		
4818	คนนอก	261	8.5	6120	0.87		
4819	งบ	261	8.5	2083	0.16	colloquial	
4820	เปี่ยม	261	8.5	3469	0.33		
4821	รูปปั้น	261	8.5	5439	0.71		
4822	หยุดยั้ง	261	8.5	6519	0.97		
4823	รังแก	261	8.5	5395	0.70		
4824	บูม	260	8.4	8409	1.56		
4825	ดาล	260	8.4	9798	2.15		
4826	เรอ	260	8.4	8077	1.44		
4827	ซิบ	260	8.4	13926	4.74		
4828	เลเซอร์	260	8.4	5525	0.73		
4829	เกอ	260	8.4	8219	1.50		
4830	เฮียว	260	8.4	20328	13.99		
4831	นู่น	260	8.4	10071	2.26		
4832	สเต็ก	260	8.4	13132	4.12		
4833	เมืองหลวง	260	8.4	3411	0.32		
4834	เย้ย	260	8.4	5102	0.63		
4835	ฟัก	259	8.4	6617	0.99		
4836	บร้า	259	8.4	37787	speech-only		
4837	ลด์	259	8.4	39216	speech-only		
4838	แอด	259	8.4	5765	0.78		
4839	เฟอ	259	8.4	13049	4.04		
4840	สาบ	259	8.4	7556	1.27		
4841	ฟอก	259	8.4	5418	0.70		
4842	ลูกหลาน	259	8.4	2103	0.16		
4843	หลากหลาย	259	8.4	1174	0.07		
4844	นอร์ท	258	8.4	14813	5.55		
4845	ฟิต	258	8.4	6088	0.85		
4846	อีส	258	8.4	13970	4.79		
4847	ไรเฟิล	258	8.4	19594	12.62		
4848	บ้านนอก	258	8.4	5372	0.69	offensive	
4849	วิญ	258	8.4	10959	2.70		
4850	คาดไม่ถึง	258	8.4	6144	0.86		
4851	ตัวผู้	258	8.4	2311	0.18		
4852	ขุดคุ้ย	258	8.4	13718	4.55		
4853	เอช	257	8.3	4746	0.55		
4854	อัง	257	8.3	4952	0.59		
4855	แว่นตา	257	8.3	5361	0.68		y
4856	นด์	257	8.3	36451	speech-only		
4857	จิ้น	257	8.3	7725	1.31	slang	
4858	กระดุม	257	8.3	8274	1.50		
4859	ไอริช	256	8.3	14918	5.62		
4860	โสโครก	256	8.3	11074	2.73	offensive	
4861	ดินสอ	256	8.3	5328	0.67		
4862	แรด	256	8.3	7591	1.26		
4863	ดำรง	256	8.3	775	0.05		
4864	แก้ม	256	8.3	2128	0.16		
4865	บิชอป	255	8.3	23337	21.12		
4866	มอนด์	255	8.3	10711	2.52		
4867	แคนาดา	255	8.3	4763	0.55		
4868	ดส์	255	8.3	35888	speech-only		
4869	อส	255	8.3	9353	1.91		
4870	งัน	255	8.3	5363	0.68		
4871	เชิด	255	8.3	2918	0.25		
4872	เพดาน	255	8.3	3777	0.37		y
4873	ไอศกรีม	255	8.3	4684	0.54		
4874	ลับหลัง	255	8.3	8836	1.69		
4875	ซ่อมแซม	255	8.3	3984	0.41		
4876	ค่อน	255	8.3	4290	0.46		
4877	ฮันนีมูน	255	8.3	8466	1.55		
4878	เงินก้อน	255	8.3	7534	1.24		
4879	ตรอก	255	8.3	6659	0.99		
4880	ปลอบใจ	255	8.3	5233	0.65		
4881	เจฟฟ์	254	8.2	21036	15.19		
4882	รีย์	254	8.2	7984	1.38		
4883	ครอส	254	8.2	11728	3.07		
4884	เปราะ	254	8.2	5901	0.79		
4885	มิค	253	8.2	10163	2.23		
4886	ทัค	253	8.2	24307	24.76		
4887	ตเติ้ล	253	8.2	23179	20.95		
4888	แมง	253	8.2	5452	0.69		
4889	หีบ	253	8.2	5176	0.63		
4890	แพร่กระจาย	253	8.2	29227	54.47		
4891	เห้	252	8.2	29311	54.26		
4892	ไบรซ์	252	8.2	30888	speech-only		
4893	เทนเดอร์	252	8.2	17603	8.75		
4894	ป๊อป	252	8.2	7114	1.09		
4895	ไดโนเสาร์	252	8.2	5888	0.78	offensive	
4896	ไส้กรอก	252	8.2	7399	1.17	slang	
4897	วิศวกร	252	8.2	4750	0.54		y
4898	อุบาย	252	8.2	5555	0.71		
4899	ผู้ต้องหา	252	8.2	2456	0.19		
4900	กระชาก	252	8.2	3775	0.37		
4901	แฟลช	251	8.1	11015	2.65		
4902	ช็อกโกแลต	251	8.1	6109	0.83		
4903	เบส	251	8.1	4163	0.43		y
4904	ระยะทาง	251	8.1	2401	0.19		y
4905	เฟอร์นิเจอร์	251	8.1	4696	0.53	colloquial	
4906	ภัตตาคาร	251	8.1	5573	0.71		
4907	กาว	251	8.1	6669	0.97	slang	
4908	ป้อม	251	8.1	2878	0.24		
4909	หลักสูตร	251	8.1	1534	0.10		
4910	ฟรี่	250	8.1	34807	speech-only		
4911	นิโคล	250	8.1	13238	4.02		
4912	คร่ำครวญ	250	8.1	7133	1.09		
4913	แพค	250	8.1	12315	3.36		
4914	ชิก	250	8.1	12837	3.74		
4915	เลือดเย็น	250	8.1	11231	2.75		
4916	เลื่อย	250	8.1	7970	1.35		
4917	ความกดดัน	250	8.1	5617	0.72		
4918	ลูกปัด	250	8.1	5993	0.80		
4919	เรือน	250	8.1	1238	0.08		
4920	กบฎ	250	8.1	8509	1.54		
4921	หาเสียง	250	8.1	4075	0.41		
4922	ดิ่ง	250	8.1	3709	0.35		
4923	ส่งข่าว	250	8.1	7324	1.15		
4924	เวกัส	249	8.1	18997	10.72		
4925	วอลล์	249	8.1	17538	8.38		
4926	สากล	249	8.1	1809	0.12		
4927	นักบวช	249	8.1	6108	0.82		
4928	ดริก	249	8.1	23046	20.62		
4929	เอย	249	8.1	4461	0.48	colloquial	
4930	พ่อบ้าน	249	8.1	7510	1.20		
4931	นักท่องเที่ยว	249	8.1	1952	0.14		
4932	ตำ	249	8.1	3692	0.35	slang	y
4933	แน่นหนา	249	8.1	6782	0.99		
4934	แมต	248	8.0	15222	5.80		
4935	ก๊อก	248	8.0	6031	0.80	colloquial	
4936	ครี	248	8.0	9816	2.05		
4937	โลน	248	8.0	10208	2.21		
4938	จันท	248	8.0	7879	1.32		
4939	พูล	248	8.0	5714	0.73		
4940	อวดดี	248	8.0	11132	2.67		
4941	ลาส	248	8.0	8557	1.54		
4942	มืดมน	248	8.0	8859	1.66		
4943	ติดสินบน	248	8.0	12916	3.76		
4944	มิใช่	248	8.0	1017	0.06		
4945	ตรวจพบ	248	8.0	4713	0.52		
4946	คิท	247	8.0	19730	12.09		
4947	วุฒิ	247	8.0	2334	0.18		
4948	ลีก	247	8.0	3862	0.38		
4949	ไดรฟ์	247	8.0	19156	11.08		
4950	สไตน์	247	8.0	9110	1.75		
4951	อกหัก	247	8.0	5578	0.70	slang	
4952	ราจ	246	8.0	29788	52.96		
4953	สกิน	246	8.0	14788	5.30		
4954	ลูกอม	246	8.0	9980	2.10		
4955	ถุ	246	8.0	9659	1.98		
4956	ปิ๊ง	246	8.0	7837	1.29	colloquial	
4957	กัล	246	8.0	7734	1.26		
4958	เบะ	246	8.0	11471	2.82		
4959	สินบน	246	8.0	6731	0.97		
4960	ผ้าอ้อม	246	8.0	13124	3.89		
4961	โฮสต์	246	8.0	4275	0.44		
4962	เซย์	246	8.0	8199	1.41		
4963	นัท	246	8.0	4571	0.49		
4964	หมายค้น	246	8.0	17520	8.28		
4965	ลิฟต์	246	8.0	6989	1.03		y
4966	ห้วง	246	8.0	4277	0.44		
4967	ชาด	246	8.0	12084	3.19		
4968	เช่นไร	246	8.0	6398	0.88		
4969	ศัลยกรรม	246	8.0	5688	0.72	colloquial	
4970	เกี่ยวพัน	246	8.0	4216	0.43		
4971	ผลิตภัณฑ์	246	8.0	1134	0.07		
4972	แฮ็ค	246	8.0	23478	22.07		
4973	เดวิส	245	7.9	13133	3.88		
4974	วอร์ด	245	7.9	10760	2.44		
4975	กริมม์	245	7.9	18330	9.42		
4976	โดร	245	7.9	6591	0.93		
4977	สมัยก่อน	245	7.9	2321	0.18		
4978	เบีย	245	7.9	11378	2.78		
4979	งวง	245	7.9	11176	2.66		
4980	หูหนวก	245	7.9	9135	1.75		
4981	นิรนาม	245	7.9	11566	2.87		
4982	บอด	245	7.9	9028	1.70		
4983	มเหสี	244	7.9	4506	0.48		
4984	สูงส่ง	244	7.9	4857	0.54		
4985	ปัสสาวะ	244	7.9	3166	0.27		
4986	เฉลิมฉลอง	244	7.9	6259	0.84		
4987	เมื่อใด	244	7.9	2693	0.21		
4988	ช่องทาง	244	7.9	2625	0.21		
4989	เกล็น	243	7.9	25312	29.07		
4990	ดิ้น	243	7.9	3721	0.35	slang	
4991	ง่ายดาย	243	7.9	4692	0.51		
4992	วิตก	243	7.9	4035	0.40		
4993	กับข้าว	243	7.9	2570	0.20		
4994	ฟัล	243	7.9	21130	14.53		
4995	ลูกตา	243	7.9	4895	0.55		
4996	ผับ	243	7.9	4803	0.53		
4997	ได้เสีย	243	7.9	2790	0.22		
4998	ที่่	243	7.9	24442	23.78		
4999	ส่งมอบ	243	7.9	3485	0.31		
5000	ฮอย	242	7.8	18630	10.02		
5001	โกลด์	242	7.8	9498	1.87		
5002	ริท	242	7.8	21891	16.28		
5003	ยื่นมือ	242	7.8	4603	0.49		
5004	เชย	242	7.8	5678	0.71	slang	
5005	ม่วง	242	7.8	2718	0.22		
5006	เส้นผม	242	7.8	4360	0.45		
5007	มารดา	242	7.8	1297	0.08		
5008	ประหม่า	242	7.8	8111	1.35		
5009	เฟส	242	7.8	6681	0.94		
5010	ระบำ	242	7.8	4894	0.55		
5011	แบต	242	7.8	12923	3.72	colloquial	
5012	กำหนดการ	242	7.8	4210	0.42		
5013	กักขัง	242	7.8	4822	0.53		
5014	พลุ	242	7.8	8615	1.52		
5015	กะทันหัน	242	7.8	4366	0.45		
5016	หด	242	7.8	3805	0.36		
5017	พริล	241	7.8	15901	6.18		
5018	พอร์ต	241	7.8	7479	1.15	colloquial	
5019	คร้าบ	241	7.8	9095	1.70		
5020	โตร	241	7.8	5667	0.70		
5021	แมส	241	7.8	9006	1.66	slang	
5022	ขอทาน	241	7.8	6076	0.79		
5023	วัตถุประสงค์	241	7.8	1086	0.06		
5024	อนุบาล	241	7.8	3700	0.34	colloquial	
5025	ช้อป	241	7.8	4949	0.55		
5026	ห้อย	241	7.8	3663	0.33		
5027	เห้ย	240	7.8		speech-only	slang	
5028	อาห์	240	7.8	19708	11.74		
5029	ตช์	240	7.8	34887	speech-only		
5030	ซั่น	240	7.8	10023	2.07		
5031	กระรอก	240	7.8	10122	2.10		
5032	แชม	240	7.8	8491	1.47		
5033	ยม	240	7.8	5863	0.74		
5034	เอว	240	7.8	2962	0.24		y
5035	เกลี้ยง	240	7.8	6038	0.78		
5036	วุ่น	240	7.8	5358	0.63		
5037	เหมียว	239	7.7	9249	1.75	colloquial	
5038	วิด	239	7.7	8973	1.64		
5039	สบู่	239	7.7	3241	0.28		
5040	ไวโอลิน	239	7.7	7418	1.12		
5041	ตุ	239	7.7	4010	0.39		
5042	โรงนา	239	7.7	13077	3.73		
5043	นู้น	239	7.7	9854	1.99		
5044	โดยสาร	239	7.7	3198	0.27		
5045	บาด	239	7.7	7017	1.01		
5046	ฟราน	238	7.7	13394	3.94		
5047	โซดา	238	7.7	9815	1.97		
5048	กิ๊ก	238	7.7	5634	0.69	slang	
5049	เบี้ยน	238	7.7	17490	8.01		
5050	หารย์	238	7.7	20322	12.81		
5051	สั่งซื้อ	238	7.7	4787	0.52		
5052	เจ๊ง	238	7.7	8288	1.39	colloquial	
5053	กระพริบ	238	7.7	27293	36.60		
5054	ฮอร์โมน	238	7.7	3014	0.25		y
5055	เอาใจ	238	7.7	3357	0.29		
5056	ไส	238	7.7	7105	1.03		
5057	ไรเดอร์	237	7.7	17541	7.97	colloquial	
5058	มิน่า	237	7.7	9964	2.02		
5059	นาวิกโยธิน	237	7.7	14613	4.91		
5060	นุ่มนวล	237	7.7	3740	0.34		
5061	รถไฟใต้ดิน	237	7.7	10389	2.20		y
5062	กอบกู้	237	7.7	7921	1.27		
5063	เรือง	237	7.7	4203	0.41		
5064	อุปถัมภ์	237	7.7	3418	0.30		
5065	ล้อมรอบ	237	7.7	5006	0.55		
5066	คอล์ม	236	7.7	21530	14.94		
5067	วอลเลซ	236	7.7	31620	speech-only		
5068	ฮอว์	236	7.7	15951	6.20		
5069	อียิปต์	236	7.7	5476	0.65		
5070	นัล	236	7.7	8001	1.29		
5071	ติ้ง	236	7.7	7560	1.15		
5072	หวาดระแวง	236	7.7	7225	1.05		
5073	หายหัว	236	7.7	14115	4.46	offensive	
5074	ติก	236	7.7	4404	0.44		
5075	ทัศนคติ	236	7.7	2206	0.16		
5076	ทาสี	236	7.7	6866	0.96		
5077	เปลื้อง	236	7.7	9626	1.87		
5078	เพลิดเพลิน	236	7.7	4099	0.39		
5079	ยืนกราน	236	7.7	9383	1.78		
5080	ทารุณ	236	7.7	5515	0.66		
5081	เอ้	235	7.6	13118	3.72		
5082	มิได้	235	7.6	519	0.03		
5083	ข้าศึก	235	7.6	6136	0.78		
5084	น่าตกใจ	235	7.6	8856	1.57		
5085	ระยะห่าง	235	7.6	3847	0.36		
5086	สภาพแวดล้อม	235	7.6	2274	0.16		
5087	หน้าผา	235	7.6	7006	0.99		
5088	ของเก่า	235	7.6	4094	0.39		
5089	สะดุด	235	7.6	3708	0.33		
5090	กองทหาร	235	7.6	8058	1.30		
5091	ข้อสรุป	235	7.6	2515	0.19		y
5092	จุ๊บ	234	7.6	8190	1.33	colloquial	
5093	ฮู้ด	234	7.6	19918	12.00		
5094	ฮอฟ	234	7.6	15453	5.60		
5095	เนอ	234	7.6	7535	1.13		
5096	แซ	234	7.6	9190	1.69		
5097	อิรัก	234	7.6	5115	0.57		
5098	อารมณ์ขัน	234	7.6	5339	0.62		
5099	จิ้งจอก	234	7.6	11942	2.96		
5100	ก่อกวน	234	7.6	8117	1.31		
5101	ตราบ	234	7.6	5396	0.63		
5102	เช็ก	234	7.6	6972	0.98	colloquial	
5103	ตระ	234	7.6	7683	1.18		
5104	เขี่ย	234	7.6	5894	0.73		
5105	แหวะ	233	7.6	11407	2.64	colloquial	
5106	วอล์	233	7.6	29966	50.17		
5107	จาร์	233	7.6	19017	10.03		
5108	สายฟ้า	233	7.6	12932	3.58		
5109	แปบ	233	7.6	27039	35.83		
5110	ผู้สื่อข่าว	233	7.6	2048	0.14		
5111	กัว	233	7.6	7710	1.19		
5112	แตร	233	7.6	7103	1.01		
5113	ลิสต์	233	7.6	7125	1.01		
5114	ชิบหาย	232	7.5		speech-only	offensive	
5115	แยง	232	7.5	8799	1.53		
5116	ก็อด	232	7.5	3976	0.37		
5117	ทะเยอทะยาน	232	7.5	8143	1.31		
5118	เคราะห์ร้าย	232	7.5	7593	1.15		
5119	ทันสมัย	232	7.5	2008	0.13		
5120	จักรพรรดิ	232	7.5	3266	0.27		
5121	เปิ้ล	232	7.5	4606	0.47		
5122	สวมใส่	232	7.5	5055	0.55		
5123	ไห้	232	7.5	8370	1.39		
5124	สส์	231	7.5	34138	speech-only		
5125	ตัวต่อตัว	231	7.5	10444	2.16		
5126	โมะ	231	7.5	10136	2.04	offensive	
5127	ขี้น	231	7.5	17308	7.54		
5128	ใม	231	7.5	21058	13.82		
5129	สิ้นเชิง	231	7.5	4223	0.40		
5130	สายไฟ	231	7.5	9433	1.76		y
5131	เซิร์ฟ	231	7.5	8618	1.45		y
5132	บรรทุก	231	7.5	3658	0.32		
5133	หวน	231	7.5	3702	0.33		
5134	เม้น	231	7.5	20705	13.09	slang	
5135	ริเวอร์	230	7.5	13809	4.13		
5136	ตัส	230	7.5	10732	2.27		
5137	มูล	230	7.5	2553	0.19		
5138	สต	230	7.5	6994	0.96		
5139	ชู้	230	7.5	7856	1.21		
5140	ชีวภาพ	230	7.5	4087	0.38		
5141	ลงตัว	230	7.5	3605	0.31		
5142	ไต่สวน	230	7.5	2936	0.23		
5143	ไม่สู้	230	7.5	5587	0.65		
5144	สัญ	230	7.5	4657	0.48		
5145	เวด	229	7.4	23011	18.96		
5146	เกร็ก	229	7.4	31983	speech-only		
5147	พันเอก	229	7.4	9225	1.67		
5148	มาม่า	229	7.4		speech-only	slang	
5149	กระสุนปืน	229	7.4	6685	0.89		
5150	บ่า	229	7.4	3584	0.31		
5151	ตระหนก	229	7.4	5144	0.56		
5152	มอเตอร์ไซค์	229	7.4	4409	0.43	colloquial	y
5153	ถูกใจ	229	7.4	2959	0.23		
5154	เยี่ยง	229	7.4	5756	0.69		
5155	เฟ้ย	229	7.4	6294	0.80	colloquial	
5156	ขจัด	229	7.4	2707	0.20		
5157	เน็ด	228	7.4	27047	35.06		
5158	อัม	228	7.4	6885	0.93		
5159	ฉายา	228	7.4	5178	0.57		
5160	ตึงเครียด	228	7.4	4619	0.47		
5161	คืนชีพ	228	7.4	11486	2.64		
5162	สตางค์	228	7.4	3125	0.25	colloquial	y
5163	ฉวย	228	7.4	4552	0.45		
5164	ความขัดแย้ง	228	7.4	1316	0.08		
5165	ชนชั้น	228	7.4	1129	0.06		
5166	โยง	228	7.4	3690	0.32		
5167	คิดค้น	228	7.4	4569	0.45		
5168	แจ๊ส	227	7.4	8978	1.56		
5169	แพนด้า	227	7.4	8876	1.52		
5170	เลา	227	7.4	6191	0.77		
5171	ก้มหัว	227	7.4	9971	1.94		
5172	ประการ	227	7.4	424	0.02		
5173	โดะ	227	7.4	11879	2.84		
5174	ค้างคาว	227	7.4	8022	1.25		
5175	สสาร	227	7.4	11087	2.42		
5176	สหภาพ	227	7.4	4121	0.38		
5177	ตัดขาด	227	7.4	8590	1.42		
5178	เทนนิส	227	7.4	3343	0.27		y
5179	กริยา	227	7.4	1969	0.13		
5180	หนักหนา	227	7.4	4295	0.41		
5181	แสวงหา	227	7.4	1579	0.10		
5182	ก็ตามใจ	226	7.3	8447	1.37		
5183	กรี๊ด	226	7.3	2835	0.21	colloquial	
5184	ปล่อยมือ	226	7.3	6583	0.86		
5185	กอล	226	7.3	22164	16.22		
5186	สตาร์ท	226	7.3	8825	1.50		
5187	ทรัพย์	226	7.3	1339	0.08		
5188	ยีนส์	226	7.3	6272	0.78		
5189	ซากศพ	226	7.3	9733	1.84		
5190	สระน้ำ	226	7.3	7417	1.06		
5191	ต้านทาน	226	7.3	4289	0.41		
5192	ประมาท	226	7.3	2275	0.15		
5193	ฟาก	226	7.3	3898	0.35		
5194	บำรุง	226	7.3	2204	0.15		
5195	ทุ	226	7.3	4862	0.50		
5196	ตุลาคม	225	7.3	1639	0.10		y
5197	จอห์นสัน	225	7.3	8598	1.42		
5198	ซีด	225	7.3	4338	0.41		
5199	เก๊า	225	7.3	10395	2.09		
5200	มือใหม่	225	7.3	9902	1.89		
5201	ถ้วน	225	7.3	3895	0.35		
5202	ช่างภาพ	225	7.3	5200	0.56		
5203	เบี่ยงเบน	225	7.3	4888	0.51		
5204	กัก	225	7.3	4920	0.51		
5205	โฮล์ม	224	7.3	12089	2.91		
5206	ลัม	224	7.3	10364	2.06		
5207	ล้า	224	7.3	5303	0.58		
5208	บิว	224	7.3	15360	5.36		
5209	เนี่ยน	224	7.3	15030	5.02		
5210	คนจน	224	7.3	2826	0.21		
5211	พ่อเจ้า	224	7.3	12177	2.98		
5212	แลค	224	7.3	24541	21.92		
5213	ล้วง	224	7.3	5504	0.62		
5214	นำเข้า	224	7.3	1002	0.05		
5215	แล้	224	7.3	7532	1.09		
5216	ช้าก่อน	223	7.2	20433	12.00	colloquial	
5217	โนวา	223	7.2	10429	2.09		
5218	ชาร์ม	223	7.2	30254	48.01		
5219	โทรลล์	223	7.2	26305	30.01		
5220	สเปค	223	7.2	16041	5.86		
5221	กลยุทธ์	223	7.2	3520	0.29		
5222	ทศวรรษ	223	7.2	1478	0.09		
5223	ปกคลุม	223	7.2	4681	0.47		
5224	เก็บเกี่ยว	223	7.2	4906	0.50		
5225	ผ้าพันคอ	223	7.2	9310	1.66		
5226	ประวัติการ	223	7.2	7637	1.12		
5227	งบประมาณ	223	7.2	714	0.04		
5228	ต่อว่า	223	7.2	2459	0.17		
5229	ใช้จ่าย	223	7.2	2060	0.13		
5230	คำร้อง	223	7.2	3015	0.23		
5231	วู้ว	222	7.2	32983	speech-only		
5232	ติ๊ก	222	7.2	9185	1.60		
5233	ฟลอริด้า	222	7.2	16363	6.29		
5234	โธ	222	7.2	6252	0.77		
5235	ริด	222	7.2	11573	2.60		
5236	โคน	222	7.2	4139	0.38		
5237	นักลงทุน	222	7.2	3320	0.27		
5238	ชนะเลิศ	222	7.2	3678	0.31		
5239	ภูติ	222	7.2	14372	4.43		
5240	จิ้ม	222	7.2	4264	0.40		
5241	ชัย	222	7.2	873	0.04		
5242	มาณ	222	7.2	10252	1.99		
5243	แล็ป	222	7.2	23745	19.92		
5244	หลอกหลอน	222	7.2	10499	2.10		
5245	ฟิชเชอร์	221	7.2	18892	9.52		
5246	จริงอยู่	221	7.2	4972	0.51		
5247	เบอร์ลิน	221	7.2	9744	1.80		
5248	เป็นต้นไป	221	7.2	2652	0.19		
5249	อาเจียน	221	7.2	5298	0.57		y
5250	ทรัพยากร	221	7.2	1383	0.08		
5251	แทรกแซง	221	7.2	3227	0.25		
5252	กล่าวถึง	221	7.2	797	0.04		
5253	ขนาน	221	7.2	2966	0.22		y
5254	ท่าที	221	7.2	2112	0.14		
5255	กิลเบิร์ต	220	7.1	12850	3.34		
5256	ฮัท	220	7.1	14349	4.39		
5257	ซากา	220	7.1	12550	3.12		
5258	ปลาหมึก	220	7.1	7484	1.05		y
5259	ยี่	220	7.1	5229	0.56		
5260	ยีน	220	7.1	4573	0.44		y
5261	ความจริงใจ	220	7.1	5023	0.52		
5262	พระราชินี	220	7.1	8608	1.38		
5263	แกรม	220	7.1	3751	0.32		
5264	แม่เลี้ยง	220	7.1	8162	1.25	colloquial	
5265	น็อค	220	7.1	11830	2.72		
5266	หากว่า	220	7.1	5796	0.67		
5267	ฮอน	220	7.1	6350	0.78		
5268	สรรเสริญ	220	7.1	4225	0.38		
5269	ท้องถนน	220	7.1	6084	0.72		
5270	คัมภีร์	220	7.1	3366	0.27		
5271	แห่	220	7.1	4006	0.36	colloquial	
5272	บัด	219	7.1	12651	3.19		
5273	เมียน	219	7.1	10350	2.02		
5274	ฟิตซ์	219	7.1	32848	speech-only		
5275	ราชิ	219	7.1	17016	6.93		
5276	ปรา	219	7.1	2443	0.17		
5277	กะหรี่	219	7.1	12951	3.37	offensive	
5278	ตร้า	219	7.1	8356	1.30		
5279	ทางหลวง	219	7.1	3547	0.29		
5280	หาร	219	7.1	4050	0.36		y
5281	เสียหน่อย	219	7.1	6135	0.73		
5282	ชาวนา	219	7.1	1421	0.08		
5283	ลอยนวล	219	7.1	13387	3.63		
5284	ละเลย	219	7.1	3696	0.31		
5285	ประดิษฐ์	219	7.1	2357	0.16		
5286	ญาณ	219	7.1	4023	0.36		
5287	จัดเตรียม	219	7.1	5207	0.55		
5288	โอ๊	218	7.1	32339	speech-only		
5289	โอ่	218	7.1	12392	3.01		
5290	ลิฟ	218	7.1	19999	11.18		
5291	มัวร์	218	7.1	13869	3.98		
5292	ซูม	218	7.1	14440	4.43		
5293	จอฟ	218	7.1	25372	26.08		
5294	เปอ	218	7.1	11115	2.35		
5295	โม่	218	7.1	7116	0.95		
5296	อิฐ	218	7.1	4456	0.42		
5297	ช็อก	218	7.1	7249	0.98		
5298	หลอด	218	7.1	4137	0.37		
5299	ฐานทัพ	218	7.1	4990	0.51		
5300	กติกา	218	7.1	3799	0.32		
5301	ศัพท์	218	7.1	2091	0.13		
5302	เหยียด	218	7.1	3376	0.27		
5303	เข้ารหัส	218	7.1	9260	1.60		
5304	เจิล	217	7.0	27013	33.37		
5305	สไต	217	7.0	10035	1.87		
5306	แอ็บ	217	7.0	17877	7.79		
5307	ฃ	217	7.0	7699	1.10		
5308	หมากฝรั่ง	217	7.0	13591	3.77		
5309	บรูค	217	7.0	26060	29.20		
5310	นจ์	217	7.0	21965	15.57		
5311	มูลนิธิ	217	7.0	2021	0.13		
5312	ล่มสลาย	217	7.0	5507	0.60		
5313	กายภาพ	217	7.0	3365	0.26		
5314	หัวมัน	217	7.0	8709	1.40		
5315	งอก	217	7.0	5431	0.59		
5316	หลบหน้า	217	7.0	11576	2.57		
5317	ประทับ	217	7.0	2336	0.16		
5318	ส่งออก	217	7.0	1119	0.06		
5319	ดุ๊ก	216	7.0	8197	1.24		
5320	แอชลีย์	216	7.0	21689	14.53		
5321	เจิ้ล	216	7.0	12395	2.98		
5322	เดค	216	7.0	23645	19.38		
5323	เอาอย่าง	216	7.0	5581	0.61		
5324	หงส์	216	7.0	4607	0.44		
5325	จำคุก	216	7.0	1812	0.11		
5326	กระดูกสันหลัง	216	7.0	7217	0.96		
5327	ต้นแบบ	216	7.0	3785	0.32		
5328	สถา	216	7.0	7420	1.01		
5329	เบบี้	215	7.0	12376	2.97		
5330	อัลเบิร์ต	215	7.0	14741	4.63		
5331	เคลเลอร์	215	7.0	21068	12.86		
5332	สว	215	7.0	6598	0.82		
5333	บอท	215	7.0	27596	33.06		
5334	แทค	215	7.0	9927	1.82		
5335	เลด	215	7.0	18930	9.26		
5336	แรค	215	7.0	29493	46.29		
5337	เก็บข้าว	215	7.0	8422	1.30		
5338	ชื่อเล่น	215	7.0	8131	1.21		
5339	ตะวัน	215	7.0	2910	0.21		
5340	โรแมนติค	215	7.0	17857	7.71		
5341	มึน	215	7.0	5783	0.65		
5342	องค์ประกอบ	215	7.0	1225	0.07		
5343	กำมือ	215	7.0	7274	0.97		
5344	เต็มที	215	7.0	4473	0.41		
5345	ศิลป์	215	7.0	2618	0.18		
5346	เกา	215	7.0	4471	0.41	slang	
5347	แฮต	214	6.9	24956	23.04		
5348	ปวดท้อง	214	6.9	5898	0.67		y
5349	บูล	214	6.9	10799	2.15		
5350	ริกา	214	6.9	8185	1.22		
5351	จำหน่าย	214	6.9	1214	0.07		
5352	วัตสัน	213	6.9	19801	10.42		
5353	ปอง	213	6.9	5814	0.65		
5354	เล่อร์	213	6.9	15041	4.78		
5355	กำกับ	213	6.9	2012	0.12		
5356	เหมา	213	6.9	2444	0.16		
5357	ลอร์	213	6.9	13831	3.82		
5358	มีน	213	6.9	5063	0.51		
5359	จำพวก	213	6.9	3330	0.26		
5360	เอกลักษณ์	213	6.9	2256	0.14		
5361	ใหญ่หลวง	213	6.9	6234	0.73		
5362	ของกิน	213	6.9	5217	0.54		
5363	ประสาน	213	6.9	1453	0.08		
5364	อำ	213	6.9	4903	0.48	slang	
5365	บรรษัท	213	6.9	7242	0.96		
5366	ทอดด์	212	6.9	28681	38.04		
5367	มุง	212	6.9	5527	0.59		
5368	รี่ย์	212	6.9	24149	20.75		
5369	คอป	212	6.9	13556	3.62		
5370	ลน	212	6.9	10671	2.07		
5371	ทัม	212	6.9	20884	12.68		
5372	บรรณาธิการ	212	6.9	4262	0.38		
5373	ฏิ	212	6.9	12844	3.17		
5374	ชั่วขณะ	212	6.9	5856	0.65		
5375	อัมพาต	212	6.9	5316	0.55	slang	
5376	ปริญญา	212	6.9	3160	0.24	colloquial	
5377	ส่วนประกอบ	212	6.9	10049	1.84		
5378	เสก	212	6.9	6113	0.70	slang	
5379	ทวง	212	6.9	5570	0.60		
5380	ตื้น	212	6.9	4025	0.35		
5381	ตายห่า	211	6.8	17319	6.88	offensive	
5382	แคฟ	211	6.8	24712	22.71		
5383	เชลล์	211	6.8	7572	1.03		
5384	โฮล	211	6.8	9094	1.48		
5385	จีพี	211	6.8	15557	5.16		
5386	เดิ้ล	211	6.8	13692	3.72		
5387	เทม	211	6.8	19037	9.09		
5388	เดียวดาย	211	6.8	8220	1.21		
5389	โยก	211	6.8	6198	0.72		
5390	ช่อ	211	6.8	3719	0.30		
5391	พินาศ	211	6.8	8519	1.30		
5392	เหนียว	211	6.8	4441	0.40		
5393	เก็บตัว	211	6.8	6474	0.77		
5394	เส้นสาย	211	6.8	6523	0.79		
5395	มีนาคม	210	6.8	2049	0.12		y
5396	โอ๋	210	6.8	8226	1.21		
5397	เมียว	210	6.8	14623	4.43		
5398	ตรี	210	6.8	2958	0.21		
5399	ปิดตาย	210	6.8	14781	4.52		
5400	มั่น	210	6.8	2762	0.19		
5401	เจ็บป่วย	210	6.8	2871	0.20		
5402	เงินกู้	210	6.8	2580	0.17		
5403	เพียงใด	210	6.8	1841	0.11		
5404	เร็ก	209	6.8	12684	3.04		
5405	ตัวดี	209	6.8	5113	0.51		
5406	โค่	209	6.8	15452	5.00		
5407	พื้นเมือง	209	6.8	3037	0.22		
5408	ค้างคืน	209	6.8	8055	1.15		
5409	สาบสูญ	209	6.8	8658	1.33		
5410	ท่วม	209	6.8	3827	0.31		
5411	เยื่อ	209	6.8	4294	0.38		
5412	รู้เห็น	209	6.8	5284	0.54		
5413	ฟังได้	209	6.8	5933	0.66		
5414	หารือ	209	6.8	1726	0.10		
5415	ประณาม	208	6.7	5594	0.59		
5416	กู๊ด	208	6.7	10842	2.11		
5417	เข้าแถว	208	6.7	8073	1.15		
5418	เพรส	208	6.7	7657	1.05		
5419	เข็มทิศ	208	6.7	12275	2.80		
5420	กำปั้น	208	6.7	7926	1.11		
5421	ลูกกวาด	208	6.7	13183	3.34		
5422	เทพนิยาย	208	6.7	8121	1.17		
5423	ทุกแห่ง	208	6.7	4666	0.43		
5424	ชนบท	208	6.7	1105	0.06		
5425	คอลลินส์	207	6.7	15950	5.44		
5426	เรดิธ	207	6.7	22924	17.14		
5427	สป	207	6.7	13064	3.23		
5428	กลาโหม	207	6.7	3471	0.26		
5429	ซัค	207	6.7	17015	6.55		
5430	บับ	207	6.7	13823	3.71		
5431	ชาร์จ	207	6.7	9876	1.74	colloquial	y
5432	นับแต่	207	6.7	1241	0.06		
5433	ทวีป	207	6.7	2537	0.17		y
5434	บิต	207	6.7	3539	0.27		
5435	ท่อน้ำ	207	6.7	7721	1.06		
5436	สตา	207	6.7	9090	1.46		
5437	แก้ต่าง	207	6.7	10648	2.01		
5438	สู้รบ	207	6.7	5243	0.53		
5439	สลีย์	206	6.7	10589	1.98		
5440	อลาส	206	6.7	17955	7.65		
5441	ฮั่น	206	6.7	6307	0.72		
5442	ยุล	206	6.7	38016	speech-only		
5443	ควอน	206	6.7	21963	13.86		
5444	เรต	206	6.7	11649	2.46		
5445	โบนัส	206	6.7	8413	1.24		
5446	ฟริ	206	6.7	7578	1.01		
5447	ท้องที่	206	6.7	2674	0.18		
5448	กระบะ	206	6.7	5417	0.56		
5449	ขัดข้อง	206	6.7	5093	0.50		
5450	เจ้าเล่ห์	206	6.7	6142	0.69		
5451	แนบ	206	6.7	2824	0.19		
5452	ยาสลบ	206	6.7	12071	2.67		
5453	เกลี้ยกล่อม	206	6.7	9812	1.71		
5454	เล่	206	6.7	11427	2.36		
5455	ยู่	206	6.7	6455	0.75		
5456	โฮ่	205	6.6	8988	1.41		
5457	ฮาร์วีย์	205	6.6	15001	4.60		
5458	กิโลเมตร	205	6.6	2252	0.14		y
5459	ป๊ะป๋า	205	6.6	15303	4.80		
5460	ชิฟ	205	6.6	30911	speech-only		
5461	วาร์ด	205	6.6	18498	8.17		
5462	บลัด	205	6.6	14501	4.16		
5463	ศาลเตี้ย	205	6.6		speech-only	slang	
5464	เผด็จการ	205	6.6	2884	0.20		
5465	แฮค	205	6.6	24414	20.06		
5466	ร่อง	205	6.6	4791	0.44		
5467	ล้างมือ	205	6.6	7311	0.94		
5468	ความเคลื่อนไหว	205	6.6	3544	0.27		
5469	พุง	205	6.6	5712	0.61		
5470	ทำเอา	205	6.6	2614	0.17		
5471	เผง	204	6.6	15926	5.23		
5472	เบรก	204	6.6	5105	0.50	colloquial	
5473	บราว	204	6.6	16515	5.94		
5474	เกร็ง	204	6.6	3935	0.32		
5475	คลิ	204	6.6	10366	1.88		
5476	จำนอง	204	6.6	5092	0.49		
5477	คูร	204	6.6	32207	speech-only		
5478	กางเขน	204	6.6	12756	3.01		
5479	กิ้ง	204	6.6	9186	1.47		
5480	เนิน	204	6.6	4499	0.40		
5481	ประสานเสียง	204	6.6	7036	0.86		
5482	ปราถ	204	6.6	19968	10.46		
5483	จดทะเบียน	204	6.6	1702	0.09		
5484	เดือด	204	6.6	3863	0.31	colloquial	y
5485	ทำโทษ	204	6.6	7902	1.09		
5486	นอร์แมน	203	6.6	17878	7.28		
5487	เวนย์	203	6.6	35417	speech-only		
5488	ในที่นี้	203	6.6	8974	1.39		
5489	เวอร์ชั่น	203	6.6	9655	1.62		
5490	สติก	203	6.6	6807	0.81		
5491	เยาวชน	203	6.6	1381	0.07		
5492	ทุจริต	203	6.6	2435	0.15		
5493	นน	203	6.6	5506	0.56		
5494	ตาก	203	6.6	2731	0.18		
5495	นองเลือด	203	6.6	9187	1.47		
5496	ฤทธิ์	203	6.6	1247	0.06		
5497	แอนเดอร์สัน	202	6.5	16452	5.72		
5498	ปาร์ก	202	6.5	15023	4.53		
5499	สวอน	202	6.5	11740	2.44		
5500	ต่อตา	202	6.5	8088	1.12		
5501	อัปลักษณ์	202	6.5	7828	1.06		
5502	เด๋ว	202	6.5	24683	21.75		
5503	เฟ็ค	202	6.5	23303	16.73		
5504	น้ำท่วม	202	6.5	1373	0.07		y
5505	แบคทีเรีย	202	6.5	5392	0.54		y
5506	กิ้นส์	202	6.5	31741	speech-only		
5507	มน	202	6.5	3364	0.25		
5508	กักบริเวณ	202	6.5	12856	3.06		
5509	เหลา	202	6.5	5652	0.59	colloquial	
5510	เช่	202	6.5	10530	1.92		
5511	ผัว	202	6.5	2694	0.18	colloquial	
5512	ลั่น	202	6.5	2292	0.14	slang	
5513	พื้นผิว	202	6.5	3865	0.31		
5514	ดอร์ฟ	201	6.5	19957	10.30		
5515	บอนด์	201	6.5	16427	5.69		
5516	สาธุ	201	6.5	9624	1.59	colloquial	
5517	อุป	201	6.5	2086	0.12		
5518	ออสเตรเลีย	201	6.5	2610	0.17		
5519	สต์	201	6.5	11987	2.58		
5520	หันหน้า	201	6.5	3167	0.22		
5521	โพร	201	6.5	10213	1.79		
5522	ล็อกเกอร์	201	6.5	31666	speech-only		
5523	อาหรับ	201	6.5	4930	0.46		
5524	ได้สติ	201	6.5	8060	1.12		
5525	ละเอียดอ่อน	201	6.5	4743	0.43		
5526	รับประทาน	201	6.5	1351	0.07		
5527	ผลาญ	201	6.5	6168	0.68		
5528	สจ๊วต	200	6.5	11845	2.47		
5529	เวลส์	200	6.5	12252	2.69		
5530	บริดจ์	200	6.5	9973	1.71		
5531	อ๊อก	200	6.5	10293	1.81		
5532	อร์	200	6.5	19294	8.97		
5533	ก้าวร้าว	200	6.5	4017	0.32		
5534	ปิดคดี	200	6.5	13350	3.31		
5535	โหดเหี้ยม	200	6.5	9065	1.40		
5536	ไซส์	200	6.5	9064	1.40		
5537	ฟาง	200	6.5	5211	0.50		
5538	อรุณ	200	6.5	4795	0.43		
5539	คุระ	200	6.5	19438	9.36		
5540	นักบุญ	200	6.5	8324	1.18		
5541	ฉั้น	200	6.5	33461	speech-only		
5542	นานาชาติ	200	6.5	2543	0.16		
5543	แหย่	200	6.5	5409	0.54		
5544	บรรเทา	200	6.5	2879	0.19		
5545	โต้แย้ง	200	6.5	3924	0.31		
5546	จูง	200	6.5	4805	0.44		
5547	เคือง	200	6.5	4886	0.45		
5548	พอง	200	6.5	4215	0.35		
5549	หลอม	200	6.5	6362	0.71		
5550	ส้วม	200	6.5	4999	0.47		
5551	กลอ	199	6.5	15122	4.56		
5552	แพทริก	199	6.5	23964	19.48		
5553	กริฟฟิน	199	6.5	33470	speech-only		
5554	เพนกวิน	199	6.5	9441	1.52		
5555	ผู้บังคับบัญชา	199	6.5	2263	0.14		
5556	โพสต์	199	6.5	6460	0.73		
5557	แกว่ง	199	6.5	5296	0.51		
5558	อำลา	199	6.5	7007	0.84		
5559	บุ๊ค	199	6.5	6461	0.73		
5560	ประชาสัมพันธ์	199	6.5	2342	0.14	colloquial	
5561	ปั่นป่วน	199	6.5	5811	0.61		
5562	เปรียบ	199	6.5	2616	0.17		
5563	ฮือ	198	6.4	4016	0.32		
5564	ซาราห์	198	6.4	13026	3.09		
5565	นิยาม	198	6.4	1795	0.10		
5566	เรือดำน้ำ	198	6.4	13811	3.55		
5567	โค้ด	198	6.4	9645	1.58		
5568	พ่อเลี้ยง	198	6.4	7965	1.07	colloquial	
5569	คิ้ว	198	6.4	1920	0.11		y
5570	กาลเวลา	198	6.4	3943	0.31		
5571	งอ	198	6.4	4128	0.33		
5572	คลี่คลาย	198	6.4	4317	0.36		
5573	ศรีษะ	198	6.4	11586	2.34		
5574	หวง	198	6.4	3596	0.27		
5575	นินทา	198	6.4	4839	0.44		
5576	ดอม	197	6.4	15943	5.17		
5577	คีธ	197	6.4	22176	14.14		
5578	เล็กซ์	197	6.4	11596	2.33		
5579	คล	197	6.4	8348	1.17		
5580	ไอซ์	197	6.4	10580	1.89		
5581	มอนท์	197	6.4	24964	21.21		
5582	ค่าหัว	197	6.4	19488	9.22		
5583	บูท	197	6.4	12943	3.03		
5584	ประชาธิปไตย	197	6.4	1011	0.05		
5585	บอร์	197	6.4	14507	4.00		
5586	แกล	197	6.4	7282	0.89		
5587	เยาว์	197	6.4	4580	0.39		
5588	หมายจับ	197	6.4	6325	0.69		
5589	หร	197	6.4	13989	3.66		
5590	ซุบซิบ	197	6.4	6986	0.83		
5591	สัมมนา	197	6.4	3070	0.21		
5592	ชักจูง	197	6.4	4741	0.42		
5593	แบล็ก	196	6.4	10189	1.74		
5594	ทริส	196	6.4	32546	speech-only		
5595	เฮโรอีน	196	6.4	9940	1.66		
5596	ล็อบบี้	196	6.4	9457	1.50		
5597	จิก	196	6.4	5018	0.46	slang	
5598	โง่เขลา	196	6.4		speech-only	offensive	
5599	บัญชา	196	6.4	5980	0.63		
5600	พลังจิต	196	6.4	8000	1.07		
5601	เคยชิน	196	6.4	3772	0.29		
5602	ฝึกอบรม	196	6.4	1909	0.11		
5603	ละแวก	196	6.4	6087	0.65		
5604	ดีส	195	6.3	19546	9.13		
5605	ฮัว	195	6.3	10434	1.83		
5606	เบิร์ด	195	6.3	7511	0.94		
5607	โคลัมเบีย	195	6.3	11498	2.26		
5608	นายกรัฐมนตรี	195	6.3	765	0.03		
5609	ตต	195	6.3	20914	11.66		
5610	จระเข้	195	6.3	5408	0.52		
5611	เด็ต	195	6.3	25659	23.32		
5612	ข้าพเจ้า	195	6.3	647	0.03		
5613	รุกราน	195	6.3	4751	0.42		
5614	น้ำตาย	195	6.3	9707	1.58		
5615	กระตุก	195	6.3	4863	0.43		
5616	รัว	195	6.3	5778	0.59		
5617	มรณะ	195	6.3	7655	0.98		
5618	จ้อน	195	6.3	19593	9.54		
5619	อำนวย	195	6.3	2158	0.12		
5620	นอล	195	6.3	7915	1.04		
5621	ลีฟ	194	6.3	13849	3.48		
5622	ฟรานซิส	194	6.3	13695	3.42		
5623	โนลด์	194	6.3	13037	3.03		
5624	เซส	194	6.3	9062	1.36		
5625	แนะ	194	6.3	4245	0.34		
5626	ไฟฉาย	194	6.3	6708	0.76	slang	
5627	พรรดิ์	194	6.3	13490	3.26		
5628	วาติกัน	194	6.3	10408	1.80		
5629	เสมือน	194	6.3	2063	0.12		
5630	ลูกศิษย์	194	6.3	3264	0.23		
5631	นัดหมาย	194	6.3	4577	0.39		
5632	แนวทาง	194	6.3	753	0.03		
5633	สิ่งประดิษฐ์	194	6.3	21437	12.28		
5634	ป๊อบ	193	6.3	9232	1.40		
5635	คอมพ์	193	6.3	9705	1.56		
5636	แทม	193	6.3	8808	1.27		
5637	คฤหาสน์	193	6.3	7328	0.88		
5638	ใจร้อน	193	6.3	6254	0.67		y
5639	สุนทรพจน์	193	6.3	6536	0.72		
5640	โอเวอร์	193	6.3	6984	0.81		
5641	ตะปู	193	6.3	8024	1.06		
5642	ฟิล์ม	193	6.3	3760	0.28		
5643	อีตัว	193	6.3		speech-only	offensive	
5644	แรงดัน	193	6.3	6438	0.70		
5645	สมคบ	193	6.3	11493	2.23		
5646	เละเทะ	193	6.3	12104	2.53	slang	
5647	พันธะ	193	6.3	5807	0.59		y
5648	ด้อย	193	6.3	2364	0.14		
5649	ประดับ	193	6.3	1926	0.11		
5650	คล้าก	192	6.2	28767	34.45		
5651	เฟร็ด	192	6.2	14211	3.69		
5652	ซก	192	6.2	10080	1.67		
5653	เบิร์ท	192	6.2	17410	6.46		
5654	อีสต์	192	6.2	11110	2.07		
5655	แบ็ก	192	6.2	11635	2.30		
5656	สังสรรค์	192	6.2	6466	0.70		
5657	ประหารชีวิต	192	6.2	8205	1.10		
5658	ฏี	192	6.2	6358	0.68		
5659	โหว่	192	6.2	7131	0.84		
5660	สนิม	192	6.2	9428	1.46		y
5661	ยศ	192	6.2	2029	0.11		
5662	แร่	192	6.2	4090	0.32		y
5663	ขั้ว	192	6.2	3770	0.28		y
5664	ทิ่ม	192	6.2	8595	1.21	slang	
5665	ว่าจ้าง	192	6.2	4572	0.38		
5666	เค้น	192	6.2	8169	1.09		
5667	อันเป็น	192	6.2	756	0.03		
5668	ยาหยี	191	6.2	21275	12.09		
5669	หนวกหู	191	6.2	11725	2.31		
5670	เคม	191	6.2	13367	3.16		
5671	เลก	191	6.2	9949	1.63		
5672	หัวนม	191	6.2	11264	2.10		
5673	ภูเขาไฟ	191	6.2	6635	0.74		y
5674	โศกนาฏกรรม	191	6.2	7539	0.93		
5675	เล็ค	191	6.2	12086	2.48		
5676	ลำคอ	191	6.2	3802	0.28		
5677	เซก	191	6.2	24870	20.56		
5678	พังทลาย	191	6.2	7266	0.86		
5679	กวาดล้าง	191	6.2	7753	0.98		
5680	มิถุนายน	190	6.2	2323	0.14		y
5681	สกา	190	6.2	11661	2.27		
5682	เม้าท์	190	6.2	8359	1.13	slang	
5683	ราม	190	6.2	1501	0.07	slang	
5684	ปูน	190	6.2	4239	0.33		
5685	พิล	190	6.2	27053	29.22		
5686	ไอติม	190	6.2	8861	1.27	colloquial	
5687	ยับ	190	6.2	6476	0.70	slang	
5688	ฝ	190	6.2	16681	5.68	slang	
5689	ซน	190	6.2	5269	0.49		
5690	บกพร่อง	190	6.2	2956	0.19		
5691	แฮก	190	6.2	10511	1.79		
5692	สาธิต	190	6.2	4782	0.41		
5693	อ้อมแขน	190	6.2	6904	0.78		
5694	รือ	190	6.2	6427	0.69		
5695	รื่อ	190	6.2	17508	6.39		
5696	ไตร่ตรอง	190	6.2	5658	0.55		
5697	บีท	189	6.1	24028	18.50		
5698	ทูน	189	6.1	8827	1.26		
5699	มิก	189	6.1	4064	0.31		
5700	เจิดจ้า	189	6.1	8934	1.29		
5701	นาซา	189	6.1	12378	2.61		
5702	สิน	189	6.1	2591	0.16		
5703	นอฟ	189	6.1	9703	1.53		
5704	เผ็ด	189	6.1	4840	0.42	slang	y
5705	ต้าร์	189	6.1	12886	2.87		
5706	ไซเบอร์	189	6.1	10870	1.92		
5707	อึ้ง	189	6.1	2635	0.16		
5708	คณ	189	6.1	13951	3.51		
5709	เงามืด	189	6.1	10619	1.83		
5710	ขม	189	6.1	5288	0.49		
5711	วิกฤติ	189	6.1	2697	0.17		
5712	กัย	189	6.1	11539	2.21		
5713	ไวโอเล็ต	188	6.1	21323	11.90		
5714	เอิร์ล	188	6.1	23925	16.87		
5715	ฮู้	188	6.1	8408	1.13		
5716	เบคอน	188	6.1	10310	1.72		
5717	โว๊ย	188	6.1	22904	15.57		
5718	วี่แวว	188	6.1	7320	0.86		
5719	เมด	188	6.1	7284	0.85		
5720	บาร์บีคิว	188	6.1	13071	2.93		
5721	ตด	188	6.1	8230	1.08	colloquial	
5722	บรรทัด	188	6.1	3494	0.24		
5723	ดีด	188	6.1	4970	0.43		
5724	ชะลอ	188	6.1	2934	0.19		
5725	มีชู้	188	6.1	12139	2.47		
5726	บทสนทนา	188	6.1	4876	0.42		
5727	ข่วน	188	6.1	13400	3.11		
5728	เมิน	188	6.1	5249	0.48		
5729	ล่อลวง	188	6.1	6607	0.72		
5730	หมาก	188	6.1	3468	0.24		
5731	เฮย	187	6.1	17863	6.71		
5732	ไอ้ระยำ	187	6.1		speech-only	slang	
5733	เร้ด	187	6.1	18999	8.05		
5734	กัม	187	6.1	8136	1.05		
5735	ราห์	187	6.1	18513	7.46		
5736	กรงเล็บ	187	6.1	10749	1.86		
5737	ลาส์	187	6.1	12930	2.88		
5738	ขีดจำกัด	187	6.1	7160	0.82		
5739	พวงมาลัย	187	6.1	6089	0.62		
5740	เคร่ง	187	6.1	7967	1.01		
5741	แนวหน้า	187	6.1	8782	1.24		
5742	โมเลกุล	187	6.1	7810	0.97		y
5743	แทรกซึม	187	6.1	8127	1.05		
5744	พัสดุ	187	6.1	3073	0.20		
5745	ตั้งตัว	187	6.1	4537	0.37		
5746	เซต	186	6.0	7009	0.78		y
5747	กว้างใหญ่	186	6.0	4149	0.32		
5748	เพื่อนเจ้าสาว	186	6.0	18111	6.90		
5749	ไฮโซ	186	6.0	5791	0.57	slang	
5750	ทวย	186	6.0	11352	2.09		
5751	เข้มข้น	186	6.0	2800	0.17		
5752	บ่งชี้	186	6.0	4302	0.34		
5753	รำลึก	186	6.0	4899	0.42		
5754	ชมิดท์	185	6.0	39543	speech-only		
5755	อึม	185	6.0	12326	2.52		
5756	โจน	185	6.0	8921	1.25		
5757	มาล	185	6.0	12537	2.62		
5758	แนล	185	6.0	11133	1.99		
5759	ลาว	185	6.0	1660	0.08	offensive	
5760	กูล	185	6.0	5734	0.55		
5761	แครอท	185	6.0	10204	1.65	slang	
5762	นายทหาร	185	6.0	3965	0.29		
5763	พาว	185	6.0	12912	2.80		
5764	ลูกไม้	185	6.0	7583	0.91		
5765	เมียง	185	6.0	11997	2.37		
5766	บิส	185	6.0	11674	2.21		
5767	เป็นอันขาด	185	6.0	4547	0.37		
5768	คุณธรรม	185	6.0	2141	0.12		
5769	ปล่อง	185	6.0	9332	1.37		
5770	ขับเคลื่อน	185	6.0	4079	0.31		
5771	สมา	185	6.0	3633	0.25		
5772	ใว้	185	6.0	26949	28.45		
5773	อริ	184	6.0	9178	1.33		
5774	อัฟกานิสถาน	184	6.0	7173	0.81		
5775	ประปา	184	6.0	5052	0.44	slang	
5776	กุง	184	6.0	13948	3.42		
5777	ซามูไร	184	6.0	7374	0.85		
5778	โฟกัส	184	6.0	8929	1.25		
5779	เทว	184	6.0	5360	0.49		
5780	ยั่วยวน	184	6.0	9775	1.51		
5781	กระสวย	184	6.0	16718	5.50		
5782	จับผิด	184	6.0	7018	0.78		
5783	รับคำ	184	6.0	3393	0.23		
5784	จำต้อง	184	6.0	2868	0.18		
5785	ล้อเลียน	184	6.0	5295	0.48		
5786	แตกแยก	184	6.0	3911	0.29		
5787	สูญหาย	184	6.0	3699	0.26		
5788	อ่าห์	183	5.9	36869	speech-only		
5789	ออสติน	183	5.9	21357	11.59		
5790	บีสต์	183	5.9	37486	speech-only		
5791	เดิล	183	5.9	16106	4.93		
5792	เฮด	183	5.9	13496	3.08		
5793	ยานอวกาศ	183	5.9	6808	0.73		
5794	ยังค์	183	5.9	32136	speech-only		
5795	เครื่องราง	183	5.9	10177	1.63		
5796	สงครามโลก	183	5.9	2759	0.17		
5797	แบรนด์	183	5.9	2279	0.13		
5798	เฉือน	183	5.9	4469	0.35		
5799	วงกต	183	5.9	14386	3.65		
5800	ทฤษ	183	5.9	7195	0.81		
5801	ฉก	183	5.9	8791	1.21		
5802	อัปยศ	183	5.9	13155	2.90		
5803	ปัจจัย	183	5.9	590	0.02	colloquial	y
5804	เร่ร่อน	183	5.9	7291	0.83		
5805	อารยธรรม	183	5.9	3039	0.19		
5806	ยั้ง	183	5.9	5438	0.50		
5807	ดูหมิ่น	183	5.9	6834	0.73		
5808	ค่อยยังชั่ว	182	5.9	8426	1.10		
5809	นางสาว	182	5.9	3116	0.20		
5810	เอด	182	5.9	22478	13.99		
5811	นิวตัน	182	5.9	13749	3.21		y
5812	คริก	182	5.9	17998	6.76		
5813	พิน	182	5.9	5706	0.54		
5814	กังฟู	182	5.9	18948	7.84		
5815	สังเกตการณ์	182	5.9	5744	0.54		
5816	หนีบ	182	5.9	6813	0.73		
5817	พวง	182	5.9	4374	0.34	slang	
5818	ชอบใจ	182	5.9	3919	0.28		
5819	น่อน	181	5.9	24383	17.71		
5820	นิม	181	5.9	16567	5.27		
5821	สปริง	181	5.9	10170	1.60		
5822	อีกา	181	5.9	13012	2.82	offensive	
5823	เพิร์ด	181	5.9	28379	32.47		
5824	สำนวน	181	5.9	2031	0.11		
5825	โทน	181	5.9	4047	0.30	colloquial	
5826	ทิช	181	5.9	14526	3.75		
5827	อับ	181	5.9	5317	0.47		
5828	บังอาจ	181	5.9	7665	0.91	offensive	
5829	กรี	181	5.9	8962	1.24		
5830	ต่างชาติ	181	5.9	2239	0.12		
5831	นวน	181	5.9	9427	1.37		
5832	ชู่ว์	180	5.8	22479	13.84		
5833	ชนแก้ว	180	5.8		speech-only	colloquial	
5834	สตีเฟน	180	5.8	12948	2.77		
5835	เวียดนาม	180	5.8	2474	0.14		
5836	กลั้น	180	5.8	4052	0.30		
5837	ภาพลวงตา	180	5.8	11441	2.06		
5838	กองทัพเรือ	180	5.8	8441	1.09		
5839	พุ่ม	180	5.8	3841	0.27		
5840	บิดเบือน	180	5.8	4911	0.41		
5841	วัสดุ	180	5.8	1906	0.10		
5842	วิสัยทัศน์	180	5.8	5868	0.56		
5843	กู้ภัย	180	5.8	6623	0.69		
5844	โรย	180	5.8	4689	0.38		
5845	มลทิน	180	5.8	9051	1.26		
5846	ผู้ถือหุ้น	180	5.8	3854	0.27		
5847	คบหา	180	5.8	5060	0.43		
5848	วาว	179	5.8	5681	0.52		
5849	เกว	179	5.8	28237	32.12		
5850	โหมด	179	5.8	11577	2.12		
5851	อุรา	179	5.8	10040	1.54		
5852	ษา	179	5.8	3608	0.24		
5853	แยกย้าย	179	5.8	5139	0.44		
5854	นอร์ธ	179	5.8	13021	2.79		
5855	เบิร์ค	179	5.8	26383	24.09		
5856	ความถูกต้อง	179	5.8	3010	0.19		
5857	เห่ย	179	5.8	18131	6.64		
5858	ถัก	179	5.8	4934	0.41		
5859	ที่อยู่อาศัย	179	5.8	4282	0.32		
5860	ประสานงาน	179	5.8	2344	0.13		
5861	สังเวย	179	5.8	9235	1.30		
5862	ถ่านหิน	179	5.8	3378	0.22		
5863	รวบ	179	5.8	3750	0.26	slang	
5864	สมุน	179	5.8	8657	1.14		
5865	เรง	179	5.8	14121	3.44		
5866	ชอบธรรม	179	5.8	2182	0.12		
5867	อืมม์	178	5.8	20430	9.58		
5868	แม็ท	178	5.8	25558	21.29		
5869	สโลน	178	5.8	36299	speech-only		
5870	ไพรซ์	178	5.8	21849	11.98		
5871	พระทัย	178	5.8	2942	0.18		
5872	ทูน่า	178	5.8	12991	2.74		
5873	ซุส	178	5.8	20104	9.12		
5874	แบง	178	5.8	13923	3.25		
5875	มิสซิส	178	5.8	6967	0.74		
5876	เกาหลีเหนือ	178	5.8	4884	0.40		
5877	เหยี่ยว	178	5.8	5122	0.43		
5878	มัฟ	178	5.8	25421	21.29		
5879	ยมทูต	178	5.8	11200	1.94		
5880	ขุดหลุม	178	5.8	11187	1.94		
5881	โครง	178	5.8	1436	0.07		
5882	กันยายน	177	5.7	2178	0.11		y
5883	ชุล	177	5.7	22458	13.61		
5884	กำบัง	177	5.7	9128	1.26		
5885	ออง	177	5.7	6987	0.74		
5886	สไลด์	177	5.7	6699	0.69		
5887	ฮัล	177	5.7	5990	0.57		
5888	ฟะ	177	5.7	6195	0.60	colloquial	
5889	เต้าหู้	177	5.7	6355	0.63		
5890	วินัย	177	5.7	1950	0.10		
5891	ร่ำ	177	5.7	5025	0.42		
5892	ทุบตี	177	5.7	9169	1.27		
5893	เจ้าพ่อ	177	5.7	4131	0.30	slang	
5894	หูฟัง	177	5.7	10079	1.54	colloquial	y
5895	ผู	177	5.7	7074	0.76		
5896	มดลูก	177	5.7	4260	0.31		
5897	หลงเหลือ	177	5.7	5020	0.42		
5898	ผู้ใช้	177	5.7	1608	0.08		
5899	เอียง	177	5.7	2389	0.13		
5900	ธารณ	177	5.7	2952	0.18		
5901	หิ้ว	177	5.7	4567	0.35	colloquial	
5902	กลไก	177	5.7	1518	0.07		
5903	บิงโก	176	5.7	29637	37.89		
5904	รย์	176	5.7	30329	37.89		
5905	เหรียญทอง	176	5.7	3945	0.28		
5906	เซ็ค	176	5.7	20751	9.97		
5907	ฟักทอง	176	5.7	10106	1.54		
5908	เบิร	176	5.7	12803	2.63		
5909	ริซ	176	5.7	19150	7.89		
5910	ไพร	176	5.7	5705	0.52		
5911	เคา	176	5.7	12041	2.26		
5912	สติปัญญา	176	5.7	2640	0.15		
5913	อสังหาริมทรัพย์	176	5.7	3233	0.20		
5914	เปร่า	176	5.7	8392	1.05		
5915	เหลว	176	5.7	5332	0.46		
5916	มาตรการ	176	5.7	1043	0.04		
5917	ดัดแปลง	176	5.7	2804	0.16		
5918	ทัต	175	5.7	5769	0.53		
5919	ฟิช	175	5.7	17904	6.28		
5920	เครก	175	5.7	20372	9.42		
5921	สตัน	175	5.7	13801	3.14		
5922	แม่ตาย	175	5.7	15102	3.92		
5923	โลมา	175	5.7	13797	3.14		
5924	เคร่งครัด	175	5.7	3193	0.20		
5925	ตรอน	175	5.7	26436	23.55		
5926	รับแขก	175	5.7	4410	0.33		
5927	แบบแผน	175	5.7	2381	0.13		
5928	เหี่ยว	175	5.7	4727	0.37		
5929	คลั่งไคล้	175	5.7	9393	1.33		
5930	เนินเขา	175	5.7	8178	1.00		
5931	ปลั๊ก	175	5.7	10608	1.68		y
5932	งด	175	5.7	3312	0.21		
5933	ดอลล์	174	5.6	17521	5.85		
5934	วอเตอร์	174	5.6	11456	1.99		
5935	คลื่นไส้	174	5.6	8183	0.99		
5936	ร่าน	174	5.6	17233	5.68		
5937	ค้าน	174	5.6	5535	0.49		
5938	ปฏิทิน	174	5.6	5701	0.51		
5939	สายการบิน	174	5.6	4364	0.32		
5940	นักมวย	174	5.6	8145	0.98		y
5941	ตุ๋น	174	5.6	6698	0.68		
5942	เร้าใจ	174	5.6	7163	0.76		
5943	ซุ่มซ่าม	174	5.6	13752	3.07		
5944	มงกุฎ	174	5.6	3431	0.22		
5945	จิตใต้สำนึก	174	5.6	6138	0.58		
5946	เล็ม	174	5.6	11774	2.13		
5947	ผลตอบแทน	174	5.6	3821	0.26		
5948	ทวน	174	5.6	4004	0.28		
5949	หย่อน	174	5.6	3643	0.24		
5950	เทือกเขา	174	5.6	4389	0.33		
5951	อนุรักษ์	174	5.6	1755	0.08		
5952	โปสเตอร์	174	5.6	8223	1.00		
5953	เก็บรักษา	174	5.6	3114	0.19		
5954	อัลเฟรด	173	5.6	16953	5.32		
5955	แชด	173	5.6	37212	speech-only		
5956	โมเสส	173	5.6	24412	16.93		
5957	ชูว์	173	5.6	33266	speech-only		
5958	แหม่ม	173	5.6	3408	0.22	offensive	
5959	คอร์ป	173	5.6	13207	2.78		
5960	โฟร์	173	5.6	8581	1.08		
5961	เซ็ท	173	5.6	8659	1.10		
5962	สำลัก	173	5.6	7415	0.81		
5963	ราน	173	5.6	11019	1.83		
5964	รท	173	5.6	12410	2.39		
5965	เป็นอย่างยิ่ง	173	5.6	3434	0.22		
5966	ทึก	173	5.6	12998	2.66		
5967	รุ่นน้อง	173	5.6		speech-only	colloquial	
5968	แวร์	173	5.6	6306	0.60		
5969	รัฐสภา	173	5.6	1609	0.07		
5970	คริป	173	5.6	26756	23.28		
5971	กรอง	173	5.6	3009	0.18		
5972	วนเวียน	173	5.6	4624	0.35		
5973	ไม่แพ้	173	5.6	3718	0.25		
5974	โรงยิม	173	5.6		speech-only	colloquial	
5975	โบก	173	5.6	4513	0.34		
5976	ทราม	173	5.6	9621	1.37		
5977	ย่อง	173	5.6	6621	0.67		
5978	แก็งค์	173	5.6	39778	speech-only		
5979	ปป	172	5.6	25428	20.57		
5980	ฮุค	172	5.6	12535	2.44		
5981	วิตามิน	172	5.6	2818	0.16		
5982	เทรด	172	5.6	8105	0.96		
5983	คาร์บอน	172	5.6	7905	0.92		y
5984	ถือสา	172	5.6	8748	1.12		
5985	โอ๊ค	172	5.6	13672	2.99		
5986	อสุจิ	172	5.6	4651	0.36		
5987	หมดอายุ	172	5.6	6688	0.67		
5988	รับเชิญ	172	5.6	7145	0.75		
5989	คติ	172	5.6	2797	0.16		
5990	เฉลี่ย	172	5.6	1589	0.07		
5991	สีสัน	172	5.6	2288	0.12		
5992	คร่าว	172	5.6	4799	0.37		
5993	ลูกเธอ	172	5.6	7252	0.77		
5994	ถลก	172	5.6	11632	2.06		
5995	เพ้อฝัน	172	5.6	9255	1.26	offensive	
5996	ค้าขาย	172	5.6	2648	0.15		
5997	ปาด	172	5.6	5376	0.46		
5998	หน้าผาก	172	5.6	4005	0.28		
5999	ดันแคน	171	5.5	23882	15.34		
6000	คิต	171	5.5	18831	7.36		
6001	เรฟ	171	5.5	11952	2.17		
6002	โฮะ	171	5.5	7761	0.88		
6003	เพิร์ล	171	5.5	12066	2.22		
6004	เร็ท	171	5.5	23368	15.34		
6005	โดยทั่วไป	171	5.5	1414	0.06		
6006	ดอกเบี้ย	171	5.5	1538	0.07		y
6007	แปรปรวน	171	5.5	4724	0.36		
6008	ถ้วยรางวัล	171	5.5	12830	2.56		
6009	กันแดด	171	5.5	5450	0.47		
6010	ติดเครื่อง	171	5.5	10576	1.64		
6011	ลูกสะใภ้	171	5.5	8261	0.99		y
6012	เพ้อเจ้อ	171	5.5	10951	1.77	offensive	
6013	ปราณี	171	5.5	9994	1.47		
6014	ตะกั่ว	171	5.5	7468	0.81		
6015	ความพร้อม	171	5.5	2828	0.16		
6016	เนื้อหา	171	5.5	1112	0.05		
6017	ตูม	170	5.5	7054	0.73	colloquial	
6018	มีดโกน	170	5.5	13530	2.90		
6019	บลูม	170	5.5	15199	3.89		
6020	ต่อจากนั้น	170	5.5	4406	0.32		
6021	มิช	170	5.5	11568	1.99		
6022	มาร์ช	170	5.5	17023	5.38		
6023	ไฟร์	170	5.5	14851	3.66		
6024	ลท	170	5.5	14346	3.39		
6025	ลิต	170	5.5	12981	2.61		
6026	ข้อยกเว้น	170	5.5	4458	0.33		
6027	แหนะ	170	5.5	25461	20.33		
6028	ลูกโป่ง	170	5.5	7947	0.92		
6029	นิ่ม	170	5.5	5236	0.43		
6030	เปลวไฟ	170	5.5	7896	0.90		
6031	ของชำ	170	5.5	9596	1.35		
6032	โปรตีน	170	5.5	3371	0.21		
6033	ดด	170	5.5	4832	0.37		
6034	ใฝ่ฝัน	170	5.5	5069	0.41		
6035	พื่อ	170	5.5	19101	7.63		
6036	ยึดครอง	170	5.5	5338	0.45		
6037	อัญมณี	170	5.5	6002	0.55		
6038	สมการ	170	5.5	2253	0.12		y
6039	ยุ่น	170	5.5	14930	3.73	offensive	
6040	สาวก	170	5.5	5768	0.51	slang	
6041	กลบ	170	5.5	4842	0.38		
6042	ฮันนี่	169	5.5	17972	6.27		
6043	เพิล	169	5.5	18607	7.00		
6044	ตะไล	169	5.5	19183	7.58		
6045	แซ็ค	169	5.5	27580	25.99		
6046	เนซ	169	5.5	23896	15.16		
6047	บิท	169	5.5	16489	4.79		
6048	เฉียงเหนือ	169	5.5	3335	0.20		
6049	ประชด	169	5.5	4830	0.37		
6050	ซื่อตรง	169	5.5	8076	0.94		
6051	รัย	169	5.5	12903	2.56		
6052	ทดแทน	169	5.5	1786	0.08		
6053	เบื้องบน	169	5.5	6733	0.66		
6054	ปฏิญาณ	169	5.5	7518	0.82		
6055	มือดี	169	5.5	12147	2.22		
6056	กระเด็น	169	5.5	4716	0.36		
6057	พฤศจิกายน	168	5.4	2282	0.12		y
6058	ชารอน	168	5.4	19089	7.54		
6059	เทิลส์	168	5.4	16436	4.76		
6060	เก็น	168	5.4	17137	5.32		
6061	ไซเรน	168	5.4	20531	9.52		
6062	แจ๊ก	168	5.4	13452	2.83		
6063	เดี๊ยว	168	5.4	31328	speech-only		
6064	เล็น	168	5.4	20734	9.52		
6065	ซั่ม	168	5.4	18731	6.96		
6066	ยยย	168	5.4	12652	2.44		
6067	เลนส์	168	5.4	5611	0.48		y
6068	เจา	168	5.4	7258	0.76		
6069	พริก	168	5.4	2748	0.15		y
6070	สเป็ค	168	5.4	10498	1.59		
6071	กายสิทธิ์	168	5.4	16078	4.52		
6072	ตะกร้า	168	5.4	4885	0.38		
6073	พรมแดน	168	5.4	4434	0.32		
6074	ผู้ทรง	168	5.4	2014	0.10		
6075	คาง	168	5.4	4439	0.32		
6076	ลำโพง	168	5.4	6169	0.57		
6077	หอพัก	168	5.4	4419	0.32		
6078	กระทืบ	168	5.4	7722	0.86		
6079	น้ำเน่า	168	5.4		speech-only	slang	
6080	ย้อม	168	5.4	5067	0.40		
6081	เปื่อย	168	5.4	6581	0.64		
6082	ปม	168	5.4	4187	0.29		
6083	เพื่อนฝูง	167	5.4	3385	0.21		
6084	ดอยล์	167	5.4	26911	22.47		
6085	นาวิก	167	5.4	17660	5.80		
6086	ทริก	167	5.4	16955	5.14		
6087	วอด	167	5.4	14730	3.60		
6088	แมลงวัน	167	5.4	10448	1.56		
6089	ฟ้าผ่า	167	5.4	7883	0.89	slang	y
6090	ตรวจตรา	167	5.4	6496	0.62		
6091	ข้อจำกัด	167	5.4	2582	0.14		
6092	รูปลักษณ์	167	5.4	5329	0.44		
6093	เฉียด	167	5.4	5963	0.53		
6094	โฉม	167	5.4	3463	0.21		
6095	ก้าวก่าย	167	5.4	8122	0.94		
6096	ตีความ	167	5.4	1322	0.06		
6097	สมัยใหม่	167	5.4	1410	0.06		
6098	ระแวง	167	5.4	4896	0.38		
6099	ชาญฉลาด	167	5.4	8332	0.99		
6100	สง	167	5.4	4785	0.36		
6101	แบบอย่าง	167	5.4	4074	0.28		
6102	โห่	166	5.4	7209	0.74	slang	
6103	เรี่ยน	166	5.4	17217	5.42		
6104	นกพิราบ	166	5.4	10669	1.62		
6105	ออกกำลัง	166	5.4	4494	0.32		
6106	แวม	166	5.4	18251	6.38		
6107	เซค	166	5.4	25667	19.86		
6108	กระเป๋าตังค์	166	5.4		speech-only	colloquial	
6109	บัตรประชาชน	166	5.4		speech-only	colloquial	
6110	คอมมิวนิสต์	166	5.4	1696	0.08		
6111	แลม	166	5.4	9657	1.32		
6112	เสรี	166	5.4	1488	0.06		
6113	กลีบ	166	5.4	3693	0.23		
6114	ทำหนัง	166	5.4	6482	0.61		
6115	อ๋า	165	5.4	14409	3.29		
6116	โฮ้	165	5.4	21217	10.45		
6117	กิระ	165	5.4	17330	5.38		
6118	เวสเตอร์	165	5.4	23325	13.66		
6119	เพ็น	165	5.4	22363	11.84		
6120	ฮัส	165	5.4	15411	3.95		
6121	เทรล	165	5.4	19583	7.72		
6122	เซี่ยง	165	5.4	7220	0.74		
6123	ฮอก	165	5.4	27258	25.37		
6124	หนาแน่น	165	5.4	3377	0.20		
6125	ประเทศชาติ	165	5.4	2967	0.17		
6126	ปาล์ม	165	5.4	6187	0.56		
6127	ด้าม	165	5.4	5857	0.51		
6128	ซีล	165	5.4	20654	9.35		
6129	ตะคอก	165	5.4	7128	0.72		
6130	ภารโรง	165	5.4	11177	1.79		
6131	ดีเด่น	165	5.4	5065	0.39		
6132	กระทบกระเทือน	165	5.4	13277	2.69		
6133	สเปรย์	165	5.4	8750	1.08		
6134	ลีลา	165	5.4	3168	0.18	slang	
6135	ดีงาม	165	5.4	3097	0.18		
6136	หักอก	165	5.4	15561	4.04		
6137	ข้อบกพร่อง	165	5.4	5534	0.46		
6138	ปลอบ	165	5.4	4244	0.29		
6139	ต่ำต้อย	165	5.4	7203	0.73		
6140	ลูกแก้ว	165	5.4	10247	1.48		
6141	กำไล	165	5.4	7038	0.70		
6142	พฤษภาคม	164	5.3	1899	0.09		y
6143	มาร์แชล	164	5.3	20519	9.29		
6144	ฮอลล์	164	5.3	7628	0.82		
6145	ทิน	164	5.3	5560	0.46		
6146	คลุมเครือ	164	5.3	7461	0.78		
6147	อาละวาด	164	5.3	14436	3.33		
6148	เป็นไฟ	164	5.3	8779	1.08		
6149	คูน	164	5.3	13613	2.85		
6150	องค์การ	164	5.3	1053	0.04		
6151	ทัณฑ์บน	164	5.3	10873	1.68		
6152	ฮ็อต	164	5.3	16013	4.31		
6153	โอลิมปิก	164	5.3	5258	0.42		
6154	อาญา	164	5.3	1454	0.06		
6155	โต้ตอบ	164	5.3	4188	0.28		
6156	อัณฑะ	164	5.3	9517	1.27		
6157	แรงกดดัน	164	5.3	5232	0.42		
6158	อี๋	163	5.3	10670	1.60	colloquial	
6159	บุช	163	5.3	4390	0.31		
6160	ลีค	163	5.3	31635	speech-only		
6161	เงย	163	5.3	2419	0.12		
6162	องครักษ์	163	5.3	5937	0.51		
6163	คาย	163	5.3	5911	0.51		
6164	โป๊กเกอร์	163	5.3	26044	21.93		
6165	ข้อเสีย	163	5.3	4363	0.30		
6166	ขั้วโลก	163	5.3	6977	0.68		y
6167	ขีปนาวุธ	163	5.3	9637	1.30		
6168	ส่าย	163	5.3	1919	0.09		
6169	โปรดปราน	163	5.3	8816	1.08		
6170	ตะขอ	163	5.3	12590	2.34		
6171	ธันวาคม	162	5.3	1859	0.08		y
6172	ลีออน	162	5.3	22744	12.46		
6173	แฟรงคลิน	162	5.3	19588	7.93		
6174	ผบ	162	5.3	28631	29.07		
6175	ล่าห์	162	5.3	27120	24.91		
6176	มาตรา	162	5.3	168	0.01		
6177	คลิก	162	5.3	7687	0.82	slang	
6178	ดาน	162	5.3	11727	1.96		
6179	ดอกไม้ไฟ	162	5.3	14950	3.56		y
6180	พอสมควร	162	5.3	1928	0.09		
6181	ลูกศร	162	5.3	6881	0.66		
6182	ฟิซ	162	5.3	39008	speech-only		
6183	อัดเสียง	162	5.3	10219	1.45		
6184	เพิกเฉย	162	5.3	8917	1.10		
6185	อ่างน้ำ	162	5.3	13986	3.01		
6186	เคลือบ	162	5.3	4457	0.31		
6187	สู	162	5.3	3490	0.21		
6188	อบรม	162	5.3	1715	0.08	slang	
6189	สมิท	161	5.2	15310	3.77		
6190	พรหมลิขิต	161	5.2	9900	1.35		
6191	ป่อง	161	5.2	7156	0.70	slang	
6192	แบร	161	5.2	19936	8.25		
6193	หม้าย	161	5.2	11619	1.90		
6194	ถ่อมตัว	161	5.2	13174	2.55		
6195	ปลายทาง	161	5.2	3317	0.19		
6196	เหลือเฟือ	161	5.2	7948	0.87	colloquial	
6197	หว่าน	161	5.2	6930	0.66		
6198	ปี่	161	5.2	5775	0.49		
6199	ข้อง	161	5.2	7295	0.73		
6200	จอมปลอม	161	5.2	10061	1.40		
6201	เป้ง	160	5.2	14823	3.44		
6202	นักบินอวกาศ	160	5.2		speech-only	colloquial	y
6203	บิง	160	5.2	22570	12.30		
6204	กลา	160	5.2	10192	1.42		
6205	หลวม	160	5.2	5255	0.41		
6206	ตกใน	160	5.2	9403	1.21		
6207	ผ่อน	160	5.2	4535	0.32	colloquial	
6208	โทรม	160	5.2	7704	0.81	slang	
6209	จิตสำนึก	160	5.2	3027	0.17		
6210	ดิจิตอล	160	5.2	6644	0.62		
6211	ปลอมแปลง	160	5.2	11437	1.83		
6212	เว่อร์	160	5.2	9985	1.37	slang	
6213	ความหลัง	160	5.2	6282	0.56		
6214	หวด	160	5.2	5612	0.46		
6215	เรื่อ	160	5.2	5822	0.49		
6216	พิชิต	160	5.2	6517	0.59		
6217	ดำเนินงาน	160	5.2	1467	0.06		
6218	แมตต์	159	5.2	27709	24.45		
6219	จอร์ช	159	5.2	10705	1.57		
6220	ลิตร	159	5.2	3979	0.25		y
6221	สปาร์	159	5.2	16255	4.39		
6222	แฮท	159	5.2	28517	28.53		
6223	บัท	159	5.2	22435	12.23		
6224	ธ่า	159	5.2	24628	17.12		
6225	หยวน	159	5.2	5192	0.40	colloquial	
6226	เซอร์ไพรซ์	159	5.2	26837	21.40		
6227	หมิง	159	5.2	6413	0.57		
6228	ซานฟรานซิสโก	159	5.2	11125	1.71		
6229	ไหง	159	5.2	11365	1.80		
6230	เชพ	159	5.2	20255	8.56		
6231	ไอดอล	159	5.2		speech-only	colloquial	
6232	โยคะ	159	5.2	6265	0.55		y
6233	ลูกเสือ	159	5.2	4397	0.30		
6234	เปลี่ยว	159	5.2	6019	0.51		
6235	ปรัชญา	159	5.2	2044	0.09		
6236	ไม้เท้า	159	5.2	8507	0.98		
6237	อัค	159	5.2	10575	1.53		
6238	อูฐ	159	5.2	7304	0.73		
6239	มินิ	159	5.2	7741	0.82		
6240	ดราม่า	159	5.2		speech-only	colloquial	
6241	พาล	159	5.2	5404	0.43		
6242	ขี้หน้า	159	5.2	11570	1.86	offensive	
6243	ผลัด	159	5.2	4556	0.32		
6244	ขบวนการ	159	5.2	1967	0.09	slang	
6245	ดำเนินคดี	159	5.2	2407	0.12		
6246	สก็อตต์	158	5.1	24205	15.46		
6247	ลอว์เรนซ์	158	5.1	26429	21.26		
6248	ซัลลิแวน	158	5.1	26077	21.26		
6249	สเปอร์	158	5.1	12475	2.21		
6250	พรา	158	5.1	15902	4.05		
6251	สเตน	158	5.1	19180	7.09		
6252	บราซิล	158	5.1	4712	0.33		
6253	ดิค	158	5.1	17011	5.00		
6254	วีดี	158	5.1	9640	1.26		
6255	แคร	158	5.1	27441	24.30		
6256	เบลอ	158	5.1	11163	1.72	slang	
6257	ยนต์	158	5.1	4652	0.33		
6258	ดำน้ำ	158	5.1	4136	0.27	slang	y
6259	ศิลา	158	5.1	3739	0.23		
6260	ยอมจำนน	158	5.1	8992	1.09		
6261	สนธิสัญญา	158	5.1	3561	0.21		
6262	เหน็บ	158	5.1	6210	0.54		
6263	พรรค์	158	5.1	9981	1.35	colloquial	
6264	สนิทสนม	158	5.1	3024	0.17		
6265	เข็ง	158	5.1	20225	8.50		
6266	พึงพอใจ	158	5.1	4357	0.29		
6267	หากิน	158	5.1	3784	0.23	offensive	
6268	อินเทอร์เน็ต	158	5.1	4536	0.31		y
6269	ชิ่ง	158	5.1	9139	1.13	slang	
6270	กรัม	157	5.1	3322	0.19		y
6271	เดนท์	157	5.1	15443	3.76		
6272	เรนซ์	157	5.1	21044	9.39		
6273	ฮอร์น	157	5.1	21407	9.94		
6274	สนม	157	5.1	5832	0.48		
6275	ควีนส์	157	5.1	13355	2.60		
6276	สปีด	157	5.1	11992	2.01		
6277	อาร์ค	157	5.1	14565	3.25		
6278	เจ็ต	157	5.1	16111	4.23		
6279	ผุด	157	5.1	3817	0.23		
6280	อาน	157	5.1	8646	0.99		
6281	ฟิค	157	5.1	7729	0.80		
6282	จาม	157	5.1	5388	0.42		y
6283	เลท	157	5.1	14367	3.13		
6284	หนาม	157	5.1	5341	0.41		
6285	สูญพันธุ์	157	5.1	6907	0.64		y
6286	ตื่นตัว	157	5.1	4543	0.31		
6287	กาก	157	5.1	5083	0.38	offensive	
6288	เหย้า	157	5.1	10165	1.39		
6289	ดาร์วิน	156	5.1	9043	1.08		
6290	พะ	156	5.1	5000	0.36		
6291	บส	156	5.1	25183	16.79		
6292	มาสเตอร์	156	5.1	9548	1.22		
6293	พุดดิ้ง	156	5.1	14476	3.17		
6294	แหะ	156	5.1	8222	0.90	colloquial	
6295	โกร	156	5.1	14475	3.17		
6296	ไลฟ์	156	5.1	7643	0.78		
6297	ปลาวาฬ	156	5.1	9684	1.25		
6298	เจนท์	156	5.1	30263	33.59		
6299	เนื้อเพลง	156	5.1	8366	0.93		
6300	วิปริต	156	5.1	7289	0.71		
6301	เหตุบังเอิญ	156	5.1	12908	2.37		
6302	จิ๋ม	156	5.1	10636	1.51	colloquial	
6303	ถาด	156	5.1	4562	0.31		
6304	วิกลจริต	156	5.1	5009	0.37		
6305	บรรเลง	156	5.1	3362	0.19		
6306	คำนับ	156	5.1	9634	1.24		
6307	สามเหลี่ยม	156	5.1	5686	0.46		y
6308	สังเคราะห์	156	5.1	4844	0.34		
6309	มาด	156	5.1	4933	0.36		
6310	ฟอร์ม	156	5.1	3671	0.22	colloquial	
6311	พยุง	156	5.1	4802	0.34		
6312	วัคซีน	156	5.1	5855	0.48		
6313	แหลก	156	5.1	6417	0.56		
6314	เพาะ	156	5.1	3298	0.19		
6315	เร้า	156	5.1	3447	0.20		
6316	ฟราย	155	5.0	25948	18.54		
6317	เร่งมือ	155	5.0	16543	4.51		
6318	หลิน	155	5.0	5659	0.45		
6319	บีช	155	5.0	8187	0.88		
6320	เก๊	155	5.0	11281	1.72		
6321	อิเล็กทรอนิกส์	155	5.0	2594	0.13		
6322	ดัด	155	5.0	4490	0.30		
6323	โปรดิวเซอร์	155	5.0	9490	1.19		
6324	มิง	155	5.0	10583	1.49		
6325	สวาท	155	5.0	7449	0.73		
6326	โป้ง	155	5.0	5944	0.49	colloquial	
6327	พริ	155	5.0	7024	0.65		
6328	มอเตอร์	155	5.0	7527	0.75		
6329	ออกแรง	155	5.0	5647	0.45		
6330	เจ้าชู้	155	5.0	5456	0.42	slang	
6331	เตาอบ	155	5.0	12280	2.09		
6332	สาง	155	5.0	5665	0.45		
6333	ไอ้เหี้ย	154	5.0		speech-only	offensive	
6334	โง	154	5.0	6941	0.64		
6335	เกรงใจ	154	5.0	3077	0.16		
6336	ปุย	154	5.0	9066	1.08		
6337	แคป	154	5.0	12027	1.97		
6338	ริต	154	5.0	10118	1.35		
6339	คลาสสิก	154	5.0	3595	0.21		
6340	ฟิก	154	5.0	6850	0.62		
6341	เครื่องเล่น	154	5.0	6312	0.54		
6342	ฟิว	154	5.0	9721	1.25		
6343	โต้เถียง	154	5.0	7342	0.71		
6344	ติดใจ	154	5.0	3892	0.24		
6345	สั่นสะเทือน	154	5.0	6419	0.55		y
6346	ลบล้าง	154	5.0	8628	0.98		
6347	ถีบ	154	5.0	4879	0.35		y
6348	สตีล	153	5.0	15664	3.83		
6349	พอร์เตอร์	153	5.0	32538	speech-only		
6350	ฮัก	153	5.0	10808	1.54		
6351	คลิฟฟ์	153	5.0	22019	10.98		
6352	เซ็นทรัล	153	5.0	4525	0.30		
6353	เน็ค	153	5.0	15987	4.02		
6354	ดัช	153	5.0	15637	3.83		
6355	จวน	153	5.0	5599	0.44		
6356	คำกล่าว	153	5.0	4116	0.26		
6357	กาด	153	5.0	6459	0.56		
6358	ผู้ผลิต	153	5.0	1857	0.08		
6359	เล่ย์	153	5.0	14103	2.89		
6360	ผู้แทน	153	5.0	1267	0.05		
6361	ฟื้นตัว	153	5.0	3978	0.24		
6362	เชื้อสาย	153	5.0	3592	0.21		
6363	กระหน่ำ	153	5.0	6409	0.55		
6364	สงเคราะห์	153	5.0	2735	0.14		
6365	เบิก	153	5.0	1874	0.08		
6366	ละเมอ	153	5.0	8364	0.91		
6367	ลงสมัคร	153	5.0	6448	0.56		
6368	ไมลส์	152	4.9	28598	27.27		
6369	อเดรย์	152	4.9	22331	10.91		
6370	พลาซ่า	152	4.9	6437	0.55		
6371	ร็อด	152	4.9	12407	2.10		
6372	ใข่	152	4.9	24289	14.88		
6373	ลุ	152	4.9	8042	0.84		
6374	แบล	152	4.9	35124	speech-only		
6375	อิหร่าน	152	4.9	4616	0.31		
6376	ไมโคร	152	4.9	11941	1.93		
6377	ไทร	152	4.9	5845	0.47		
6378	ถังแตก	152	4.9	20294	8.18	slang	
6379	พ่วง	152	4.9	7273	0.69		
6380	โฮส	152	4.9	25673	18.18		
6381	ประจำเดือน	152	4.9	4648	0.31		
6382	หยั่ง	152	4.9	6094	0.50		
6383	วันเวลา	152	4.9	4686	0.32		
6384	บุญ	152	4.9	920	0.03		y
6385	ข้องใจ	152	4.9	5567	0.43		
6386	ใส้	152	4.9	18705	6.29		
6387	กม	151	4.9	13030	2.36		
6388	จุ๊	151	4.9	11791	1.85		
6389	ชัง	151	4.9	7485	0.72		
6390	เฟซ	151	4.9	8009	0.83		
6391	มัท	151	4.9	7897	0.80		
6392	นิช	151	4.9	4054	0.25		
6393	พันธบัตร	151	4.9	4917	0.34		
6394	เคาท์	151	4.9	17152	4.78		
6395	ไถ่บาป	151	4.9	17987	5.61		
6396	โพล	151	4.9	7716	0.77		
6397	เร่งรีบ	151	4.9	6664	0.58		
6398	เห่	151	4.9	12538	2.14		
6399	อพาร์ตเมนต์	151	4.9	10838	1.53		
6400	นิ่	151	4.9	33250	speech-only		
6401	ข้อห้าม	151	4.9	5715	0.45		
6402	เผอิญ	151	4.9	5276	0.39		
6403	ไบเบิล	151	4.9	14235	2.96		
6404	ปากคำ	151	4.9	7413	0.71		
6405	ภูมิคุ้มกัน	151	4.9	5495	0.42		
6406	ผู้ซื้อ	151	4.9	3623	0.21		
6407	อยู๋	151	4.9	18517	6.02		
6408	คริสโตเฟอร์	150	4.9	13844	2.69		
6409	เทอร์เนอร์	150	4.9	24161	14.68		
6410	คอลิน	150	4.9	25125	16.15		
6411	บอยด์	150	4.9	33261	speech-only		
6412	บัม	150	4.9	20815	8.50		
6413	ฉิบ	150	4.9	16351	4.25		
6414	โดนัลด์	150	4.9	9989	1.29		
6415	จัส	150	4.9	8572	0.94		
6416	คอร์ท	150	4.9	13173	2.37		
6417	ยูโด	150	4.9	7361	0.69		
6418	ม่ะ	150	4.9	29608	32.30		
6419	เอเย่นต์	150	4.9	10632	1.45		
6420	พฤหัสบดี	150	4.9	3995	0.24		
6421	เป็นต้น	150	4.9	446	0.02		
6422	หลุย	150	4.9	19207	6.73		
6423	นกหวีด	150	4.9	13988	2.78		
6424	โค้ก	150	4.9	9445	1.15		
6425	มหึมา	150	4.9	6372	0.53		
6426	คริ	150	4.9	4770	0.32		
6427	มาราธอน	150	4.9	10386	1.39		
6428	กิด	150	4.9	15744	3.76		
6429	สัญชาติญาณ	150	4.9	15216	3.51		
6430	สมาร์ท	150	4.9	8251	0.87		
6431	เครื่องดนตรี	150	4.9	4118	0.25		
6432	แบบฟอร์ม	150	4.9		speech-only	colloquial	
6433	คูปอง	150	4.9	14347	2.99		
6434	สัดส่วน	150	4.9	1531	0.06		y
6435	ประสา	150	4.9	18139	5.57		
6436	เปลือง	150	4.9	5430	0.41		
6437	คลินิก	150	4.9	4322	0.27		y
6438	ภูมิ	150	4.9	1578	0.06		
6439	วินสตัน	149	4.8	15568	3.65		
6440	บิลล์	149	4.8	15875	3.82		
6441	ในขณะเดียวกัน	149	4.8	2290	0.10		
6442	ญ่า	149	4.8	8604	0.94		
6443	เม่ง	149	4.8	10825	1.51		
6444	นายกฯ	149	4.8		speech-only	colloquial	
6445	สพ	149	4.8	15998	3.91		
6446	ไอร์แลนด์	149	4.8	9873	1.25		
6447	พลอย	149	4.8	1167	0.04		
6448	รายวัน	149	4.8	4680	0.31		
6449	ห่าน	149	4.8	8443	0.90		
6450	ขยี้	149	4.8	7441	0.70	slang	
6451	แฉ	149	4.8	7341	0.69	colloquial	
6452	เมค	149	4.8	17026	4.72		
6453	พาร์ทไทม์	149	4.8	19211	6.68		
6454	หมก	149	4.8	8575	0.93		
6455	ใต้น้ำ	149	4.8	5964	0.47		
6456	ลัว	149	4.8	16179	4.01		
6457	ผา	149	4.8	4342	0.27		
6458	ชกต่อย	149	4.8	10300	1.36		
6459	ส่วนกลาง	149	4.8	3430	0.19		
6460	ทำข่าว	149	4.8	10834	1.51		
6461	เชียส	148	4.8	25750	17.70		
6462	ทอล	148	4.8	18344	5.69		
6463	ฟอน	148	4.8	11181	1.61		
6464	เลียส	148	4.8	20128	7.59		
6465	วล์	148	4.8	33398	speech-only		
6466	กิต	148	4.8	12356	2.02		
6467	แล้วรึยัง	148	4.8		speech-only	colloquial	
6468	รีโมท	148	4.8	11353	1.66		
6469	โครงกระดูก	148	4.8	18487	5.90		y
6470	ไดร์ฟ	148	4.8	6493	0.55		
6471	ที่พึ่ง	148	4.8	4368	0.27		
6472	หยอด	148	4.8	4859	0.33		
6473	ผ้าใบ	148	4.8	5739	0.44		
6474	พึง	148	4.8	1500	0.06		
6475	รุ่งเรือง	148	4.8	2964	0.15		
6476	วงโคจร	148	4.8	7401	0.69		y
6477	โคจร	148	4.8	4236	0.26		y
6478	ถก	148	4.8	5882	0.46		
6479	เกลน	147	4.8	20154	7.54		
6480	เยีย	147	4.8	14759	3.16		
6481	ดิว	147	4.8	5616	0.42		
6482	ซานตา	147	4.8	12161	1.93		
6483	โดว์	147	4.8	14305	2.88		
6484	หัวล้าน	147	4.8	11403	1.67		
6485	เชื้อชาติ	147	4.8	3553	0.19		
6486	ผ้าเช็ดตัว	147	4.8	9436	1.12		
6487	หัตถ์	147	4.8	5231	0.37		
6488	จุ่ม	147	4.8	8165	0.83		
6489	ดิล	147	4.8	17979	5.46		
6490	สปาย	147	4.8	17444	4.95	colloquial	
6491	สัมภาระ	147	4.8	6888	0.60		
6492	บทเพลง	147	4.8	4354	0.27		
6493	เอาเปรียบ	147	4.8	4519	0.29		
6494	ที่ทำการ	147	4.8	2965	0.15		
6495	ค่าแรง	147	4.8	5742	0.44		
6496	แผนผัง	147	4.8	7639	0.74		
6497	สโน	146	4.7	23686	13.10		
6498	อนส์	146	4.7	30258	31.43		
6499	เฮส	146	4.7	15490	3.57		
6500	เกเร	146	4.7	6840	0.59		
6501	ยิ	146	4.7	9592	1.16		
6502	เห็นชอบ	146	4.7	1425	0.05		
6503	ลูกผสม	146	4.7	10772	1.46		
6504	พาร์ท	146	4.7	8813	0.97		
6505	หนักแน่น	146	4.7	3519	0.19		
6506	แถลงการณ์	146	4.7	5816	0.45		
6507	เก๋	146	4.7	3789	0.21		
6508	หลุดมือ	146	4.7	10883	1.50		
6509	พ้อง	146	4.7	4343	0.27		
6510	ปลอก	146	4.7	8245	0.85		
6511	โอม	145	4.7	14472	2.95		
6512	เดลต้า	145	4.7	23543	13.01		
6513	ซู่	145	4.7	10101	1.27		
6514	ค็อบ	145	4.7	17661	5.04		
6515	ยิปซี	145	4.7	13711	2.56		
6516	กระนั้น	145	4.7	3221	0.17		
6517	ไป๊	145	4.7	10914	1.50		
6518	โจ๊กเกอร์	145	4.7	39299	speech-only		
6519	กร้า	145	4.7	16095	3.90		
6520	ผ้าเช็ดหน้า	145	4.7	6935	0.60		
6521	เวค	145	4.7	24762	15.61		
6522	เวียนหัว	145	4.7	10390	1.35		
6523	แจ่มแจ้ง	145	4.7	8196	0.83		
6524	นคร	145	4.7	827	0.03		
6525	ราชสำนัก	145	4.7	3527	0.19		
6526	ชาวประมง	145	4.7	13995	2.69		
6527	แผ่	145	4.7	2605	0.12		
6528	ชั้นนำ	145	4.7	2994	0.15		
6529	เม้นต์	145	4.7	23100	12.01		
6530	พยา	145	4.7	8139	0.82		
6531	เคีย	144	4.7	14376	2.87		
6532	จู๊ด	144	4.7	16725	4.31		
6533	เพท	144	4.7	12859	2.18		
6534	ฮาร์วาร์ด	144	4.7	11663	1.72		
6535	นักต้มตุ๋น	144	4.7		speech-only	slang	
6536	เวทนา	144	4.7	4487	0.28		
6537	มะรืน	144	4.7	11445	1.65		
6538	ดินปืน	144	4.7	13983	2.67		
6539	จิตรกร	144	4.7	5159	0.36		
6540	ไพรส์	144	4.7	27967	25.84		
6541	วร	144	4.7	2333	0.10		
6542	ค่าตัว	144	4.7	5713	0.43	slang	
6543	โปสการ์ด	144	4.7	10400	1.34		
6544	พริบ	144	4.7	5086	0.35		
6545	โรคมะเร็ง	144	4.7	5588	0.41		
6546	ป้อมปราการ	144	4.7	13593	2.50		
6547	พลี	144	4.7	6506	0.53		
6548	โพรง	144	4.7	5119	0.35		
6549	อารักขา	144	4.7	8258	0.83		
6550	ข่ม	144	4.7	4901	0.32		
6551	ย่ำแย่	144	4.7	8811	0.95		
6552	ค่าเสียหาย	144	4.7	3950	0.23		
6553	บ๊าย	143	4.6	12587	2.05		
6554	อุก	143	4.6	20520	8.10		
6555	ได้แก่	143	4.6	464	0.02		
6556	ฮิตเลอร์	143	4.6	10019	1.23		
6557	ศักดิ์	143	4.6	1290	0.05		
6558	เกาหลีใต้	143	4.6	3585	0.19		
6559	เบื้อง	143	4.6	3154	0.16		
6560	สวิส	143	4.6	4370	0.27	colloquial	
6561	บูชายัญ	143	4.6	15585	3.50		
6562	ดีไซน์	143	4.6	3648	0.20	colloquial	
6563	ริดจ์	143	4.6	24939	15.39		
6564	แคว้น	143	4.6	3347	0.17		
6565	ผัด	143	4.6	2550	0.12		y
6566	สะบัด	143	4.6	4033	0.23		
6567	ความภูมิใจ	143	4.6	6013	0.46		
6568	จัดเรียง	143	4.6	9682	1.15		
6569	นต์	143	4.6	32347	speech-only		
6570	ออกฤทธิ์	143	4.6	5846	0.44		
6571	วก	143	4.6	5424	0.39		
6572	จัดตั้ง	143	4.6	1077	0.04		
6573	จอร์น	142	4.6	17934	5.10		
6574	แคต	142	4.6	11692	1.72		
6575	แก็ด	142	4.6	25945	16.98		
6576	อเม	142	4.6	11453	1.63		
6577	สเตอ	142	4.6	13095	2.22		
6578	สะใจ	142	4.6	5153	0.35		
6579	หลักประกัน	142	4.6	3182	0.16		
6580	ยโส	142	4.6	11758	1.74		
6581	นั่นแน่	142	4.6	14296	2.78		
6582	เกะกะ	142	4.6	7369	0.66		
6583	กระวนกระวาย	142	4.6	6893	0.58		
6584	เก็ท	142	4.6	22826	10.92		
6585	หมัก	142	4.6	4877	0.32		
6586	กิ่งไม้	142	4.6	5435	0.39		
6587	โบกมือ	142	4.6	4171	0.24		
6588	ดวล	142	4.6	7890	0.75		
6589	ชาวไร่	142	4.6	5134	0.35		
6590	แววตา	142	4.6	2801	0.13		
6591	เสื่อมเสีย	142	4.6	5399	0.38		
6592	ฉ้น	142	4.6	36508	speech-only		
6593	วังวน	142	4.6	11229	1.56		
6594	ลอด	142	4.6	4111	0.24		
6595	บึ	141	4.6	37363	speech-only		
6596	ทิว	141	4.6	6203	0.48		
6597	แพร์	141	4.6	16881	4.34		
6598	พริกไทย	141	4.6	3931	0.22		y
6599	อินทรี	141	4.6	8019	0.77		
6600	กริม	141	4.6	19724	6.90		
6601	นิล	141	4.6	4207	0.24		
6602	ฟูล	141	4.6	15803	3.61		
6603	คิวบา	141	4.6	9284	1.04		
6604	เวบ	141	4.6	17564	4.74		
6605	กำลังดี	141	4.6	10185	1.25		
6606	สตรอ	141	4.6	6705	0.55		
6607	เชื่อง	141	4.6	11748	1.71		
6608	แกร์	141	4.6	21551	8.93		
6609	มวยปล้ำ	141	4.6	14694	2.98		
6610	ติค	141	4.6	11810	1.72		
6611	วิตกกังวล	141	4.6	3521	0.18		
6612	ราชอาณาจักร	141	4.6	1754	0.07		
6613	จุก	141	4.6	5013	0.33		
6614	คอนโด	141	4.6	5481	0.39		
6615	วงศ์	141	4.6	1217	0.04		
6616	สเน่ห์	141	4.6	27432	21.68		
6617	อะไหล่	141	4.6	8635	0.89		
6618	ผู้นั้น	141	4.6	1457	0.05		
6619	ลวด	141	4.6	5441	0.38		
6620	ยืดหยุ่น	141	4.6	2909	0.14		
6621	สนอง	141	4.6	2122	0.09		
6622	นิทรรศการ	141	4.6	2902	0.14		
6623	สับเปลี่ยน	141	4.6	9364	1.05		
6624	มือสอง	141	4.6	4352	0.26		
6625	หลุดพ้น	141	4.6	4371	0.26		
6626	ส่งเสริม	141	4.6	642	0.02		
6627	อาณาเขต	141	4.6	4056	0.23		
6628	ฟอลส์	140	4.5	39290	speech-only		
6629	ตริ	140	4.5	14737	3.01		
6630	เรจ	140	4.5	19955	7.18		
6631	หมอผี	140	4.5	11480	1.62		
6632	แดนเซอร์	140	4.5	17941	5.02		
6633	มังสวิรัติ	140	4.5	8376	0.84		
6634	ขนหนู	140	4.5	8130	0.78		
6635	บอบบาง	140	4.5	5315	0.36		
6636	ผัน	140	4.5	3987	0.22		
6637	เบ็ด	140	4.5	4702	0.29		
6638	ณา	140	4.5	3048	0.15		
6639	ลาม	140	4.5	6238	0.48		
6640	ฉุด	140	4.5	3851	0.21		
6641	ยื้อ	140	4.5	8418	0.84		
6642	แกะสลัก	140	4.5	5493	0.39		
6643	ห่ะ	139	4.5	30879	speech-only		
6644	ยูจีน	139	4.5	21966	9.98		
6645	คลู	139	4.5	21592	9.35		
6646	วอง	139	4.5	20166	7.13		
6647	มุสลิม	139	4.5	2320	0.10		y
6648	บรอดเวย์	139	4.5	15123	3.18		
6649	เฮีย	139	4.5	3428	0.17	offensive	
6650	ลิก	139	4.5	8417	0.84		
6651	อั้น	139	4.5	6836	0.56	slang	
6652	เบ็ท	139	4.5	35890	speech-only		
6653	อาลิ	139	4.5	20768	7.88		
6654	ตกหนัก	139	4.5	7343	0.64		
6655	เบี้ย	139	4.5	4540	0.27		
6656	คอนกรีต	139	4.5	6611	0.53		
6657	ติดขัด	139	4.5	5183	0.35		
6658	น้ำเกลือ	139	4.5	7789	0.72		
6659	หวี	139	4.5	5908	0.43		
6660	คอลัมน์	139	4.5	2216	0.09		
6661	เจ้	139	4.5	12814	2.08		
6662	เข	139	4.5	8104	0.78		
6663	ก็อต	139	4.5	20903	8.31		
6664	หยิก	139	4.5	6963	0.58		
6665	ตาข่าย	139	4.5	7436	0.65		
6666	ถวาย	139	4.5	1361	0.05		
6667	กระจุย	139	4.5	14546	2.88		
6668	เป็นรอง	139	4.5	4964	0.32		
6669	ถา	139	4.5	5683	0.41		
6670	เอี่ยว	139	4.5	13148	2.20		
6671	จุม	138	4.5	18954	5.94		
6672	ด้วยเหตุนี้	138	4.5	2214	0.09		
6673	ปนะ	138	4.5	22732	10.61		
6674	รี้	138	4.5	14446	2.80		
6675	ลีส	138	4.5	16839	4.24		
6676	สตอรี่	138	4.5	20122	7.07		
6677	เจ้าภาพ	138	4.5	3310	0.16		
6678	ลูกปืน	138	4.5	12100	1.79		
6679	วาฟ	138	4.5	27773	21.22		
6680	เนม	138	4.5	8446	0.83		
6681	ด้าย	138	4.5	5880	0.43		
6682	จอก	138	4.5	7635	0.69		
6683	ตรัส	138	4.5	2539	0.11		
6684	โจรกรรม	138	4.5	9574	1.08		
6685	พล่าน	138	4.5	6468	0.51		
6686	ทื่อ	138	4.5	6923	0.57		
6687	ขายตัว	138	4.5	9919	1.17	slang	
6688	ประมวล	138	4.5	1441	0.05		
6689	สกุล	138	4.5	2575	0.11	colloquial	
6690	พักฟื้น	138	4.5	9680	1.11		
6691	เชลย	138	4.5	9422	1.05		
6692	โปรย	138	4.5	6047	0.45		
6693	หลอกล่อ	138	4.5	10294	1.25		
6694	ว่่า	138	4.5	35046	speech-only		
6695	ทรุด	138	4.5	3673	0.19		
6696	ทรูแมน	137	4.4	24933	14.75		
6697	ทิฟ	137	4.4	18861	5.90		
6698	เซลฟ์	137	4.4	23622	12.29		
6699	เริ่มแรก	137	4.4	4699	0.29		
6700	ไซค์	137	4.4	16512	3.99		
6701	ไรท์	137	4.4	12703	1.99		
6702	โนล	137	4.4	23018	11.34		
6703	กระผม	137	4.4	4817	0.30		
6704	พิฆาต	137	4.4	11452	1.57		
6705	ทซ์	137	4.4	32407	speech-only		
6706	ผ้าพันแผล	137	4.4	16073	3.69		
6707	สายสัมพันธ์	137	4.4	7517	0.66		
6708	ตรวจเลือด	137	4.4	8463	0.83		
6709	แร็ป	137	4.4	18973	5.90		
6710	ซ่อง	137	4.4	9379	1.03		
6711	บังหน้า	137	4.4	11886	1.71		
6712	ล็อคเกอร์	137	4.4	19773	6.70		
6713	ซีก	137	4.4	4104	0.23		
6714	รองรับ	137	4.4	1799	0.07		
6715	แอ้ม	137	4.4	10571	1.32	colloquial	
6716	ดุ๊ค	136	4.4	29793	29.28		
6717	ขอที	136	4.4	21772	9.15		
6718	จื่อ	136	4.4	13085	2.12		
6719	โอบี	136	4.4	22475	10.46		
6720	มือขึ้น	136	4.4	10403	1.26		
6721	เคลีย	136	4.4	14294	2.66		
6722	สาวเสิร์ฟ	136	4.4		speech-only	colloquial	
6723	ฟอร์ท	136	4.4	28674	24.40		
6724	เซ็ต	136	4.4	9863	1.13		
6725	มเมอร์	136	4.4	20879	8.13		
6726	สะเพร่า	136	4.4	15427	3.25		
6727	แล้ง	136	4.4	3102	0.15		
6728	ฑ	136	4.4	11084	1.45		
6729	ลูกครึ่ง	136	4.4	7034	0.58		
6730	เหาะ	136	4.4	6091	0.45	slang	
6731	ส้อม	136	4.4	4061	0.22		y
6732	ทวด	136	4.4	8094	0.76		
6733	เชียน	136	4.4	8281	0.80		
6734	ของว่าง	136	4.4	9931	1.15		
6735	ตะเกียง	136	4.4	5847	0.42		
6736	ย้อนหลัง	136	4.4	4957	0.31		
6737	นักจิตวิทยา	136	4.4	4768	0.29		
6738	สยดสยอง	136	4.4	9207	0.98		
6739	หรี่	136	4.4	5692	0.40		
6740	สรร	136	4.4	4307	0.25		
6741	ไว้อาลัย	136	4.4	10930	1.41		
6742	โจทย์	136	4.4	4124	0.23		y
6743	โซเวียต	136	4.4	8177	0.77		
6744	ไคลน์	135	4.4	18691	5.59		
6745	เคิร์ก	135	4.4	26269	18.17		
6746	ซง	135	4.4	11875	1.69		
6747	ชิค	135	4.4	28305	24.22		
6748	ก้อง	135	4.4	2380	0.10		
6749	โรด	135	4.4	11038	1.42		
6750	ไตร	135	4.4	4530	0.27		
6751	อล	135	4.4	13907	2.46		
6752	หลอดไฟ	135	4.4	8004	0.74		
6753	กระแสไฟฟ้า	135	4.4	5194	0.34		y
6754	ประจบ	135	4.4	6837	0.54		
6755	สูงอายุ	135	4.4	2111	0.08		
6756	รัล	135	4.4	9368	1.02		
6757	จู้จี้	135	4.4	10737	1.33		
6758	สงวน	135	4.4	3057	0.14		
6759	วาฬ	135	4.4	8146	0.76		
6760	ตื่นตาตื่นใจ	135	4.4	8163	0.76		
6761	ไกล้	135	4.4	26135	18.17		
6762	เมืองนอก	135	4.4		speech-only	colloquial	
6763	เบื่อหน่าย	135	4.4	4492	0.26		
6764	คล่อง	135	4.4	3240	0.16		
6765	เต่ง	135	4.4	11809	1.65		
6766	แหล่ม	134	4.3	38528	speech-only		
6767	บัว	134	4.3	1973	0.08		
6768	เกรียน	134	4.3	13446	2.25	slang	
6769	เจด	134	4.3	21188	8.49		
6770	จงเจริญ	134	4.3	19596	6.56		
6771	รีฟ	134	4.3	17067	4.24		
6772	พิธีกร	134	4.3	5043	0.32		
6773	พลั่ว	134	4.3	20348	7.21		
6774	เซ่อ	134	4.3	9962	1.14		
6775	แล็ต	134	4.3	23205	11.10		
6776	เลอะเทอะ	134	4.3	7754	0.69		
6777	กองบัญชาการ	134	4.3	6943	0.55		
6778	ลูบ	134	4.3	3516	0.17		
6779	กระสอบ	134	4.3	6033	0.43		y
6780	ชีวะ	134	4.3	3809	0.20		
6781	รุ้ง	134	4.3	4222	0.23		y
6782	ชื้น	134	4.3	4808	0.29		y
6783	นักฟิสิกส์	134	4.3	12383	1.85		
6784	หม่อม	134	4.3	3025	0.14	slang	
6785	หัวรบ	134	4.3	22767	10.30		
6786	สอย	134	4.3	8719	0.86	slang	
6787	อาฆาต	134	4.3	6912	0.55		
6788	ด้วยซ้ำไป	134	4.3	5380	0.36		
6789	ปฏิบัติงาน	134	4.3	1358	0.05		
6790	กลาส	133	4.3	15520	3.25		
6791	เกรีย	133	4.3	30003	28.64		
6792	สไปเดอร์	133	4.3	18713	5.51		
6793	ผู้เฒ่า	133	4.3	3392	0.16		
6794	พึมพำ	133	4.3	3462	0.17		
6795	เฉิน	133	4.3	6359	0.47		
6796	เสน	133	4.3	4550	0.26		
6797	บัลเล่ต์	133	4.3	12563	1.91		
6798	ชีววิทยา	133	4.3	6299	0.46		y
6799	ว่าว	133	4.3	5359	0.35		
6800	ดุร้าย	133	4.3	9029	0.92		
6801	สมัครใจ	133	4.3	3518	0.17		
6802	ใบปลิว	133	4.3	10891	1.36		
6803	กลมกลืน	133	4.3	3356	0.16		
6804	หนี้สิน	133	4.3	3255	0.16		
6805	ดิสก์	133	4.3	13190	2.14		
6806	ชมเชย	133	4.3	6059	0.44		
6807	ปรากฏการณ์	133	4.3	1605	0.06		
6808	พันธ	133	4.3	6492	0.49		
6809	เบอร์นาร์ด	132	4.3	15359	3.16		
6810	เอดิสัน	132	4.3	14515	2.73		
6811	เพรสตัน	132	4.3	30501	28.42		
6812	เซนท์	132	4.3	17060	4.18		
6813	แคนซัส	132	4.3	23650	11.84		
6814	โซโล	132	4.3	18073	4.90		
6815	เพลย์บอย	132	4.3	10548	1.26		
6816	แดร็ก	132	4.3	20084	6.77		
6817	ปส	132	4.3	33576	speech-only		
6818	กองร้อย	132	4.3	11103	1.41		
6819	จ้าว	132	4.3	9363	0.99		
6820	พระคัมภีร์	132	4.3	10193	1.17		
6821	ขวามือ	132	4.3	6489	0.49		
6822	ลูกเขย	132	4.3	7376	0.61		y
6823	ผีดิบ	132	4.3	15899	3.38		
6824	โจ๊ก	132	4.3	7597	0.65	offensive	
6825	พาหนะ	132	4.3	4420	0.25		
6826	ยุทธวิธี	132	4.3	7941	0.71		
6827	ชื่น	132	4.3	2901	0.13		
6828	จ่าฝูง	132	4.3		speech-only	slang	
6829	มั้น	132	4.3	19402	6.18		
6830	ร้า	132	4.3	13262	2.15		
6831	ใจอ่อน	132	4.3	6406	0.47		
6832	รื้อฟื้น	132	4.3	6706	0.52		
6833	สารคดี	132	4.3	4288	0.24		
6834	มิลส์	131	4.2	21468	8.30		
6835	อิสราเอล	131	4.2	3839	0.20		
6836	สแตนฟอร์ด	131	4.2	19756	6.41		
6837	อ้างว้าง	131	4.2	7694	0.67		
6838	แปรงสีฟัน	131	4.2	13445	2.20		
6839	เจ้ามือ	131	4.2	10512	1.24	colloquial	
6840	หมาบ้า	131	4.2	15480	3.21		
6841	น้ำส้ม	131	4.2	6540	0.49		
6842	เจอร์ส	131	4.2	11341	1.47		
6843	ไมโครเวฟ	131	4.2	9639	1.04	slang	y
6844	อิง	131	4.2	3132	0.14		
6845	ชำแหละ	131	4.2	10435	1.23		
6846	ค่าปรับ	131	4.2	5171	0.32		
6847	อพาร์ต	131	4.2	13057	2.04		
6848	กงการ	131	4.2	18518	5.22		
6849	ยล	131	4.2	9434	1.00		
6850	แอฟ	131	4.2	13621	2.27		
6851	ถ้อยคำ	131	4.2	1836	0.07		
6852	กึ่ง	131	4.2	2567	0.11		
6853	กดขี่	131	4.2	3600	0.18		
6854	เสือก	131	4.2	10473	1.23	offensive	
6855	สปอนเซอร์	131	4.2	8612	0.82		
6856	รูปพรรณ	131	4.2	8945	0.89		
6857	ขาดแคลน	131	4.2	2467	0.10		
6858	นายจ้าง	131	4.2	1451	0.05		
6859	แฮ่ม	130	4.2	15027	2.92		
6860	ฮาร์เปอร์	130	4.2	27270	19.99		
6861	ซิดนีย์	130	4.2	9623	1.03		
6862	ราฟาเอล	130	4.2	10404	1.21		
6863	เจียง	130	4.2	4596	0.26		
6864	จิ้	130	4.2	35112	speech-only		
6865	เม็ง	130	4.2	12874	1.97		
6866	สวี	130	4.2	15098	2.92		
6867	ทราน	130	4.2	19851	6.36		
6868	ไฟท์	130	4.2	29853	27.99		
6869	เอท	130	4.2	13409	2.15		
6870	ลเลอร์	130	4.2	21658	8.75		
6871	แกรน	130	4.2	25092	13.99		
6872	มอนต์	130	4.2	18995	5.60		
6873	ควอเตอร์	130	4.2	14827	2.80		
6874	หนอ	130	4.2	3019	0.14		
6875	แจม	130	4.2	10664	1.27	slang	
6876	ไหวพริบ	130	4.2	8035	0.71		
6877	มัมมี่	130	4.2	15070	2.92		
6878	อึด	130	4.2	9754	1.06		
6879	พรหมจรรย์	130	4.2	8971	0.89		
6880	โกลาหล	130	4.2	8544	0.80		
6881	ตัวเมือง	130	4.2	5050	0.31		
6882	ซ่ะ	130	4.2	35540	speech-only		
6883	ชักโครก	130	4.2	12573	1.87		
6884	สิทธ์	130	4.2	11414	1.47		
6885	หมอดู	130	4.2	5162	0.32		
6886	เพ้อ	130	4.2	8687	0.83		
6887	กบดาน	130	4.2	13304	2.12		
6888	อื่ม	129	4.2	27637	19.84		
6889	ไอ้ชาติชั่ว	129	4.2		speech-only	offensive	
6890	เกตส์	129	4.2	10160	1.14		
6891	วอล์ก	129	4.2	13913	2.35		
6892	ซอว์	129	4.2	20313	6.94		
6893	โนส	129	4.2	12119	1.69		
6894	แพศยา	129	4.2	17460	4.34	offensive	
6895	ดาวตก	129	4.2	9435	0.98		
6896	ตะวันออกกลาง	129	4.2	5627	0.37		
6897	อ่อนหัด	129	4.2	17647	4.48		
6898	ประกันภัย	129	4.2	2535	0.10		
6899	สตอ	129	4.2	26549	17.36	slang	
6900	เย็ด	129	4.2	36531	speech-only	offensive	
6901	เง	129	4.2	12364	1.76		
6902	ใคร่	129	4.2	2930	0.13		
6903	สาหร่าย	129	4.2	5302	0.33	slang	
6904	ชุ่ม	129	4.2	4526	0.25		
6905	ช่องคลอด	129	4.2	5230	0.33		
6906	ฝูงบิน	129	4.2	16629	3.75		
6907	ห้ามเลือด	129	4.2	18074	4.79		
6908	เพ่ง	129	4.2	4989	0.30		
6909	ตัดใจ	129	4.2	6200	0.44		
6910	เห่ง	129	4.2	28101	23.14		
6911	ขยายตัว	129	4.2	1439	0.05		y
6912	ภัยพิบัติ	129	4.2	5596	0.37		
6913	ตื้อ	129	4.2	10780	1.29		
6914	จุดยืน	129	4.2	4566	0.26		
6915	แยกแยะ	129	4.2	4031	0.21		
6916	เดร์	128	4.2	16112	3.44		
6917	ฮอบส์	128	4.2	18136	4.75		
6918	มูส	128	4.2	16341	3.53		
6919	ฮุ	128	4.2	25126	13.78		
6920	เมลา	128	4.2	15761	3.20		
6921	เดม	128	4.2	16764	3.83		
6922	เฉียบ	128	4.2	5779	0.39	slang	
6923	เทพธิดา	128	4.2	7950	0.69		
6924	เงือก	128	4.2	4826	0.28	slang	
6925	ผู้ร่วมงาน	128	4.2	6883	0.52		
6926	ประชิด	128	4.2	6481	0.47		
6927	กิจวัตร	128	4.2	6440	0.46		
6928	ไม่เอาไหน	128	4.2		speech-only	colloquial	
6929	วับ	128	4.2	4742	0.27		
6930	หลงกล	128	4.2	12937	1.97		
6931	ทางผ่าน	128	4.2	9706	1.04		
6932	ไขว้เขว	128	4.2	13470	2.15		
6933	ชี้ตัว	128	4.2	14768	2.76		
6934	ต้อ	128	4.2	5746	0.38		
6935	สมจริง	128	4.2	5801	0.39		
6936	อาณานิคม	128	4.2	2983	0.13		
6937	แฮโรลด์	127	4.1	30352	27.34		
6938	บารอน	127	4.1	27272	19.53		
6939	เคลวิน	127	4.1	23954	12.43		
6940	เชลซี	127	4.1	5196	0.32		
6941	ชอร์	127	4.1	26465	17.09		
6942	นส	127	4.1	15924	3.26		
6943	นึกดู	127	4.1	12719	1.87		
6944	ลาสเวกัส	127	4.1	12308	1.71		
6945	เดียร์	127	4.1	4653	0.26		
6946	สำส่อน	127	4.1	13551	2.17		
6947	เฮฟ	127	4.1	25595	15.19		
6948	แคลน	127	4.1	16279	3.51		
6949	แจง	127	4.1	5675	0.37		
6950	ข้าราชการ	127	4.1	703	0.02		
6951	เรือรบ	127	4.1	8631	0.80		
6952	ห้างสรรพสินค้า	127	4.1	4725	0.27		
6953	มัค	127	4.1	12917	1.93		
6954	ของเสีย	127	4.1	2262	0.09		
6955	นร	127	4.1	5663	0.37		
6956	เท็น	127	4.1	8895	0.85		
6957	แบล็คเมล์	127	4.1	23599	11.39		
6958	กองหนุน	127	4.1	15061	2.85	colloquial	
6959	บ๊อง	127	4.1	11305	1.41		
6960	ซักแห้ง	127	4.1	25930	15.19		
6961	มงกุฏ	127	4.1	11134	1.37		
6962	มหันต์	127	4.1	12240	1.69		
6963	ขั้นสูง	127	4.1	6001	0.41		
6964	มุขตลก	127	4.1	17208	4.14		
6965	ผู้รับผิดชอบ	127	4.1	3972	0.20		
6966	ถึงคราว	127	4.1	6449	0.46		
6967	ผู้ดี	127	4.1	4044	0.21		
6968	ฮิน	126	4.1	14669	2.66		
6969	ฮุส	126	4.1	16698	3.77		
6970	เท็ต	126	4.1	19110	5.65		
6971	ริกส์	126	4.1	14111	2.38		
6972	จก	126	4.1	8439	0.76		
6973	แสก	126	4.1	11536	1.47		
6974	เน็ตต์	126	4.1	21984	9.04		
6975	สามัญชน	126	4.1	7528	0.61		
6976	รีล	126	4.1	8137	0.71		
6977	คอร์ด	126	4.1	1223	0.04		
6978	เนื้อคู่	126	4.1	9415	0.96		
6979	แซ็ก	126	4.1	22329	9.04		
6980	เกิร์ต	126	4.1	15225	2.95		
6981	ฮัค	126	4.1	24263	12.33		
6982	ตลาดมืด	126	4.1	18045	4.68		
6983	ฮาส	126	4.1	13745	2.22		
6984	นิมิต	126	4.1	4635	0.26		
6985	ชู้สาว	126	4.1	10689	1.23		
6986	ชาร์ต	126	4.1	11788	1.54		
6987	สตริง	126	4.1	10584	1.21		
6988	หนึง	126	4.1	17156	3.99		
6989	หล	126	4.1	12894	1.91		
6990	ทางแยก	126	4.1	8298	0.74		
6991	เคราะห์	126	4.1	4578	0.25		
6992	นับว่า	126	4.1	1773	0.06		
6993	โอ้โฮ	125	4.1	6711	0.49		
6994	อะดรีนาลีน	125	4.1	23276	10.35		
6995	เวิร์น	125	4.1	29295	26.91		
6996	กาเบรียล	125	4.1	14653	2.64		
6997	มิลตัน	125	4.1	20918	7.48		
6998	ไม่เช่นนั้น	125	4.1	5943	0.40		
6999	มันด์	125	4.1	22613	9.61		
7000	ซิลเวอร์	125	4.1	14882	2.75		
7001	ชิมิ	125	4.1		speech-only	slang	
7002	กระเจี๊ยว	125	4.1		speech-only	colloquial	
7003	สิงห์	125	4.1	2450	0.10		
7004	เงินทอง	125	4.1	3085	0.13		
7005	เพร	125	4.1	14901	2.75		
7006	เชื้อรา	125	4.1	6293	0.44		y
7007	พารา	125	4.1	3597	0.17		
7008	กวา	125	4.1	6753	0.49		
7009	อัฟ	125	4.1	10211	1.11		
7010	จิตเวช	125	4.1	10785	1.25		
7011	ตึง	125	4.1	4018	0.20	colloquial	
7012	เขื่อน	125	4.1	2767	0.11		
7013	วุฒิสภา	125	4.1	2613	0.10		
7014	ถลอก	125	4.1	9417	0.95		
7015	ธิป	125	4.1	7987	0.68		
7016	อคติ	125	4.1	4066	0.21		
7017	ผลกำไร	125	4.1	6384	0.45		
7018	คืบ	125	4.1	5112	0.30	colloquial	
7019	สลัม	125	4.1	7425	0.59		
7020	พร่ำ	125	4.1	6510	0.46		
7021	กิริยา	125	4.1	3003	0.13		
7022	รอดพ้น	125	4.1	6367	0.45		
7023	ข่าย	125	4.1	1815	0.06		
7024	กรกฎาคม	124	4.0	2126	0.08		y
7025	นาส	124	4.0	12368	1.69		
7026	ช่างแม่ง	124	4.0		speech-only	offensive	
7027	เปอร์เซนต์	124	4.0	11332	1.39		
7028	เพ็ค	124	4.0	29635	26.70		
7029	ยูโร	124	4.0	5197	0.31		
7030	มิลล์	124	4.0	14031	2.30		
7031	สโก	124	4.0	17800	4.45		
7032	วอค	124	4.0	31070	speech-only		
7033	หุ	124	4.0	8989	0.86		
7034	อัลฟา	124	4.0	13737	2.19		
7035	กู้ด	124	4.0	28541	22.25		
7036	คิริ	124	4.0	21495	7.85		
7037	เรดาร์	124	4.0	14489	2.52		
7038	แฮมเบอร์เกอร์	124	4.0	11866	1.53		
7039	ตบมือ	124	4.0	9420	0.94		
7040	ตอร์	124	4.0	10627	1.20		
7041	กะจัง	124	4.0	33602	speech-only		
7042	บอลลูน	124	4.0	12253	1.67		
7043	คาว	124	4.0	5789	0.38		
7044	หอประชุม	124	4.0	6985	0.52		
7045	หัวหอม	124	4.0	10712	1.22		
7046	ซิการ์	124	4.0	14998	2.78		
7047	ริ่ง	124	4.0	7724	0.63		
7048	มะกอก	124	4.0	8733	0.80		
7049	สลด	124	4.0	5250	0.31		
7050	หมดสิ้น	124	4.0	4142	0.21		
7051	อุดมคติ	124	4.0	3278	0.15		
7052	หนุนหลัง	124	4.0	12429	1.71		
7053	ฝ่ามือ	124	4.0	4028	0.20		
7054	ภาพเขียน	124	4.0	5150	0.31		
7055	หนุน	124	4.0	3429	0.16		
7056	มุด	124	4.0	6727	0.49		
7057	สิงหาคม	123	4.0	2436	0.09		y
7058	มิฉะนั้น	123	4.0	2975	0.12		
7059	เมเจอร์	123	4.0	2793	0.11		
7060	สเล	123	4.0	34185	speech-only		
7061	เวอร์ส	123	4.0	20745	6.97		
7062	ต๊อก	123	4.0	12457	1.72		
7063	ทิล	123	4.0	20803	6.97		
7064	แฮด	123	4.0	28412	22.07		
7065	ฮัง	123	4.0	15168	2.82		
7066	อ่อนหวาน	123	4.0	4324	0.22		
7067	จุมพิต	123	4.0	8728	0.80		
7068	สถาปนิก	123	4.0	4512	0.24		
7069	เอะอะ	123	4.0	5532	0.34		
7070	พาสเวิร์ด	123	4.0	23568	11.03		
7071	เตาผิง	123	4.0	20057	6.31		
7072	ขมขื่น	123	4.0	5764	0.37		
7073	เค็ม	123	4.0	4415	0.23	slang	
7074	สารพัด	123	4.0	3225	0.14		
7075	ฝรั่งเศษ	123	4.0		speech-only	slang	
7076	ไพเราะ	123	4.0	3720	0.18		
7077	ไขสันหลัง	123	4.0	10078	1.07		y
7078	ผวา	123	4.0	6684	0.48		
7079	ขาน	123	4.0	3878	0.19		
7080	สังกัด	123	4.0	1893	0.07		
7081	เบี้ยว	123	4.0	6188	0.42	slang	
7082	ฉลาก	123	4.0	4493	0.24		
7083	เลือดเนื้อ	123	4.0	7889	0.65		
7084	อาช	123	4.0	17770	4.41		
7085	คลาวด์	122	4.0	21764	8.21		
7086	บัดดี้	122	4.0	19660	5.97		
7087	ว่อน	122	4.0	9825	1.01		
7088	มส	122	4.0	28249	21.89		
7089	เวสท์	122	4.0	35770	speech-only		
7090	สไตร์	122	4.0	31361	speech-only		
7091	ธอร์	122	4.0	27677	18.76		
7092	เดะ	122	4.0	19284	5.47	colloquial	
7093	เฉา	122	4.0	8154	0.69		
7094	โรห์	122	4.0	23749	10.94		
7095	ฮอป	122	4.0	11204	1.33		
7096	ว่องไว	122	4.0	6996	0.51		
7097	แบด	122	4.0	11928	1.55		
7098	มฤตยู	122	4.0	12178	1.62		
7099	ป้ายชื่อ	122	4.0	9082	0.86		
7100	วิศวกรรม	122	4.0	5114	0.30		
7101	เพลิน	122	4.0	3152	0.13		
7102	ประกอบด้วย	122	4.0	810	0.02		
7103	ลิปสติก	122	4.0	9022	0.85		
7104	ไนท์คลับ	122	4.0	15723	3.05		
7105	งวด	122	4.0	3568	0.16		
7106	แฟกซ์	122	4.0	13798	2.19		
7107	อนามัย	122	4.0	2442	0.09	colloquial	
7108	ควาย	122	4.0	2447	0.09	offensive	y
7109	ไอน้ำ	122	4.0	4272	0.22		y
7110	สุดเหวี่ยง	122	4.0	16355	3.46		
7111	ผสมผสาน	122	4.0	2160	0.08		
7112	วงใน	122	4.0	10910	1.25		
7113	ปริ	122	4.0	4140	0.21		
7114	ล้างสมอง	122	4.0	16475	3.46		
7115	ธีม	122	4.0	10311	1.11		
7116	เข้	122	4.0	13189	1.96	offensive	
7117	ล่วงละเมิด	122	4.0	8112	0.68		
7118	ชี้แจง	122	4.0	1805	0.06		
7119	เอาผิด	122	4.0	8869	0.82		
7120	เอ๊	121	3.9	15138	2.77		
7121	โซะ	121	3.9	8913	0.82		
7122	แพด	121	3.9	16876	3.72		
7123	สวิทช์	121	3.9	17270	3.95		
7124	สัด	121	3.9	13886	2.21		
7125	ก้อย	121	3.9	5794	0.37		y
7126	เมาท์	121	3.9	14322	2.41		
7127	เนียร์	121	3.9	13515	2.07		
7128	ลำตัว	121	3.9	3440	0.15		
7129	ไคร	121	3.9	22496	9.30		
7130	สี่เหลี่ยม	121	3.9	4034	0.20		y
7131	เรื่อยเปื่อย	121	3.9	8480	0.74		
7132	ไกด์	121	3.9	5129	0.30	colloquial	
7133	ต้องโทษ	121	3.9	5633	0.35		
7134	กลางคน	121	3.9	4809	0.26		
7135	ดัว	121	3.9	18299	4.65		
7136	เสียว	121	3.9	6629	0.47		
7137	แย่งชิง	121	3.9	5393	0.32		
7138	ไซท์	121	3.9	7971	0.65		
7139	แคปซูล	121	3.9	11933	1.53		
7140	ซาว	121	3.9	10833	1.23		
7141	เวณ	121	3.9	19900	6.20		
7142	ศาลา	121	3.9	2963	0.12	colloquial	
7143	ภูมิภาค	121	3.9	1346	0.04		
7144	ตะลึง	121	3.9	5089	0.29		
7145	เล่นกล	121	3.9	16135	3.26		
7146	เครือ	121	3.9	2782	0.11		
7147	ฟ็อกซ์	120	3.9	21753	8.07		
7148	สเตล	120	3.9	19341	5.62		
7149	ดิ๊	120	3.9	20424	6.46		
7150	ปั๊มน้ำมัน	120	3.9		speech-only	colloquial	y
7151	แท้ง	120	3.9	6812	0.48	slang	
7152	เฟีย	120	3.9	19367	5.62		
7153	ไฮม์	120	3.9	14001	2.23		
7154	แส้	120	3.9	10059	1.04		
7155	บรูณ์	120	3.9	19510	5.62		
7156	ปอก	120	3.9	5949	0.38		y
7157	เพลีย	120	3.9	7821	0.62	colloquial	
7158	ท้อแท้	120	3.9	6458	0.44		
7159	แฟนซี	120	3.9	12112	1.58		
7160	เรท	120	3.9	17546	4.04		
7161	เจ้าหน้า	120	3.9	13929	2.19		
7162	ฟลี	120	3.9	24985	12.92		
7163	ดวงใจ	120	3.9	5490	0.33		
7164	รั่ม	120	3.9	15253	2.81		
7165	แข็งตัว	120	3.9	6645	0.46		y
7166	ลุกลาม	120	3.9	5563	0.34		
7167	ใหญ	120	3.9	18945	5.17		
7168	คอร์ส	120	3.9	6735	0.47		
7169	เต็นท์	120	3.9	5620	0.34		
7170	ง่ะ	119	3.9	7935	0.64	slang	
7171	ขอประทานโทษ	119	3.9	21805	8.01		
7172	แดช	119	3.9	25818	14.23		
7173	เดร็ด	119	3.9	39884	speech-only		
7174	กิ๊บ	119	3.9	9598	0.94		
7175	ขี้เหร่	119	3.9	9771	0.98	offensive	
7176	เกรน	119	3.9	15569	2.91		
7177	ซอม	119	3.9	16878	3.66		
7178	เดอร์ส	119	3.9	17875	4.27		
7179	ใจแคบ	119	3.9	15077	2.67		
7180	ยวน	119	3.9	5674	0.35	offensive	
7181	ยส	119	3.9	19473	5.57		
7182	ซ้ายมือ	119	3.9	6349	0.42		
7183	คิส	119	3.9	17650	4.13		
7184	ปักกิ่ง	119	3.9	4192	0.21		
7185	ตาร์	119	3.9	14529	2.46		
7186	ราท	119	3.9	33161	speech-only		
7187	ดื้อรั้น	119	3.9	11016	1.26		
7188	ประนีประนอม	119	3.9	11025	1.26		
7189	แลบ	119	3.9	7644	0.60		
7190	สแป	119	3.9	17135	3.77		
7191	ซอร์	119	3.9	12489	1.66		
7192	คำมั่น	119	3.9	4326	0.22		
7193	ทรอ	119	3.9	11454	1.36		
7194	เม้	119	3.9	24191	11.65		
7195	หลอดลม	119	3.9	7817	0.62		
7196	รื่นเริง	119	3.9	5648	0.35		
7197	อำพราง	119	3.9	4387	0.22		
7198	รุ่งโรจน์	119	3.9	8468	0.72		
7199	วิถีชีวิต	119	3.9	2400	0.09		
7200	เห้น	119	3.9	9362	0.89		
7201	สามัญ	119	3.9	2490	0.09		
7202	แตกหัก	119	3.9	7596	0.59		
7203	ลังค์	119	3.9	28539	21.35		
7204	เว็น	118	3.8	26886	15.88		
7205	ด็อค	118	3.8	23583	10.59		
7206	กิว	118	3.8	20244	6.35		
7207	เซาท์	118	3.8	13041	1.84		
7208	ก๊อต	118	3.8	23069	9.77		
7209	ห้องอาบน้ำ	118	3.8	12997	1.81		
7210	น้ำตก	118	3.8	5076	0.28		
7211	เพียว	118	3.8	6845	0.47		
7212	กระเทียม	118	3.8	4384	0.22		y
7213	ซาลา	118	3.8	24226	11.55		
7214	ร่างทรง	118	3.8		speech-only	slang	
7215	เก๋า	118	3.8	7650	0.59	colloquial	
7216	ลุ่มหลง	118	3.8	9084	0.83		
7217	อ่อย	118	3.8	6577	0.45		
7218	พิศวง	118	3.8	6624	0.45		
7219	ทูล	118	3.8	3199	0.13		
7220	แรงดึงดูด	118	3.8	7943	0.64		
7221	นาวา	118	3.8	5059	0.28		
7222	เต้า	118	3.8	7263	0.53	slang	
7223	แวดล้อม	118	3.8	3540	0.15		
7224	ปาน	118	3.8	2851	0.11		
7225	ไข้หวัด	118	3.8	5610	0.34		y
7226	มนุษยธรรม	118	3.8	7658	0.59		
7227	กราฟ	118	3.8	4424	0.22		y
7228	แวว	118	3.8	2070	0.07		
7229	อนาถ	117	3.8	10595	1.12		
7230	ดิธ	117	3.8	13275	1.91		
7231	ไพน์	117	3.8	11859	1.45		
7232	ละติน	117	3.8	8806	0.77		
7233	ตู้นิรภัย	117	3.8	15868	3.00		
7234	พอร์	117	3.8	16353	3.31		
7235	เฮม	117	3.8	28371	20.99		
7236	แสงจันทร์	117	3.8	6953	0.48		
7237	ลาติน	117	3.8	11907	1.46		
7238	นักฟุตบอล	117	3.8	10162	1.03		
7239	ฉาว	117	3.8	10375	1.08		
7240	กับระเบิด	117	3.8	17657	4.06	colloquial	
7241	เถ	117	3.8	16523	3.40		
7242	ผุ	117	3.8	6093	0.39		
7243	ยานพาหนะ	117	3.8	3834	0.18		
7244	น่อง	117	3.8	6160	0.39		
7245	นักวิ่ง	117	3.8	8741	0.76		
7246	หกล้ม	117	3.8	7219	0.52		
7247	สงครามกลางเมือง	117	3.8	8704	0.75		
7248	ใด้	117	3.8	19994	6.00		
7249	ปะติดปะต่อ	117	3.8	9472	0.90		
7250	วิชาการ	117	3.8	1106	0.03		
7251	รักษาการ	117	3.8	3407	0.15		
7252	แล่	117	3.8	10935	1.21		
7253	สังเวียน	117	3.8	11792	1.43		
7254	ทัง	117	3.8	7053	0.50		
7255	เพือ	117	3.8	22845	9.69		
7256	เบลลา	116	3.8	16797	3.47		
7257	เปียร์	116	3.8	10263	1.05		
7258	ไพร์ส	116	3.8	26711	15.61		
7259	คีม	116	3.8	11897	1.45		
7260	แวง	116	3.8	14629	2.45		
7261	ปอ	116	3.8	4220	0.20		
7262	แชค	116	3.8	19913	5.95		
7263	หี	116	3.8	25789	13.88	offensive	
7264	นกฮูก	116	3.8	12245	1.56		
7265	แตกตื่น	116	3.8	10409	1.08		
7266	อินเดียน	116	3.8	4208	0.20		
7267	วีซ่า	116	3.8	6522	0.43		
7268	ฝรั่ง	116	3.8	1025	0.03	colloquial	
7269	ยากเย็น	116	3.8	5926	0.37		
7270	คอหอย	116	3.8	10966	1.21		
7271	แจกัน	116	3.8	6140	0.39	slang	
7272	ฮ่อง	116	3.8	3642	0.16		
7273	เข้ารอบ	116	3.8	6208	0.40		
7274	เรืองแสง	116	3.8	12446	1.62		
7275	ลงสนาม	116	3.8	6488	0.43		
7276	ย่ำ	116	3.8	5623	0.33		
7277	มติ	116	3.8	886	0.02		
7278	จนตรอก	116	3.8	13563	1.98		
7279	กีดขวาง	116	3.8	7256	0.52		
7280	รับผิด	116	3.8	2230	0.08		
7281	ลิล	115	3.7	16777	3.44		
7282	แมทท์	115	3.7	32954	speech-only		
7283	เกรก	115	3.7	28764	20.63		
7284	มิชิแกน	115	3.7	17481	3.87		
7285	เมซ	115	3.7	18190	4.42		
7286	เวิร์ธ	115	3.7	24975	12.38		
7287	ซาบ	115	3.7	12060	1.49		
7288	ปล	115	3.7	23988	11.25		
7289	ซาล	115	3.7	9141	0.82		
7290	เนื่อง	115	3.7	2623	0.10		
7291	เมาส์	115	3.7	14521	2.38		y
7292	เดี้ยว	115	3.7	38477	speech-only		
7293	เอาท์	115	3.7	12896	1.74		
7294	ดาห์	115	3.7	15753	2.88		
7295	เดซ	115	3.7	16330	3.17		
7296	สการ์	115	3.7	20925	6.88		
7297	ชกมวย	115	3.7	11669	1.38		
7298	โทรเลข	115	3.7	8362	0.68		
7299	ที่แท้	115	3.7	4715	0.24		
7300	หย่าร้าง	115	3.7	5918	0.36		
7301	ดาวหาง	115	3.7	4587	0.23		y
7302	อีโก้	115	3.7	15734	2.88		
7303	ขึน	115	3.7	16648	3.35		
7304	ไข่มุก	115	3.7	9848	0.96		
7305	หักคอ	115	3.7	14209	2.21		
7306	แทก	115	3.7	26450	15.47		
7307	โปแลนด์	115	3.7	9523	0.89		
7308	บ่อน	115	3.7	3609	0.16		
7309	แล็ปท็อป	115	3.7	23865	10.32		y
7310	น้ำมือ	115	3.7	12090	1.49		
7311	รวด	115	3.7	7681	0.58		
7312	วูบ	115	3.7	3615	0.16		
7313	หมายหัว	115	3.7	18791	4.76		
7314	ถกเถียง	115	3.7	3676	0.16		
7315	ย่น	115	3.7	4084	0.19		
7316	การบริการ	115	3.7	3999	0.19		
7317	เจซ	114	3.7	34039	speech-only		
7318	เพียร์สัน	114	3.7	28246	20.45		
7319	ยัต	114	3.7	19479	5.34		
7320	ฮารา	114	3.7	13158	1.80		
7321	กะลาสี	114	3.7	12505	1.61		
7322	ลลิ่ง	114	3.7	18528	4.55		
7323	อ็อก	114	3.7	22794	8.77		
7324	ลินด์	114	3.7	24612	12.27		
7325	บั้นท้าย	114	3.7	19161	5.11		
7326	ลั่นไก	114	3.7	15356	2.73		
7327	นามแฝง	114	3.7	11533	1.33		
7328	แดก	114	3.7	11654	1.36	offensive	
7329	เล่าเรียน	114	3.7	4739	0.24		
7330	ทางด่วน	114	3.7	8102	0.64		
7331	เลยเถิด	114	3.7	11722	1.38		
7332	อัพเดท	114	3.7	11703	1.38		
7333	เส้นใย	114	3.7	5928	0.36		
7334	มอเตอร์ไซด์	114	3.7	10784	1.14		
7335	ขิง	114	3.7	5722	0.34	slang	y
7336	เคาน์เตอร์	114	3.7	5682	0.33		
7337	โป่ง	114	3.7	6531	0.43		
7338	จังหวัด	114	3.7	341	0.01		
7339	จิ๊ก	114	3.7	12601	1.64	slang	
7340	ท้อ	114	3.7	5362	0.30		
7341	เทศน์	114	3.7	5407	0.31		
7342	ค่าที่	114	3.7	4344	0.21		
7343	อุ้ย	113	3.7	11597	1.34		
7344	มกราคม	113	3.7	2036	0.07		y
7345	ไลลา	113	3.7	18237	4.34		
7346	ฮิค	113	3.7	17050	3.58		
7347	ดักลาส	113	3.7	22678	8.69		
7348	ชูส์	113	3.7	25810	13.52		
7349	เจ๊ค	113	3.7	23367	10.14		
7350	สติล	113	3.7	25900	13.52		
7351	เซม	113	3.7	14839	2.43		
7352	มีท	113	3.7	22214	8.11		
7353	แอตแลนติก	113	3.7	9741	0.92		
7354	ทง	113	3.7	8450	0.68		
7355	กัวร์	113	3.7	20757	6.40		
7356	สปอร์ต	113	3.7	6658	0.44	slang	
7357	นางเอก	113	3.7	2886	0.11	slang	
7358	กาม	113	3.7	3986	0.18		
7359	หวั่นไหว	113	3.7	4416	0.21		
7360	แน่วแน่	113	3.7	6011	0.36		
7361	แถลง	113	3.7	2620	0.10		
7362	งับ	113	3.7	9138	0.81	slang	
7363	เทพี	113	3.7	9589	0.89		
7364	ริบ	113	3.7	6842	0.45		
7365	วัตถุดิบ	113	3.7	2595	0.09		y
7366	เนี่ยม	113	3.7	20700	6.40		
7367	สติ๊ก	113	3.7	11242	1.24		
7368	กินน้ำ	113	3.7	6435	0.41		
7369	เงื่อนงำ	113	3.7	15627	2.83		
7370	ร้าว	113	3.7	6511	0.42		
7371	ถอนเงิน	113	3.7	12445	1.58		
7372	พอดู	113	3.7	7854	0.60		
7373	สมมติฐาน	113	3.7	4102	0.19		y
7374	พยาธิ	113	3.7	4548	0.22		
7375	ว้าย	112	3.6	6722	0.44	colloquial	
7376	ครั้งแล้วครั้งเล่า	112	3.6	8936	0.76		
7377	แฮร์ริส	112	3.6	23380	10.05		
7378	คาร์สัน	112	3.6	29215	24.11		
7379	แทร	112	3.6	26706	15.07		
7380	นารา	112	3.6	7230	0.50		
7381	ลอค	112	3.6	26647	15.07		
7382	ดาร์ค	112	3.6	28958	20.09		
7383	ซือ	112	3.6	7187	0.49		
7384	วูล์ฟ	112	3.6	7095	0.48		
7385	จารย์	112	3.6	5306	0.29		
7386	มิวสิค	112	3.6	9868	0.93		
7387	ฝีเท้า	112	3.6	5029	0.26		
7388	พอด	112	3.6	17040	3.55		
7389	จลาจล	112	3.6	8632	0.71		
7390	ฟลอ	112	3.6	9388	0.84		
7391	พราง	112	3.6	6914	0.46		
7392	ยาร์ด	112	3.6	15999	2.94		
7393	พิง	112	3.6	4103	0.19		
7394	สายรุ้ง	112	3.6	11507	1.30		
7395	สรวง	112	3.6	7631	0.56		
7396	ดึงดูดใจ	112	3.6	8963	0.77		
7397	ชูชีพ	112	3.6	11977	1.42		
7398	ผู้อพยพ	112	3.6	6337	0.40		
7399	เปรี้ยว	112	3.6	3813	0.17	slang	
7400	จร	112	3.6	5613	0.32		
7401	ตุกติก	112	3.6	19093	5.02		
7402	ไฮบริด	112	3.6	25243	12.06		
7403	ตัวหนังสือ	112	3.6	11405	1.27		
7404	หนอง	112	3.6	2105	0.07		
7405	ฟืน	112	3.6	5930	0.35		
7406	ล่ำ	112	3.6	7997	0.61		
7407	แสงสี	112	3.6	4818	0.25		
7408	ปราการ	112	3.6	5181	0.28		
7409	ก้าน	112	3.6	3423	0.14		
7410	ข่าวสาร	112	3.6	1204	0.03		
7411	ภาพพจน์	112	3.6	4608	0.23		
7412	รากฐาน	112	3.6	2837	0.11		
7413	เวรกรรม	111	3.6		speech-only	colloquial	
7414	แต่ทว่า	111	3.6	4833	0.24		
7415	เชร็ค	111	3.6	32444	speech-only		
7416	ไบรอน	111	3.6	27437	17.07		
7417	ยูเอส	111	3.6	11284	1.23		
7418	มาร์ก	111	3.6	4585	0.22		
7419	แอซ	111	3.6	12130	1.46		
7420	วอช	111	3.6	22548	8.54		
7421	บริกร	111	3.6	8591	0.69		
7422	เด๊ก	111	3.6	29956	23.90		
7423	ฉ้อโกง	111	3.6	9289	0.82		
7424	กรน	111	3.6	12945	1.71		
7425	จรด	111	3.6	4797	0.24		
7426	แฟลต	111	3.6	9201	0.80		
7427	ลู่	111	3.6	4905	0.25		
7428	เดียน	111	3.6	8977	0.76		
7429	กราบ	111	3.6	2690	0.10		
7430	โทสะ	111	3.6	5346	0.29		
7431	ติดไฟ	111	3.6	8928	0.75		
7432	ลุล่วง	111	3.6	7031	0.47		
7433	โมเดล	111	3.6	7503	0.53		
7434	พาด	111	3.6	4041	0.18		
7435	เดรส	111	3.6	10824	1.12		
7436	ปลอกคอ	111	3.6	13571	1.90		
7437	ดีไซเนอร์	111	3.6	4738	0.24		
7438	ลิ่ม	111	3.6	7924	0.59		
7439	เฆี่ยน	111	3.6	9663	0.89		
7440	บอกใบ้	111	3.6	18499	4.43		
7441	ตัวแปร	111	3.6	1725	0.05		y
7442	บ้านเมือง	111	3.6	1385	0.04		
7443	สามัคคี	111	3.6	3120	0.12		
7444	ชีว	111	3.6	6861	0.45		
7445	เฮ่อ	110	3.6	16089	2.96		
7446	แกรนท์	110	3.6	14862	2.42		
7447	เดนิส	110	3.6	28328	19.74		
7448	ลิด	110	3.6	13315	1.79		
7449	เกรแฮม	110	3.6	26554	14.80		
7450	ทั้งเพ	110	3.6	18810	4.55		
7451	บี๋	110	3.6	20544	6.23		
7452	วินส์	110	3.6	39537	speech-only		
7453	วูฟ	110	3.6	26481	14.80		
7454	บรั่นดี	110	3.6	14567	2.28		
7455	อวสาน	110	3.6	11858	1.36		
7456	แชมพู	110	3.6	8569	0.68		
7457	หัวแข็ง	110	3.6	15267	2.57		
7458	เทรน	110	3.6	10590	1.06		
7459	เอาแต่ใจ	110	3.6	24658	11.84		
7460	บึง	110	3.6	3930	0.17		
7461	สห	110	3.6	3546	0.14		
7462	สุทธ์	110	3.6	17406	3.70		
7463	เสริมสวย	110	3.6	7348	0.51		
7464	ปุ๋ย	110	3.6	3272	0.13		
7465	ผู้ฟัง	110	3.6	2171	0.07		
7466	วรรณกรรม	110	3.6	2194	0.07		
7467	ผิดชอบ	110	3.6	6797	0.44		
7468	ฟัด	110	3.6	8844	0.74		
7469	นึ่ง	110	3.6	5154	0.27		y
7470	หยก	110	3.6	5151	0.27	colloquial	
7471	สวิง	110	3.6	9722	0.89		
7472	ยบ	110	3.6	18555	4.39		
7473	ผลผลิต	110	3.6	1369	0.04		
7474	พิธีการ	110	3.6	4545	0.22		
7475	ซักถาม	110	3.6	3867	0.17		
7476	เรียงความ	110	3.6	11451	1.26		
7477	กำเริบ	110	3.6	5651	0.32		
7478	คลาก	109	3.5	20169	5.59		
7479	ปัดโธ่	109	3.5		speech-only	colloquial	
7480	ฟลอยด์	109	3.5	31421	speech-only		
7481	แฟต	109	3.5	22418	8.38		
7482	ฟอสเตอร์	109	3.5	22577	8.38		
7483	ชอพ	109	3.5	31467	speech-only		
7484	ลัคกี้	109	3.5	30509	23.47		
7485	คุรุ	109	3.5	1270	0.03		
7486	เค็น	109	3.5	21140	6.52		
7487	อิก	109	3.5	11299	1.21		
7488	ครอ	109	3.5	17328	3.56		
7489	เด็ค	109	3.5	28109	19.56		
7490	บร	109	3.5	14319	2.13		
7491	เชิ้ต	109	3.5	6274	0.38		
7492	สล็อท	109	3.5	36359	speech-only		
7493	ฮอบ	109	3.5	31585	speech-only		
7494	สันโดษ	109	3.5	8966	0.75		
7495	ค็อกเทล	109	3.5	12258	1.47		
7496	เซท	109	3.5	20043	5.59		
7497	หนังสือเดินทาง	109	3.5	7667	0.55		
7498	รัฐธรรมนูญ	109	3.5	805	0.02		
7499	หมุด	109	3.5	8619	0.69		
7500	สะเทือน	109	3.5	5653	0.32		
7501	แงะ	109	3.5	14362	2.17		
7502	เดินเรือ	109	3.5	6646	0.42		
7503	สมหวัง	109	3.5	5038	0.26		
7504	หนุ	109	3.5	7385	0.51		
7505	โขมย	109	3.5	23525	9.78		
7506	เขตแดน	109	3.5	5668	0.32		
7507	เหต	109	3.5	18489	4.35		
7508	นี่แน่ะ	108	3.5	12325	1.47		
7509	ซม	108	3.5	12273	1.45		
7510	ดอว์น	108	3.5	35199	speech-only		
7511	พาล์ม	108	3.5	29674	23.25		
7512	ทริปป์	108	3.5	31072	speech-only		
7513	ซิมมอนส์	108	3.5	39882	speech-only		
7514	แฮมิลตัน	108	3.5	17211	3.52		
7515	ฆ	108	3.5	12782	1.59		
7516	เร็ด	108	3.5	29915	23.25		
7517	สแควร์	108	3.5	8449	0.65		
7518	เกลอ	108	3.5	16801	3.23		
7519	ก๊อด	108	3.5	16996	3.42		
7520	แกลลอน	108	3.5	15701	2.70		
7521	เบ็ก	108	3.5	19352	5.05		
7522	อิสระภาพ	108	3.5	20178	5.54		
7523	ล้าสมัย	108	3.5	6877	0.44		
7524	มอร์ฟีน	108	3.5	16822	3.32		
7525	รัค	108	3.5	7953	0.58		
7526	สังคมสงเคราะห์	108	3.5	7396	0.50		
7527	หัวโบราณ	108	3.5	14240	2.11	offensive	
7528	ชือ	108	3.5	19723	5.28		
7529	คั่ว	108	3.5	6106	0.36		
7530	ไขว่คว้า	108	3.5	8046	0.60		
7531	ส่วนลด	108	3.5	8565	0.67		y
7532	เคลื่อนตัว	108	3.5	7136	0.47		
7533	อุกกาบาต	108	3.5	10039	0.93		y
7534	ล่วงรู้	108	3.5	6373	0.38		
7535	ทึบ	108	3.5	4610	0.22		
7536	มือหนึ่ง	108	3.5	5958	0.34		
7537	แรงผลักดัน	108	3.5	6676	0.42		
7538	ต้นตอ	108	3.5	7032	0.46		
7539	แฮ็ก	108	3.5	26910	14.53		
7540	สำราญ	108	3.5	4693	0.23		
7541	สินเชื่อ	108	3.5	2853	0.10		
7542	ชี้นำ	108	3.5	6315	0.38		
7543	กลั่นแกล้ง	108	3.5	7554	0.53		
7544	ระบอบ	108	3.5	1366	0.04		
7545	การ์ดเนอร์	107	3.5	21008	6.40		
7546	เซี่ยน	107	3.5	16258	2.95		
7547	เบต	107	3.5	13930	1.95		
7548	นานแสนนาน	107	3.5	7998	0.58		
7549	ลิช	107	3.5	18776	4.43		
7550	นกกระจอก	107	3.5	12415	1.48		
7551	แจ็ก	107	3.5	13829	1.92		
7552	เยลลี่	107	3.5	14517	2.22		
7553	ทวิต	107	3.5	11311	1.20		
7554	ตาขาว	107	3.5	12901	1.62		
7555	แท็ก	107	3.5	14066	2.02		
7556	ผู้แพ้	107	3.5	8870	0.72		
7557	ข้าน้อย	107	3.5	14321	2.13		
7558	ชาวต่างชาติ	107	3.5	3873	0.16		
7559	วิตถาร	107	3.5	16805	3.29		
7560	พระคุณ	107	3.5	5655	0.31		
7561	ขนสัตว์	107	3.5	11558	1.25		
7562	ตรรกะ	107	3.5	6853	0.43		
7563	บัก	107	3.5	9694	0.86		
7564	ฝี	107	3.5	6443	0.39		
7565	รู้ทัน	107	3.5	5835	0.33		
7566	แชท	107	3.5	15826	2.74		
7567	กลุ้มใจ	107	3.5	6757	0.42		
7568	ปลิว	107	3.5	4673	0.22		
7569	กระโจน	107	3.5	6864	0.43		
7570	จ้างงาน	107	3.5	3456	0.14		
7571	อุปการะ	107	3.5	4891	0.24		
7572	สร้างภาพ	107	3.5		speech-only	offensive	
7573	อ๊าา	106	3.4	19695	5.19		
7574	สุขสันต์วันคริสต์มาส	106	3.4		speech-only	colloquial	
7575	ยี้	106	3.4	8181	0.60		
7576	จอนห์	106	3.4	38552	speech-only		
7577	โดโรธี	106	3.4	29452	22.82		
7578	บาร์น	106	3.4	20973	6.34		
7579	อารี	106	3.4	6317	0.37		
7580	เกส	106	3.4	9600	0.84		
7581	อีตา	106	3.4	2094	0.06		
7582	เซา	106	3.4	10064	0.92		
7583	เทศมนตรี	106	3.4	19392	4.96		
7584	น้ำดื่ม	106	3.4	5213	0.27		
7585	เรย	106	3.4	28145	19.02		
7586	เบิร์ต	106	3.4	17190	3.46		
7587	ฮิปปี้	106	3.4	19656	5.19		
7588	แกม	106	3.4	2495	0.08		
7589	สันดาน	106	3.4	7501	0.51	offensive	
7590	แซนด์	106	3.4	19480	4.96		
7591	ยูวี	106	3.4	11302	1.18		
7592	ทิง	106	3.4	10919	1.10		
7593	ไม้กางเขน	106	3.4	13431	1.78		
7594	เลต	106	3.4	8493	0.65		
7595	ทรัพย์สมบัติ	106	3.4	6407	0.38		
7596	ประทับตรา	106	3.4	8797	0.70		
7597	แดนซ์	106	3.4	12153	1.39		
7598	ตื่นนอน	106	3.4	8237	0.61		
7599	ชาต	106	3.4	9539	0.83		
7600	กระทิง	106	3.4	6095	0.35		
7601	นักวิจัย	106	3.4	1970	0.06		
7602	นิต	106	3.4	6892	0.43		
7603	ผู้ประสานงาน	106	3.4	9032	0.74		
7604	บาก	106	3.4	10344	0.98		
7605	ญา	106	3.4	2314	0.08		
7606	คลอง	106	3.4	1614	0.05		
7607	เข้าเฝ้า	106	3.4	4924	0.24		
7608	มอด	106	3.4	8766	0.70		
7609	บรร	106	3.4	8283	0.62		
7610	หน้าร้าน	106	3.4	4747	0.23		
7611	ไหร่	106	3.4	21840	7.13		
7612	ซ่อนเร้น	106	3.4	5334	0.28		
7613	กระทำการ	106	3.4	2000	0.06		
7614	ยึดถือ	106	3.4	3103	0.11		
7615	คัตเตอร์	105	3.4	19589	5.14		
7616	ฟิลิป	105	3.4	9844	0.88		
7617	แฮร์ริสัน	105	3.4	17287	3.43		
7618	ไคล	105	3.4	8789	0.69		
7619	เชด	105	3.4	34152	speech-only		
7620	พอต	105	3.4	22684	8.07		
7621	เลซ	105	3.4	7431	0.49		
7622	ทิก	105	3.4	15408	2.51		
7623	ฮุย	105	3.4	8926	0.71		
7624	ครวญคราง	105	3.4	10677	1.03		
7625	คาราเต้	105	3.4	11743	1.27		
7626	โมเต็ล	105	3.4	27789	16.15		
7627	เจ้นท์	105	3.4	35006	speech-only		
7628	กุ๊ย	105	3.4	15327	2.46	colloquial	
7629	อัต	105	3.4	3869	0.16		
7630	สูงศักดิ์	105	3.4	10274	0.95		
7631	ห่างเหิน	105	3.4	7323	0.48		
7632	วัส	105	3.4	5274	0.27		
7633	การันตี	105	3.4	9565	0.82		
7634	กล้วยไม้	105	3.4	6201	0.36		
7635	บุญธรรม	105	3.4	10528	0.99		
7636	โชก	105	3.4	8784	0.69		
7637	วอร์ม	105	3.4	14535	2.17		
7638	ยั่งยืน	105	3.4	2366	0.08		
7639	เล่ห์เหลี่ยม	105	3.4	11633	1.26		
7640	แวบ	105	3.4	3816	0.16		
7641	พาเหรด	105	3.4	11699	1.27		
7642	เกีย	105	3.4	7546	0.51		
7643	ชี้แนะ	105	3.4	7450	0.50		
7644	เอาชื่อ	105	3.4	12434	1.47		
7645	ลวก	105	3.4	5604	0.30		
7646	เหน	105	3.4	13713	1.85	slang	
7647	ฮิวจ์	104	3.4	25404	12.44		
7648	แอ็ค	104	3.4	9904	0.87		
7649	ทริช	104	3.4	36398	speech-only		
7650	เจฟฟรีย์	104	3.4	24400	10.18		
7651	เตน	104	3.4	16394	2.95		
7652	ค่อยเป็นค่อยไป	104	3.4	7765	0.54		
7653	แลงค์	104	3.4	34283	speech-only		
7654	ไฟแดง	104	3.4	9358	0.78	slang	y
7655	บรอน	104	3.4	25711	12.44		
7656	โกรฟ	104	3.4	20592	5.89		
7657	ปลาโลมา	104	3.4	18578	4.15		
7658	เพื่อนเจ้าบ่าว	104	3.4	19804	5.09		
7659	โจว	104	3.4	5492	0.29		
7660	ประกบ	104	3.4	5638	0.30		
7661	ปิงปอง	104	3.4	14660	2.20		
7662	เส้นด้าย	104	3.4	13299	1.70		
7663	เอเซีย	104	3.4	7051	0.44		
7664	กระทะ	104	3.4	5021	0.24		y
7665	แต๋ว	104	3.4	6846	0.42	colloquial	
7666	โอ้อวด	104	3.4	8700	0.67		
7667	ถี่ถ้วน	104	3.4	6498	0.38		
7668	บัญญัติ	104	3.4	949	0.02		
7669	มอม	104	3.4	14418	2.11		
7670	ถึ	104	3.4	14041	1.96		
7671	เปลี่ยนตัว	104	3.4	8832	0.69		
7672	พักพิง	104	3.4	7488	0.50		
7673	หวั่น	104	3.4	4300	0.19		
7674	จดจ่อ	104	3.4	6971	0.43		
7675	แผนงาน	104	3.4	4007	0.17		
7676	อ๊าาา	103	3.3	13313	1.68		
7677	ราล์ฟ	103	3.3	15292	2.41		
7678	คลาร์ค	103	3.3	19929	5.28		
7679	ลูซ	103	3.3	21492	6.52		
7680	ล็อตต์	103	3.3	23013	8.53		
7681	เลียม	103	3.3	16572	3.00		
7682	คีน	103	3.3	12828	1.54		
7683	แจค	103	3.3	34175	speech-only		
7684	เพ็ก	103	3.3	19267	4.62		
7685	รูท	103	3.3	34319	speech-only		
7686	กองพัน	103	3.3	11476	1.19		
7687	สค	103	3.3	8396	0.62		
7688	สกอร์	103	3.3	8617	0.65		
7689	คูล	103	3.3	14328	2.05		
7690	สันตะปาปา	103	3.3	13283	1.68		
7691	เบาหวาน	103	3.3	4150	0.18		
7692	ภูมิแพ้	103	3.3	7129	0.45		
7693	เมง	103	3.3	10917	1.07		
7694	ค่าเทอม	103	3.3		speech-only	slang	
7695	โยกย้าย	103	3.3	4206	0.18		
7696	ตลาดหุ้น	103	3.3		speech-only	colloquial	
7697	บทสรุป	103	3.3	5566	0.29		
7698	ขูด	103	3.3	6221	0.35		
7699	สหพันธ์	103	3.3	5704	0.30		
7700	วิวาท	103	3.3	5997	0.33		
7701	ข่มเหง	103	3.3	6743	0.40		
7702	อดใจ	103	3.3	7928	0.55		
7703	ผื่น	103	3.3	5755	0.31		
7704	เหยียดหยาม	103	3.3	6916	0.42		
7705	หรับ	103	3.3	14290	2.02		
7706	เนคไท	103	3.3	10234	0.92		y
7707	หมือ	103	3.3	18216	3.96		
7708	รูปทรง	103	3.3	2522	0.08		y
7709	โอ๊ว	102	3.3	34633	speech-only		
7710	ลูค	102	3.3	29266	21.96		
7711	เจฟเฟอร์สัน	102	3.3	13318	1.66		
7712	บ้าย	102	3.3	18127	3.79		
7713	รอธ	102	3.3	39694	speech-only		
7714	ติมอร์	102	3.3	10072	0.89		
7715	ทับทิม	102	3.3	4721	0.22		
7716	เจีย	102	3.3	6714	0.40		
7717	รอท	102	3.3	28003	18.30		
7718	ไจ	102	3.3	11833	1.26		
7719	นารี	102	3.3	4837	0.22		
7720	เยรูซาเล็ม	102	3.3	23542	9.15		
7721	ซัท	102	3.3	20710	5.78		
7722	อิตาเลียน	102	3.3	5415	0.28		
7723	ราศี	102	3.3	2076	0.06		
7724	สไป	102	3.3	18240	3.92		
7725	ประสาทหลอน	102	3.3	14724	2.20		
7726	ประกันชีวิต	102	3.3	9692	0.82		
7727	งาย	102	3.3	9080	0.72		
7728	โคว	102	3.3	8725	0.66		
7729	นาโน	102	3.3	9878	0.86		
7730	มะพร้าว	102	3.3	3507	0.13		
7731	ตกทอด	102	3.3	5792	0.31		
7732	อภัยโทษ	102	3.3	10067	0.89		
7733	ปั้ม	102	3.3	19300	4.58		
7734	สายน้ำ	102	3.3	4902	0.23		
7735	หยาม	102	3.3	9396	0.77		
7736	ดวย	102	3.3	19694	4.99		
7737	อุดมการณ์	102	3.3	2047	0.06		
7738	ปฏิชีวนะ	102	3.3	9716	0.83		
7739	เหมาะเจาะ	102	3.3	10020	0.88		
7740	ทำคลอด	102	3.3	10827	1.04		
7741	ลูกบุญธรรม	102	3.3	14751	2.20		
7742	ความโง่	102	3.3	9903	0.86		
7743	คล้อง	102	3.3	5253	0.26		
7744	คะแนนเสียง	102	3.3	3475	0.13		
7745	ดูงาน	102	3.3	4043	0.17		
7746	สตอร์ม	101	3.3	24524	9.88		
7747	ใช่เปล่า	101	3.3		speech-only	colloquial	
7748	ตาสว่าง	101	3.3		speech-only	slang	
7749	สะอิดสะเอียน	101	3.3	17234	3.29		
7750	รอยส์	101	3.3	24568	10.87		
7751	ชีค	101	3.3	16820	3.11		
7752	จับใจ	101	3.3	5079	0.24		
7753	คาทอลิก	101	3.3	9566	0.79		
7754	นิง	101	3.3	14149	1.94		
7755	พระนาง	101	3.3	2588	0.08		
7756	นึ	101	3.3	28170	18.12		
7757	จับเวลา	101	3.3	9788	0.83		
7758	กระบอง	101	3.3	11995	1.29		
7759	ซบ	101	3.3	6171	0.34		
7760	ไซล์	101	3.3	25036	10.87		
7761	ลงพื้น	101	3.3	8690	0.65		
7762	ตัวถ่วง	101	3.3		speech-only	offensive	
7763	พาลา	101	3.3	13947	1.87		
7764	เริม	101	3.3	9672	0.81		
7765	ชิ้นเอก	101	3.3	12053	1.31		
7766	ปฏิกรณ์	101	3.3	17483	3.40		
7767	ซ้ำซาก	101	3.3	5852	0.31		
7768	บุคลิกภาพ	101	3.3	2931	0.10		
7769	ไห	101	3.3	5945	0.32		
7770	เสียดสี	101	3.3	6264	0.35		
7771	บดขยี้	101	3.3	14678	2.13		
7772	เกล็ด	101	3.3	6632	0.39		
7773	สัญชาติ	101	3.3	4892	0.23		
7774	สูญสิ้น	101	3.3	9078	0.71		
7775	สอดส่อง	101	3.3	6762	0.40		
7776	หนักใจ	101	3.3	5400	0.27		
7777	เฮ่ย	100	3.2	19163	4.49		
7778	ฮาโรลด์	100	3.2	29796	21.53		
7779	ไฟว์	100	3.2	14036	1.89		
7780	เกียวโต	100	3.2	10993	1.05		
7781	ภา	100	3.2	2643	0.09		
7782	เดี๋ยวเดียว	100	3.2	11156	1.09		
7783	แมซ	100	3.2	35322	speech-only		
7784	นั่ม	100	3.2	16193	2.69		
7785	วัต	100	3.2	5867	0.31		
7786	เหยือก	100	3.2	13903	1.82		
7787	ได่	100	3.2	14589	2.07		
7788	สัตวแพทย์	100	3.2	7992	0.54		
7789	แว้บ	100	3.2	15667	2.50		
7790	อางค์	100	3.2	16832	3.08		
7791	อสุรกาย	100	3.2	14175	1.92		
7792	หวาด	100	3.2	6995	0.42		
7793	ปฐมพยาบาล	100	3.2	8580	0.63		
7794	สยบ	100	3.2	8280	0.58		
7795	ฝึกสอน	100	3.2	10190	0.89		
7796	สะเทือนใจ	100	3.2	5635	0.29		
7797	ลบหลู่	100	3.2	10413	0.93		
7798	ตือ	100	3.2	12010	1.28	offensive	
7799	เป็นกลาง	100	3.2	3069	0.11		y
7800	เจ้ง	100	3.2	18960	4.31		
7801	จูลส์	99	3.2	35114	speech-only		
7802	อดัมส์	99	3.2	16738	2.96		
7803	จิลล์	99	3.2	22893	8.20		
7804	รอยัล	99	3.2	8577	0.62		
7805	พิ้ง	99	3.2	22386	7.10		
7806	ออร์ลีนส์	99	3.2	18189	3.81		
7807	สนง	99	3.2		speech-only	colloquial	
7808	วานร	99	3.2	8521	0.61		
7809	โซมาเลีย	99	3.2	12620	1.42		
7810	หมูป่า	99	3.2	9419	0.75		
7811	อีสเตอร์	99	3.2	24663	10.66		
7812	ข้อแม้	99	3.2	10660	0.97		
7813	รัท	99	3.2	16561	2.88		
7814	โดนใจ	99	3.2		speech-only	slang	
7815	แย	99	3.2	14615	2.09		
7816	หน่วยความจำ	99	3.2	11821	1.22		
7817	อินทรีย์	99	3.2	5157	0.24		
7818	ไอคิว	99	3.2	9512	0.77		
7819	สื่อมวลชน	99	3.2	1611	0.04	colloquial	
7820	ใจดำ	99	3.2	8983	0.68		
7821	สมมุติฐาน	99	3.2	6792	0.39		
7822	ฉัย	99	3.2	18422	3.95		
7823	ลุ้น	99	3.2	4258	0.18		
7824	ปริปาก	99	3.2	9953	0.85		
7825	กลบเกลื่อน	99	3.2	7294	0.45		
7826	ชวย	99	3.2	18732	4.10		
7827	เจอะ	99	3.2	8751	0.65		
7828	โบลท์	98	3.2	38159	speech-only		
7829	เคจ	98	3.2	34022	speech-only		
7830	โอเวน	98	3.2	23679	8.79		
7831	ช่างหัวมัน	98	3.2		speech-only	offensive	
7832	ลอสแองเจลิส	98	3.2	13048	1.53		
7833	วลา	98	3.2	14130	1.88		
7834	เซียร์	98	3.2	19277	4.40		
7835	ควอนตัม	98	3.2	18500	3.91		
7836	เพีย	98	3.2	13235	1.57		
7837	เสมียน	98	3.2	9751	0.80		
7838	บล๊อค	98	3.2	23098	8.12		
7839	ปรับแต่ง	98	3.2	10793	0.99		
7840	ราส	98	3.2	22687	7.54		
7841	ขากลับ	98	3.2	7172	0.43		
7842	ห้องปฏิบัติการ	98	3.2	6939	0.40		y
7843	เพลา	98	3.2	5906	0.31		
7844	ขี้เถ้า	98	3.2	11223	1.08		
7845	สุรา	98	3.2	3306	0.12		
7846	หัวรุนแรง	98	3.2	9053	0.69		
7847	เครื่องเทศ	98	3.2	6950	0.41		
7848	กายภาพบำบัด	98	3.2	10001	0.84		
7849	เทียบเท่า	98	3.2	3354	0.12		
7850	เทศบาล	98	3.2	2505	0.08		
7851	หยั่งรู้	98	3.2	9898	0.82		
7852	ลูกเลี้ยง	98	3.2	10683	0.96	colloquial	
7853	สวัสดิการ	98	3.2	2080	0.06		
7854	เปิดอก	98	3.2	8286	0.57		
7855	ลูกเต๋า	98	3.2	14391	1.95		
7856	พร้อมหน้า	98	3.2	9208	0.71		
7857	ดังที่	98	3.2	1317	0.03		
7858	ทิวทัศน์	98	3.2	5350	0.26		
7859	สมรภูมิ	98	3.2	8254	0.57		
7860	บดบัง	98	3.2	6926	0.40		
7861	อย่างไรก็ดี	97	3.1	2371	0.07		
7862	จุ๊บๆ	97	3.1		speech-only	slang	
7863	เฮ็น	97	3.1	19808	4.75		
7864	กุมภาพันธ์	97	3.1	2081	0.06		y
7865	ฮึดฮัด	97	3.1	11237	1.07		
7866	บ่	97	3.1	2719	0.09		
7867	ซูน	97	3.1	19317	4.35		
7868	ฟิลาเดลเฟีย	97	3.1	14709	2.05		
7869	เขยิบ	97	3.1	9118	0.69		
7870	ดับลิน	97	3.1	23144	8.03		
7871	ชักช้า	97	3.1	6284	0.34		
7872	ชอค	97	3.1	38215	speech-only		
7873	หึ่ง	97	3.1	12604	1.39		
7874	ทอย	97	3.1	16173	2.61		
7875	วิป	97	3.1	6477	0.36		
7876	โกโก้	97	3.1	9839	0.81		
7877	ดาราศาสตร์	97	3.1	8313	0.57		y
7878	ชั่วช้า	97	3.1	13830	1.74		
7879	คึก	97	3.1	8866	0.65		
7880	ดี๋	97	3.1	25139	10.44		
7881	สเต๊ก	97	3.1	18392	3.87		
7882	จักรวรรดิ	97	3.1	6626	0.37		
7883	ฟก	97	3.1	11192	1.05		
7884	เครื่องวัด	97	3.1	9343	0.73		
7885	เปญ	97	3.1	9555	0.76		
7886	รำ	97	3.1	2448	0.07		
7887	กึ๋น	97	3.1	15459	2.32		
7888	ลำแสง	97	3.1	11044	1.02		
7889	แล็ค	97	3.1	16835	2.98		
7890	อดอยาก	97	3.1	7954	0.52		
7891	ดุเดือด	97	3.1	7619	0.48		
7892	เกลียว	97	3.1	5193	0.24		
7893	เอางาน	97	3.1	8892	0.65		
7894	มอย	96	3.1	20106	4.92		
7895	ก้อด	96	3.1	29142	17.22		
7896	แอคชั่น	96	3.1	27446	14.76		
7897	เพลท	96	3.1	24459	9.39		
7898	บาร์บ	96	3.1	31124	speech-only		
7899	วิกเตอร์	96	3.1	21023	5.74		
7900	แซด	96	3.1	16831	2.95		
7901	คอง	96	3.1	10123	0.84		
7902	บาร์เลย์	96	3.1	22481	7.38		
7903	แมม	96	3.1	17251	3.13		
7904	โป๊ป	96	3.1	13115	1.52	colloquial	
7905	รช	96	3.1	18545	3.83		
7906	ฮีท	96	3.1	17018	3.04		
7907	ทอร์นาโด	96	3.1	22394	6.89		
7908	ลินส์	96	3.1	32861	speech-only		
7909	นอง	96	3.1	6141	0.32		
7910	กำเดา	96	3.1	13245	1.54		
7911	หลี	96	3.1	4151	0.16		
7912	หนี่ง	96	3.1	14786	2.07		
7913	อุบาทว์	96	3.1	10030	0.83	offensive	
7914	สนามแม่เหล็ก	96	3.1	10915	0.99		y
7915	ตัณหา	96	3.1	4475	0.19		
7916	อุดม	96	3.1	3245	0.11		
7917	ถอนพิษ	96	3.1	15474	2.30		
7918	ยาสูบ	96	3.1	4875	0.22		
7919	ด้น	96	3.1	9015	0.66		
7920	ชิว	96	3.1	5912	0.30	slang	
7921	รุ่งเช้า	96	3.1	7409	0.45		
7922	กว้างขวาง	96	3.1	1636	0.04		
7923	เกรียม	96	3.1	9697	0.78		
7924	หน้าท้อง	96	3.1	4966	0.22		
7925	แร้ง	96	3.1	7835	0.50		
7926	หน้ากล้อง	96	3.1	15091	2.15		
7927	ขย้ำ	96	3.1	16017	2.52		
7928	ถ่ายโอน	96	3.1	6415	0.35		
7929	ไถ	96	3.1	5299	0.25	slang	
7930	ตาง	96	3.1	11771	1.17		
7931	เผน	96	3.1	37401	speech-only		
7932	ไวลด์	95	3.1	18797	3.93		
7933	อาร์โนลด์	95	3.1	15927	2.43		
7934	เอ่	95	3.1	25683	11.36		
7935	นีโอ	95	3.1	7570	0.46		
7936	ฮุง	95	3.1	27811	14.61		
7937	มก	95	3.1	6862	0.38		
7938	ปากีสถาน	95	3.1	5118	0.23		
7939	เปา	95	3.1	6342	0.34	slang	
7940	เซะ	95	3.1	15862	2.43		
7941	สติ้ง	95	3.1	23965	9.30		
7942	ปุ	95	3.1	5724	0.28		
7943	เชร	95	3.1	38585	speech-only		
7944	พอร์ตแลนด์	95	3.1	22272	6.82		
7945	สองต่อสอง	95	3.1	9155	0.68		
7946	ที่มั่น	95	3.1	8448	0.57		
7947	โอล	95	3.1	19748	4.65		
7948	ไทด์	95	3.1	8310	0.56		
7949	กิ้งก่า	95	3.1	9003	0.66		
7950	โฟน	95	3.1	6180	0.32		
7951	ธุลี	95	3.1	8554	0.59		
7952	ฉี	95	3.1	11211	1.03		
7953	มัสตาร์ด	95	3.1	15541	2.32		
7954	ยอร์ช	95	3.1	13911	1.73		
7955	ฉับพลัน	95	3.1	4668	0.20		
7956	มัดจำ	95	3.1	8693	0.61		
7957	เตก	95	3.1	30382	20.45		
7958	ล้างโลก	95	3.1	20196	5.11		
7959	ขีดข่วน	95	3.1	14503	1.93		
7960	ทั้งมวล	95	3.1	5956	0.30		
7961	ปลอกกระสุน	95	3.1	18067	3.53		
7962	หมั่น	95	3.1	4455	0.18		
7963	กลางเมือง	95	3.1	8005	0.52		
7964	ยุทธ	95	3.1	3209	0.11		
7965	ดุจ	95	3.1	4554	0.19		
7966	กีดกัน	95	3.1	3897	0.15		
7967	ฉุน	95	3.1	6331	0.34		
7968	อณุ	95	3.1	22859	7.87		
7969	ทำมาหากิน	95	3.1	3706	0.13		
7970	วีดิโอ	95	3.1	14666	2.01		
7971	ชาร์ลอตต์	94	3.0	22074	6.75		
7972	ฉุบ	94	3.0	20786	5.33		
7973	เซียง	94	3.0	7239	0.42		
7974	แมร์	94	3.0	11029	0.99		
7975	เคนเนดี้	94	3.0	12962	1.45		
7976	ซีซาร์	94	3.0	14125	1.81		
7977	หุบ	94	3.0	7204	0.42		
7978	ลอท	94	3.0	23229	7.78		
7979	เปีย	94	3.0	6431	0.34		
7980	เบก	94	3.0	11776	1.15		
7981	ระบบสุริยะ	94	3.0	8477	0.57		y
7982	โอหัง	94	3.0	15198	2.15		
7983	สม่ำเสมอ	94	3.0	2199	0.06		
7984	เยือกเย็น	94	3.0	5538	0.26		
7985	ทัศนศึกษา	94	3.0	10862	0.95		
7986	เปิดฉาก	94	3.0	7489	0.45		
7987	ทรี่	94	3.0	22100	6.75		
7988	ชักว่าว	94	3.0		speech-only	offensive	
7989	ฟลอร์	94	3.0	10346	0.86		
7990	เวิร	94	3.0	33768	speech-only		
7991	ปอดแหก	94	3.0	17608	3.26		
7992	ชาร์ท	94	3.0	21003	5.62		
7993	พิมพ์เขียว	94	3.0	19524	4.40		
7994	หื่น	94	3.0	8339	0.56	offensive	
7995	สมทบ	94	3.0	3281	0.11		
7996	นักเล่น	94	3.0	11380	1.07		
7997	เส้นตาย	94	3.0	16008	2.47		
7998	แมงดา	94	3.0	11301	1.04		
7999	บังเกิด	94	3.0	3998	0.15		
8000	ด้วน	94	3.0	9369	0.71		
8001	เนื้อที่	94	3.0	3178	0.11		
8002	ไตรมาส	94	3.0	3607	0.13		
8003	แชนด์	93	3.0	31965	speech-only		
8004	ชอ	93	3.0	17861	3.34		
8005	ซูลู	93	3.0	13896	1.70		
8006	เอเยนต์	93	3.0	17426	3.13		
8007	สปาร์ตา	93	3.0	31645	speech-only		
8008	เลม	93	3.0	23920	8.34		
8009	โอลด์	93	3.0	13404	1.54		
8010	ฟีนิกซ์	93	3.0	16655	2.71		
8011	เซอร์วิส	93	3.0	11413	1.05		
8012	ไอโอ	93	3.0		speech-only	slang	
8013	เดธ	93	3.0	20213	5.01		
8014	ดัทช์	93	3.0	18974	4.00		
8015	ดรีม	93	3.0	8637	0.59		
8016	นค	93	3.0	7270	0.42		
8017	เจ้าบ้าน	93	3.0	7447	0.44		
8018	ชอป	93	3.0	17909	3.34		
8019	เคว	93	3.0	36402	speech-only		
8020	บดี	93	3.0	3774	0.14		
8021	เจ๋อ	93	3.0	7093	0.40		
8022	พัศดี	93	3.0	18431	3.71		
8023	ปรสิต	93	3.0	14854	2.00	slang	y
8024	ลว	93	3.0	14220	1.79		
8025	ไวกิ้ง	93	3.0	18210	3.58		
8026	พลาส	93	3.0	17044	2.94		
8027	คณิต	93	3.0	9866	0.78		
8028	อท	93	3.0	30511	20.02		
8029	มือโปร	93	3.0	18906	4.00		
8030	ปลิด	93	3.0	7470	0.44		
8031	ล่อน	93	3.0	12020	1.19		
8032	มาตี	93	3.0	8412	0.56		
8033	คุญ	93	3.0	17511	3.13		
8034	หลับใน	93	3.0	11245	1.02		
8035	ตัวนาง	93	3.0	8854	0.62		
8036	ดึกดื่น	93	3.0	9116	0.66		
8037	อุ้ง	93	3.0	7126	0.40		
8038	ให่	93	3.0	14641	1.96		
8039	ทำแท้ง	93	3.0	5416	0.25		
8040	กู้เงิน	93	3.0	4266	0.17		
8041	ข้อต่อ	93	3.0	7873	0.49		y
8042	ไลเคน	92	3.0	25316	11.00		
8043	เทด	92	3.0	8157	0.52		
8044	ยด	92	3.0	21897	6.19		
8045	เบ๊	92	3.0	10050	0.80	offensive	
8046	ครูว์	92	3.0	37976	speech-only		
8047	แรท	92	3.0	31428	speech-only		
8048	สเตท	92	3.0	15079	2.06		
8049	เวียนนา	92	3.0	7279	0.42		
8050	อ็อค	92	3.0	29737	19.81		
8051	ฟลอริดา	92	3.0	12603	1.32		
8052	อว์	92	3.0	23493	8.25		
8053	เออร์วิง	92	3.0	25746	11.00		
8054	ชมัด	92	3.0	34658	speech-only		
8055	วิทย์	92	3.0	3210	0.10		
8056	สติค	92	3.0	21913	6.19		
8057	ขี้เหนียว	92	3.0	13428	1.55	offensive	
8058	บำนาญ	92	3.0	4908	0.21		
8059	กระแสน้ำ	92	3.0	6674	0.36		
8060	ดก	92	3.0	5925	0.29		
8061	สต็อค	92	3.0	15005	2.06		
8062	เหตุร้าย	92	3.0	7774	0.47		
8063	เป๋ง	92	3.0	12126	1.21		
8064	โมฆะ	92	3.0	2449	0.07		
8065	น้อม	92	3.0	5509	0.26		
8066	หน้าด้าน	92	3.0	9808	0.76	offensive	
8067	จำนำ	92	3.0	4077	0.15		
8068	เหลี่ยม	92	3.0	4211	0.16		
8069	เชือ	92	3.0	26796	12.38		
8070	ย่อยยับ	92	3.0	10874	0.94		
8071	คร่า	92	3.0	8563	0.57		
8072	บังคับบัญชา	92	3.0	3551	0.12		
8073	เข้าใส่	92	3.0	7073	0.39		
8074	ถือกำเนิด	92	3.0	5726	0.27		
8075	เล่ห์	92	3.0	8902	0.62		
8076	น่วม	92	3.0	16749	2.75		
8077	อินเตอร์เนต	92	3.0	17138	2.91		
8078	ใบรับรอง	92	3.0	5471	0.25		
8079	ภาพรวม	92	3.0	3118	0.10		
8080	ครัง	92	3.0	28712	16.51		
8081	ผัง	92	3.0	6903	0.38		
8082	ขะ	91	3.0	4399	0.17		
8083	รามส์	91	3.0	27900	13.99		
8084	เอ๊ด	91	3.0	23753	8.16		
8085	ฉิง	91	3.0	23019	7.54	slang	
8086	แคช	91	3.0	16205	2.45		
8087	บิ้น	91	3.0	22512	7.00		
8088	บ็อต	91	3.0	25503	10.88		
8089	ติ๊ง	91	3.0	16230	2.51		
8090	ทวิ	91	3.0	4690	0.19		
8091	บีม	91	3.0	2843	0.09		
8092	แปซิฟิก	91	3.0	4979	0.21		
8093	จ้อย	91	3.0	9401	0.69		
8094	อเมริกาใต้	91	3.0	8562	0.57		
8095	ควิ	91	3.0	13972	1.69		
8096	ทองแดง	91	3.0	6256	0.31	slang	
8097	สเปซ	91	3.0	13146	1.44		
8098	ภ	91	3.0	14039	1.72		
8099	คาดหมาย	91	3.0	4948	0.21		
8100	แพร	91	3.0	3711	0.13		
8101	บู๊	91	3.0	7368	0.42		
8102	ไขว้	91	3.0	7566	0.45		
8103	ลองดี	91	3.0	16158	2.45		
8104	จรรยาบรรณ	91	3.0	4327	0.17		
8105	เมม	91	3.0	17221	2.97	slang	
8106	อยู่หมัด	91	3.0	16790	2.72		
8107	ผลึก	91	3.0	9969	0.78		
8108	บีบบังคับ	91	3.0	7353	0.42		
8109	กระจัดกระจาย	91	3.0	14353	1.81		
8110	กล่าวโทษ	91	3.0	5453	0.25		
8111	อืน	91	3.0	20276	4.90		
8112	ประเมินผล	91	3.0	2015	0.05		
8113	ศาตร์	91	3.0	11055	0.96		
8114	กิโลกรัม	90	2.9	3849	0.14	slang	y
8115	ออนซ์	90	2.9	9817	0.75		
8116	วูลฟ์	90	2.9	16542	2.62		
8117	เบิ้ม	90	2.9	6806	0.36		
8118	เฉิง	90	2.9	15013	2.02		
8119	คลอส	90	2.9	32085	speech-only		
8120	ตั๊กแตน	90	2.9	10640	0.87		
8121	เซียส	90	2.9	14071	1.70		
8122	อูล	90	2.9	16432	2.55		
8123	ผู้วิเศษ	90	2.9	18757	3.73		
8124	คาร์บอนไดออกไซด์	90	2.9	8161	0.51		y
8125	ปลอดโปร่ง	90	2.9	7507	0.43		
8126	จี๋	90	2.9	9373	0.68		
8127	ต่ำช้า	90	2.9	14889	1.98		
8128	ฉับ	90	2.9	7929	0.48		
8129	คลัส	90	2.9	22200	6.46		
8130	สแต	90	2.9	16668	2.69		
8131	แซลมอน	90	2.9	13484	1.51		
8132	ผก	90	2.9	16674	2.69		
8133	ชาร์ด	90	2.9	23345	7.45		
8134	เอาจริงเอาจัง	90	2.9	6499	0.33		
8135	วงแหวน	90	2.9	8087	0.50		
8136	หมดจด	90	2.9	8341	0.54		
8137	ปลี่	90	2.9	28663	16.15		
8138	ควาน	90	2.9	6035	0.29		
8139	คล้ายคลึง	90	2.9	2687	0.08		
8140	ยักยอก	90	2.9	10606	0.87		
8141	อาร	90	2.9	10952	0.93		
8142	จรา	90	2.9	16709	2.69		
8143	พ่อตา	90	2.9	9871	0.76		y
8144	ควม	90	2.9	11702	1.09		
8145	หัวไหล่	90	2.9	10254	0.81		
8146	ชุบชีวิต	90	2.9	14915	1.98		
8147	เช้าตรู่	90	2.9	7112	0.39		
8148	ปรับความ	90	2.9	8682	0.58		
8149	เท่าใด	90	2.9	2096	0.06		
8150	ทั่ง	90	2.9	8334	0.53		
8151	เพ้นท์	90	2.9	14785	1.94		
8152	อุทธรณ์	90	2.9	2726	0.08	slang	
8153	บาดหมาง	90	2.9	9926	0.76		
8154	ลำธาร	90	2.9	5562	0.25		
8155	กราม	90	2.9	8326	0.53		
8156	วอร์เรน	89	2.9	22670	6.84		
8157	เบอร์ตัน	89	2.9	22675	6.84		
8158	ฟรานซิสโก	89	2.9	24423	8.71		
8159	เงะ	89	2.9	11224	0.98		
8160	ยิป	89	2.9	23462	7.98		
8161	มาม	89	2.9	19221	3.99		
8162	ลินท์	89	2.9	23521	7.98		
8163	ฟ็อก	89	2.9	34518	speech-only		
8164	อุง	89	2.9	24518	8.71		
8165	อัป	89	2.9	10829	0.90		
8166	เงินทอน	89	2.9	19428	4.17	slang	y
8167	สลิง	89	2.9	18969	3.83		
8168	เสียเถอะ	89	2.9	13891	1.62		
8169	เดี้ยน	89	2.9	22037	6.39		
8170	โบน	89	2.9	18724	3.68		
8171	งมงาย	89	2.9	6896	0.36		
8172	ด้ง	89	2.9	12618	1.28		
8173	ข้อศอก	89	2.9	9292	0.66		y
8174	เม็ต	89	2.9	38827	speech-only		
8175	มาเล	89	2.9	12864	1.35		
8176	หัวดื้อ	89	2.9	17099	2.82		
8177	เปิล	89	2.9	13140	1.41		
8178	ควอ	89	2.9	11579	1.05		
8179	ตกดิน	89	2.9	9308	0.66		
8180	หลักแหลม	89	2.9	13652	1.55		
8181	เคเบิล	89	2.9	8873	0.60		
8182	วลี	89	2.9	5454	0.24		
8183	ต่ำสุด	89	2.9	3836	0.13		
8184	ถั่วเหลือง	89	2.9	6416	0.32		
8185	ลาวา	89	2.9	14403	1.77		y
8186	อธิ	89	2.9	8818	0.59		
8187	เย้า	89	2.9	6155	0.30		
8188	แนบเนียน	89	2.9	6823	0.36		
8189	เซ็นเซอร์	89	2.9	9451	0.68		
8190	พรุน	89	2.9	7979	0.48		
8191	เสถียร	89	2.9	6175	0.30		
8192	เก่งกาจ	89	2.9	8601	0.56		
8193	รังควาน	89	2.9	13369	1.47		
8194	กาน	89	2.9	9665	0.71		
8195	ฮอกกี้	89	2.9	19946	4.56		
8196	กระชับ	89	2.9	3562	0.12		
8197	เพรา	89	2.9	5995	0.29		
8198	นอกลู่นอกทาง	89	2.9	11896	1.11		
8199	ผลสำเร็จ	89	2.9	3781	0.13		
8200	เค็ก	89	2.9	30440	19.16		
8201	โข	89	2.9	7194	0.39		
8202	เครือง	89	2.9	21743	5.99		
8203	แข้ง	89	2.9	5224	0.22	colloquial	
8204	อีเดน	88	2.9	23594	7.89		
8205	ซ่าส์	88	2.9	12831	1.32		
8206	มู่	88	2.9	18016	3.27		
8207	เมี่ยน	88	2.9	5693	0.26		
8208	ทว่า	88	2.9	2348	0.06		
8209	ชายา	88	2.9	4918	0.20		
8210	เอบ	88	2.9	10651	0.85		
8211	คาร์โล	88	2.9	10864	0.89		
8212	อิท	88	2.9	14908	1.93		
8213	ราซ	88	2.9	18505	3.51		
8214	ตุรกี	88	2.9	7614	0.44		
8215	เกร์	88	2.9	24509	8.61		
8216	พิท	88	2.9	22526	6.77		
8217	นักดาราศาสตร์	88	2.9	8041	0.49		
8218	ขอบพระคุณ	88	2.9	8321	0.52	colloquial	
8219	ติงต๊อง	88	2.9		speech-only	colloquial	
8220	เฉียงใต้	88	2.9	8108	0.49		
8221	นอกนั้น	88	2.9	5347	0.23		
8222	มวน	88	2.9	9763	0.72		
8223	นิกส์	88	2.9	10296	0.80		
8224	ม่านตา	88	2.9	10167	0.78		
8225	ประเดี๋ยว	88	2.9	6559	0.33		
8226	อิด	88	2.9	10416	0.82		
8227	ผู้ตัดสิน	88	2.9	8312	0.52		
8228	โรงไฟฟ้า	88	2.9	4055	0.14		
8229	เส็งเคร็ง	88	2.9	28015	15.79	colloquial	
8230	คลิน	88	2.9	20035	4.51		
8231	พเนจร	88	2.9	12111	1.16		
8232	ฎิ	88	2.9	14176	1.69		
8233	สายยาง	88	2.9	10865	0.89		
8234	สอดรู้สอดเห็น	88	2.9	16010	2.31		
8235	ปัน	88	2.9	3907	0.14		
8236	เปลว	88	2.9	7607	0.44		
8237	เอกภพ	88	2.9	11891	1.10		
8238	ลวนลาม	88	2.9	12956	1.35		
8239	เก่	88	2.9	17920	3.16		
8240	ลำเลียง	88	2.9	7922	0.47		
8241	ทึ้ง	88	2.9	10412	0.82		
8242	เอ็นดู	88	2.9	3382	0.11		
8243	ปากเสียง	88	2.9	8901	0.60		
8244	เมื่อย	88	2.9	4336	0.16		
8245	คนกลาง	88	2.9	5483	0.24		
8246	ขุดเจาะ	88	2.9	12187	1.17		
8247	แอพ	88	2.9	11567	1.03		
8248	แย้ง	88	2.9	3405	0.11		
8249	แข็งใจ	87	2.8	13724	1.54		
8250	เบรย์	87	2.8	27588	13.38		
8251	ไรซ์	87	2.8	14463	1.77		
8252	พลิน	87	2.8	31678	speech-only		
8253	เจม	87	2.8	27665	13.38		
8254	บึ้ม	87	2.8	12952	1.34		
8255	รักษ์	87	2.8	3202	0.10		
8256	ทัว	87	2.8	14199	1.67		
8257	ป๊อปปี้	87	2.8	26241	11.71		
8258	โยะ	87	2.8	9643	0.69		
8259	จิ๊กซอว์	87	2.8	15031	1.95		
8260	รามา	87	2.8	6152	0.29	colloquial	
8261	ไม่ชอบมาพากล	87	2.8	13769	1.56		
8262	ขาออก	87	2.8	4960	0.20		
8263	หนุก	87	2.8	21396	5.51		
8264	เหา	87	2.8	11615	1.03		
8265	ซีส	87	2.8	16993	2.75		
8266	จริยธรรม	87	2.8	1822	0.04		
8267	รันเวย์	87	2.8	11525	1.02		
8268	ฟิวส์	87	2.8	16240	2.40		
8269	แช็ค	87	2.8	21181	5.20		
8270	เหยียดผิว	87	2.8	16783	2.60		
8271	ดาวรุ่ง	87	2.8	7700	0.44		
8272	อิเล็กตรอน	87	2.8	10447	0.81		y
8273	ขาดทุน	87	2.8	3714	0.12		
8274	ปั่นไฟ	87	2.8	13196	1.40		
8275	เฉพาะตัว	87	2.8	3511	0.11		
8276	สถานภาพ	87	2.8	2109	0.05		
8277	พัล	87	2.8	9524	0.67		
8278	แทะ	87	2.8	9507	0.67		
8279	โรงพัก	87	2.8		speech-only	colloquial	
8280	ทัณฑ์	87	2.8	8550	0.54		
8281	หน้ามืด	87	2.8	7931	0.47		
8282	หัวออก	87	2.8	12848	1.32		
8283	คงทน	87	2.8	7693	0.44		
8284	บอบช้ำ	87	2.8	9183	0.63		
8285	ตัดหน้า	87	2.8	9678	0.70		
8286	ฆาต	87	2.8	17471	2.93		
8287	สันเขา	87	2.8	13187	1.40		
8288	ระเหย	87	2.8	5190	0.22		y
8289	ยัดเยียด	87	2.8	7410	0.41		
8290	สะกิด	87	2.8	4811	0.19		
8291	ไถล	87	2.8	10378	0.80		
8292	จู๋จี๋	87	2.8	14691	1.84		
8293	แจกจ่าย	87	2.8	5322	0.23		
8294	อ้าก	86	2.8	21747	5.79		
8295	ทรงพระเจริญ	86	2.8		speech-only	colloquial	
8296	โรดส์	86	2.8	23829	7.71		
8297	อับราฮัม	86	2.8	18348	3.31		
8298	เวิล	86	2.8	32803	speech-only		
8299	แม็ต	86	2.8	38969	speech-only		
8300	เค็ท	86	2.8	32441	speech-only		
8301	เฟรย์	86	2.8	30179	18.52		
8302	ธาร์	86	2.8	32489	speech-only		
8303	เอค	86	2.8	22565	6.61		
8304	ซูส	86	2.8	25397	10.29		
8305	เนียส	86	2.8	19503	4.03		
8306	ไอ้หมู	86	2.8		speech-only	offensive	
8307	เปี้ยน	86	2.8	13457	1.45		
8308	สุจริต	86	2.8	2557	0.07		
8309	กิง	86	2.8	11250	0.94		
8310	เปียนโน	86	2.8	19745	4.21		
8311	ต๊ก	86	2.8	19751	4.21		
8312	แร็ค	86	2.8	14383	1.71		
8313	วบ	86	2.8	25676	10.29		
8314	อุ่นเครื่อง	86	2.8	10102	0.75		
8315	คลื่นวิทยุ	86	2.8	10282	0.78		
8316	ไส้ติ่ง	86	2.8	13858	1.54		
8317	มิซ	86	2.8	27901	13.23		
8318	ทิพย์	86	2.8	2647	0.07	slang	
8319	เบ้	86	2.8	6253	0.30		
8320	แมนชั่น	86	2.8	17260	2.81		
8321	คราม	86	2.8	6060	0.28		
8322	นั้ง	86	2.8	13775	1.54		
8323	ทั้งปวง	86	2.8	2358	0.06		
8324	เงี้ย	86	2.8	19338	4.03		
8325	พระประสงค์	86	2.8	25184	9.26		
8326	เปี๊ยบ	86	2.8	9577	0.68		
8327	เรียบเรียง	86	2.8	4810	0.19		
8328	แผ่นเสียง	86	2.8	6225	0.29		
8329	หวงห้าม	86	2.8	10876	0.88		
8330	ขั้นต้น	86	2.8	5951	0.27		
8331	จารกรรม	86	2.8	14561	1.78		
8332	จองจำ	86	2.8	11124	0.93		
8333	วิทยานิพนธ์	86	2.8	12179	1.14		
8334	เคล็ด	86	2.8	6957	0.36		
8335	แอ๊ป	86	2.8	21698	5.79		
8336	ปวดร้าว	86	2.8	7375	0.40		
8337	กิ่ง	86	2.8	2904	0.08		
8338	ต้นทาง	86	2.8	5189	0.21		
8339	ปริญญาเอก	86	2.8	6156	0.29		
8340	ชะงัก	86	2.8	2772	0.08		
8341	มุดหัว	86	2.8	21878	5.79		
8342	เม็ดเลือด	86	2.8	6921	0.35		
8343	นวนิยาย	86	2.8	2776	0.08		
8344	เดี๊ยน	86	2.8	18049	3.19		
8345	เสื้อกั๊ก	86	2.8	16035	2.26		
8346	ปร	86	2.8	5285	0.22		
8347	มิน่าล่ะ	85	2.8	11706	1.03		
8348	เคฟ	85	2.8	34286	speech-only		
8349	ชลี่ย์	85	2.8	39889	speech-only		
8350	แทงโก้	85	2.8	14357	1.69		
8351	รูธ	85	2.8	39040	speech-only		
8352	เฟลอร์	85	2.8	22511	6.54		
8353	หนอย	85	2.8	7150	0.37		
8354	ตาน	85	2.8	11677	1.02		
8355	นิกสัน	85	2.8	12689	1.24		
8356	ธอม	85	2.8	20706	4.82		
8357	พุ	85	2.8	8224	0.49		
8358	กุล	85	2.8	1784	0.04		
8359	เดนเวอร์	85	2.8	14927	1.87		
8360	โปโล	85	2.8	6796	0.34		
8361	เอย์	85	2.8	32008	speech-only		
8362	บ็อก	85	2.8	21293	5.38		
8363	เติล	85	2.8	6241	0.29		
8364	ขุ	85	2.8	11095	0.91		
8365	เปี๊ยก	85	2.8	8030	0.47		
8366	อีน	85	2.8	15852	2.18		
8367	สมเด็จ	85	2.8	913	0.02		
8368	ตุ่น	85	2.8	10374	0.78		
8369	บัฟ	85	2.8	17005	2.69		
8370	วิวาห์	85	2.8	8455	0.52		
8371	แรกเริ่ม	85	2.8	6637	0.33		
8372	ดิท	85	2.8	38616	speech-only		
8373	ดี่	85	2.8	18634	3.52		
8374	สโต	85	2.8	22917	7.04		
8375	บล๊อก	85	2.8	31398	speech-only		
8376	วิงวอน	85	2.8	9195	0.61		
8377	ก้นบึ้ง	85	2.8	12708	1.25		
8378	เชื่องช้า	85	2.8	7152	0.37		
8379	เพลย์	85	2.8	8294	0.50		
8380	อาฟ	85	2.8	9165	0.61		
8381	ลิขสิทธิ์	85	2.8	4889	0.19		
8382	ตะเกียบ	85	2.8	6005	0.27		y
8383	แหยม	85	2.8	18546	3.39		
8384	สุขใจ	85	2.8	6789	0.34		
8385	เสียหน้า	85	2.8	8944	0.58		
8386	รอบรู้	85	2.8	5448	0.23		
8387	ผืนดิน	85	2.8	7185	0.38		
8388	นัยน์ตา	85	2.8	3367	0.10		
8389	ธาร	85	2.8	5161	0.21		
8390	โผล่หน้า	85	2.8	7755	0.44		
8391	ปากโป้ง	85	2.8	20056	4.36		
8392	ใส่ยา	85	2.8	14045	1.61		
8393	ชาญ	85	2.8	3505	0.11		
8394	บ่าว	85	2.8	5173	0.21		
8395	คุ้ย	85	2.8	10335	0.78		
8396	ฟลิ้น	84	2.7	37163	speech-only		
8397	ไมน์	84	2.7	29174	18.09		
8398	ครูซ	84	2.7	14204	1.61		
8399	เสนาบดี	84	2.7	5017	0.20		
8400	เม้าส์	84	2.7	17739	2.92		
8401	ดั้ง	84	2.7	10560	0.80		
8402	เพย์	84	2.7	26261	11.30		
8403	โพ้น	84	2.7	11076	0.90		
8404	แอ๊ค	84	2.7	16717	2.51		
8405	จี่	84	2.7	10886	0.86		
8406	หิ่งห้อย	84	2.7	8624	0.53		
8407	อพ	84	2.7	14867	1.85		
8408	นาด	84	2.7	15432	2.01		
8409	ป็อป	84	2.7	16591	2.44		
8410	คลังสินค้า	84	2.7	9121	0.60		
8411	บ๊อ	84	2.7	33917	speech-only		
8412	ฌ	84	2.7	9841	0.70		
8413	ออด	84	2.7	7629	0.42		
8414	คาร	84	2.7	10904	0.86		
8415	ครุ่นคิด	84	2.7	4173	0.14		
8416	บังเกอร์	84	2.7	25848	10.05		
8417	กลวง	84	2.7	8050	0.46	offensive	
8418	โปรโมท	84	2.7	9431	0.64		
8419	หมู่เกาะ	84	2.7	4002	0.14		
8420	ฉาง	84	2.7	7702	0.43		
8421	พลัด	84	2.7	6236	0.29		
8422	ตีสนิท	84	2.7	13081	1.31		
8423	จล	84	2.7	14051	1.59		
8424	กลางแจ้ง	84	2.7	7240	0.38		
8425	ศัก	84	2.7	7819	0.44		
8426	นกเขา	84	2.7	10334	0.77	slang	
8427	อุบัติ	84	2.7	5511	0.23		
8428	ฝ่าพระบาท	83	2.7	16647	2.41		
8429	กระแอม	83	2.7	10563	0.79		
8430	เทท	83	2.7	12231	1.10		
8431	พระคุณเจ้า	83	2.7	12960	1.28		
8432	กรีซ	83	2.7	8015	0.46		
8433	รส์	83	2.7	38106	speech-only		
8434	ยิบ	83	2.7	6651	0.32		
8435	กอซ	83	2.7	21426	5.26		
8436	กริ	83	2.7	14178	1.60		
8437	แอก	83	2.7	10885	0.85		
8438	เผ	83	2.7	20563	4.70		
8439	เอลา	83	2.7	23391	7.45		
8440	นีส	83	2.7	13377	1.37		
8441	ดึ	83	2.7	26161	11.17		
8442	ดอฟ	83	2.7	27524	12.76		
8443	โคโลราโด	83	2.7	19651	4.06		
8444	กาบ	83	2.7	8018	0.46		
8445	ซิลวา	83	2.7	16918	2.55		
8446	ก้าร์	83	2.7	34229	speech-only		
8447	เทอร์โบ	83	2.7	10682	0.81		
8448	ฟลาย	83	2.7	13163	1.31		
8449	ตรวจการณ์	83	2.7	26395	11.17		
8450	กะหล่ำ	83	2.7	9708	0.67		
8451	สไน	83	2.7	30283	17.87		
8452	ง่า	83	2.7	8536	0.51		
8453	ฮิป	83	2.7	12493	1.18		
8454	บัณฑิต	83	2.7	2741	0.07		
8455	ปานามา	83	2.7	14343	1.65		
8456	มัจจุราช	83	2.7	12196	1.10		
8457	เมียน้อย	83	2.7		speech-only	colloquial	
8458	สิทธิบัตร	83	2.7	3604	0.11		
8459	ตอนหลัง	83	2.7	4309	0.15		
8460	ฆ้อน	83	2.7	24732	8.94		
8461	แทรม	83	2.7	30284	17.87		
8462	ธนบัตร	83	2.7	5540	0.23		
8463	สคริปต์	83	2.7	14191	1.60		
8464	ไมโครโฟน	83	2.7	7831	0.43		
8465	แป็บ	83	2.7	28793	14.89		
8466	ครัม	83	2.7	15644	2.08		
8467	กระอักกระอ่วน	83	2.7	11278	0.92		
8468	เบียน	83	2.7	11121	0.89		
8469	ปาร์	83	2.7	14257	1.62		
8470	สุขภาพจิต	83	2.7	5505	0.23		
8471	ตับอ่อน	83	2.7	17493	2.79		y
8472	ประคอง	83	2.7	3324	0.10		
8473	แดกดัน	83	2.7	12863	1.26		
8474	ความชอบ	83	2.7	4405	0.16		
8475	แม่พิมพ์	83	2.7	10424	0.78		
8476	ญกรรม	83	2.7	29109	14.89		
8477	สะพาย	83	2.7	5781	0.25		
8478	เหงือก	83	2.7	6116	0.28		
8479	ประเสริฐ	83	2.7	2920	0.08		
8480	เอาหน้า	83	2.7	9359	0.62		
8481	เยี่ยว	83	2.7	11645	0.99	offensive	
8482	หยอก	83	2.7	6392	0.30		
8483	แบบจำลอง	83	2.7	2310	0.06		y
8484	ใจ๋	82	2.7	22946	6.79		
8485	เซธ	82	2.7	34368	speech-only		
8486	ท็อดด์	82	2.7	26248	11.03		
8487	เอเคอร์	82	2.7	14251	1.60		
8488	ยูนิต	82	2.7	12953	1.26		
8489	ด๊อบ	82	2.7	37818	speech-only		
8490	กานา	82	2.7	19446	3.84		
8491	เซด	82	2.7	23323	6.79		
8492	เปอร์เซีย	82	2.7	9907	0.69		
8493	เฟรนช์	82	2.7	16200	2.21		
8494	เซ็นเตอร์	82	2.7	5223	0.21		
8495	โลว	82	2.7	37895	speech-only		
8496	แกร	82	2.7	13226	1.32		
8497	เถียน	82	2.7	14595	1.70		
8498	แท็ค	82	2.7	20779	4.65		
8499	วาส	82	2.7	8053	0.45		
8500	ค่าธรรมเนียม	82	2.7	2941	0.08		
8501	กล้องโทรทรรศน์	82	2.7	8218	0.47		y
8502	อรา	82	2.7	14339	1.63		
8503	เลื้อย	82	2.7	6248	0.28	slang	
8504	เซิ่ล	82	2.7	35558	speech-only		
8505	พยัก	82	2.7	1525	0.03		
8506	เปป	82	2.7	7695	0.42		
8507	เฉพาะกิจ	82	2.7	5371	0.22		
8508	โผ	82	2.7	6809	0.33	colloquial	
8509	อนุสรณ์	82	2.7	6767	0.32		
8510	เลือดเนื้อเชื้อไข	82	2.7	18552	3.27		
8511	สตูว์	82	2.7	26646	11.03		
8512	แยม	82	2.7	8284	0.48		
8513	สะดุ้ง	82	2.7	3034	0.09		
8514	รว	82	2.7	14094	1.55		
8515	ปักหลัก	82	2.7	8371	0.49		
8516	หลุดปาก	82	2.7	9264	0.60		
8517	ชุบ	82	2.7	5321	0.21		
8518	ตัวนำ	82	2.7	6561	0.31		y
8519	ดังเช่น	82	2.7	2458	0.06		
8520	ภาย	82	2.7	6243	0.28		
8521	เบียด	82	2.7	4838	0.18		
8522	ฉุนเฉียว	82	2.7	9410	0.62		
8523	ผู้รับเหมา	82	2.7	9575	0.64		
8524	ยุ้ง	82	2.7	10202	0.73		
8525	จุกจิก	82	2.7	9298	0.60		
8526	เงินฝาก	82	2.7	4459	0.16		
8527	เสียเปรียบ	82	2.7	4189	0.14		
8528	เขมือบ	82	2.7	15349	1.92		
8529	กรณ์	82	2.7	5180	0.20		
8530	ทึกทัก	82	2.7	10794	0.82		
8531	อภิเษก	82	2.7	9024	0.57	colloquial	
8532	แฮมมอนด์	81	2.6	31633	speech-only		
8533	ลิปป์	81	2.6	23822	7.27		
8534	โบรา	81	2.6	21309	5.13		
8535	ยยยย	81	2.6	14254	1.59		
8536	เคาน์	81	2.6	13560	1.38		
8537	อุ๊	81	2.6	22816	6.23		
8538	ม่อ	81	2.6	16145	2.18		
8539	เชย์	81	2.6	30724	speech-only		
8540	ยูเครน	81	2.6	9915	0.69		
8541	ผิวปาก	81	2.6	12476	1.13		
8542	พระมหากษัตริย์	81	2.6	1347	0.03		
8543	ไต้	81	2.6	7895	0.43		
8544	ปัว	81	2.6	22124	5.81		
8545	เบลอร์	81	2.6	25852	9.69		
8546	ปานกลาง	81	2.6	3944	0.13		
8547	ทันทีทันใด	81	2.6	8415	0.49		
8548	ปีแสง	81	2.6	11531	0.95		y
8549	หม	81	2.6	14540	1.68		
8550	แผด	81	2.6	6374	0.29		
8551	บอร์ก	81	2.6	19118	3.63		
8552	ภูมิศาสตร์	81	2.6	3433	0.10		
8553	ฝักบัว	81	2.6	9740	0.66		
8554	อาบแดด	81	2.6	11077	0.86		y
8555	คนสวน	81	2.6	12905	1.23		
8556	สรรพ	81	2.6	3741	0.12		
8557	กุญ	81	2.6	28822	14.53		
8558	ข้าวต้ม	81	2.6	4403	0.15		
8559	ทหารผ่านศึก	81	2.6	13908	1.48		
8560	ข้อบังคับ	81	2.6	1710	0.04		
8561	ทำลายสถิติ	81	2.6	10979	0.85		
8562	โหม	81	2.6	5754	0.24		
8563	ป่าวประกาศ	81	2.6	14720	1.71		
8564	พลาง	81	2.6	1068	0.02		
8565	เปลียน	81	2.6	19434	3.79		
8566	หมุนเวียน	81	2.6	3353	0.10		
8567	เลื่อนลอย	80	2.6	7465	0.38		
8568	ขณะเดียวกัน	80	2.6	1807	0.04		
8569	รอสส์	80	2.6	17628	2.78		
8570	ออพ	80	2.6	16474	2.27		
8571	ฟิลลิปส์	80	2.6	25998	9.57		
8572	อนิ	80	2.6	11556	0.94		
8573	แบนเนอร์	80	2.6	29146	14.35		
8574	แดฟ	80	2.6	19958	4.10		
8575	โร้ด	80	2.6	20742	4.53		
8576	แคปปิตอล	80	2.6	28159	14.35		
8577	ทุกหนทุกแห่ง	80	2.6	9959	0.68		
8578	ไฮด์	80	2.6	18895	3.44		
8579	โฉ	80	2.6	11088	0.85		
8580	มีชัย	80	2.6	8669	0.51		
8581	ชาล	80	2.6	15064	1.79		
8582	นำร่อง	80	2.6	7870	0.42		
8583	นด	80	2.6	12421	1.10		
8584	คารวะ	80	2.6	6773	0.32		
8585	โรช	80	2.6	21846	5.38		
8586	เข็มกลัด	80	2.6	9407	0.61		
8587	ชอปปิ้ง	80	2.6	23374	7.18		
8588	ปราบปราม	80	2.6	2102	0.05		
8589	กองเรือ	80	2.6	12888	1.21		
8590	พลา	80	2.6	8307	0.47		
8591	อาทิ	80	2.6	1590	0.03		
8592	ลาภ	80	2.6	4346	0.15		
8593	ใบพัด	80	2.6	11243	0.88		
8594	สิว	80	2.6	3743	0.12		
8595	ทวีต	80	2.6	21733	5.38		
8596	หาริย์	80	2.6	17580	2.78		
8597	กลู	80	2.6	14478	1.62		
8598	ติง	80	2.6	5582	0.23		
8599	ความมั่งคั่ง	80	2.6	5631	0.23		
8600	แหง็ก	80	2.6	18259	3.08		
8601	โปร่งใส	80	2.6	4019	0.13		
8602	ขั้นพื้นฐาน	80	2.6	3032	0.08		
8603	โน้ม	80	2.6	3822	0.12		
8604	คลุก	80	2.6	5259	0.20		
8605	ตำหนัก	80	2.6	4200	0.14	slang	
8606	จับจ้อง	80	2.6	5533	0.22		
8607	เพ่นพ่าน	80	2.6	11252	0.88		
8608	อุ้มท้อง	80	2.6	14683	1.69		
8609	ทริด	79	2.6	23934	7.09		
8610	ซอนนี่	79	2.6	31297	speech-only		
8611	แคทส์	79	2.6	29126	14.17		
8612	ฮานส์	79	2.6	26980	12.15		
8613	เพียซ	79	2.6	28346	14.17		
8614	เรสท์	79	2.6	25842	9.45		
8615	ทิค	79	2.6	29771	17.01		
8616	จอส	79	2.6	29540	17.01		
8617	อุล	79	2.6	11888	0.99		
8618	เหยา	79	2.6	11590	0.93		
8619	เร็จ	79	2.6	25610	9.45		
8620	อิต	79	2.6	20513	4.25		
8621	วายส์	79	2.6	21324	5.00		
8622	นิวซีแลนด์	79	2.6	5606	0.23		
8623	ฟาราเดย์	79	2.6	35366	speech-only		
8624	นิคส์	79	2.6	15640	1.98		
8625	เม็ท	79	2.6	38839	speech-only		
8626	สิงคโปร์	79	2.6	2090	0.05		
8627	แคธ	79	2.6	12369	1.09		
8628	เค่น	79	2.6	35076	speech-only		
8629	ตะวันออกเฉียงใต้	79	2.6	8029	0.43		
8630	ชีลด์	79	2.6	36684	speech-only		
8631	โฆษก	79	2.6	3042	0.08		
8632	พลาสเตอร์	79	2.6	17753	2.83		
8633	เซรุ่ม	79	2.6	18104	2.93		
8634	ของแข็ง	79	2.6	8319	0.46		y
8635	ยุ่งอะไร	79	2.6		speech-only	offensive	
8636	สถิต	79	2.6	6662	0.31		
8637	พรุ่ง	79	2.6	13297	1.29		
8638	ฟุ้งซ่าน	79	2.6	5842	0.24		
8639	กราว	79	2.6	11698	0.96		
8640	วิซ	79	2.6	26743	10.63		
8641	สุทธิ	79	2.6	2960	0.08		
8642	สร่าง	79	2.6	10866	0.80		
8643	พาท	79	2.6	16074	2.13		
8644	กฎเกณฑ์	79	2.6	2318	0.06		
8645	กระดิก	79	2.6	7542	0.38		
8646	เกี่ยวโยง	79	2.6	8337	0.47		
8647	ชักนำ	79	2.6	6709	0.31		
8648	ธร	79	2.6	4426	0.15		
8649	วางตัว	79	2.6	4707	0.17		
8650	ใช่ปะ	78	2.5		speech-only	colloquial	
8651	บ๋อย	78	2.5	12577	1.12	offensive	
8652	ซุปเปอร์แมน	78	2.5	24095	7.63		
8653	ลิสเตอร์	78	2.5	29084	13.99		
8654	เซนติ	78	2.5	19579	3.65		
8655	วิสท์	78	2.5	24145	7.63		
8656	อาจอง	78	2.5	21730	5.25		
8657	เวม	78	2.5	20591	4.42		
8658	วววว	78	2.5	22761	6.00		
8659	ราชสีห์	78	2.5	9779	0.64		
8660	ปราดเปรื่อง	78	2.5	12293	1.05		
8661	ลาซาร์	78	2.5	27758	12.00		
8662	เติร์ก	78	2.5	19592	3.82		
8663	พุทธ	78	2.5	1102	0.02		y
8664	เนาะ	78	2.5	16424	2.21	colloquial	
8665	กลับหลัง	78	2.5	13405	1.29		
8666	แขนขวา	78	2.5	13321	1.27		
8667	สังเวช	78	2.5	11989	1.00		
8668	ขี้ข้า	78	2.5	13180	1.25	offensive	
8669	เปลือยกาย	78	2.5	12254	1.05		
8670	หลุมหลบภัย	78	2.5	18551	3.11		
8671	สายข่าว	78	2.5	20998	4.66		
8672	ลงท้าย	78	2.5	6689	0.30		
8673	ยุทธ์	78	2.5	5501	0.22		
8674	ไส้ศึก	78	2.5	19255	3.50		
8675	จตุ	78	2.5	4329	0.14		
8676	คั่ง	78	2.5	9143	0.56		
8677	คราส	78	2.5	10114	0.68		
8678	เต๊นท์	78	2.5	18288	3.00		
8679	นางงาม	78	2.5	6725	0.31		
8680	มันสมอง	78	2.5	9683	0.63		
8681	อุ่นใจ	78	2.5	8556	0.49		
8682	ฝ่าฟัน	78	2.5	10515	0.74		
8683	นอกรีต	78	2.5	21853	5.25		
8684	นวม	78	2.5	7638	0.39		y
8685	หลงลืม	78	2.5	8020	0.43		
8686	พาณิชย์	78	2.5	1205	0.02		
8687	ปิติ	78	2.5	7456	0.37		
8688	ตระเวน	78	2.5	5460	0.21		
8689	กังขา	78	2.5	9978	0.67		
8690	ค้ำประกัน	78	2.5	3989	0.13		
8691	เขวี้ยง	78	2.5	12829	1.17		
8692	หลุมพราง	78	2.5	17088	2.47		
8693	สมดุลย์	78	2.5	10854	0.79		
8694	กองถ่าย	78	2.5	9214	0.57		
8695	ล่วงเกิน	78	2.5	9471	0.60		
8696	ดำรงชีวิต	78	2.5	2996	0.08		
8697	ภพ	78	2.5	2822	0.07		
8698	ยำ	78	2.5	5447	0.21	slang	
8699	อภิปราย	78	2.5	2013	0.05		
8700	เหยียบย่ำ	78	2.5	10417	0.73		
8701	ไคลด์	77	2.5	22985	6.38		
8702	โคลัมบัส	77	2.5	9582	0.61		
8703	กุด	77	2.5	6765	0.30		
8704	ดูเถอะ	77	2.5	11894	0.96		
8705	ฟรอสต์	77	2.5	29581	16.58		
8706	มึ	77	2.5	23006	6.38		
8707	ศา	77	2.5	6328	0.27		
8708	โลด	77	2.5	10306	0.70		
8709	แฟรน	77	2.5	31040	speech-only		
8710	ซานา	77	2.5	18771	3.19		
8711	เวฟ	77	2.5	14810	1.66		
8712	เอกอัครราชทูต	77	2.5	6301	0.27		
8713	กระเป๋าถือ	77	2.5	7495	0.37		
8714	ปราก	77	2.5	14990	1.73		
8715	ริฟ	77	2.5	25449	9.21		
8716	สวัสดิ์	77	2.5	3515	0.10		
8717	ฮอลแลนด์	77	2.5	11504	0.89		
8718	บล	77	2.5	9753	0.63		
8719	กู่	77	2.5	8383	0.46		
8720	โบยบิน	77	2.5	12855	1.17		
8721	ริบบิ้น	77	2.5	7936	0.41		
8722	เสค	77	2.5	28915	13.82		
8723	อำเภอ	77	2.5	1096	0.02	colloquial	
8724	รอยร้าว	77	2.5	13211	1.24		
8725	ปิน	77	2.5	12712	1.14		
8726	เด้	77	2.5	16806	2.37		
8727	ดื้อดึง	77	2.5	11339	0.86		
8728	ก๊อปปี้	77	2.5	13212	1.24		
8729	ปุ๊บ	77	2.5	5165	0.19		
8730	เติ้ล	77	2.5	15334	1.80		
8731	ขอคืน	77	2.5	8727	0.50		
8732	ยนตร์	77	2.5	15047	1.73		
8733	สนามกีฬา	77	2.5	6620	0.30		
8734	ขลุ่ย	77	2.5	7430	0.36		
8735	แบล็กเมล์	77	2.5		speech-only	colloquial	
8736	สมรรถภาพ	77	2.5	3321	0.09		
8737	ฝังใจ	77	2.5	8530	0.48		
8738	ป้วนเปี้ยน	77	2.5	12492	1.08		
8739	ฉ่ำ	77	2.5	5762	0.23	slang	
8740	เซิฟ	77	2.5	31810	speech-only		
8741	ซุ้ม	77	2.5	4350	0.14		
8742	ลงคอ	77	2.5	7601	0.38		
8743	น้ำนม	77	2.5	6739	0.30		
8744	ละเว้น	77	2.5	5881	0.24		
8745	พอตัว	77	2.5	11732	0.93		
8746	อยู่กิน	77	2.5	6649	0.30		
8747	สไตรค์	76	2.5	21071	4.55		
8748	ไกร	76	2.5	3811	0.11		
8749	ดอว์	76	2.5	22594	5.84		
8750	ฟรัง	76	2.5	13004	1.19		
8751	ฟอกซ์	76	2.5	24254	7.44		
8752	อู๊	76	2.5	22455	5.84		
8753	เหม็ด	76	2.5	12068	0.99		
8754	ไฮดรา	76	2.5	26362	10.23		
8755	ประมุข	76	2.5	4615	0.16		
8756	เร้ว	76	2.5	17383	2.48		
8757	เพนตากอน	76	2.5	19074	3.27		
8758	คลิฟ	76	2.5	20512	4.09		
8759	จิ๊บ	76	2.5	4101	0.13		
8760	เวนส์	76	2.5	21353	4.81		
8761	ไฟเขียว	76	2.5		speech-only	slang	
8762	เอกซ์	76	2.5	7064	0.32	slang	
8763	แพลน	76	2.5	12657	1.11		
8764	เรม	76	2.5	11297	0.84		
8765	จั๊กจี้	76	2.5	15206	1.78		
8766	พิกล	76	2.5	6595	0.29		
8767	กตัญญู	76	2.5	4531	0.15		
8768	ฮินดู	76	2.5	5491	0.21		y
8769	ลูกไก่	76	2.5	9838	0.63		
8770	รอค	76	2.5	19739	3.72		
8771	ดอร์น	76	2.5	31796	speech-only		
8772	เมย	76	2.5	20161	3.90		
8773	ศร	76	2.5	4709	0.16		
8774	อนุสาวรีย์	76	2.5	6040	0.25		
8775	สัจจะ	76	2.5	6051	0.25		
8776	ทึ	76	2.5	24564	8.18		
8777	มอไซค์	76	2.5		speech-only	colloquial	
8778	เว่ย	76	2.5	12056	0.99		
8779	ทวาร	76	2.5	6849	0.31		
8780	แระ	76	2.5	13122	1.20		
8781	อุทยาน	76	2.5	4731	0.16		
8782	ทำครัว	76	2.5	11883	0.95		
8783	ปู๋	76	2.5	32249	speech-only		
8784	ขุมนรก	76	2.5	21374	4.81		
8785	เด่นชัด	76	2.5	3567	0.10		
8786	เต้นท์	76	2.5	12735	1.12		
8787	คดีความ	76	2.5	7678	0.38		
8788	กลางคัน	76	2.5	10639	0.74		
8789	บรรจบ	76	2.5	6442	0.28		
8790	ฟุ่มเฟือย	76	2.5	5753	0.23		
8791	ถี่	76	2.5	5221	0.19		
8792	วาบ	76	2.5	4806	0.17		
8793	ตุ้มหู	76	2.5	8828	0.51		
8794	ถลำ	76	2.5	12979	1.17		
8795	ดันน์	75	2.4	25363	8.97		
8796	โซโลมอน	75	2.4	17003	2.37		
8797	ลร์	75	2.4	31282	speech-only		
8798	ไชน์	75	2.4	22321	5.38		
8799	เบต้า	75	2.4	9540	0.59		
8800	หยิน	75	2.4	9731	0.61		
8801	เบื๊อก	75	2.4	25803	8.97	offensive	
8802	เสนา	75	2.4	5542	0.21		
8803	เทจ	75	2.4	22878	6.21		
8804	ซุบ	75	2.4	18563	2.99		
8805	รัตติกาล	75	2.4	7808	0.39		
8806	อ๊อต	75	2.4	19056	3.23		
8807	มาร์ท	75	2.4	13973	1.39		
8808	ไฮโดรเจน	75	2.4	9757	0.61		y
8809	ฟิลิปปินส์	75	2.4	1343	0.03		
8810	ฉาน	75	2.4	8093	0.42		
8811	วิทซ์	75	2.4	22506	5.77		
8812	บัลเลต์	75	2.4	16328	2.07		
8813	กุส	75	2.4	10804	0.75		
8814	แจ๊บ	75	2.4	26121	10.09		
8815	คางคก	75	2.4	11398	0.85		
8816	ปลิง	75	2.4	9234	0.55		
8817	พรู	75	2.4	10083	0.66		
8818	อิช	75	2.4	23947	7.34		
8819	ฟส์	75	2.4	28667	13.46		
8820	คู่ชีวิต	75	2.4	8712	0.48		
8821	อัก	75	2.4	7453	0.35		
8822	สรรพสิ่ง	75	2.4	4162	0.13		
8823	ตง	75	2.4	6083	0.25		
8824	เทย	75	2.4	15583	1.83		
8825	ไรน์	75	2.4	15689	1.88		
8826	อดกลั้น	75	2.4	8506	0.46		
8827	บอลล์	75	2.4	15130	1.72		
8828	เกรงขาม	75	2.4	9668	0.60		
8829	ชักชวน	75	2.4	3889	0.12		
8830	สต๊าฟ	75	2.4	25100	8.07		
8831	ประมง	75	2.4	1883	0.04		
8832	หันเห	75	2.4	8346	0.45		
8833	เครื่องรับ	75	2.4	9280	0.55		
8834	แสกน	75	2.4	39089	speech-only		
8835	รักษาการณ์	75	2.4	11923	0.95		
8836	ญาต	75	2.4	15125	1.72		
8837	สุดขีด	75	2.4	6964	0.31		
8838	เข้าเวร	75	2.4	12640	1.09		
8839	อุปมา	75	2.4	6944	0.31		
8840	เกษตร	75	2.4	665	0.01		
8841	ดลใจ	75	2.4	12336	1.02		
8842	ดื่มด่ำ	75	2.4	8098	0.42		
8843	พิรุธ	75	2.4	8785	0.50		
8844	ออกงาน	75	2.4	6207	0.26		
8845	หงาย	75	2.4	5028	0.18		
8846	เรือเหาะ	75	2.4		speech-only	colloquial	
8847	ข่าวคราว	75	2.4	7900	0.40		
8848	ปิแอร์	74	2.4	14259	1.45		
8849	ซิลเวีย	74	2.4	18962	3.19		
8850	ลิกซ์	74	2.4	35624	speech-only		
8851	มึนเมา	74	2.4	9553	0.58		
8852	ย้า	74	2.4	17649	2.57		
8853	เชอร์แมน	74	2.4	35720	speech-only		
8854	ยิ้ง	74	2.4	17744	2.57		
8855	ไอน์สไตน์	74	2.4	10962	0.77		
8856	สุกี้	74	2.4	11764	0.91		
8857	ดริส	74	2.4	36564	speech-only		
8858	ชาติชั่ว	74	2.4		speech-only	offensive	
8859	โชว	74	2.4	33976	speech-only		
8860	นาท	74	2.4	6599	0.28		
8861	สั่นคลอน	74	2.4	8737	0.48		
8862	โรงเรียนประจำ	74	2.4	18435	2.95		
8863	แจ้	74	2.4	13987	1.37		
8864	เอดส์	74	2.4	3725	0.11		
8865	ครบถ้วน	74	2.4	2564	0.06		
8866	ลูกบิด	74	2.4	13215	1.19		
8867	บาต	74	2.4	26075	9.96		
8868	เครื่องแต่งกาย	74	2.4	6014	0.24		
8869	เฉก	74	2.4	6627	0.28		
8870	ลูกหมาก	74	2.4	9412	0.56		
8871	อ้อมค้อม	74	2.4	11877	0.93		
8872	สามมิติ	74	2.4	7752	0.38		
8873	บุคลากร	74	2.4	1547	0.03		
8874	พลัก	74	2.4	25876	8.85		
8875	รับสั่ง	74	2.4	3188	0.08		
8876	นอส	74	2.4	25172	7.97		
8877	หยั่งงั้น	74	2.4		speech-only	colloquial	
8878	ปฏิรูป	74	2.4	1445	0.03		
8879	รง	74	2.4	6652	0.29		
8880	แก๊ซ	74	2.4	24419	7.24		
8881	เจิดจรัส	74	2.4	15308	1.73		
8882	สุขุม	74	2.4	5774	0.22		
8883	คบชู้	74	2.4	16651	2.15		
8884	ปรอท	74	2.4	5975	0.24	colloquial	
8885	ทะยาน	74	2.4	6257	0.26		
8886	แง	74	2.4	6550	0.28	slang	
8887	ปะทุ	74	2.4	8458	0.45		
8888	ขุ่นเคือง	74	2.4	8158	0.42		
8889	ตอกย้ำ	74	2.4	4937	0.17		
8890	หมุ่น	74	2.4	18714	3.06		
8891	ถนอม	74	2.4	4013	0.12		
8892	ผู้ค้า	74	2.4	4557	0.15		
8893	เร่งรัด	74	2.4	3467	0.09		
8894	สบประมาท	74	2.4	25113	7.97		
8895	หัวคิด	74	2.4	11232	0.81		
8896	ทำฟัน	74	2.4	12316	1.00		
8897	นุ่ง	74	2.4	3554	0.10		
8898	ผะ	73	2.4	10028	0.63		
8899	ธัญ	73	2.4	6049	0.24		
8900	หมายเหตุ	73	2.4	4283	0.13		
8901	เพอร์ซี	73	2.4	22201	5.24		
8902	โป๊ะ	73	2.4	8868	0.49	slang	
8903	เระ	73	2.4	23536	6.55		
8904	แชล	73	2.4	19452	3.42		
8905	หวีด	73	2.4	10437	0.68	slang	
8906	อ้าย	73	2.4	2615	0.06		
8907	ไอ้สัตว์	73	2.4		speech-only	offensive	
8908	ครอว์	73	2.4	29701	15.72		
8909	เรนส์	73	2.4	29485	15.72		
8910	ดอส	73	2.4	18250	2.81		
8911	ลิบ	73	2.4	6335	0.26		
8912	ถ่ม	73	2.4	13432	1.23		
8913	สะท้าน	73	2.4	5556	0.21		
8914	พอน	73	2.4	17841	2.62		
8915	หัวรั้น	73	2.4	23321	6.05		
8916	มี้	73	2.4	13763	1.31		
8917	เผือก	73	2.4	7265	0.33	slang	
8918	ซาวด์	73	2.4	16914	2.25		
8919	ล่อนจ้อน	73	2.4	17763	2.62		
8920	ส่วนรวม	73	2.4	2534	0.06		
8921	เซป	73	2.4	20097	3.74		
8922	ฮอล์	73	2.4	7836	0.38		
8923	คาเฟอีน	73	2.4	16600	2.12		
8924	พิธ	73	2.4	11320	0.82		
8925	ออกตัว	73	2.4	7070	0.31	slang	
8926	เฟรน	73	2.4	27573	11.23		
8927	สงครามเย็น	73	2.4	4733	0.16		
8928	ชิงช้า	73	2.4	8548	0.45		
8929	ลำกล้อง	73	2.4	19330	3.27		
8930	กลุ้ม	73	2.4	8213	0.42		
8931	พอควร	73	2.4	5543	0.20		
8932	ตักเตือน	73	2.4	6352	0.26		
8933	เวิลด์	73	2.4	5434	0.20		
8934	คั่น	73	2.4	6178	0.25		
8935	คับขัน	73	2.4	8795	0.48		
8936	เลาะ	73	2.4	7350	0.34		
8937	อ่อนข้อ	73	2.4	14497	1.48		
8938	เด้ก	73	2.4	17367	2.38		
8939	ปฏิสัมพันธ์	73	2.4	3904	0.11		
8940	สือ	73	2.4	9162	0.52		
8941	มอบอำนาจ	73	2.4	4483	0.14		
8942	บูด	73	2.4	7041	0.31	slang	
8943	เจิ้ง	72	2.3	12633	1.03		
8944	ทรอน	72	2.3	31323	speech-only		
8945	ฟอลล์	72	2.3	35092	speech-only		
8946	แฮมเมอร์	72	2.3	23385	6.46		
8947	สสส	72	2.3	28735	12.92		
8948	เกี้ย	72	2.3	24198	7.05		
8949	เชม	72	2.3	25747	8.61		
8950	ขี้โม้	72	2.3		speech-only	colloquial	
8951	บาสเกตบอล	72	2.3	9564	0.56		y
8952	เบฟ	72	2.3	17256	2.35		
8953	ว่างงาน	72	2.3	3525	0.09		y
8954	แมวมอง	72	2.3	15955	1.89		
8955	อำมหิต	72	2.3	9583	0.57		
8956	ดาร์ด	72	2.3	19302	3.23		
8957	แซท	72	2.3	21597	4.84		
8958	ดาวเสาร์	72	2.3	6799	0.29		y
8959	เนิ่นนาน	72	2.3	6533	0.27		
8960	เซียม	72	2.3	11111	0.78		
8961	ตุน	72	2.3	10544	0.69		
8962	งูพิษ	72	2.3		speech-only	offensive	
8963	น้ำอัดลม	72	2.3	6648	0.28		
8964	วอทช์	72	2.3	22437	5.54		
8965	เล้า	72	2.3	7243	0.32		
8966	เครื่องใช้ไฟฟ้า	72	2.3	7735	0.37		
8967	รัดรูป	72	2.3	12753	1.06		
8968	รถฉุกเฉิน	72	2.3	21755	4.84		
8969	โอ๊ก	72	2.3	13958	1.34		
8970	ธิดา	72	2.3	3800	0.11		
8971	ลี้ลับ	72	2.3	7529	0.35		
8972	ก๋วยเตี๋ยว	72	2.3	3661	0.10		y
8973	ส่า	72	2.3	14109	1.36		
8974	เข่นฆ่า	72	2.3	10232	0.65		
8975	ตั่ง	72	2.3	9487	0.55		
8976	ปลดออก	72	2.3	7380	0.33		
8977	เซ็ป	72	2.3	25777	8.61		
8978	ถากถาง	72	2.3	9484	0.55		
8979	หม่ำ	72	2.3	5629	0.21		
8980	เห็บ	72	2.3	13580	1.23		
8981	เข่ง	72	2.3	10763	0.72		
8982	ดรากอน	71	2.3	28635	12.74		
8983	โรนัลด์	71	2.3	13658	1.23		
8984	อ๊อด	71	2.3	8860	0.47		
8985	ซุ่ย	71	2.3	18638	2.94		
8986	สเตฟ	71	2.3	29462	15.29		
8987	ตู้ม	71	2.3	17994	2.64		
8988	รัสเซลล์	71	2.3	18515	2.83		
8989	นิโอ	71	2.3	13461	1.19		
8990	หลับให้สบาย	71	2.3		speech-only	colloquial	
8991	กุย	71	2.3	10265	0.64		
8992	ดิฟ	71	2.3	26700	9.55		y
8993	ไชร์	71	2.3	26340	9.55		
8994	สลิ	71	2.3	14151	1.36		
8995	ซุล	71	2.3	25955	8.49		
8996	ทรอยต์	71	2.3	18305	2.73		
8997	ราส์	71	2.3	7098	0.31		
8998	แอสไพริน	71	2.3	12906	1.08		
8999	ถุย	71	2.3	14591	1.47	colloquial	
9000	หุนหันพลันแล่น	71	2.3	15469	1.70		
9001	คล่องแคล่ว	71	2.3	5425	0.19		
9002	แหยง	71	2.3	14327	1.42		
9003	ศรี	71	2.3	606	0.01		
9004	ร่มชูชีพ	71	2.3	25071	7.64		
9005	แอปเปิล	71	2.3	12219	0.94		
9006	ทะลึ่ง	71	2.3	7709	0.36		
9007	ลอฟ	71	2.3	16482	2.01		
9008	โรมาเนีย	71	2.3	15181	1.63		
9009	ติดอ่าง	71	2.3	15108	1.63		
9010	ปรมาจารย์	71	2.3	9819	0.59		
9011	แมกกาซีน	71	2.3	15651	1.78		
9012	ปปง	71	2.3	28613	12.74		
9013	แฮนด์	71	2.3	8210	0.41		
9014	คลุ้มคลั่ง	71	2.3	11409	0.80		
9015	ทำบาป	71	2.3	8592	0.45		
9016	แครก	71	2.3	16242	1.96		
9017	ใหม่เอี่ยม	71	2.3	9770	0.58		
9018	แหกตา	71	2.3		speech-only	offensive	
9019	มิเตอร์	71	2.3	6377	0.25		
9020	ค่าชดเชย	71	2.3	7302	0.32		
9021	ทรวง	71	2.3	6403	0.25		
9022	เลขานุการ	71	2.3	2633	0.06		
9023	ศอก	71	2.3	5286	0.18		y
9024	ปอน	71	2.3	11733	0.86		
9025	ซุกซน	71	2.3	8852	0.47		
9026	จำศีล	71	2.3	13516	1.21		
9027	เวิร์ก	71	2.3	8308	0.42		
9028	ข้าวสาลี	71	2.3	9092	0.50		
9029	ข้อเรียกร้อง	71	2.3	3029	0.07		
9030	ผสมพันธุ์	71	2.3	6400	0.25	offensive	
9031	วางท่า	71	2.3	11747	0.86		
9032	ฉกาจ	71	2.3	15681	1.78		
9033	ร่อย	71	2.3	15697	1.78		
9034	เนื้อสัตว์	71	2.3	3404	0.09		
9035	มาลา	71	2.3	4821	0.16		
9036	มั่งคั่ง	71	2.3	7023	0.30		
9037	บูรณะ	71	2.3	5204	0.18		
9038	พวกพ้อง	71	2.3	7435	0.33		
9039	แผ่ว	71	2.3	3339	0.09		
9040	ยึดเหนี่ยว	71	2.3	7685	0.36		
9041	งม	71	2.3	8252	0.41		
9042	หน่อ	71	2.3	6281	0.25		
9043	โสมม	71	2.3	17795	2.55		
9044	แฉะ	71	2.3	8462	0.43		
9045	มันเทศ	71	2.3	12324	0.97		
9046	สิ้นเปลือง	71	2.3	6017	0.23		
9047	เต็มปาก	71	2.3	9719	0.57		
9048	ลอป	70	2.3	16162	1.88		
9049	ฮาร์เบอร์	70	2.3	23826	6.28		
9050	ไพร์ม	70	2.3	19195	3.14		
9051	เวอร์จิล	70	2.3	20545	3.97		
9052	พัม	70	2.3	19949	3.59		
9053	เจี่ย	70	2.3	15437	1.67		
9054	โฮเมอร์	70	2.3	15346	1.64		
9055	ซูก	70	2.3	27855	10.77		
9056	ไอ้เปรต	70	2.3		speech-only	offensive	
9057	พาร์สัน	70	2.3	21406	4.43		
9058	ไท่	70	2.3	8830	0.47		
9059	ลาฟ	70	2.3	21433	4.43		
9060	แบ๊ก	70	2.3	16253	1.93		
9061	โดส	70	2.3	22537	5.38		
9062	เรอร์	70	2.3	9324	0.52		
9063	ครอก	70	2.3	13523	1.20		
9064	แคมพ์	70	2.3	30950	speech-only		
9065	โชน	70	2.3	8452	0.43		
9066	มัม	70	2.3	14050	1.32		
9067	สเตด	70	2.3	37444	speech-only		
9068	สารประกอบ	70	2.3	10280	0.63		y
9069	ทางช้างเผือก	70	2.3	10303	0.64		y
9070	ผจญ	70	2.3	8520	0.43		
9071	แซก	70	2.3	17869	2.51		
9072	อัมสเตอร์ดัม	70	2.3	8981	0.48		
9073	ไม้ขีด	70	2.3	12843	1.05	colloquial	
9074	ผู้เขียน	70	2.3	1070	0.02		
9075	ซีเรีย	70	2.3	11001	0.73		
9076	แชมเปี้ยน	70	2.3	10529	0.67		
9077	เจ้าอารมณ์	70	2.3	12120	0.92		
9078	ทิเบต	70	2.3	4749	0.15		
9079	ฟาสต์	70	2.3	15890	1.79		
9080	ควย	70	2.3	20487	3.77	offensive	
9081	ไฮโดร	70	2.3	13874	1.28		
9082	ไผ่	70	2.3	2455	0.05		
9083	ลืมตัว	70	2.3	6405	0.25		
9084	คอแห้ง	70	2.3	13074	1.09		
9085	แห้งแล้ง	70	2.3	5235	0.18		
9086	แม่ยาย	70	2.3	10121	0.61		y
9087	อลังการ	70	2.3	6640	0.27		
9088	บรรพ	70	2.3	3081	0.07		
9089	สะดือ	70	2.3	6749	0.28		
9090	เลิกล้ม	70	2.3	11912	0.88		
9091	แหวว	70	2.3	11431	0.80		
9092	ฝ้าย	70	2.3	2997	0.07		
9093	แอบแฝง	70	2.3	7616	0.35		
9094	จืด	70	2.3	6269	0.24		
9095	เดช	70	2.3	2611	0.06		
9096	แฟง	70	2.3	17981	2.60		
9097	ข้น	70	2.3	5763	0.21		
9098	ไขกระดูก	70	2.3	15025	1.57		
9099	เกี่ยง	70	2.3	8747	0.46		
9100	รีม	70	2.3	22209	5.02		
9101	เกด	70	2.3	5463	0.19		
9102	คอต	70	2.3	14717	1.48		
9103	เคอร์ฟิว	70	2.3	25633	8.37		
9104	สกัดกั้น	70	2.3	7989	0.38		
9105	ล่วงเวลา	70	2.3	6932	0.29		
9106	เขว	70	2.3	16506	2.04		
9107	ลูกกรง	70	2.3	10474	0.66		
9108	เอ้าท์	70	2.3	22245	5.02		
9109	ฟองอากาศ	70	2.3	14381	1.40		
9110	สวยหรู	70	2.3	10844	0.71		
9111	เฉลย	70	2.3	6432	0.25		
9112	สัย	70	2.3	10591	0.67		
9113	เซนติเมตร	69	2.2	3370	0.08		y
9114	สปาร์ค	69	2.2	27005	10.61		
9115	หยู	69	2.2	13414	1.14		
9116	ธัน	69	2.2	9829	0.57		
9117	ลิเวอร์พูล	69	2.2	6101	0.23		
9118	โทส	69	2.2	17811	2.48		
9119	บูน	69	2.2	22582	5.31		
9120	ปริญญาโท	69	2.2	4153	0.12		
9121	สโคว์	69	2.2	21634	4.64		
9122	โบะ	69	2.2	17933	2.48		
9123	จือ	69	2.2	14107	1.30		
9124	ล้วงกระเป๋า	69	2.2	9513	0.53		
9125	สว่างไสว	69	2.2	7496	0.33		
9126	เฉียง	69	2.2	5799	0.21		
9127	แคด	69	2.2	17704	2.40		
9128	แวก	69	2.2	18694	2.86		
9129	ตื่นตูม	69	2.2	18507	2.75		
9130	วาจา	69	2.2	3044	0.07		
9131	สาธารณสุข	69	2.2	1902	0.04		
9132	คนเร่ร่อน	69	2.2	23020	5.71		
9133	คลื่นเสียง	69	2.2	8761	0.45		
9134	วัชพืช	69	2.2	9658	0.55	slang	
9135	ผู้เยาว์	69	2.2	3000	0.07		
9136	เศรษฐศาสตร์	69	2.2	1758	0.03		
9137	บทกลอน	69	2.2	11338	0.77		
9138	ตกเลือด	69	2.2	18903	2.97		
9139	ชื่อย่อ	69	2.2	10872	0.71		
9140	เจ้าหนี้	69	2.2	2880	0.07		
9141	ใจบุญ	69	2.2	11367	0.78		
9142	โด่ง	69	2.2	6755	0.27		
9143	กำนัล	69	2.2	5965	0.22		
9144	คู่ขา	69	2.2	13141	1.09		
9145	งอน	69	2.2	4723	0.15		
9146	เชิงกราน	69	2.2	9897	0.58		
9147	เล่นตัว	69	2.2	12456	0.96		
9148	จักรกล	69	2.2	15770	1.73		
9149	ญลักษณ์	69	2.2	19587	3.38		
9150	ปราศรัย	69	2.2	5354	0.18		
9151	เทศนา	69	2.2	7762	0.36	slang	
9152	คึด	69	2.2	34476	speech-only		
9153	ละออง	69	2.2	4477	0.13		
9154	แม่ซื้อ	69	2.2	15280	1.61		
9155	แบบฉบับ	69	2.2	5518	0.19		
9156	โรงบาล	69	2.2		speech-only	colloquial	
9157	เมิณ	69	2.2	20753	3.91		
9158	รักบี้	69	2.2	14073	1.30		
9159	โอวว	68	2.2	38607	speech-only		
9160	อุ๊บ	68	2.2	14248	1.33		
9161	ทุง	68	2.2	24193	6.65		
9162	ฮึ่ม	68	2.2	7213	0.30		
9163	หวา	68	2.2	7690	0.35		
9164	แอลลิสัน	68	2.2	26428	9.15		
9165	วู้ดส์	68	2.2	19821	3.33		
9166	เอ๋อ	68	2.2	7475	0.32	offensive	
9167	กกกก	68	2.2	10127	0.60		
9168	เด็กเวร	68	2.2		speech-only	offensive	
9169	ฮี่	68	2.2	9173	0.49		
9170	สยาม	68	2.2	1422	0.02	slang	
9171	ฟอย	68	2.2	38417	speech-only		
9172	ฮ็อป	68	2.2	23226	5.63		
9173	เก๊ก	68	2.2	6671	0.26		
9174	เพือน	68	2.2	38978	speech-only		
9175	พฤษ	68	2.2	9157	0.49		
9176	เวิร์ท	68	2.2	19141	3.05		
9177	มาร์เซล	68	2.2	17748	2.36		
9178	จัดทำ	68	2.2	1054	0.02		
9179	ปลี	68	2.2	9406	0.52		
9180	ตั๊ก	68	2.2	11117	0.73		
9181	ดาส	68	2.2	13708	1.20		
9182	นิดหนึ่ง	68	2.2	3564	0.09		
9183	สวีเดน	68	2.2	6097	0.22		
9184	วานซืน	68	2.2	15674	1.70		
9185	กลอส	68	2.2	25801	8.13		
9186	ตาห์	68	2.2	29836	14.64		
9187	ตะกละ	68	2.2	12762	1.00		
9188	จี๊ด	68	2.2	7606	0.34	colloquial	
9189	อ้อน	68	2.2	6190	0.23		
9190	อ๊วก	68	2.2	31160	speech-only		
9191	ถ่อม	68	2.2	9496	0.52		
9192	จุล	68	2.2	6145	0.23		
9193	อธิบดี	68	2.2	1492	0.03		
9194	สินทรัพย์	68	2.2	3746	0.10		
9195	บทนำ	68	2.2	6793	0.27		
9196	นอกคอก	68	2.2	18519	2.71		
9197	เกี๊ยว	68	2.2	11948	0.86		
9198	สปอต	68	2.2	10088	0.60		
9199	เคล้า	68	2.2	8810	0.45		
9200	ขี	68	2.2	15966	1.79		
9201	โถส้วม	68	2.2	13758	1.20		
9202	ต๊อง	68	2.2	13502	1.14		
9203	ประจักษ์	68	2.2	3087	0.07		
9204	พัดลม	68	2.2	7110	0.30		y
9205	ยุ่มย่าม	68	2.2	15867	1.74		
9206	ลงข่าว	68	2.2	10188	0.60		
9207	เทศ	68	2.2	4605	0.14	colloquial	
9208	พิถีพิถัน	68	2.2	6592	0.26		
9209	กินเวลา	68	2.2	6949	0.28		
9210	อุต	68	2.2	6937	0.28		
9211	รักใคร่	68	2.2	4962	0.16		
9212	หนึบ	68	2.2	13606	1.18		
9213	ความร่ำรวย	68	2.2	8482	0.42		
9214	แก่น	68	2.2	2394	0.05		
9215	แนะแนว	68	2.2	2597	0.06		
9216	เกลื่อน	68	2.2	6814	0.27		
9217	ดักจับ	68	2.2	12533	0.96		
9218	ต้นทุน	68	2.2	1280	0.02		
9219	ภาคภูมิ	68	2.2	7541	0.33		
9220	มมมม	67	2.2	33553	speech-only		
9221	แนช	67	2.2	17700	2.33		
9222	ออว์	67	2.2	36321	speech-only		
9223	ทัชดาวน์	67	2.2	21825	4.51		
9224	แคนยอน	67	2.2	19823	3.28		
9225	สโค	67	2.2	21125	4.01		
9226	ฌอง	67	2.2	10471	0.63		
9227	ขุนพล	67	2.2	6746	0.26		
9228	พอส	67	2.2	17957	2.49		
9229	แตร์	67	2.2	12490	0.94		
9230	ร้อยละ	67	2.2	638	0.01		y
9231	ลาเวนเดอร์	67	2.2	13393	1.11		
9232	ขี้หมา	67	2.2	15256	1.57		
9233	เนสท์	67	2.2	36663	speech-only		
9234	พ็อต	67	2.2	15836	1.72		
9235	ออค	67	2.2	24766	7.21		
9236	อึก	67	2.2	9437	0.51		
9237	กวิน	67	2.2	17312	2.19		
9238	เหม	67	2.2	10143	0.59		
9239	ใหม้	67	2.2	23254	5.55		
9240	เฮฮา	67	2.2	6790	0.27		
9241	เว้	67	2.2	12994	1.03		
9242	เมจิ	67	2.2	10520	0.63		
9243	เรลล์	67	2.2	28367	12.02		
9244	กระดก	67	2.2	9004	0.46		
9245	เครื่องสำอาง	67	2.2	3187	0.08		
9246	ไหม่	67	2.2	25222	7.21		
9247	เคป	67	2.2	17294	2.19		
9248	ภูมิหลัง	67	2.2	5485	0.18		
9249	เตอะ	67	2.2	13842	1.20		
9250	บุน	67	2.2	11081	0.71		
9251	ครก	67	2.2	3491	0.09		y
9252	ตีลังกา	67	2.2	11023	0.71		
9253	สโตว์	67	2.2	39326	speech-only		
9254	เตส	67	2.2	7988	0.36		
9255	ยันต์	67	2.2	7506	0.32		
9256	เจ็บใจ	67	2.2	6366	0.24		
9257	ไหว้	67	2.2	1520	0.03		
9258	ลาร์ด	67	2.2	21386	4.24		
9259	เหล่	67	2.2	12127	0.88		
9260	ระยิบระยับ	67	2.2	7779	0.35		
9261	โนม	67	2.2	23875	6.01		
9262	หอน	67	2.2	9635	0.53	colloquial	
9263	ซ่อนหา	67	2.2	17384	2.19		
9264	ล่วง	67	2.2	5078	0.16		
9265	ภูมิอากาศ	67	2.2	10536	0.64		y
9266	ทะลัก	67	2.2	7773	0.35		
9267	นิกาย	67	2.2	3940	0.11		
9268	เครื่องปรุง	67	2.2	4988	0.16		
9269	ผูกมิตร	67	2.2	11494	0.78		
9270	เสื่อ	67	2.2	5397	0.18		
9271	สวิตช์	67	2.2	7147	0.29		y
9272	ใต้ถุน	67	2.2	6480	0.25	slang	
9273	ริเริ่ม	67	2.2	3891	0.10		
9274	สำเร็จรูป	67	2.2	3712	0.10		
9275	ตากอากาศ	67	2.2	9546	0.52		
9276	ทลาย	67	2.2	10283	0.61	slang	
9277	ตื๊อ	67	2.2	10268	0.61		
9278	แรลลี่	66	2.1	18760	2.73		
9279	อีแวนส์	66	2.1	19308	2.96		
9280	เคลย์ตัน	66	2.1	38451	speech-only		
9281	เลี่ยมส์	66	2.1	23253	5.47		
9282	จอยซ์	66	2.1	24583	7.10		
9283	ตตี้	66	2.1	32464	speech-only		
9284	เปซ	66	2.1	20047	3.38		
9285	ไนเจล	66	2.1	24047	6.46		
9286	สแต็ก	66	2.1	36977	speech-only		
9287	โคลท์	66	2.1	29057	11.84		
9288	เปรี้ยง	66	2.1	8159	0.37		
9289	แจน	66	2.1	10958	0.69		
9290	เฟย	66	2.1	10720	0.65		
9291	ดัค	66	2.1	17434	2.22		
9292	แคลเซียม	66	2.1	7085	0.28		
9293	มิลค์	66	2.1	19937	3.38		
9294	ไฮเวย์	66	2.1	17591	2.29		
9295	น็อต	66	2.1	11442	0.76		
9296	ชช	66	2.1	28430	11.84		
9297	ญอร์	66	2.1	37218	speech-only		
9298	ดับเบิลยู	66	2.1	7211	0.29		
9299	นิวส์	66	2.1	9055	0.46		
9300	แบลค	66	2.1	32120	speech-only		
9301	เจียน	66	2.1	7909	0.35		
9302	เด็กเสิร์ฟ	66	2.1		speech-only	offensive	
9303	ล้อมวง	66	2.1	9112	0.47		
9304	รอยด์	66	2.1	8174	0.37		
9305	เย่อหยิ่ง	66	2.1	11981	0.84		
9306	ชื่อเรื่อง	66	2.1	7633	0.33		
9307	เพิง	66	2.1	7598	0.33		
9308	โนเบล	66	2.1	7986	0.36		
9309	กรุงเทพ	66	2.1	575	0.01		
9310	เล่นคำ	66	2.1	11146	0.71		
9311	ปลาทอง	66	2.1	14159	1.27		
9312	ปลอบโยน	66	2.1	8453	0.40		
9313	เตือนใจ	66	2.1	7876	0.35		
9314	วินาศกรรม	66	2.1	10687	0.65		
9315	บ้าบิ่น	66	2.1	15946	1.73		
9316	พี้	66	2.1	18792	2.73		
9317	กระด้าง	66	2.1	5188	0.16		
9318	โอรส	66	2.1	6027	0.21		
9319	สกู	66	2.1	32813	speech-only		
9320	ตัดไฟ	66	2.1	15301	1.54		
9321	ซอฟแวร์	66	2.1	14378	1.32		
9322	เมืองไทย	66	2.1	766	0.01	colloquial	
9323	อยุติธรรม	66	2.1	11104	0.70		
9324	ไฝ	66	2.1	9098	0.47		
9325	อ่อนล้า	66	2.1	9123	0.47		
9326	บ้าระห่ำ	66	2.1	19704	3.23		
9327	วางเงิน	66	2.1	11374	0.75		
9328	ใจลอย	66	2.1	12094	0.86		
9329	กระมัง	66	2.1	3695	0.09	colloquial	
9330	เบื้องหน้า	66	2.1	3887	0.10		
9331	บุกเบิก	66	2.1	5661	0.19		
9332	เกวียน	66	2.1	3925	0.10		
9333	กระเบื้อง	66	2.1	4987	0.15		
9334	กรงขัง	66	2.1	14137	1.27		
9335	เครื่องใช้	66	2.1	3788	0.10		
9336	รู่	66	2.1	15114	1.51		
9337	ปรักปรำ	66	2.1	15898	1.69		
9338	เคลิ้ม	66	2.1	8228	0.38		
9339	ถือครอง	66	2.1	5014	0.15		
9340	ไว้หน้า	66	2.1	7982	0.36		
9341	เข้าเครื่อง	66	2.1	12804	0.99		
9342	กรวด	66	2.1	6303	0.23		
9343	อานุภาพ	66	2.1	7955	0.36		
9344	รณรงค์	66	2.1	3031	0.07		
9345	ไข่เจียว	66	2.1	9227	0.48		
9346	ทั้งที	66	2.1	8431	0.40		
9347	จัดวาง	66	2.1	4523	0.13		
9348	ปล้ำ	66	2.1	9421	0.50		y
9349	ยืดเยื้อ	66	2.1	6567	0.25		
9350	ธีโอดอร์	65	2.1	26903	8.75		
9351	ปาย	65	2.1	13887	1.19		
9352	วิกตอเรีย	65	2.1	8583	0.41		
9353	บลาส	65	2.1	26908	8.75		
9354	เอ๊บ	65	2.1	37595	speech-only		
9355	บาร์ตัน	65	2.1	15338	1.52		
9356	กริ๊ง	65	2.1	10611	0.62		
9357	หง	65	2.1	5761	0.20		
9358	ฟรอส	65	2.1	39979	speech-only		
9359	ฮอกไกโด	65	2.1	14846	1.40		
9360	ปรียา	65	2.1	13194	1.04		
9361	ไวส์	65	2.1	22847	5.38		
9362	ซัต	65	2.1	28865	11.66		
9363	ออสเตรีย	65	2.1	7525	0.31		
9364	เลขหมาย	65	2.1	11436	0.74		
9365	ลูเซีย	65	2.1	23235	5.38		
9366	เขลา	65	2.1	7250	0.29		
9367	ชึ้น	65	2.1	15721	1.63		
9368	ซานตาคลอส	65	2.1	18591	2.59		
9369	ทีส	65	2.1	30755	speech-only		
9370	ฟาส	65	2.1	26524	8.75		
9371	หนาน	65	2.1	7405	0.30		
9372	ชานชาลา	65	2.1	12925	1.00		
9373	กริฟ	65	2.1	25929	7.77		
9374	กอบ	65	2.1	6197	0.22		
9375	ฟาย	65	2.1	11802	0.80		
9376	พอยท์	65	2.1	16923	2.00		
9377	ฮอค	65	2.1	21360	4.12		
9378	ฮับ	65	2.1	11717	0.79		
9379	ตม	65	2.1	9268	0.48		
9380	หยิง	65	2.1	8837	0.43		
9381	ทุกหน	65	2.1	12239	0.86		
9382	สหประชาชาติ	65	2.1	3601	0.09		
9383	ตึ	65	2.1	20655	3.68		
9384	ท่วมท้น	65	2.1	8065	0.36		
9385	ล่าถอย	65	2.1	14110	1.23		
9386	จำแลง	65	2.1	17469	2.19		
9387	ข้อโต้แย้ง	65	2.1	6058	0.21		
9388	จองหอง	65	2.1	14488	1.32		
9389	อาหารว่าง	65	2.1	9088	0.46		
9390	หำ	65	2.1	16149	1.75	colloquial	
9391	สถาปัตยกรรม	65	2.1	2577	0.05		
9392	สั่งงาน	65	2.1	10212	0.58		
9393	ยับเยิน	65	2.1	8387	0.39		
9394	น้ำเชื่อม	65	2.1	10678	0.64		
9395	แหวก	65	2.1	5390	0.17		
9396	ภาควิชา	65	2.1	4753	0.14		
9397	ฟองน้ำ	65	2.1	9016	0.45		
9398	สว่าน	65	2.1	23080	5.38		
9399	มนุษย	65	2.1	7142	0.28		
9400	หน้าแข้ง	65	2.1	12080	0.84		
9401	โฉด	65	2.1	14574	1.35		
9402	อดสู	65	2.1	16703	1.94		
9403	พันธนาการ	65	2.1	7911	0.35		
9404	รย	65	2.1	8512	0.40		
9405	ล้ำหน้า	65	2.1	9999	0.56		
9406	ด่าง	65	2.1	5349	0.17		y
9407	ลาตาย	65	2.1	15142	1.49		
9408	ห้อมล้อม	65	2.1	10371	0.60		
9409	เถว	65	2.1	35168	speech-only		
9410	เรี่ยวแรง	65	2.1	6340	0.23		
9411	ตีวง	65	2.1	16786	1.94		
9412	เบ้อ	65	2.1	7815	0.34		
9413	คนต่างด้าว	65	2.1		speech-only	offensive	
9414	ตรวน	65	2.1	12048	0.84		
9415	เพิกถอน	65	2.1	2817	0.06		
9416	เลี้ยงชีพ	65	2.1	5210	0.16		
9417	ถูกกระทำ	65	2.1	6018	0.21		
9418	แฮล	64	2.1	30859	speech-only		
9419	ดุค	64	2.1	33118	speech-only		
9420	บี๊บ	64	2.1	28569	11.48		
9421	มอร์ริส	64	2.1	24140	6.26		
9422	ราฟ	64	2.1	22469	4.92		
9423	เดวิล	64	2.1	5537	0.18		
9424	ฟิลล์	64	2.1	32579	speech-only		
9425	มาว	64	2.1	19640	3.13	slang	
9426	พุช	64	2.1	9117	0.45		
9427	โมรา	64	2.1	15766	1.60		
9428	ฟิทซ์	64	2.1	33662	speech-only		
9429	ดุง	64	2.1	18984	2.76		
9430	ทรอยท์	64	2.1	23943	6.26		
9431	ฮิกส์	64	2.1	39738	speech-only		
9432	ไอออน	64	2.1	14219	1.23		y
9433	อุทาน	64	2.1	3831	0.10		
9434	เดลล์	64	2.1	27497	9.84		
9435	ปิง	64	2.1	8979	0.44		
9436	เปียว	64	2.1	15989	1.68		
9437	ลีดเดอร์	64	2.1	17596	2.22		
9438	ไฮท์	64	2.1	12931	0.98		
9439	มาดริด	64	2.1	6667	0.25		
9440	มุส	64	2.1	13234	1.03		
9441	ชุง	64	2.1	15103	1.44		
9442	เจนีวา	64	2.1	10145	0.56		
9443	ยาสีฟัน	64	2.1	9371	0.48		
9444	เอี๊ยด	64	2.1	12373	0.88		
9445	อจ	64	2.1	31339	speech-only		
9446	คณะรัฐมนตรี	64	2.1	1301	0.02		
9447	เซ็ด	64	2.1	29212	13.78		
9448	โด่	64	2.1	13918	1.17		
9449	ไต๋	64	2.1	8433	0.39	colloquial	
9450	หัวหมุน	64	2.1	14988	1.44		
9451	โป้	64	2.1	8497	0.39		
9452	หลอดอาหาร	64	2.1	16103	1.72		
9453	เต้านม	64	2.1	5142	0.16		
9454	เคร่งเครียด	64	2.1	6894	0.26		
9455	หวิว	64	2.1	7069	0.27		
9456	วิทยาการ	64	2.1	12674	0.93		
9457	ชายชาตรี	64	2.1	21902	4.31		
9458	ปากมาก	64	2.1	15237	1.50		
9459	เงียบเหงา	64	2.1	6968	0.27		
9460	สบถ	64	2.1	8207	0.37		
9461	ทาก	64	2.1	6311	0.22		
9462	ขรุขระ	64	2.1	8683	0.41		
9463	ภูต	64	2.1	9785	0.53		
9464	ทาม	64	2.1	9025	0.44		
9465	เกินตัว	64	2.1	10352	0.59		
9466	เล่นแร่แปรธาตุ	64	2.1	23523	5.74		
9467	ลูกดอก	64	2.1	15141	1.47		
9468	กวดวิชา	64	2.1	9259	0.47		
9469	คุ่	64	2.1	13912	1.17		
9470	กายวิภาค	64	2.1	13067	1.00		
9471	ล้มล้าง	64	2.1	8504	0.39		
9472	นิ่งเฉย	64	2.1	8063	0.36		
9473	เฉียบพลัน	64	2.1	6341	0.23		
9474	หัวค่ำ	64	2.1	5821	0.20		
9475	ประชา	64	2.1	2219	0.04		
9476	จุดแข็ง	64	2.1	7066	0.27		
9477	แยะ	64	2.1	5725	0.19		
9478	สรรหา	64	2.1	3683	0.09		
9479	แออัด	64	2.1	4255	0.11		
9480	โฉบ	64	2.1	8478	0.39		
9481	แบะ	64	2.1	9807	0.53		
9482	ว้าวุ่น	64	2.1	9525	0.50		
9483	กุ๊กกิ๊ก	64	2.1	12682	0.93		
9484	สื่ง	64	2.1	20930	3.83		
9485	พื้นบ้าน	64	2.1	2814	0.06		
9486	ตัวเอก	64	2.1	5874	0.20		
9487	มื่อ	64	2.1	19581	3.00		
9488	เซนส์	64	2.1	5568	0.18		
9489	เอริก	63	2.0	8510	0.39		
9490	สเติร์น	63	2.0	25054	6.78		
9491	ชาร์ป	63	2.0	9972	0.54		
9492	แรงม้า	63	2.0	12534	0.89		
9493	ซูล	63	2.0	25794	7.54		
9494	ในขณะนั้น	63	2.0	2563	0.05		
9495	ดอกทานตะวัน	63	2.0	14725	1.36		
9496	นางรม	63	2.0	12292	0.85		
9497	อิค	63	2.0	29623	13.56		
9498	บอมบ์	63	2.0	12972	0.97	colloquial	
9499	แมร่ง	63	2.0	38669	speech-only		
9500	ฟง	63	2.0	17007	1.99		
9501	ซิค	63	2.0	24840	6.78		
9502	ด๊า	63	2.0	14512	1.30		
9503	วอก	63	2.0	12099	0.82	slang	
9504	รอม	63	2.0	12746	0.93		
9505	ฮิปโป	63	2.0	13760	1.11		
9506	สตาฟ	63	2.0	14980	1.38		
9507	วิธ	63	2.0	10567	0.60		
9508	ไขควง	63	2.0	24713	6.78		
9509	เหม่ย	63	2.0	11099	0.67		
9510	มาตุภูมิ	63	2.0	11980	0.80		
9511	วูล	63	2.0	21786	4.24		
9512	ลาซ	63	2.0	20895	3.77		
9513	คาม	63	2.0	5939	0.20		
9514	อินซูลิน	63	2.0	15712	1.58		
9515	แฮมป์ตัน	63	2.0	19424	2.95		
9516	บรรณารักษ์	63	2.0	13120	1.00		
9517	สปิริต	63	2.0	10597	0.61		
9518	กัมมันตรังสี	63	2.0	18650	2.61		
9519	มโหฬาร	63	2.0	8152	0.36		
9520	เหมืองแร่	63	2.0	6081	0.21		
9521	พิม	63	2.0	4039	0.10		
9522	ญาญ	63	2.0	36375	speech-only		
9523	เฮติ	63	2.0	16842	1.94		
9524	ขี้แย	63	2.0	17255	2.06		
9525	อ่อนน้อม	63	2.0	7303	0.29		
9526	ยุทธศาสตร์	63	2.0	2592	0.05		
9527	ปะการัง	63	2.0	3151	0.07		
9528	ทรัมเป็ต	63	2.0	20490	3.39		
9529	อวตาร	63	2.0	12166	0.83	slang	
9530	เฟด	63	2.0	9669	0.51		
9531	โฟม	63	2.0	7332	0.29		
9532	จุดเด่น	63	2.0	4588	0.13		
9533	เริง	63	2.0	4866	0.14		
9534	ตะเข็บ	63	2.0	10897	0.65		
9535	แม่ม่าย	63	2.0	8149	0.36		
9536	รดน้ำ	63	2.0	5677	0.18		
9537	จุ้น	63	2.0	15942	1.65		
9538	แหกปาก	63	2.0	8849	0.42	offensive	
9539	หาญ	63	2.0	5549	0.18		
9540	เกินเลย	63	2.0	8862	0.42		
9541	สถิตย์	63	2.0	10042	0.54		
9542	แม้น	63	2.0	5001	0.15		
9543	จัดเลี้ยง	63	2.0	8242	0.36		
9544	ติดอันดับ	63	2.0	7797	0.33		
9545	สืบพันธุ์	63	2.0	7483	0.30		
9546	เปรียบเหมือน	63	2.0	7210	0.28		
9547	โหน	63	2.0	11304	0.70	offensive	
9548	พ่าย	63	2.0	5973	0.20		
9549	สเปิร์ม	63	2.0	12114	0.83		
9550	วิศ	63	2.0	10642	0.61		
9551	บรม	63	2.0	3710	0.09		
9552	เครื่องเสียง	63	2.0	7124	0.27		
9553	รอดตัว	63	2.0	13171	1.00		
9554	หลุดลอย	63	2.0	10586	0.61		
9555	เหม่อ	63	2.0	4951	0.14		
9556	ขึ้นชื่อ	63	2.0	7235	0.28		
9557	ใค	63	2.0	18836	2.71		
9558	ไว้ทุกข์	63	2.0	12232	0.84		
9559	ษย์	63	2.0	22146	4.52		
9560	หัวนอน	63	2.0	9840	0.53		
9561	ตกค้าง	63	2.0	5054	0.15		
9562	แม่แบบ	63	2.0	11141	0.68		
9563	ฝัก	63	2.0	4947	0.14		
9564	ปลอย	63	2.0	28353	11.30		
9565	เน่น	63	2.0	26934	9.69		
9566	ญิ	62	2.0	22580	4.77		
9567	เฮย์ส	62	2.0	25048	6.67		
9568	พึม	62	2.0	17090	1.96		
9569	เคร็ก	62	2.0	24873	6.67		
9570	ริกซ์	62	2.0	24229	6.07		
9571	สมุหนายก	62	2.0	19935	3.18		
9572	ฮั่ว	62	2.0	14638	1.31		
9573	อิป	62	2.0	26529	8.34		
9574	แพ็ต	62	2.0	22831	4.77		
9575	เว็ก	62	2.0	38124	speech-only		
9576	ล่ง	62	2.0	19839	3.03		
9577	โรน	62	2.0	12465	0.87		
9578	โฟร์แมน	62	2.0	29497	13.35		
9579	เลโอ	62	2.0	6979	0.26		
9580	โคะ	62	2.0	17136	1.96		
9581	เชคส	62	2.0	11462	0.71		
9582	บาหลี	62	2.0	11459	0.71		
9583	ฟ้าร้อง	62	2.0	8623	0.39		y
9584	บราส	62	2.0	36237	speech-only		
9585	ไก่อ่อน	62	2.0		speech-only	offensive	
9586	เที่ยงตรง	62	2.0	8814	0.41		
9587	นาวี	62	2.0	10753	0.62		
9588	ดุก	62	2.0	16422	1.76		
9589	เพียงแค่นั้น	62	2.0	11618	0.73		
9590	เอี้ย	62	2.0	14096	1.17		
9591	กำมะถัน	62	2.0	9209	0.45		
9592	ตอล	62	2.0	13345	1.03		
9593	ไอซียู	62	2.0		speech-only	colloquial	
9594	ทด	62	2.0	6858	0.25		
9595	เดร็ก	62	2.0	29677	13.35		
9596	ยาห์	62	2.0	28034	11.12		
9597	ละโมบ	62	2.0	14555	1.28		
9598	กส	62	2.0	32089	speech-only		
9599	แบ็ต	62	2.0	30335	13.35		
9600	แธ	62	2.0	33341	speech-only		
9601	คอท	62	2.0	31209	speech-only		
9602	หม่า	62	2.0	6246	0.21		
9603	เม้า	62	2.0	13569	1.06		
9604	โซนา	62	2.0	8330	0.37		
9605	ริษยา	62	2.0	6149	0.21		
9606	ทวี	62	2.0	3066	0.07		
9607	ใหล	62	2.0	9097	0.44		
9608	บอกกล่าว	62	2.0	4159	0.11		
9609	ดิช	62	2.0	15572	1.52		
9610	คั้น	62	2.0	6159	0.21		
9611	สรรค์	62	2.0	7786	0.32		
9612	ลำเอียง	62	2.0	7331	0.28		
9613	ทึม	62	2.0	9168	0.44		
9614	บริโภค	62	2.0	1221	0.02		
9615	คอรัส	62	2.0	24071	6.07		
9616	ท้าชิง	62	2.0	16378	1.76		
9617	หัวโจก	62	2.0	12685	0.90	colloquial	
9618	ทำเล	62	2.0	6574	0.23		
9619	วารสาร	62	2.0	3764	0.09		
9620	ปศุสัตว์	62	2.0	5421	0.17		
9621	ซีเมนต์	62	2.0	7736	0.32		
9622	เพียบพร้อม	62	2.0	7618	0.31		
9623	สันหลัง	62	2.0	10446	0.58		
9624	พิภพ	62	2.0	8119	0.35		
9625	แง่มุม	62	2.0	3446	0.08		
9626	เพียงนี้	62	2.0	7731	0.32		
9627	ถือโอกาส	62	2.0	5046	0.15		
9628	ยูนิฟอร์ม	62	2.0	16823	1.91	colloquial	
9629	หว่าง	62	2.0	9278	0.46		
9630	เหลือบ	62	2.0	3076	0.07	slang	
9631	ศัพย์	62	2.0	34811	speech-only		
9632	รวจ	62	2.0	23683	5.56		
9633	เปรอะ	62	2.0	7251	0.28		
9634	ทะลวง	62	2.0	8694	0.40		
9635	นักปราชญ์	62	2.0	5294	0.16		
9636	รุกฆาต	61	2.0	25070	6.57		
9637	ปลีย์	61	2.0	29518	13.13		
9638	สเวน	61	2.0	17548	2.05		
9639	เธอร์ส	61	2.0	19786	2.98		
9640	กิบ	61	2.0	27331	9.38		
9641	ลล	61	2.0	13909	1.11		
9642	คัก	61	2.0	7620	0.30		
9643	ข้าหลวง	61	2.0	4253	0.11		
9644	ก็ตามที	61	2.0	7339	0.28		
9645	เวนิส	61	2.0	12576	0.88		
9646	หลิว	61	2.0	5482	0.17		
9647	อสรพิษ	61	2.0	20858	3.65		
9648	เสียงสะท้อน	61	2.0	16152	1.64		y
9649	บาค	61	2.0	15782	1.56		
9650	วัฟ	61	2.0	31740	speech-only		
9651	อออ	61	2.0	22550	4.69		
9652	เอีย	61	2.0	11484	0.71		
9653	ว่าง่าย	61	2.0	7844	0.32		
9654	นางนวล	61	2.0	13537	1.04		
9655	บรรลัย	61	2.0	14384	1.22		
9656	เนป	61	2.0	27978	10.94		
9657	เพียงแค่นี้	61	2.0	10195	0.54		
9658	คนต่างชาติ	61	2.0	5512	0.17		
9659	กล้องถ่ายรูป	61	2.0	7677	0.31		
9660	กระบี่	61	2.0	4730	0.13	slang	
9661	สะพรึงกลัว	61	2.0	11490	0.71		
9662	กามเทพ	61	2.0	14917	1.34		
9663	มานุษยวิทยา	61	2.0	4217	0.11		
9664	พาดหัวข่าว	61	2.0	15052	1.37		
9665	นายพราน	61	2.0	9154	0.44		
9666	อธิการ	61	2.0	18588	2.43		
9667	ดื่น	61	2.0	12732	0.90		
9668	เล็ท	61	2.0	24222	5.97		
9669	สุลต่าน	61	2.0	14162	1.17		
9670	โรงเตี๊ยม	61	2.0		speech-only	colloquial	
9671	ขุน	61	2.0	2024	0.04		
9672	โกย	61	2.0	8389	0.36	slang	
9673	ขี้มูก	61	2.0	15772	1.53		
9674	แอป	61	2.0	22243	4.38	colloquial	y
9675	รีไซเคิล	61	2.0	9258	0.45		
9676	งก	61	2.0	7763	0.31	offensive	
9677	โอ๊ต	61	2.0	12969	0.94		
9678	ปลาบปลื้ม	61	2.0	7663	0.31		
9679	รุกล้ำ	61	2.0	10246	0.55		
9680	โจ่งแจ้ง	61	2.0	12586	0.88		
9681	ปาง	61	2.0	4734	0.13		
9682	ซิท	61	2.0	21905	4.10		
9683	ลูกชิ้น	61	2.0	7168	0.27		
9684	น่าคิด	61	2.0	7795	0.32		
9685	โกยา	61	2.0	31725	speech-only		
9686	แหงก	61	2.0	34461	speech-only		
9687	ชิงชัง	61	2.0	9533	0.48		
9688	เฟิร์ส	61	2.0	24157	5.97		
9689	ประจุ	61	2.0	9295	0.45		
9690	คด	61	2.0	6831	0.24		
9691	ออกทะเล	61	2.0		speech-only	slang	
9692	ป้อง	61	2.0	5133	0.15		
9693	ออกนอกหน้า	61	2.0	10014	0.53		
9694	หม่น	61	2.0	6266	0.21		
9695	แว่	61	2.0	11056	0.64		
9696	หิ้ง	61	2.0	7996	0.33		
9697	อยู้	61	2.0	22920	5.05		
9698	แยแส	61	2.0	10248	0.55		
9699	แต่งกาย	61	2.0	3303	0.07		
9700	ถีง	61	2.0	23185	5.05		
9701	ฉาวโฉ่	61	2.0	17133	1.93		
9702	เนื้อเรื่อง	61	2.0	4754	0.13		
9703	ชี้นิ้ว	61	2.0	9328	0.45		
9704	จรรย์	61	2.0	16377	1.73		
9705	เกียรติ์	61	2.0	16331	1.68		
9706	เอื้อเฟื้อ	61	2.0	5657	0.18		
9707	ต๊าย	60	1.9	9341	0.45	colloquial	
9708	เจมสัน	60	1.9	33192	speech-only		
9709	เคนท์	60	1.9	22360	4.31		
9710	มาลิค	60	1.9	26811	8.07		
9711	ชีฟ	60	1.9	36848	speech-only		
9712	โน้	60	1.9	24711	6.46		
9713	นาว	60	1.9	10755	0.60		
9714	ยีราฟ	60	1.9	5244	0.15		
9715	ฮวง	60	1.9	4224	0.10		
9716	สามัญสำนึก	60	1.9	8442	0.36		
9717	คแมน	60	1.9	33475	speech-only		
9718	เฮก	60	1.9	19966	3.08		
9719	ปลัด	60	1.9	1711	0.03	colloquial	
9720	คอลล์	60	1.9	25047	6.46		
9721	กามา	60	1.9	12517	0.85		
9722	ดักแด้	60	1.9	17369	1.96		
9723	ทรัล	60	1.9	21542	3.80		
9724	ความชื้น	60	1.9	6568	0.23		y
9725	ลาห์	60	1.9	15616	1.47		
9726	ลูกเดียว	60	1.9	10370	0.55		
9727	เฟต	60	1.9	24609	6.46		
9728	เวลด์	60	1.9	23794	5.38		
9729	บิก	60	1.9	16946	1.85		
9730	นกแก้ว	60	1.9	10399	0.56		
9731	เฟรม	60	1.9	4500	0.12		
9732	อัปเปอร์	60	1.9	37390	speech-only		
9733	เขม่า	60	1.9	9386	0.45		
9734	บ๊อก	60	1.9	16208	1.66		
9735	ล่วงลับ	60	1.9	8670	0.38		
9736	ประสพ	60	1.9	7717	0.31		
9737	อภิ	60	1.9	5056	0.14		
9738	อึ๋ม	60	1.9	14172	1.15		
9739	อุจจาระ	60	1.9	6580	0.23		
9740	เนย์	60	1.9	10881	0.62		
9741	บี่	60	1.9	27830	9.23		
9742	กองพล	60	1.9	13587	1.03		
9743	เดี้ยง	60	1.9	14169	1.15		
9744	หวย	60	1.9	3349	0.07	slang	
9745	เตีย	60	1.9	7670	0.30		
9746	ขันที	60	1.9	5277	0.15		
9747	เข้าตาจน	60	1.9	20704	3.40		
9748	บุตรบุญธรรม	60	1.9	4676	0.13		
9749	เนียม	60	1.9	8560	0.37		
9750	ด่างพร้อย	60	1.9	14811	1.29		
9751	หลอมละลาย	60	1.9	13746	1.06		
9752	แบ๊ค	60	1.9	15534	1.47		
9753	ป่นปี้	60	1.9	17349	1.96		
9754	เหล็กกล้า	60	1.9	11274	0.67		
9755	ระบายสี	60	1.9	10022	0.52		
9756	ผลเสีย	60	1.9	3768	0.09		
9757	ข่าง	60	1.9	15347	1.40		
9758	กลั่น	60	1.9	4971	0.14		
9759	ปะปน	60	1.9	4553	0.12		
9760	เส้นตรง	60	1.9	4351	0.11		y
9761	สูติ	60	1.9	12643	0.87		
9762	นายตำรวจ	60	1.9	6316	0.21		
9763	เกสร	60	1.9	6242	0.21		y
9764	เพง	60	1.9	24982	6.46		
9765	โปรตอน	60	1.9	22086	4.31		y
9766	สาส์น	60	1.9	9995	0.52		
9767	ค้ำ	60	1.9	7862	0.32	colloquial	
9768	ศัย	60	1.9	9236	0.44		
9769	เปรียบเสมือน	60	1.9	4046	0.10		
9770	โฉมหน้า	60	1.9	10419	0.56		
9771	ฮุบ	60	1.9	11524	0.70	slang	
9772	ฮื่อ	59	1.9	10598	0.57		
9773	จ๊ะเอ๋	59	1.9	13114	0.93	colloquial	
9774	ฟาวเลอร์	59	1.9	36655	speech-only		
9775	มาร์แชลล์	59	1.9	34908	speech-only		
9776	วีท	59	1.9	17910	2.12		
9777	นอร์ริส	59	1.9	36825	speech-only		
9778	การ์ธ	59	1.9	33638	speech-only		
9779	สะอื้น	59	1.9	5729	0.18		
9780	บรอด	59	1.9	16578	1.72		
9781	เซกา	59	1.9	22342	4.23		
9782	ฝากเนื้อฝากตัว	59	1.9	18096	2.19		
9783	ววววว	59	1.9	26884	7.94		
9784	ลลิ	59	1.9	16139	1.59		
9785	เบลเยี่ยม	59	1.9	9869	0.49		
9786	ซุค	59	1.9	28995	10.59		
9787	แอนท์	59	1.9	17604	2.05		
9788	ฮอว์ค	59	1.9	26196	7.94		
9789	สแตนด์	59	1.9	17407	1.98		
9790	สาเก	59	1.9	8579	0.37		
9791	ขี้เซา	59	1.9	16904	1.81		
9792	เคด	59	1.9	20157	3.02		
9793	ร่ำไห้	59	1.9	10075	0.51		
9794	แรงกด	59	1.9	12016	0.76		
9795	ไต้ฝุ่น	59	1.9	10486	0.56		
9796	ดีพ	59	1.9	27713	9.07		
9797	โหยหวน	59	1.9	10221	0.53		
9798	อาร์ต	59	1.9	6034	0.19		
9799	ลูป	59	1.9	13164	0.93		
9800	หงิ	59	1.9	34877	speech-only		
9801	ตะคริว	59	1.9	12399	0.81		
9802	ขี้ผึ้ง	59	1.9	9426	0.45		
9803	แท็บ	59	1.9	15597	1.44		
9804	วล	59	1.9	14510	1.20		
9805	ฮาร์ดแวร์	59	1.9	12259	0.79		
9806	บู๊ท	59	1.9	16217	1.63		
9807	ฟรา	59	1.9	18889	2.54		
9808	คู่สมรส	59	1.9	2417	0.04		
9809	ไดร์	59	1.9	17561	1.98	colloquial	
9810	ซด	59	1.9	8247	0.34		
9811	ศุลกากร	59	1.9	1982	0.03		
9812	แจ๊ซ	59	1.9	8256	0.34		
9813	เหลือทน	59	1.9	14040	1.11		
9814	เมนเฟรม	59	1.9	27984	10.59		
9815	ระเบิดเวลา	59	1.9	17668	2.05		
9816	ยมโลก	59	1.9	18913	2.54		
9817	ขบขัน	59	1.9	5366	0.16		
9818	หมายเรียก	59	1.9	10168	0.52		
9819	วุธ	59	1.9	6080	0.19		
9820	รุน	59	1.9	11331	0.66		
9821	กระแสไฟ	59	1.9	16779	1.76		
9822	บริหารงาน	59	1.9	2712	0.05		
9823	แก็ส	59	1.9	22322	4.23		
9824	ขด	59	1.9	7174	0.26		
9825	พลั้ง	59	1.9	7907	0.31		
9826	เช้ามืด	59	1.9	7171	0.26		
9827	เข้าเค้า	59	1.9	19531	2.76		
9828	ห้าว	59	1.9	5451	0.16	slang	
9829	ภาชนะ	59	1.9	3477	0.08		
9830	เข็ด	59	1.9	5869	0.18		
9831	เด๊ะ	59	1.9	15925	1.51	colloquial	
9832	ลอกเลียน	59	1.9	7806	0.31		
9833	สำรับ	59	1.9	6919	0.24		
9834	แปลกปลอม	59	1.9	8794	0.39		
9835	รมควัน	59	1.9	12728	0.87		
9836	ของโจร	59	1.9	12822	0.88		
9837	ประยุกต์	59	1.9	2696	0.05		
9838	แปดเปื้อน	59	1.9	12915	0.89		
9839	คำขวัญ	59	1.9	7111	0.26		
9840	ใจแข็ง	59	1.9	11602	0.70		
9841	ลงแรง	59	1.9	8762	0.39		
9842	ผิวเผิน	59	1.9	6633	0.23		
9843	อวบ	59	1.9	6874	0.24		
9844	เดินขบวน	59	1.9	6952	0.24		
9845	นางพญา	59	1.9	12246	0.79		
9846	มั่ก	59	1.9	21687	3.97		
9847	รึง	59	1.9	20589	3.34		
9848	พืชผล	59	1.9	6102	0.20		
9849	แวดวง	59	1.9	4145	0.10		
9850	จุ้นจ้าน	59	1.9	18010	2.19		
9851	มิลลิเมตร	58	1.9	6526	0.22		y
9852	ไอ้หน้าโง่	58	1.9		speech-only	offensive	
9853	อาร์มสตรอง	58	1.9	14608	1.20		
9854	อีบ้า	58	1.9		speech-only	offensive	
9855	ฏา	58	1.9	10700	0.57		
9856	วิลเลียมส์	58	1.9	10888	0.59		
9857	นิ่งส์	58	1.9	36806	speech-only		
9858	เฮ็ก	58	1.9	11067	0.62		
9859	ซ่าร์	58	1.9	17959	2.15		
9860	นักพรต	58	1.9	15066	1.30		
9861	ยอร์ค	58	1.9	21107	3.47		
9862	เนวา	58	1.9	24598	6.24		
9863	แดร์	58	1.9	20759	3.29		
9864	เทือก	58	1.9	5960	0.18		
9865	บริส	58	1.9	21431	3.67		
9866	นิคม	58	1.9	4444	0.11		
9867	เข้าขา	58	1.9	16551	1.69		
9868	สตรัค	58	1.9	22991	4.80		
9869	ซิงค์	58	1.9	24413	5.68		
9870	ร้อด	58	1.9	25470	6.94		
9871	ชิลด์	58	1.9	24633	6.24		
9872	อมา	58	1.9	9732	0.47		
9873	ดุดัน	58	1.9	8798	0.38		
9874	เจ้าแม่	58	1.9	4772	0.13		
9875	เด็ดเดี่ยว	58	1.9	7691	0.29		
9876	รุส	58	1.9	13689	1.02		
9877	แตกคอ	58	1.9	20808	3.29		
9878	ฒ	58	1.9	13599	1.01		
9879	ปากหวาน	58	1.9	13559	0.99		
9880	ต่างแดน	58	1.9	5917	0.18		
9881	ลอม	58	1.9	13653	1.01		
9882	ตีตรา	58	1.9	13550	0.99		
9883	เดียส	58	1.9	34519	speech-only		
9884	กองทัพบก	58	1.9	5423	0.16		
9885	เทรา	58	1.9	23507	5.20		
9886	เชี่ยว	58	1.9	7728	0.30		
9887	บรรเจิด	58	1.9	10965	0.61		
9888	จิ้งหรีด	58	1.9	12468	0.81		
9889	ริ่	58	1.9	24571	6.24		
9890	บิค	58	1.9	12414	0.80		
9891	ฝิ่น	58	1.9	5614	0.17		
9892	ภาคเรียน	58	1.9	7508	0.28		
9893	แมวป่า	58	1.9	20807	3.29		
9894	แจ็กเก็ต	58	1.9	23955	5.68		
9895	รวน	58	1.9	10359	0.53		
9896	อินเดียนแดง	58	1.9	9377	0.44		
9897	หวะ	58	1.9	20065	2.97		
9898	สักการะ	58	1.9	6199	0.20		
9899	โบราณคดี	58	1.9	6333	0.20		
9900	ด้อม	58	1.9	15235	1.36	slang	
9901	เคบิน	58	1.9	24569	6.24		
9902	บั๊ก	58	1.9	23230	4.80		
9903	เกย	58	1.9	7338	0.27		
9904	สะเก็ด	58	1.9	8717	0.37		
9905	ตัล	58	1.9	12030	0.74		
9906	งี่	58	1.9	6675	0.23		
9907	ใจง่าย	58	1.9	12594	0.83	offensive	
9908	ผู้ลงทุน	58	1.9	8382	0.35		
9909	วัติ	58	1.9	9382	0.44		
9910	ดื้อด้าน	58	1.9	19580	2.71		
9911	เยิ้ม	58	1.9	9561	0.45		
9912	ขบ	58	1.9	6915	0.24		
9913	เรื้อรัง	58	1.9	3977	0.09		
9914	สวมรอย	58	1.9	18893	2.50		
9915	ฉิว	58	1.9	8070	0.32		
9916	เป๋	58	1.9	13733	1.02		
9917	เซ้นส์	58	1.9	17487	1.95		
9918	เตร่	58	1.9	9461	0.44		
9919	กาแล็กซี่	58	1.9	20230	3.12		
9920	บึ้ง	58	1.9	8444	0.35		
9921	เจียม	58	1.9	5475	0.16		
9922	แต่อย่างไรก็ตาม	57	1.8	4869	0.13		
9923	ทอมสัน	57	1.8	24730	6.14		
9924	เนิด	57	1.8	26786	7.67		
9925	ไทน	57	1.8	25698	6.82		
9926	ไอแซก	57	1.8	37875	speech-only		
9927	เดสมอนด์	57	1.8	32552	speech-only		
9928	เดิร	57	1.8	15514	1.39		
9929	มาริน	57	1.8	13584	0.97		
9930	บีบี	57	1.8	8780	0.38		
9931	สวิตเซอร์แลนด์	57	1.8	6603	0.22		
9932	บู้	57	1.8	14170	1.10		
9933	สตั้น	57	1.8	36845	speech-only		
9934	รุย	57	1.8	21110	3.41		
9935	อว	57	1.8	11944	0.72		
9936	อพอล	57	1.8	15285	1.33		
9937	ออโต	57	1.8	11542	0.67		
9938	ถง	57	1.8	15093	1.28		
9939	บอต	57	1.8	29875	12.27		
9940	พง	57	1.8	5787	0.17		
9941	คาเวียร์	57	1.8	24162	5.58		
9942	ฟาวล์	57	1.8	15967	1.50		
9943	เลฟ	57	1.8	15049	1.28		
9944	เลียร์	57	1.8	21954	3.84		
9945	เธียน	57	1.8	30835	speech-only		
9946	เทต	57	1.8	21575	3.61		
9947	องค	57	1.8	14486	1.16		
9948	จิว	57	1.8	7553	0.28		
9949	สิทธิมนุษยชน	57	1.8	3211	0.06		
9950	ประภาคาร	57	1.8	18377	2.19		
9951	ชะแลง	57	1.8	24457	5.58		
9952	ม้าม	57	1.8	12076	0.74		
9953	สปริงฟิลด์	57	1.8	36594	speech-only		
9954	เดนซ์	57	1.8	5098	0.14		
9955	วิตกจริต	57	1.8	16735	1.70		
9956	เลขาธิการ	57	1.8	1166	0.02		
9957	สลายตัว	57	1.8	8013	0.31		
9958	จิส	57	1.8	10151	0.50		
9959	ซิงเกิ้ล	57	1.8	17052	1.80		
9960	พยัคฆ์	57	1.8	12141	0.75		
9961	สเวตเตอร์	57	1.8	24681	6.14		
9962	งอแง	57	1.8	10142	0.50	slang	
9963	ปอร์	57	1.8	10839	0.58		
9964	พยาบาท	57	1.8	8338	0.34		
9965	ลีลาศ	57	1.8	10457	0.53		
9966	คีย์บอร์ด	57	1.8	10999	0.60	colloquial	y
9967	รังไข่	57	1.8	9717	0.46		
9968	วาล์ว	57	1.8	9944	0.48		
9969	เดินทัพ	57	1.8	17555	1.92		
9970	นักสำรวจ	57	1.8	30589	12.27		
9971	ปรานี	57	1.8	7455	0.27		
9972	อพาร์ตเม้นท์	57	1.8	14924	1.25		
9973	หล่อเลี้ยง	57	1.8	6388	0.20		
9974	แผลง	57	1.8	8110	0.32		
9975	ณะ	57	1.8	6125	0.19		
9976	สดุดี	57	1.8	7708	0.29		
9977	ลวดลาย	57	1.8	2806	0.05		
9978	ชีวประวัติ	57	1.8	10055	0.49		
9979	สมเกียรติ	57	1.8	8084	0.32		
9980	ถ่อ	57	1.8	11376	0.65	slang	
9981	สร	57	1.8	3578	0.08		
9982	หน้าไม้	57	1.8	10475	0.53		
9983	ม็อบ	57	1.8	7858	0.30	slang	
9984	ลูกโซ่	57	1.8	9256	0.42		
9985	น่านน้ำ	57	1.8	9194	0.41		
9986	โต้วาที	57	1.8	6230	0.19		
9987	คำคม	57	1.8	14271	1.12		
9988	รวมหัว	57	1.8	14255	1.12		
9989	ดิสต์	57	1.8	13618	0.99		
9990	ห่ำ	57	1.8	21343	3.61		
9991	โลโก้	57	1.8	10788	0.57		
9992	ก้าวเท้า	57	1.8	7615	0.28		
9993	ราบคาบ	57	1.8	10953	0.59		
9994	เสาะ	57	1.8	6016	0.18		
9995	จุดศูนย์กลาง	57	1.8	7318	0.26		
9996	ป้ายสี	57	1.8	11985	0.73		
9997	ฉน	57	1.8	28307	10.23		
9998	ปู่ทวด	57	1.8	16340	1.57		
9999	แสร้งว่า	57	1.8	22084	4.09		
10000	เฝือก	57	1.8	14433	1.16		
10001	บิดเบี้ยว	57	1.8	9483	0.44		
10002	จำแนก	57	1.8	2299	0.04		
10003	นายทาส	57	1.8	15956	1.50		
10004	ชิท	56	1.8	34267	speech-only		
10005	บริทท์	56	1.8	25019	6.03		
10006	ซินแคลร์	56	1.8	36775	speech-only		
10007	เฟลิกซ์	56	1.8	19460	2.62		
10008	บอริส	56	1.8	23016	4.64		
10009	ชูล	56	1.8	32684	speech-only		
10010	ปี๊	56	1.8	22978	4.64		
10011	ฎ	56	1.8	13817	1.00		
10012	มมิ่ง	56	1.8	28375	10.05		
10013	เวิร์ล	56	1.8	21471	3.55		
10014	ร่ายรำ	56	1.8	9113	0.40		y
10015	มอลล์	56	1.8	9330	0.42		
10016	เลื้อยคลาน	56	1.8	12263	0.75		
10017	ดอล์ฟ	56	1.8	25087	6.03		
10018	หลาด	56	1.8	24822	6.03		
10019	อาร์เดน	56	1.8	26294	7.54		
10020	ลุส	56	1.8	12679	0.81		
10021	เจ๊า	56	1.8	13471	0.94		
10022	กล้องจุลทรรศน์	56	1.8	10926	0.58		y
10023	ดอท	56	1.8	11574	0.66		
10024	บรูคส์	56	1.8	25996	6.70		
10025	แมนซ์	56	1.8	25214	6.03		
10026	ฉลุย	56	1.8	11150	0.60		
10027	นิทรา	56	1.8	10171	0.49		
10028	ราชองครักษ์	56	1.8	8639	0.35		
10029	เสจ	56	1.8	12367	0.76		
10030	เกอิชา	56	1.8	20715	3.17		
10031	ทิวลิป	56	1.8	14370	1.12		
10032	นุส	56	1.8	16932	1.72		
10033	เมื้อ	56	1.8	20826	3.17		
10034	นอย	56	1.8	16236	1.55	slang	
10035	ตอร์ปิโด	56	1.8	25765	6.70		
10036	พิช	56	1.8	13038	0.87		
10037	กระปุก	56	1.8	9723	0.45		
10038	เรขาคณิต	56	1.8	6239	0.19		y
10039	กังหัน	56	1.8	8246	0.32		
10040	จิ๊บจ๊อย	56	1.8	18239	2.15	colloquial	
10041	เพส	56	1.8	17232	1.83		
10042	ชนม์	56	1.8	9557	0.44		
10043	เบิกบาน	56	1.8	5241	0.14		
10044	ฮูด	56	1.8	23807	5.02		
10045	นักวิชาการ	56	1.8	1929	0.03		
10046	เวต	56	1.8	11012	0.59		
10047	เวียต	56	1.8	10791	0.56		
10048	ประกาศนียบัตร	56	1.8	5053	0.13		
10049	จมปลัก	56	1.8	13853	1.00	offensive	
10050	แข็งขัน	56	1.8	7281	0.25		
10051	แลย	56	1.8	26424	7.54		
10052	คาดคะเน	56	1.8	5924	0.18		
10053	เตาเผา	56	1.8	6741	0.22		
10054	เหน็ดเหนื่อย	56	1.8	5545	0.16		
10055	โฉนด	56	1.8	6863	0.23	colloquial	
10056	ทางเท้า	56	1.8	9896	0.47		
10057	ทะนง	56	1.8	9397	0.42		
10058	กดน้ำ	56	1.8	15434	1.34		
10059	ฦ	56	1.8	39072	speech-only		
10060	เชิดชู	56	1.8	6794	0.22		
10061	ป่าไม้	56	1.8	3351	0.07		
10062	ติวเตอร์	56	1.8	14077	1.06		
10063	ง้อ	56	1.8	7107	0.24		
10064	แสวง	56	1.8	5357	0.15		
10065	แส่	56	1.8	17380	1.83		
10066	วาม	56	1.8	7861	0.30		
10067	ใจ๊	55	1.8	21143	3.29		
10068	ลินด์เซย์	55	1.8	32948	speech-only		
10069	สังวาส	55	1.8	16803	1.64		
10070	คอนสแตนซ์	55	1.8	32014	speech-only		
10071	มอฟ	55	1.8	25769	6.58		
10072	ไอส์แลนด์	55	1.8	18476	2.19		
10073	นทร์	55	1.8	33484	speech-only		
10074	ซอลท์	55	1.8	36414	speech-only		
10075	สเตร	55	1.8	34136	speech-only		
10076	ไฟฟ์	55	1.8	35140	speech-only		
10077	โอปราห์	55	1.8	22071	3.95		
10078	แผ่ขยาย	55	1.8	8680	0.35		
10079	ไทร์	55	1.8	27631	8.46		
10080	ลาซา	55	1.8	14104	1.04		
10081	เดบ	55	1.8	24833	5.92		
10082	ไพร์ซ	55	1.8	37512	speech-only		
10083	พยางค์	55	1.8	5121	0.13		
10084	ทริกซ์	55	1.8	20370	2.96		
10085	เคลม	55	1.8	16959	1.69	colloquial	
10086	ฉิน	55	1.8	9370	0.41		
10087	ย่องเบา	55	1.8	22045	3.95		
10088	ยาเสพย์ติด	55	1.8	5628	0.16		
10089	เสือดาว	55	1.8	15188	1.26		
10090	ซัว	55	1.8	6697	0.21		
10091	ท่อม	55	1.8	16006	1.44		
10092	พนง	55	1.8	34379	speech-only	colloquial	
10093	วินด์	55	1.8	15406	1.32		
10094	ฮ็อก	55	1.8	19858	2.69		
10095	ไซน์	55	1.8	17772	1.97		y
10096	เช่อร์	55	1.8	28088	9.87		
10097	เครื่องปรับอากาศ	55	1.8	7394	0.26		
10098	ระลอก	55	1.8	6012	0.18		
10099	กงล้อ	55	1.8	18013	2.04		
10100	ทรงกลม	55	1.8	7027	0.23		y
10101	กิโมโน	55	1.8	16164	1.48		
10102	มับ	55	1.8	21329	3.48		
10103	อัญเชิญ	55	1.8	6555	0.21		
10104	พริ้ว	55	1.8	18862	2.37		
10105	แพร่งพราย	55	1.8	17644	1.91		
10106	ขั้นต่ำ	55	1.8	4694	0.12		
10107	ทาร์ต	55	1.8	18632	2.28		
10108	ปลง	55	1.8	6028	0.18		
10109	ม็อก	55	1.8	20028	2.82		
10110	ปิดบัญชี	55	1.8	14594	1.14		
10111	นิ่ว	55	1.8	6396	0.20		
10112	ไฮเทค	55	1.8	8225	0.32		
10113	ของเถื่อน	55	1.8	16329	1.52		
10114	ขยิบ	55	1.8	10675	0.54		
10115	รอก	55	1.8	11235	0.60		y
10116	ยกทรง	55	1.8	14718	1.16		
10117	สะดุดตา	55	1.8	5772	0.17		
10118	เตร็ดเตร่	55	1.8	15161	1.26		
10119	นายทุน	55	1.8	2596	0.05		
10120	รื่นรมย์	55	1.8	6286	0.19		
10121	เงื่อน	55	1.8	9180	0.40		
10122	สัณ	55	1.8	26909	7.40		
10123	การจลาจล	55	1.8	11864	0.68		
10124	ตอนต้น	55	1.8	3201	0.06		
10125	ลื้อ	55	1.8	3628	0.08	offensive	
10126	โจทก์	55	1.8	1480	0.02		
10127	นิวเคลียส	55	1.8	10277	0.50		y
10128	กระเจิง	55	1.8	9990	0.47		
10129	ศูนย์วิจัย	55	1.8	8481	0.34		
10130	แจ่มใส	55	1.8	3586	0.07		
10131	นักชก	55	1.8	11342	0.62		
10132	จุดบอด	55	1.8	17047	1.74		
10133	กระถาง	55	1.8	5344	0.14		
10134	โวย	55	1.8	6127	0.18		
10135	โปก	55	1.8	24371	5.38		
10136	บ่อนทำลาย	55	1.8	10339	0.51		
10137	สุดโต่ง	55	1.8	8133	0.31		
10138	ถ่ายแบบ	55	1.8	10166	0.49		
10139	มลพิษ	55	1.8	2106	0.03		y
10140	เซนเซอร์	55	1.8	22487	4.23		
10141	หรรษา	55	1.8	10986	0.57		
10142	ไอพ่น	55	1.8	19381	2.57		
10143	เบี่ยง	55	1.8	8151	0.31		
10144	ดโน๊ต	55	1.8	33477	speech-only		
10145	คืด	55	1.8	21930	3.70		
10146	คึกคัก	55	1.8	4385	0.10		
10147	อุ๊บส์	54	1.8	20796	3.06		
10148	นิวแมน	54	1.8	22269	3.88		
10149	อ๊าย	54	1.8	7519	0.26		
10150	นาตาชา	54	1.8		speech-only	slang	
10151	ตายโหง	54	1.8	15526	1.32	offensive	
10152	เค้นท์	54	1.8	31913	speech-only		
10153	ไอ้ตัวแสบ	54	1.8		speech-only	slang	
10154	กฎา	54	1.8	20624	3.06		
10155	แฮร	54	1.8	35724	speech-only		
10156	แมรี	54	1.8	16399	1.53		
10157	ราร์ด	54	1.8	13453	0.91		
10158	วอลด์	54	1.8	25138	5.81		
10159	รัซ	54	1.8	20278	2.91		
10160	คอฟฟี่	54	1.8	16172	1.45		
10161	แอตต์	54	1.8	34172	speech-only		
10162	กอต	54	1.8	29962	11.63		
10163	เฮะ	54	1.8	15687	1.35		
10164	อุระ	54	1.8	14338	1.08		
10165	ไนโตรเจน	54	1.8	8089	0.30		y
10166	วจนะ	54	1.8	15269	1.26		
10167	เท่าตัว	54	1.8	5644	0.16		
10168	เด่ะ	54	1.8	17157	1.71		
10169	ดาย	54	1.8	10789	0.54		
10170	ภาคใต้	54	1.8	1665	0.02		
10171	ไฟนอล	54	1.8	24418	5.28	colloquial	
10172	มรกต	54	1.8	8403	0.32		
10173	มายด์	54	1.8	7563	0.26		
10174	เฮา	54	1.8	4479	0.10		
10175	ชอบกล	54	1.8	6545	0.20		
10176	ภูมิประเทศ	54	1.8	8420	0.33		
10177	อารยัน	54	1.8	10397	0.50		
10178	กะเทย	54	1.8	8511	0.33	offensive	
10179	บลีย์	54	1.8	20547	3.06		
10180	สกรู	54	1.8	23448	4.84		
10181	ซาลาเปา	54	1.8	12322	0.74		
10182	ซาดิสม์	54	1.8	17519	1.82		
10183	ปลดอาวุธ	54	1.8	18603	2.24		
10184	ลูกข่าง	54	1.8	22772	4.15		
10185	เหวิน	54	1.8	9430	0.41		
10186	เปียง	54	1.8	17148	1.71		
10187	เม็ค	54	1.8	27206	8.30		
10188	กาพย์	54	1.8	5913	0.17		
10189	ยกยอ	54	1.8	14943	1.19		
10190	บลี	54	1.8	30680	speech-only		
10191	เพียร	54	1.8	3776	0.08		
10192	ขาดใจ	54	1.8	8209	0.31		
10193	งี	54	1.8	20692	3.06		
10194	ป่น	54	1.8	5383	0.14		
10195	มณฑล	54	1.8	3030	0.06		
10196	คันเร่ง	54	1.8	11707	0.65		
10197	ดูรึ	54	1.8	25022	5.81		
10198	ออซ	54	1.8	38402	speech-only		
10199	ตื้นตัน	54	1.8	10716	0.53		
10200	ฮ็อท	54	1.8	19282	2.42		
10201	ซ้ำรอย	54	1.8	11327	0.61		
10202	สมอ	54	1.8	10496	0.51		
10203	รี่ย์ส	54	1.8	36420	speech-only		
10204	เม็น	54	1.8	24027	5.28		
10205	ลก	54	1.8	7301	0.25		
10206	ตั้งหน้าตั้งตา	54	1.8	32449	speech-only		
10207	พจนานุกรม	54	1.8	5480	0.15		
10208	กร่อย	54	1.8	11583	0.64		
10209	แทรกซ้อน	54	1.8	5094	0.13		
10210	ร่อนเร่	54	1.8	14332	1.08		
10211	บัญ	54	1.8	12808	0.81		
10212	ถ่ายเท	54	1.8	7062	0.23		
10213	ดูดซึม	54	1.8	7276	0.24		
10214	โปร่ง	54	1.8	4032	0.09		
10215	ทอป	54	1.8	29265	11.63		
10216	ยนะ	54	1.8	16076	1.45		
10217	ติดปาก	54	1.8	8124	0.30		
10218	ลงรอยกัน	54	1.8	12933	0.83		
10219	เอะใจ	54	1.8	9254	0.40		
10220	ซุกซ่อน	54	1.8	7703	0.27		
10221	แปลน	54	1.8	9329	0.40		
10222	สต็อก	54	1.8	13698	0.95		
10223	กลยุทธ	54	1.8	12362	0.74		
10224	กันชน	54	1.8	13738	0.95		
10225	ปลีกตัว	54	1.8	8289	0.32		
10226	ซึมซับ	54	1.8	5954	0.17		
10227	คัญ	54	1.8	12700	0.79		
10228	เสวย	54	1.8	3843	0.08		
10229	ห๋า	53	1.7	19279	2.38		
10230	บัตเลอร์	53	1.7	22263	3.80		
10231	ฮาย	53	1.7	15779	1.36		
10232	บรู๊ซ	53	1.7	19731	2.59		
10233	ยู้	53	1.7	23336	4.39		
10234	หนำซ้ำ	53	1.7	5601	0.15		
10235	เด็ม	53	1.7	28127	9.51		
10236	เชี้ย	53	1.7	15804	1.36		
10237	แกรห์ม	53	1.7	38650	speech-only		
10238	ลอเรนซ์	53	1.7	29617	11.41		
10239	โนห์	53	1.7	13668	0.92		
10240	บาร์ต	53	1.7	30605	11.41		
10241	ฟลา	53	1.7	12156	0.70		
10242	วอกแวก	53	1.7	11644	0.63		
10243	เลห์	53	1.7	16273	1.46		
10244	โบท	53	1.7	25972	6.34		
10245	นเทจ	53	1.7	13646	0.92		
10246	เต่าทอง	53	1.7	15463	1.27		
10247	แฉก	53	1.7	11889	0.66		
10248	เทย์	53	1.7	34673	speech-only		
10249	เจ้ากี้เจ้าการ	53	1.7	12919	0.82		
10250	ดัวร์	53	1.7	28918	9.51		
10251	แป้น	53	1.7	6015	0.17		
10252	แอมโมเนีย	53	1.7	12128	0.70		
10253	แอ๊ก	53	1.7	16755	1.58		
10254	อ่อนเพลีย	53	1.7	6250	0.18		
10255	ขับขาน	53	1.7	14539	1.10		
10256	เต็ด	53	1.7	11071	0.56		
10257	เดียม	53	1.7	17705	1.84		
10258	การต่างประเทศ	53	1.7	5565	0.15		
10259	กึน	53	1.7	32757	speech-only		
10260	เคะ	53	1.7	22198	3.80	slang	
10261	คอรัปชั่น	53	1.7	8732	0.34		
10262	ปลิ้นปล้อน	53	1.7	19188	2.38		
10263	เรือใบ	53	1.7	7892	0.28		
10264	น้ำย่อย	53	1.7	9444	0.40		
10265	ปอดบวม	53	1.7	11712	0.64	slang	
10266	ลูกหลง	53	1.7	15135	1.21	slang	
10267	เสมอภาค	53	1.7	2987	0.05		
10268	ปลาฉลาม	53	1.7	13539	0.91		
10269	เต๋า	53	1.7	4644	0.11		
10270	หล่อลื่น	53	1.7	13016	0.83		
10271	ผายลม	53	1.7	15032	1.19		
10272	ทรัม	53	1.7	25343	6.34		
10273	เฉลียวฉลาด	53	1.7	8897	0.36		
10274	ศิลป	53	1.7	4292	0.10		
10275	สิค	53	1.7	18674	2.19		
10276	ส่งท้าย	53	1.7	7818	0.28		
10277	แป้	53	1.7	35183	speech-only		
10278	หัวแม่มือ	53	1.7	9578	0.42		
10279	สิ้นคิด	53	1.7	15733	1.33		
10280	คงเหลือ	53	1.7	7305	0.24		
10281	วรรณคดี	53	1.7	1673	0.02		
10282	ต่อมน้ำ	53	1.7	12637	0.76		
10283	โรคประสาท	53	1.7	8317	0.31		
10284	อาชา	53	1.7	6491	0.20		
10285	ไฟลุก	53	1.7		speech-only	slang	
10286	รท์	53	1.7	31021	speech-only		
10287	ฟูก	53	1.7	10765	0.53		
10288	กราด	53	1.7	6512	0.20		
10289	ขลุก	53	1.7	11686	0.63		
10290	เทียว	53	1.7	7679	0.27		
10291	รกราก	53	1.7	9153	0.38		
10292	อย่่าง	53	1.7	34459	speech-only		
10293	ตุ้ม	53	1.7	6618	0.20		
10294	โขก	53	1.7	11439	0.61		
10295	พลัม	53	1.7	16234	1.46		
10296	สุม	53	1.7	7595	0.26		
10297	รุณ	53	1.7	10169	0.47		
10298	ริ่ม	53	1.7	31347	speech-only		
10299	ภาคพื้น	53	1.7	7863	0.28		
10300	เงื้อมมือ	53	1.7	15189	1.21		
10301	ละเลง	53	1.7	11423	0.61		
10302	อุดมสมบูรณ์	53	1.7	4265	0.09		
10303	หินอ่อน	53	1.7	5364	0.14		
10304	การเรียนการสอน	53	1.7	3541	0.07		
10305	ฉีกหน้า	53	1.7	17790	1.90		
10306	หยั่งกะ	53	1.7		speech-only	colloquial	
10307	ใต	53	1.7	16525	1.54		
10308	ปลิ้น	53	1.7	12750	0.78		
10309	นายช่าง	53	1.7	9843	0.44		
10310	ให้้	53	1.7	29428	11.41		
10311	แหม่	52	1.7	16102	1.40		
10312	กรก	52	1.7	13020	0.81		
10313	แต๊ก	52	1.7	9991	0.45		
10314	ฟอร์บ	52	1.7	18488	2.07		
10315	คลีโอ	52	1.7	17404	1.75		
10316	มอสส์	52	1.7	29139	9.33		
10317	ญอ	52	1.7	14748	1.12		
10318	หุ่นไล่กา	52	1.7	29130	9.33		
10319	ซอด	52	1.7	16488	1.47		
10320	ซูเปอร์แมน	52	1.7	13815	0.93		
10321	ฟอร์ต	52	1.7	17566	1.75		
10322	สุดกำลัง	52	1.7	15582	1.27		
10323	แต่อย่างใด	52	1.7	1746	0.02		
10324	เลวิน	52	1.7	18416	2.07		
10325	แปง	52	1.7	11884	0.65		
10326	ชะนี	52	1.7	9069	0.36	slang	
10327	ดอกบัว	52	1.7	5037	0.12		y
10328	กระเรียน	52	1.7	11432	0.60		
10329	มั่ย	52	1.7	30142	11.20		
10330	อโล	52	1.7	22881	4.31		
10331	พระเป็นเจ้า	52	1.7	8290	0.30		
10332	สบี้	52	1.7	26585	7.00		
10333	อัลเบอร์	52	1.7	30525	11.20		
10334	ด้อ	52	1.7	39293	speech-only		
10335	ช่วงชิง	52	1.7	6871	0.21		
10336	คาร์ดินัล	52	1.7	23674	4.66		
10337	ร้ง	52	1.7	31659	speech-only		
10338	คี่	52	1.7	12149	0.68		
10339	วิ้น	52	1.7	37781	speech-only		
10340	เปรู	52	1.7	7682	0.26		
10341	โตส	52	1.7	18152	1.93		
10342	แดม	52	1.7	24060	5.09		
10343	ภัณ	52	1.7	29964	11.20		
10344	จืดชืด	52	1.7	13167	0.82		
10345	ไวไฟ	52	1.7	12372	0.72	slang	y
10346	กัป	52	1.7	11650	0.62		
10347	ทวารหนัก	52	1.7	10500	0.49		
10348	ดวงตะวัน	52	1.7	11050	0.55		
10349	เสียน้ำตา	52	1.7	14528	1.08		
10350	ธงชาติ	52	1.7	9164	0.37		
10351	แฮส	52	1.7	24949	5.60		
10352	ฟอสซิล	52	1.7	7804	0.27		y
10353	ขี้เหล้า	52	1.7		speech-only	offensive	
10354	แซ่บ	52	1.7		speech-only	slang	
10355	เกียจ	52	1.7	21438	3.29		
10356	เนติ	52	1.7	12450	0.73		
10357	อมนุษย์	52	1.7	17485	1.75	offensive	
10358	คล้ำ	52	1.7	3903	0.08		
10359	อึ้บ	52	1.7	30096	11.20		
10360	แบล๊ค	52	1.7	16675	1.55		
10361	แหง่	52	1.7	38846	speech-only		
10362	ค่อ	52	1.7	17172	1.65		
10363	ซากปรักหักพัง	52	1.7	11713	0.63		
10364	เครื่องคอมพิวเตอร์	52	1.7	6173	0.17		
10365	เอกฉันท์	52	1.7	8328	0.31		
10366	โบย	52	1.7	12840	0.78		
10367	เปรต	52	1.7	7652	0.26	offensive	
10368	ยร	52	1.7	34627	speech-only		
10369	ครู่เดียว	52	1.7	8602	0.33		
10370	ตั้งตาคอย	52	1.7	23564	4.66		
10371	ระทม	52	1.7	10216	0.46		
10372	ทัศน์	52	1.7	2788	0.05		
10373	รณ์	52	1.7	16731	1.55		
10374	หอบหืด	52	1.7	12396	0.72		
10375	รั้น	52	1.7	14274	1.02		
10376	ฟากฟ้า	52	1.7	7760	0.27		
10377	หยัน	52	1.7	6436	0.19		
10378	ประจาน	52	1.7	9405	0.39		
10379	คีบ	52	1.7	8379	0.31		
10380	ขง	52	1.7	5841	0.16		
10381	ล้าหลัง	52	1.7	5850	0.16		
10382	รค	52	1.7	17107	1.65		
10383	คต	52	1.7	10418	0.49		
10384	ทีฟ	52	1.7	11389	0.59		
10385	แมวน้ำ	52	1.7	19899	2.67		
10386	ยูเอ็น	52	1.7	6278	0.18	colloquial	
10387	ต่างด้าว	52	1.7	2264	0.04	offensive	
10388	เทรนด์	52	1.7	5427	0.14		
10389	อสัง	52	1.7	19192	2.33		
10390	ตามอำเภอใจ	52	1.7	9865	0.43		
10391	บรรลุนิติภาวะ	52	1.7	6763	0.21		
10392	ปิก	52	1.7	17121	1.65		
10393	เดก	52	1.7	21012	3.11		
10394	เปิดบัญชี	52	1.7	10139	0.46		
10395	เกษตรกร	52	1.7	1015	0.01		
10396	เฉิ่ม	52	1.7	14135	1.00	colloquial	
10397	คำร้องขอ	52	1.7	4927	0.12		
10398	ศุล	52	1.7	16626	1.51		
10399	งาบ	52	1.7	17277	1.70		
10400	เนี้ยบ	52	1.7	9730	0.42		
10401	พิธีเปิด	52	1.7	7115	0.23		
10402	ขัดใจ	52	1.7	4969	0.12		
10403	ลักษณ์	52	1.7	1693	0.02		
10404	รกร้าง	52	1.7	10461	0.49		
10405	พาน	52	1.7	4310	0.09		
10406	พระพุทธรูป	52	1.7	4181	0.09		y
10407	พร็อม	52	1.7	28091	9.33		
10408	แม่เจ้าโว้ย	51	1.7	22697	3.92		
10409	เฮอร์แมน	51	1.7	18805	2.11		
10410	ฟรอง	51	1.7	18783	2.11		
10411	เฮกเตอร์	51	1.7	28572	9.15		
10412	คลินตัน	51	1.7	5747	0.15		
10413	อับดุล	51	1.7	10000	0.44		
10414	ตอฟ	51	1.7	18590	2.03		
10415	เช็ง	51	1.7	12540	0.72		
10416	ดูม	51	1.7	30059	10.98		
10417	ตะกุกตะกัก	51	1.7	10110	0.45		
10418	กกกกก	51	1.7	10032	0.44		
10419	เจนนี	51	1.7	29373	10.98		
10420	ความอดอยาก	51	1.7	10616	0.49		
10421	คเก้น	51	1.7	39564	speech-only		
10422	ยูส	51	1.7	30669	speech-only		
10423	ยยยยย	51	1.7	11874	0.64		
10424	จาร์ย	51	1.7	33945	speech-only		
10425	ไบร์	51	1.7	37092	speech-only		
10426	วรรค	51	1.7	725	0.01		
10427	สับปะรด	51	1.7	6494	0.19		
10428	หยะ	51	1.7	23372	4.58		
10429	จ้ำ	51	1.7	7234	0.23		
10430	สวา	51	1.7	14250	1.00		
10431	เดิมที	51	1.7	8388	0.31		
10432	ไฮไลท์	51	1.7	13666	0.89		
10433	กระสับกระส่าย	51	1.7	7874	0.27		
10434	เซี่ยม	51	1.7	14706	1.08		
10435	กองหน้า	51	1.7	7957	0.27		
10436	ทีเด็ด	51	1.7	13529	0.87		
10437	เฟอร์รี่	51	1.7	17970	1.89		
10438	น้ำขึ้น	51	1.7	6784	0.20		y
10439	โลชั่น	51	1.7	10983	0.53		
10440	ฟันดาบ	51	1.7	16587	1.48		
10441	โปรตุเกส	51	1.7	7044	0.22		
10442	บ้อง	51	1.7	18879	2.20		
10443	กัดฟัน	51	1.7	6752	0.20		
10444	กิ๊ฟ	51	1.7	14873	1.12		
10445	พล่อย	51	1.7	15223	1.19		
10446	เกอร์ส	51	1.7	14853	1.10		
10447	ท้องเสีย	51	1.7	9074	0.36		y
10448	งุ่มง่าม	51	1.7	16447	1.44		
10449	ฆา	51	1.7	18244	1.96		
10450	เบอร์ก	51	1.7	27544	7.84		
10451	เฮ้า	51	1.7	18668	2.11		
10452	เกียรตินิยม	51	1.7	11443	0.58		
10453	ยางอาย	51	1.7	17134	1.61		
10454	นิงส์	51	1.7	38549	speech-only		
10455	เกรี้ยวกราด	51	1.7	10731	0.50		
10456	ระเบียบการ	51	1.7	6608	0.19		
10457	ถ้ำมอง	51	1.7	18027	1.89	slang	
10458	ทิ้งขว้าง	51	1.7	15665	1.28		
10459	เนรคุณ	51	1.7	17024	1.61		
10460	กิเลส	51	1.7	2947	0.05		
10461	ธรรมะ	51	1.7	2935	0.05		
10462	ห่	51	1.7	34291	speech-only		
10463	เสง	51	1.7	27058	7.84		
10464	พอใช้	51	1.7	6833	0.20		
10465	รวบรัด	51	1.7	9480	0.39		
10466	อันดี	51	1.7	2839	0.05		
10467	วงเงิน	51	1.7	2562	0.04		
10468	เซลส์	51	1.7	12727	0.75		
10469	เฉียบแหลม	51	1.7	13955	0.95		
10470	ไต่เต้า	51	1.7	10792	0.51		
10471	สิ่งก่อสร้าง	51	1.7	5502	0.14		
10472	กริซ	51	1.7	34843	speech-only		
10473	ง่วน	51	1.7	6557	0.19		
10474	สายใย	51	1.7	8865	0.34		
10475	คำพิพากษา	51	1.7	1466	0.02		
10476	เทิดทูน	51	1.7	9656	0.41		
10477	เป็นผู้เป็นคน	51	1.7	18700	2.11		
10478	ขวัญใจ	51	1.7	6856	0.21		
10479	บังเหียน	51	1.7	14485	1.04		
10480	เส้นเอ็น	51	1.7	12889	0.77		
10481	เอื้อ	51	1.7	2688	0.04		
10482	ฉนวน	51	1.7	7523	0.25		y
10483	เนื้อร้าย	51	1.7	17544	1.72		
10484	ใกล	51	1.7	28617	9.15		
10485	อี่น	51	1.7	30148	10.98		
10486	อูย	50	1.6	14799	1.08	colloquial	
10487	โนน	50	1.6	7492	0.24		
10488	วันแล้ววันเล่า	50	1.6	16362	1.42		
10489	เอมิลี	50	1.6	31894	speech-only		
10490	แต๊น	50	1.6	35884	speech-only		
10491	มองซิเออร์	50	1.6	19467	2.34		
10492	ฟรีแมน	50	1.6	24493	4.89		
10493	เมอร์เรย์	50	1.6	14167	0.96		
10494	มูร	50	1.6	30364	10.77		
10495	ฮิลส์	50	1.6	19307	2.24		
10496	สกอตต์	50	1.6	17954	1.86		
10497	สเวลท์	50	1.6	20049	2.56		
10498	นาล	50	1.6	17674	1.74		
10499	กูน	50	1.6	30174	10.77		
10500	เด็กเปรต	50	1.6		speech-only	offensive	
10501	แมนน์	50	1.6	21081	2.99		
10502	คินส์	50	1.6	36019	speech-only		
10503	กาแฟดำ	50	1.6	21026	2.99		
10504	จอร์จทาวน์	50	1.6	27837	7.69		
10505	ม้าลาย	50	1.6	13023	0.78		
10506	เคิลส์	50	1.6	26828	6.73		
10507	คุณหญิง	50	1.6	2489	0.04	colloquial	
10508	ฮุ่ย	50	1.6	15948	1.31		
10509	ย่อหน้า	50	1.6	5203	0.13		
10510	สลี	50	1.6	38136	speech-only		
10511	พาโล	50	1.6	19038	2.15		
10512	มลิน	50	1.6	19649	2.45		
10513	แคลอรี่	50	1.6	13354	0.83		
10514	แนร์	50	1.6	23104	4.14		
10515	ราล	50	1.6	16256	1.38		
10516	เซิน	50	1.6	14310	0.98		
10517	ซำ	50	1.6	8594	0.31		
10518	งิน	50	1.6	24237	4.89		
10519	แฟนตาซี	50	1.6	13788	0.90		
10520	ยูเรเนียม	50	1.6	13344	0.82		
10521	โดดร่ม	50	1.6	24737	5.38		
10522	แตน	50	1.6	9017	0.35		
10523	เด่ว	50	1.6	46532	speech-only	slang	
10524	รัฐมนตรีว่าการ	50	1.6	1941	0.03		
10525	ป๊ะ	50	1.6	19561	2.34	colloquial	
10526	ไฟลท์	50	1.6	15507	1.22		
10527	ครองราชย์	50	1.6	5664	0.15		
10528	ให้ท่า	50	1.6	14132	0.96		
10529	ปติ	50	1.6	17939	1.79		
10530	สำลี	50	1.6	8333	0.30		
10531	เยอรมนี	50	1.6	4036	0.08		
10532	ท่วงทำนอง	50	1.6	7872	0.26		
10533	อุดหนุน	50	1.6	2037	0.03		
10534	ครักซ์	50	1.6	27817	7.69		
10535	ขุ่น	50	1.6	4252	0.09		
10536	ลิมิต	50	1.6	19712	2.45		y
10537	คอขาดบาดตาย	50	1.6	14239	0.98		
10538	ออกโรง	50	1.6	10973	0.52		
10539	ถุงลม	50	1.6	10942	0.52		
10540	กัต	50	1.6	10426	0.47		
10541	ชัดแจ้ง	50	1.6	3856	0.08		
10542	เม่น	50	1.6	9226	0.36		
10543	ถ่องแท้	50	1.6	6780	0.20		
10544	ไม้ตาย	50	1.6	14933	1.10		
10545	ต้อย	50	1.6	7272	0.23		
10546	สถานกงสุล	50	1.6	14246	0.98		
10547	จัดสรร	50	1.6	1884	0.03		
10548	ฝืด	50	1.6	10180	0.44		
10549	กาส	50	1.6	11285	0.55		
10550	หัวหด	50	1.6	16837	1.54		
10551	ตาเดียว	50	1.6	9946	0.43		
10552	โคลง	50	1.6	4860	0.11		
10553	เก้อ	50	1.6	8402	0.30		
10554	ว้อย	50	1.6	17085	1.58		
10555	เวียด	50	1.6	12672	0.73		
10556	ตี่	50	1.6	8032	0.27		
10557	หรี	50	1.6	21622	3.36		
10558	แปร	50	1.6	2685	0.04		
10559	เตะตา	50	1.6	14422	1.02		
10560	เว็ป	50	1.6	19885	2.56		
10561	ศีล	50	1.6	2768	0.05		
10562	กู้ยืม	50	1.6	2721	0.04		
10563	ของกลาง	50	1.6	4097	0.08	colloquial	
10564	รถเก๋ง	50	1.6	8249	0.29		
10565	หว่านล้อม	50	1.6	12910	0.76		
10566	แฟร้งค์	49	1.6	28404	8.79		
10567	ไฮ่	49	1.6	24300	4.80		
10568	เมลวิน	49	1.6	38388	speech-only		
10569	ทอมป์สัน	49	1.6	13721	0.86		
10570	ชนิต	49	1.6	37122	speech-only		
10571	พาร์ก	49	1.6	20968	2.93		
10572	โซเดียม	49	1.6	11643	0.59		
10573	หลี่	49	1.6	5672	0.14		
10574	ยัค	49	1.6	17810	1.76		
10575	นโปเลียน	49	1.6	8265	0.29		
10576	พระบาทสมเด็จ	49	1.6	2150	0.03		
10577	พระเจ้าอยู่หัว	49	1.6	5473	0.13		
10578	พิต	49	1.6	17894	1.76		
10579	เรียม	49	1.6	7914	0.26		
10580	บินส์	49	1.6	27987	8.79		
10581	ฮ็อบ	49	1.6	38855	speech-only		
10582	อำมาตย์	49	1.6	8248	0.28		
10583	เลนซ์	49	1.6	17836	1.76		
10584	สิก	49	1.6	13070	0.76		
10585	พัส	49	1.6	5496	0.14		
10586	ทรีท	49	1.6	21860	3.30		
10587	ราชโองการ	49	1.6	3960	0.08		
10588	ไวด์	49	1.6	15067	1.10		
10589	เรว	49	1.6	27067	7.54		
10590	ดังนี้	49	1.6	497	0.01		
10591	รอว์	49	1.6	34205	speech-only		
10592	เพก	49	1.6	38518	speech-only		
10593	แวววาว	49	1.6	8773	0.32		
10594	มอสโก	49	1.6	13087	0.76		
10595	ดาวศุกร์	49	1.6	5959	0.16		y
10596	ผู้บังคับการ	49	1.6	8034	0.27		
10597	หางเสือ	49	1.6	18706	2.03		
10598	ราคะ	49	1.6	8367	0.29		
10599	ประแจ	49	1.6	31511	speech-only		
10600	ไคโร	49	1.6	12134	0.64		
10601	น็อก	49	1.6	11808	0.60		y
10602	คล้า	49	1.6	18036	1.82		
10603	สหภาพโซเวียต	49	1.6	6370	0.17		
10604	อวน	49	1.6	5108	0.12		
10605	หน้าแตก	49	1.6		speech-only	slang	
10606	หลบหลีก	49	1.6	11526	0.57		
10607	ภาคี	49	1.6	3194	0.06		
10608	สลีป	49	1.6	33139	speech-only		
10609	เพาะปลูก	49	1.6	3220	0.06		
10610	หมิ่นประมาท	49	1.6	7882	0.26		
10611	ประทัด	49	1.6	13328	0.80		
10612	ครอน	49	1.6	24169	4.80		
10613	สาธยาย	49	1.6	10320	0.45		
10614	กรอ	49	1.6	12058	0.64		
10615	โปรโมชั่น	49	1.6	7692	0.25		
10616	หาน	49	1.6	13117	0.78		
10617	ไต้หวัน	49	1.6	3302	0.06		
10618	ปลดเปลื้อง	49	1.6	10521	0.46		
10619	แหน่ง	49	1.6	19862	2.40		
10620	กีบ	49	1.6	12107	0.64		
10621	คร่อม	49	1.6	8345	0.29		
10622	ประพันธ์	49	1.6	2221	0.03		
10623	ริดสีดวง	49	1.6	13061	0.76		
10624	อรส์	49	1.6	30904	speech-only		
10625	คบเพลิง	49	1.6	14287	0.96		
10626	อ่น	49	1.6	14776	1.05		
10627	เปรียบเปรย	49	1.6	11166	0.53		
10628	คฤ	49	1.6	19922	2.51		
10629	หัวกะทิ	49	1.6	11357	0.55		
10630	เนื้อร้อง	49	1.6	8360	0.29		
10631	น่านฟ้า	49	1.6	18822	2.03		
10632	สอ	49	1.6	4631	0.10		
10633	สรรพากร	49	1.6	12635	0.70		
10634	สกู๊ป	49	1.6	23863	4.40		
10635	จำกัดความ	49	1.6	4122	0.08		
10636	ยึดอำนาจ	49	1.6	6630	0.19		
10637	ถิ่นฐาน	49	1.6	4514	0.10		
10638	ข้อกำหนด	49	1.6	3049	0.05		
10639	รักแร้	49	1.6	7995	0.27		
10640	พูก	49	1.6	22280	3.52		
10641	ผ้าขี้ริ้ว	49	1.6	12721	0.72		
10642	พร่า	49	1.6	6602	0.19		
10643	สัป	49	1.6	14508	1.00		
10644	ผิวน้ำ	49	1.6	5576	0.14		
10645	จุดบกพร่อง	49	1.6	14920	1.08		
10646	ไฟต์	49	1.6	14522	1.01		
10647	ติ่ง	49	1.6	10223	0.44	offensive	
10648	ทิ่มแทง	49	1.6	10848	0.50		
10649	พิสดาร	49	1.6	5994	0.16		
10650	แจ้น	49	1.6	14070	0.93		
10651	จ้อ	49	1.6	12375	0.68		
10652	รายจ่าย	49	1.6	1756	0.02		
10653	ราษฎร	49	1.6	1787	0.02		
10654	ด้วง	49	1.6	4021	0.08		
10655	โอว์	48	1.6	37380	speech-only		
10656	เบรนท์	48	1.6	19290	2.15		
10657	โค่ย	48	1.6	37208	speech-only		
10658	เคร้	48	1.6	31651	speech-only		
10659	พิพ	48	1.6	36771	speech-only		
10660	โห้	48	1.6	20530	2.72		
10661	เวอร์นอน	48	1.6	26964	7.38		
10662	ซีวอน	48	1.6	36510	speech-only		
10663	เทสต์	48	1.6	14084	0.91		
10664	ไฮน์	48	1.6	20570	2.72		
10665	รุ่ย	48	1.6	19456	2.25		
10666	ต่อง	48	1.6	14057	0.91		
10667	โคนัน	48	1.6	24246	4.70		
10668	เลมอน	48	1.6	17659	1.67		
10669	ทนีย์	48	1.6	21876	3.23		
10670	บาร์เรล	48	1.6	7241	0.22		
10671	ฟู่	48	1.6	8037	0.26		
10672	เชง	48	1.6	5218	0.12		
10673	ขอแรง	48	1.6	16540	1.40		
10674	เซ้นต์	48	1.6	22702	3.69		
10675	ค็อกซ์	48	1.6	22505	3.69		
10676	พังค์	48	1.6	29711	10.33		
10677	มิสซา	48	1.6	32973	speech-only		
10678	แคชเชียร์	48	1.6	13046	0.75		
10679	แบกแดด	48	1.6	21350	3.04		
10680	นักโบราณคดี	48	1.6	11580	0.57		
10681	โรงรับจำนำ	48	1.6	19888	2.46		
10682	ถนัดซ้าย	48	1.6	22358	3.44		
10683	ลัท	48	1.6	16762	1.44		
10684	เครื่องเงิน	48	1.6	14361	0.96		
10685	สปิน	48	1.6	17551	1.61		
10686	ภาวะฉุกเฉิน	48	1.6	12108	0.63		
10687	เพ่	48	1.6	21477	3.04		
10688	เจ้าพนักงาน	48	1.6	2552	0.04		
10689	ภาคเหนือ	48	1.6	2498	0.04		
10690	หยาด	48	1.6	5879	0.15		
10691	ขี้เล่น	48	1.6	10783	0.48		
10692	แซว	48	1.6	5205	0.12	colloquial	
10693	ยาฆ่าแมลง	48	1.6	7480	0.23		
10694	แพคเกจ	48	1.6	17348	1.57		
10695	เข้าที	48	1.6	13105	0.76		
10696	พิค	48	1.6	15699	1.20		
10697	ลูกแฝด	48	1.6	13347	0.79		
10698	น้ำมูก	48	1.6	9252	0.35		y
10699	กองหลัง	48	1.6	10153	0.42		
10700	ยกฟ้อง	48	1.6	8956	0.33		
10701	ไมเกรน	48	1.6	16202	1.29		
10702	กงสุล	48	1.6	10878	0.49		
10703	สิ้นพระชนม์	48	1.6	6680	0.19		
10704	เท็กซ์	48	1.6	15947	1.26		
10705	หืด	48	1.6	10882	0.49		
10706	วอลเล่ย์	48	1.6	27376	7.38		
10707	ห้าวหาญ	48	1.6	12494	0.68		
10708	ทำตา	48	1.6	4516	0.09		
10709	นักเคมี	48	1.6	18126	1.78		
10710	เยี่ยมเยียน	48	1.6	6054	0.16		
10711	ชำรุด	48	1.6	4786	0.10		
10712	มร	48	1.6	6694	0.19		
10713	แข	48	1.6	9536	0.37		
10714	ยอมความ	48	1.6	10483	0.45		
10715	ก่า	48	1.6	12569	0.69		
10716	จ๊อก	48	1.6	13047	0.75		
10717	คู่ปรับ	48	1.6	13542	0.82		
10718	ตั้งต้น	48	1.6	6544	0.18		
10719	อาลัย	48	1.6	6111	0.16		
10720	ขึง	48	1.6	8167	0.27		
10721	ลูบไล้	48	1.6	9021	0.33		
10722	สมญา	48	1.6	9510	0.37		
10723	ตะครุบ	48	1.6	11112	0.52		
10724	นักกฎหมาย	48	1.6	4489	0.09		
10725	ชีท	48	1.6	18080	1.78		
10726	เพนท์	48	1.6	18137	1.78		
10727	จอภาพ	48	1.6	6495	0.18		
10728	มโนธรรม	48	1.6	12914	0.73		
10729	ถดถอย	48	1.6	5640	0.14		
10730	บำรุงรักษา	48	1.6	5289	0.12		
10731	ต้นคอ	48	1.6	7706	0.24		
10732	ส่งกลิ่น	48	1.6	7912	0.26		
10733	ดิ่ม	48	1.6	30757	speech-only		
10734	ตราหน้า	48	1.6	12413	0.66		
10735	กบาล	48	1.6	11947	0.61		
10736	ตีกลับ	48	1.6		speech-only	slang	
10737	สเก็ตช์	48	1.6	15880	1.23		
10738	แก็ง	48	1.6	24566	5.17		
10739	ทนทาน	48	1.6	6721	0.19		
10740	เคี่ยว	48	1.6	7372	0.22		
10741	รีรอ	48	1.6	8718	0.31		
10742	สตร้า	48	1.6	35284	speech-only		
10743	แย็บ	47	1.5	22863	3.89		
10744	รูปี	47	1.5	19184	2.11		
10745	บ็อกซ์	47	1.5	17844	1.69		
10746	อัซ	47	1.5	28944	8.43		
10747	ที้	47	1.5	23307	3.89		
10748	เกี่ยวก้อย	47	1.5	15691	1.18		
10749	หน้าตัก	47	1.5	15624	1.18		
10750	ปิ๊	47	1.5	24620	5.06	slang	
10751	รงค์	47	1.5	8665	0.30		
10752	เกรฟ	47	1.5	30823	speech-only		
10753	เบ้า	47	1.5	9376	0.35		
10754	คลีฟ	47	1.5	9160	0.34		
10755	ฟินแลนด์	47	1.5	12403	0.65		
10756	เสือดำ	47	1.5	14960	1.03		
10757	เชียง	47	1.5	1062	0.01		
10758	ดีเลย์	47	1.5	22727	3.61		
10759	หาว	47	1.5	8666	0.30		
10760	โซล่า	47	1.5	24040	4.60		
10761	ไซยาไนด์	47	1.5	17774	1.69		
10762	กลิน	47	1.5	17571	1.58		
10763	ฮาร์ต	47	1.5	18556	1.87		
10764	เดรัจฉาน	47	1.5	8234	0.27		
10765	บุ๊ก	47	1.5	7946	0.25	colloquial	
10766	รีวิว	47	1.5	19364	2.20		
10767	ก๊อบ	47	1.5	18944	2.02		
10768	มะเขือ	47	1.5	7001	0.20		
10769	สัส	47	1.5	20597	2.66	offensive	
10770	กิส	47	1.5	13154	0.74		
10771	ไลซ์	47	1.5	24291	4.60		
10772	ฟินิกซ์	47	1.5	20537	2.66		
10773	เสิร์ท	47	1.5	25416	5.62		
10774	ประทุน	47	1.5	31503	speech-only		
10775	ชว	47	1.5	6538	0.18		
10776	เกลี่ย	47	1.5	10271	0.43		
10777	เบรุต	47	1.5	30721	speech-only		
10778	เซง	47	1.5	26297	6.32		
10779	เซพ	47	1.5	24130	4.60		
10780	นาฎ	47	1.5	16864	1.45		
10781	จ้ำจี้	47	1.5	18215	1.81		
10782	คลอก	47	1.5	17476	1.58		
10783	วิมาน	47	1.5	7784	0.24	offensive	
10784	มาท	47	1.5	17432	1.58		
10785	จั๊ก	47	1.5	15781	1.20		
10786	คทา	47	1.5	14612	0.97		
10787	วงเวียน	47	1.5	11395	0.53		
10788	พราน	47	1.5	4604	0.10		
10789	ปด	47	1.5	11496	0.54		
10790	นิติวิทยาศาสตร์	47	1.5	13292	0.77		
10791	รมย์	47	1.5	7179	0.21		
10792	ท่วงท่า	47	1.5	9743	0.38		
10793	สตันท์	47	1.5	35035	speech-only		
10794	จับกลุ่ม	47	1.5	7500	0.23		
10795	โอลิมปัส	47	1.5	22972	3.89		
10796	เฉื่อย	47	1.5	10405	0.44		
10797	หนึ	47	1.5	26052	6.32		
10798	บู๊ต	47	1.5	15547	1.15		
10799	พญา	47	1.5	3455	0.06		
10800	จูงมือ	47	1.5	6271	0.16		
10801	ชักดาบ	47	1.5		speech-only	slang	
10802	ศุนย์	47	1.5	19166	2.11		
10803	โพสท์	47	1.5	26714	6.32		
10804	ใร	47	1.5	18199	1.81		
10805	บริสุทธิ์ใจ	47	1.5	8633	0.30		
10806	กรรมสิทธิ์	47	1.5	3794	0.07		
10807	ผู้บริโภค	47	1.5	1642	0.02		
10808	หนักหน่วง	47	1.5	6811	0.19		
10809	เชื้อเชิญ	47	1.5	7524	0.23		
10810	อ๊าาาา	46	1.5	21541	2.91		
10811	ดวน	46	1.5	18920	1.98		
10812	เกียน	46	1.5	23688	4.13		
10813	วี่ย์	46	1.5	35963	speech-only		
10814	สตีเวนส์	46	1.5	29394	9.90		
10815	โวลต์	46	1.5	18398	1.83		y
10816	เลียวนาร์ด	46	1.5	28081	8.25		
10817	โลลา	46	1.5	32841	speech-only		
10818	เทียส	46	1.5	30470	9.90		
10819	ฟรอย	46	1.5	20850	2.75		
10820	อาร์ท	46	1.5	14396	0.92		
10821	ออบ	46	1.5	19315	2.06		
10822	ลัฟ	46	1.5	39428	speech-only		
10823	บอยส์	46	1.5	23620	4.13		
10824	ตุลา	46	1.5	6280	0.16		
10825	กาลี	46	1.5	15509	1.13	offensive	
10826	คราฟท์	46	1.5	16454	1.30		
10827	มอค	46	1.5	8172	0.26		
10828	นอต	46	1.5	14400	0.92		
10829	ชายคา	46	1.5	8096	0.26		
10830	จีไอ	46	1.5	20787	2.61		
10831	เกซ	46	1.5	13301	0.75		
10832	เปร	46	1.5	7306	0.21		
10833	ฮุก	46	1.5	16449	1.30		
10834	บร็อค	46	1.5	20023	2.36		
10835	โมล	46	1.5	25661	5.50		
10836	ลิเบอร์ตี้	46	1.5	24479	4.50		
10837	ดาร์ก	46	1.5	25268	5.50		
10838	ชิลี	46	1.5	6730	0.18		
10839	วิงเวียน	46	1.5	10465	0.43		
10840	แบมือ	46	1.5	10012	0.40		
10841	แหย	46	1.5	12321	0.63		
10842	นอร์เวย์	46	1.5	9781	0.38		
10843	ลัค	46	1.5	14504	0.93		
10844	ถึก	46	1.5	9306	0.34		
10845	อำพัน	46	1.5	14006	0.85		
10846	เอี่ยม	46	1.5	6999	0.19		
10847	เรนท์	46	1.5	21478	2.91		
10848	ศาสดา	46	1.5	7903	0.25	slang	
10849	กระบังลม	46	1.5	19682	2.25		
10850	ปากแข็ง	46	1.5	12806	0.69		
10851	ปฐพี	46	1.5	14270	0.90		
10852	ลัช	46	1.5	32402	speech-only		
10853	เดลี	46	1.5	9167	0.33		
10854	เนื่องมาจาก	46	1.5	2189	0.03		
10855	โชติช่วง	46	1.5	11964	0.58		
10856	เมือก	46	1.5	9246	0.34		
10857	ลูกมือ	46	1.5	10316	0.42		
10858	เชลยศึก	46	1.5	12759	0.68		
10859	คัว	46	1.5	13603	0.80		
10860	แสกหน้า	46	1.5	20111	2.36		
10861	ฟีลด์	46	1.5	4063	0.08		
10862	ฟลู	46	1.5	15578	1.13		
10863	ตาล	46	1.5	6654	0.18		
10864	สเกต	46	1.5	25302	5.50		
10865	กิร	46	1.5	33164	speech-only		
10866	ผุยผง	46	1.5	21933	3.09		
10867	พลุ่ง	46	1.5	9508	0.36		
10868	เล่าขาน	46	1.5	9830	0.38		
10869	ผู้ขาย	46	1.5	4238	0.08		
10870	เยอ	46	1.5	12285	0.62		
10871	สโลแกน	46	1.5	12281	0.62		
10872	ธรณีวิทยา	46	1.5	7438	0.22		y
10873	อึดใจ	46	1.5	5041	0.11		
10874	วูบวาบ	46	1.5	7590	0.23		
10875	อึกทึก	46	1.5	10555	0.44		
10876	สเปก	46	1.5	11096	0.49		
10877	พู่กัน	46	1.5	8071	0.26		
10878	ผู้ประกอบการ	46	1.5	2186	0.03		
10879	หน่วยกิต	46	1.5	13522	0.79		
10880	เฉด	46	1.5	10244	0.41	colloquial	
10881	พร้อมทั้ง	46	1.5	1963	0.03		
10882	คดีอาญา	46	1.5	4083	0.08		
10883	ตะแกรง	46	1.5	10570	0.44		
10884	หักเห	46	1.5	10045	0.40		y
10885	แข็งข้อ	46	1.5	15642	1.15		
10886	ทบ	46	1.5	4242	0.08		
10887	ลีบ	46	1.5	9096	0.32		
10888	คมชัด	46	1.5	10093	0.40		
10889	ปี๋	46	1.5	9059	0.32		
10890	ธุ	46	1.5	15949	1.21		
10891	เซ้าซี้	46	1.5	10879	0.47		
10892	ปัญ	46	1.5	9372	0.35		
10893	อัลบัม	46	1.5	16529	1.34		
10894	เรทติ้ง	46	1.5	16616	1.34		
10895	หาม	46	1.5	7335	0.21		
10896	แกลง	46	1.5	13607	0.80		
10897	พรหม	46	1.5	3510	0.06		
10898	เยก	46	1.5	22452	3.54		
10899	อือม์	45	1.5	18506	1.79		
10900	โตโต้	45	1.5	24376	4.40		
10901	โฮ่ง	45	1.5	13473	0.76	colloquial	
10902	มิลลิกรัม	45	1.5	6802	0.18		
10903	เรแกน	45	1.5	8401	0.27		
10904	ลิ้งค์	45	1.5	24469	4.40		
10905	ซานติเอโก	45	1.5	26658	6.06		
10906	หนิง	45	1.5	7550	0.22		
10907	รัฟ	45	1.5	28390	8.07		
10908	คาวี	45	1.5	16857	1.38		
10909	เกนส์	45	1.5	39525	speech-only		
10910	ทัพเรือ	45	1.5		speech-only	colloquial	
10911	ดาฟ	45	1.5	22993	3.73		
10912	ชัม	45	1.5	15106	1.01		
10913	เว่นส์	45	1.5	31747	speech-only		
10914	เช็คสเปียร์	45	1.5	20733	2.55		
10915	เหลน	45	1.5	10361	0.41		
10916	โบลิเวีย	45	1.5	11778	0.55		
10917	ขุนเขา	45	1.5	9119	0.32		
10918	แหล	45	1.5	19545	2.11		
10919	วอลเลอร์	45	1.5	22637	3.46		
10920	รุ่ม	45	1.5	7809	0.23		
10921	บิช	45	1.5	18781	1.86		
10922	หวอ	45	1.5	12834	0.67		
10923	โล่ว	45	1.5	25469	5.38		
10924	ถิ	45	1.5	10695	0.44		
10925	เปย์	45	1.5	24780	4.84	slang	
10926	ผดุง	45	1.5	8109	0.25		
10927	วิบัติ	45	1.5	10205	0.40		
10928	เมลเบิร์น	45	1.5	12385	0.62		
10929	เกรี้ยว	45	1.5	12694	0.65		
10930	ตลับ	45	1.5	9933	0.38		
10931	เอพี	45	1.5	6505	0.17		
10932	แทร็ค	45	1.5	17515	1.51		
10933	กระติก	45	1.5	9628	0.36		
10934	ขมับ	45	1.5	8202	0.26		
10935	พอใช้ได้	45	1.5	14273	0.88		
10936	ธุรการ	45	1.5	15752	1.13		
10937	สโล	45	1.5	15758	1.13		
10938	อลิค	45	1.5	15075	1.01		
10939	พราย	45	1.5	5896	0.14		
10940	ขาวดำ	45	1.5	8759	0.29		
10941	กาส์	45	1.5	32016	speech-only		
10942	เรื่องสั้น	45	1.5	3594	0.06		
10943	หุง	45	1.5	4246	0.08		
10944	ไฟล์ท	45	1.5	19462	2.11		
10945	เสื่อมโทรม	45	1.5	4775	0.10		
10946	ท้ายทอย	45	1.5	9585	0.35		
10947	เฉิดฉาย	45	1.5	12600	0.65	slang	
10948	ประมาณการ	45	1.5	5947	0.14		
10949	แซ่	45	1.5	5700	0.13		
10950	ทุ่น	45	1.5	7848	0.24		
10951	สัมพันธภาพ	45	1.5	3647	0.06		
10952	แล่ะ	45	1.5	32006	speech-only		
10953	บีบคั้น	45	1.5	6998	0.19		
10954	วิธีคิด	45	1.5	3136	0.05		
10955	บ่ง	45	1.5	5265	0.12		
10956	ทวงคืน	45	1.5	15844	1.15		
10957	อากาศยาน	45	1.5	5875	0.14		
10958	ค้อง	45	1.5	21665	3.03		
10959	เซ้น	45	1.5	18233	1.73		
10960	ภูมิปัญญา	45	1.5	3338	0.05		
10961	ขัดเกลา	45	1.5	6593	0.17		
10962	วางไข่	45	1.5	6551	0.17	slang	
10963	ลัพท์	45	1.5	20917	2.69		
10964	ป่าช้า	45	1.5	8760	0.30		
10965	ตระเตรียม	45	1.5	6940	0.19		
10966	วีล	45	1.5	18502	1.79		
10967	บูต	45	1.5	24453	4.40		
10968	ษี	45	1.5	5609	0.13		
10969	ยิ้มแย้ม	45	1.5	4737	0.10		
10970	วัณโรค	45	1.5	8920	0.30		
10971	เดินสาย	45	1.5	9061	0.31		
10972	ผ่อนผัน	45	1.5	4850	0.10		
10973	ซอฟ	45	1.5	21533	2.85		
10974	กระโถน	45	1.5	13103	0.71		
10975	หลาก	45	1.5	3971	0.07		
10976	ดึงดัน	45	1.5	13862	0.82		
10977	รถไฟฟ้า	45	1.5	4218	0.08		y
10978	วิพากษ์วิจารณ์	45	1.5	3056	0.05		
10979	พาหะ	45	1.5	10940	0.47		
10980	ภาษ	45	1.5	10431	0.42		
10981	วิ่งเต้น	45	1.5	6467	0.16		
10982	โซโล่	45	1.5	23713	4.04		
10983	เกี้ยว	45	1.5	10013	0.39		
10984	ศาสนจักร	45	1.5	8192	0.26		
10985	ทมิฬ	45	1.5	9189	0.33		
10986	อ๊าว	44	1.4	23776	3.95		
10987	ฮื้อ	44	1.4	13019	0.69		
10988	จาระบี	44	1.4	32151	speech-only		
10989	แอนสัน	44	1.4	37955	speech-only		
10990	อริน	44	1.4	16186	1.18		
10991	สตีน	44	1.4	32816	speech-only		
10992	เยียร์	44	1.4	17281	1.44		
10993	ควินท์	44	1.4	26971	6.77		
10994	บอบ	44	1.4	13307	0.72		
10995	เจ้าหญิงนิทรา	44	1.4		speech-only	slang	
10996	เน็ธ	44	1.4	31076	speech-only		
10997	เบียล	44	1.4	37763	speech-only		
10998	ซีโน	44	1.4	17130	1.39		
10999	จัว	44	1.4	23282	3.64		
11000	ท้อป	44	1.4	32073	speech-only		
11001	ระเบิดมือ	44	1.4	25150	4.74		
11002	สีดา	44	1.4	7537	0.21		
11003	แม่นม	44	1.4	14118	0.83		
11004	วิลลา	44	1.4	12938	0.68		
11005	บรอนซ์	44	1.4	11495	0.51		
11006	แฟล	44	1.4	35544	speech-only		
11007	เพียร์	44	1.4	20893	2.63		
11008	มุล	44	1.4	17020	1.39		
11009	แด๊นซ์	44	1.4	37026	speech-only		
11010	เวี่ยน	44	1.4	33747	speech-only		
11011	ฝ่ายซ้าย	44	1.4	5273	0.11		
11012	บรูก	44	1.4	29633	9.47		
11013	สตรีม	44	1.4	17400	1.48		
11014	แดค	44	1.4	20088	2.26		
11015	กระทุ้ง	44	1.4	11510	0.51		
11016	เฟื่อง	44	1.4	10057	0.38		
11017	แฮง	44	1.4	25621	5.26		
11018	ฝากตัว	44	1.4	15775	1.13		
11019	เนตต์	44	1.4	28059	7.89		
11020	เพ่น	44	1.4	6690	0.17		
11021	ฮ้อ	44	1.4	10945	0.46		
11022	หลอ	44	1.4	17695	1.53		
11023	แมนเชสเตอร์	44	1.4	6228	0.15		
11024	คีฟ	44	1.4	20012	2.26		
11025	เหย	44	1.4	19549	2.06		
11026	สปี	44	1.4	16044	1.16		
11027	สตรา	44	1.4	21344	2.79		
11028	โปรยปราย	44	1.4	10182	0.39		
11029	ดึ๋ง	44	1.4	17756	1.58		
11030	จุดหมายปลายทาง	44	1.4	6860	0.18		
11031	ปั๋ง	44	1.4	18395	1.75		
11032	แต้	44	1.4	10392	0.41		
11033	ปอย	44	1.4	9197	0.32		
11034	ป๊อปคอร์น	44	1.4		speech-only	colloquial	
11035	เขน	44	1.4	8948	0.30		
11036	เต็มยศ	44	1.4	10638	0.43		
11037	กล๊อค	44	1.4	33993	speech-only		
11038	เจี้ยน	44	1.4	11837	0.54		
11039	เหี้ยมโหด	44	1.4	11843	0.54		
11040	มมาก	44	1.4	21867	2.96		
11041	จิด	44	1.4	20110	2.26		
11042	ศัทพ์	44	1.4	22080	3.16		
11043	เซ่อซ่า	44	1.4	21170	2.63		
11044	เดือดดาล	44	1.4	14902	0.97		
11045	ขืนใจ	44	1.4	16498	1.28	slang	
11046	หักโหม	44	1.4	14208	0.85		
11047	ร่ง	44	1.4	20432	2.37		
11048	ใฝ่	44	1.4	5552	0.12		
11049	ธ่อ	44	1.4	24511	4.31		
11050	อายุขัย	44	1.4	7132	0.19		
11051	สมุทร	44	1.4	2890	0.04		
11052	เสียชื่อ	44	1.4	11335	0.49		
11053	ณี	44	1.4	3808	0.07		
11054	พลบ	44	1.4	12121	0.58		
11055	ปฐมนิเทศ	44	1.4	12146	0.58		
11056	ไปป์	44	1.4	15529	1.08		
11057	ปูด	44	1.4	9747	0.36		
11058	ตั๊น	44	1.4	20542	2.49		
11059	ใก้	44	1.4	21119	2.63		
11060	โพล่ง	44	1.4	8066	0.24		
11061	กินเด็ก	44	1.4		speech-only	slang	
11062	ทะนุถนอม	44	1.4	7494	0.21		
11063	ระทึก	44	1.4	6587	0.17		
11064	พอเพียง	44	1.4	2728	0.04		
11065	ลีมูซีน	44	1.4	29780	9.47		
11066	กลเม็ด	44	1.4	15641	1.10		
11067	โบรกเกอร์	44	1.4	17837	1.58		
11068	หลักทรัพย์	44	1.4	3614	0.06		
11069	วีรกรรม	44	1.4	7827	0.23	slang	
11070	คลำ	44	1.4	6296	0.15		
11071	บุ่มบ่าม	44	1.4	17459	1.48		
11072	นักว่ายน้ำ	44	1.4	15468	1.05		
11073	มวลสาร	44	1.4	14491	0.89		
11074	สมุ	44	1.4	24492	4.31		
11075	คลัด	43	1.4	38002	speech-only		
11076	อื่อ	43	1.4	20471	2.31		
11077	เวโรนิกา	43	1.4	32403	speech-only		
11078	ว๊าย	43	1.4		speech-only	colloquial	
11079	คัป	43	1.4	28742	7.71		
11080	แอลเลน	43	1.4	27480	6.61		
11081	สตรอม	43	1.4	27541	6.61		
11082	การ์ท	43	1.4	21367	2.72		
11083	แลงก์	43	1.4	35705	speech-only		
11084	โฮต	43	1.4	39232	speech-only		
11085	ซีฟ	43	1.4	14412	0.86		
11086	จินส์	43	1.4	30261	9.26		
11087	ฮิม	43	1.4	12488	0.60		
11088	จูด	43	1.4	19908	2.20		
11089	มูฟ	43	1.4	12323	0.59		
11090	ซาด	43	1.4	21259	2.72		
11091	ไอซ์แลนด์	43	1.4	15954	1.13		
11092	เฮิร์ด	43	1.4	28455	7.71		
11093	ซองต์	43	1.4	17997	1.60		
11094	กัวเตมาลา	43	1.4	19560	2.01		
11095	แด๊ก	43	1.4	28898	7.71		
11096	นิวเจอร์ซีย์	43	1.4	13388	0.71		
11097	ราวี	43	1.4	10141	0.38		
11098	ลมส์	43	1.4	17859	1.54		
11099	รูทเบียร์	43	1.4	34045	speech-only		
11100	ลิ้ง	43	1.4	26228	5.79		
11101	ไพรม์	43	1.4	13317	0.70		
11102	ชู้ต	43	1.4	9746	0.35		
11103	ปืนสั้น	43	1.4	17588	1.49		
11104	กวาน	43	1.4	15273	1.01		
11105	เบนซ์	43	1.4	8851	0.29		
11106	เป็นต้นมา	43	1.4	2404	0.03		
11107	ปลั่ง	43	1.4	8552	0.27		
11108	สำเภา	43	1.4	8676	0.28		
11109	ออร์เดอร์	43	1.4	11571	0.50	colloquial	
11110	ลาลา	43	1.4	24573	4.63		
11111	เนค	43	1.4	13024	0.67		
11112	เมกะ	43	1.4	10728	0.42		
11113	ปัส	43	1.4	10539	0.41		
11114	ไลส์	43	1.4	29112	7.71		
11115	สตอล	43	1.4	24606	4.63		
11116	เลาะห์	43	1.4	15570	1.05		
11117	ปีกลาย	43	1.4	13459	0.72		
11118	เวียส	43	1.4	16266	1.19		
11119	อำนวยการ	43	1.4	5313	0.11		
11120	แนวตั้ง	43	1.4	8311	0.25		
11121	ซานโต	43	1.4	26866	5.79		
11122	คนใหญ่คนโต	43	1.4	12857	0.65		
11123	ไก๋	43	1.4	9689	0.35		
11124	เซบ	43	1.4	36638	speech-only		
11125	ก๊อ	43	1.4	19222	1.93		
11126	อีสท์	43	1.4	28707	7.71		
11127	ไดซ์	43	1.4	12733	0.63		
11128	ส่ำ	43	1.4	12103	0.56		
11129	มึนงง	43	1.4	9813	0.36		
11130	กระชั้น	43	1.4	9606	0.34		
11131	ทะลุปรุโปร่ง	43	1.4	13479	0.72		
11132	ลวงตา	43	1.4	13581	0.73		
11133	กินหญ้า	43	1.4		speech-only	offensive	
11134	ขี้แตก	43	1.4		speech-only	slang	
11135	โงะ	43	1.4	20627	2.44		
11136	ฉีน	43	1.4	32393	speech-only		
11137	หน้าซีด	43	1.4	6712	0.17		
11138	พัฟ	43	1.4	21413	2.72		
11139	ดินระเบิด	43	1.4	22471	3.31		
11140	ขาเข้า	43	1.4	3882	0.07		
11141	กูด	43	1.4	14423	0.87		
11142	เทก	43	1.4	15380	1.03		
11143	เหี้ยม	43	1.4	10506	0.41		
11144	กรวย	43	1.4	6185	0.15		y
11145	ค็อก	43	1.4	16607	1.25		
11146	รนหาที่	43	1.4		speech-only	colloquial	
11147	ฉกฉวย	43	1.4	12032	0.55		
11148	สหพันธรัฐ	43	1.4	8496	0.26		
11149	บอกปัด	43	1.4	10672	0.42		
11150	เรือนร่าง	43	1.4	8553	0.27		
11151	ชุม	43	1.4	5520	0.12		
11152	ต้ง	43	1.4	10119	0.38		
11153	ค่ายกักกัน	43	1.4	17314	1.40		
11154	ดี๊	43	1.4	9325	0.32		
11155	ยาด	43	1.4	16450	1.22		
11156	กระเซ็น	43	1.4	11313	0.48		
11157	กุลสตรี	43	1.4	11090	0.46		
11158	สุภาษิต	43	1.4	6754	0.17		
11159	ปฐม	43	1.4	4297	0.08		
11160	สลัว	43	1.4	6162	0.14		
11161	สถาปนา	43	1.4	3767	0.06		
11162	ใจเสาะ	43	1.4	19663	2.10	offensive	
11163	สุมหัว	43	1.4	15053	0.96		
11164	คุมกำเนิด	43	1.4	8438	0.26	slang	
11165	เบ้าตา	43	1.4	15740	1.08		
11166	ลิสท์	43	1.4	9791	0.35		
11167	ขู่เข็ญ	43	1.4	9147	0.31		
11168	หนู่	43	1.4	27915	6.61		
11169	วอยซ์	43	1.4	20907	2.57		
11170	หิ	43	1.4	9601	0.34		
11171	เหรอะ	43	1.4	30639	speech-only		
11172	ยากไร้	43	1.4	6795	0.17		
11173	ซอฟต์แวร์	43	1.4	6748	0.17		
11174	โซนิค	43	1.4	19239	1.93		
11175	ปุบปับ	43	1.4	13761	0.76		
11176	จัดแจง	43	1.4	6835	0.17		
11177	จริ	43	1.4	13623	0.75		
11178	สนั่น	43	1.4	4376	0.08		
11179	ลุกฮือ	43	1.4	12623	0.62		
11180	คัฟ	43	1.4	10176	0.38		
11181	มะม่วง	43	1.4	4958	0.10		
11182	แนวร่วม	43	1.4	5523	0.12		
11183	สิ้ง	43	1.4	24044	4.21		
11184	ประกอบการ	43	1.4	1659	0.02		
11185	ผูกขาด	43	1.4	4109	0.07		
11186	มิดชิด	43	1.4	6452	0.16		
11187	แบบฝึกหัด	43	1.4	8528	0.27		
11188	ตายตัว	43	1.4	3761	0.06		
11189	โค้ต	43	1.4	12012	0.55		
11190	บู้ท	43	1.4	27844	6.61		
11191	ฉันท	43	1.4	19040	1.85		
11192	หงอก	43	1.4	9307	0.32		
11193	น้ำลง	43	1.4	7642	0.22		y
11194	ย่าม	43	1.4	8492	0.26		
11195	กั้บ	43	1.4	24363	4.21		
11196	ลโลว	42	1.4	32912	speech-only		
11197	ลอเรนโซ	42	1.4	34665	speech-only		
11198	ไอดาโฮ	42	1.4	30955	speech-only		
11199	กระทง	42	1.4	5005	0.10		y
11200	บิวตี้	42	1.4	14800	0.90		
11201	ริชมอนด์	42	1.4	25534	5.02		
11202	เจี๊ยบ	42	1.4	5268	0.11		
11203	เซนเตอร์	42	1.4	19618	2.06		
11204	เนก	42	1.4	9983	0.36		
11205	แบ้	42	1.4	26025	5.65		
11206	กรอส	42	1.4	22874	3.48		
11207	วอห์น	42	1.4	24705	4.52		
11208	แนท	42	1.4	15028	0.94		
11209	ครอฟท์	42	1.4	15654	1.05		
11210	โบกี้	42	1.4	15505	1.03		
11211	สปริงส์	42	1.4	39097	speech-only		
11212	วีฟ	42	1.4	27351	6.46		
11213	ล่าส์	42	1.4	26464	5.65		
11214	แบลล์	42	1.4	24204	4.11		
11215	มิลล์ส	42	1.4	33887	speech-only		
11216	ซุย	42	1.4	13181	0.67		
11217	เฟลล์	42	1.4	39883	speech-only		
11218	พิว	42	1.4	13349	0.70		
11219	พึ	42	1.4	38268	speech-only		
11220	โปรเฟสเซอร์	42	1.4	14536	0.87		
11221	สวิสเซอร์แลนด์	42	1.4	6770	0.17		
11222	อายส์	42	1.4	23349	3.48		
11223	เป็ก	42	1.4	24642	4.52		
11224	เปียน	42	1.4	16949	1.29		
11225	นวัตกรรม	42	1.4	4464	0.08		
11226	ตติ	42	1.4	21921	2.83		
11227	ธรา	42	1.4	9802	0.35		
11228	โรมานอฟ	42	1.4	21045	2.51		
11229	แวค	42	1.4	24344	4.11		
11230	ฟังก์	42	1.4	28032	7.54		
11231	ป๊อด	42	1.4	11218	0.46		
11232	ฟิงเกอร์	42	1.4	37354	speech-only		
11233	สวิน	42	1.4	35451	speech-only		
11234	แลมบ์	42	1.4	29217	9.04		
11235	เผาขน	42	1.4	20029	2.15		
11236	มาส์	42	1.4	28131	7.54		
11237	ถั่วงอก	42	1.4	10610	0.40		
11238	เอจ	42	1.4	11030	0.44		
11239	หห	42	1.4	39218	speech-only		
11240	เกร็ด	42	1.4	6128	0.14		
11241	ดาม	42	1.4	12485	0.59	slang	
11242	พีชคณิต	42	1.4	24124	4.11		y
11243	เยะ	42	1.4	16453	1.19		
11244	ฟ้าแลบ	42	1.4	11382	0.48		
11245	สโลว์	42	1.4	14061	0.79		
11246	ภูเขาน้ำแข็ง	42	1.4	32011	speech-only		
11247	มูลเหตุ	42	1.4	4486	0.08		
11248	เทรนเนอร์	42	1.4	15383	1.00		y
11249	คำขาด	42	1.4	10423	0.39		
11250	จ๊อกกิ้ง	42	1.4	19321	1.88		
11251	นักพัฒนา	42	1.4	16469	1.19		
11252	เที่ยงธรรม	42	1.4	8630	0.27		
11253	ปิกนิก	42	1.4	13906	0.77		
11254	เทียร์	42	1.4	10207	0.37		
11255	เมทริกซ์	42	1.4	8017	0.23		y
11256	ปู่ย่า	42	1.4	6934	0.17		
11257	ของกำนัล	42	1.4	27285	6.46		
11258	หมดเปลือก	42	1.4	18318	1.61		
11259	หน่อม	42	1.4	21074	2.51		
11260	เลื่อมใส	42	1.4	5068	0.10		
11261	บาบี	42	1.4	38424	speech-only		
11262	รอยต่อ	42	1.4	7170	0.18		
11263	วัฏจักร	42	1.4	6104	0.14		
11264	ปักใจ	42	1.4	9465	0.32		
11265	โชย	42	1.4	5513	0.12		
11266	สำแดง	42	1.4	6050	0.14		
11267	เจตนารมณ์	42	1.4	3915	0.07		
11268	ก๊วน	42	1.4	9794	0.35	slang	
11269	เสียขวัญ	42	1.4	14003	0.78		
11270	แบ่งเบา	42	1.4	10097	0.37		
11271	วิชาเอก	42	1.4	11784	0.51		
11272	ไฟแช็ก	42	1.4	19173	1.88		
11273	คู้	42	1.4	12382	0.58		
11274	ปิดท้าย	42	1.4	6946	0.17		
11275	ดรี	42	1.4	22428	3.23		
11276	เกี่ยวเนื่อง	42	1.4	4710	0.09		
11277	สวิตซ์	42	1.4	14354	0.84		
11278	กว้าน	42	1.4	10729	0.41		
11279	ตกตะลึง	42	1.4	7925	0.22		
11280	บวช	42	1.4	2897	0.04	slang	
11281	ทูป	42	1.4	27592	6.46		
11282	นักการทูต	42	1.4	12294	0.57		
11283	พระวิหาร	42	1.4	10641	0.41		
11284	กระจายเสียง	42	1.4	5281	0.11		
11285	หัวสูง	42	1.4	17071	1.33		
11286	หยุมหยิม	42	1.4	16024	1.10		
11287	โลม	42	1.4	12241	0.56		
11288	รุป	42	1.4	16180	1.13		
11289	ติดตา	42	1.4	9203	0.30		
11290	พอเหมาะ	42	1.4	5455	0.11		
11291	ค่าเฉลี่ย	42	1.4	3288	0.05		y
11292	ภวังค์	42	1.4	7739	0.22		
11293	กล่าวอ้าง	42	1.4	5184	0.10		
11294	ห่อเหี่ยว	42	1.4	12052	0.54		
11295	บ่วง	42	1.4	8964	0.29		
11296	เข้าคู่	42	1.4	12158	0.55		
11297	ปอม	42	1.4	8300	0.25		
11298	เขก	42	1.4	10750	0.42		
11299	พระเจ้าช่วยกล้วยทอด	41	1.3		speech-only	slang	
11300	อิอิ	41	1.3		speech-only	slang	
11301	แหยะ	41	1.3	18949	1.77		
11302	สลิม	41	1.3	15888	1.05		
11303	เนวิลล์	41	1.3	23022	3.40		
11304	จูเลียส	41	1.3	17917	1.47		
11305	เจิด	41	1.3	16915	1.26		
11306	บั๊ค	41	1.3	38395	speech-only		
11307	นิกซ์	41	1.3	24206	4.01		
11308	โหว	41	1.3	15187	0.94		
11309	กุ๊ด	41	1.3	16295	1.13		
11310	หม่าย	41	1.3	27921	7.36		
11311	ปั๊ด	41	1.3	19174	1.84		
11312	ดับเครื่อง	41	1.3	19620	2.01		
11313	คอนโทรล	41	1.3	19366	1.92		
11314	วิสคอนซิน	41	1.3	21411	2.60		
11315	ขณะนั้น	41	1.3	2856	0.04		
11316	ไวร์	41	1.3	20365	2.21		
11317	เธียร์	41	1.3	21040	2.45		
11318	คูส	41	1.3	17794	1.47		
11319	กินซ่า	41	1.3	18936	1.77		
11320	เชิดหุ่น	41	1.3	8846	0.27		
11321	ปริ๊น	41	1.3	22644	3.15		
11322	เท่น	41	1.3	24022	4.01		
11323	เรียต	41	1.3	17599	1.42		
11324	น่าน	41	1.3	4576	0.08		
11325	ภู	41	1.3	2589	0.03		
11326	นีซ	41	1.3	3091	0.04		
11327	โชด	41	1.3	32137	speech-only		
11328	รูหนู	41	1.3		speech-only	colloquial	
11329	เกจ	41	1.3	12003	0.53		
11330	ซูดาน	41	1.3	13395	0.68		
11331	เนื่อ	41	1.3	19849	2.01		
11332	ได้ฤกษ์	41	1.3	11993	0.53		
11333	พริบตาเดียว	41	1.3	14640	0.87		
11334	บ้าเลือด	41	1.3	11527	0.48		
11335	แบนด์	41	1.3	5750	0.12		
11336	คลิง	41	1.3	37189	speech-only		
11337	ตเตอ	41	1.3	37675	speech-only		
11338	เฟรช	41	1.3	14916	0.90		
11339	ก๊ก	41	1.3	4841	0.09	slang	
11340	อนุมาน	41	1.3	9425	0.31		
11341	แบงก์	41	1.3	4560	0.08	colloquial	
11342	กรรมพันธุ์	41	1.3	9459	0.31		
11343	ลายลักษณ์	41	1.3	4592	0.08		
11344	ยอชท์	41	1.3	21474	2.60		
11345	เง่า	41	1.3	6719	0.16		
11346	หยาดเหงื่อ	41	1.3	14732	0.88		
11347	สุริยัน	41	1.3	15716	1.03		
11348	เขียนแบบ	41	1.3	7668	0.21		
11349	ดีล	41	1.3	13558	0.70		
11350	อัฐิ	41	1.3	11841	0.51		
11351	เต็น	41	1.3	19292	1.84		
11352	เซาธ์	41	1.3	13901	0.75		
11353	ลิเบีย	41	1.3	7471	0.19		
11354	โก๊ะ	41	1.3	9474	0.32		
11355	กว้างไกล	41	1.3	7050	0.18		
11356	สุคติ	41	1.3	9402	0.31		
11357	ฝอย	41	1.3	6423	0.15	slang	
11358	กากบาท	41	1.3	10541	0.39		
11359	พระโอรส	41	1.3	6913	0.17		
11360	ฉ้อฉล	41	1.3	7825	0.21		
11361	ฟั่นเฟือน	41	1.3	11271	0.46		
11362	เช็ดน้ำ	41	1.3	9381	0.31		
11363	แน้ม	41	1.3	21063	2.45		
11364	เตลิด	41	1.3	9750	0.33		
11365	หายหน้า	41	1.3	9366	0.31		
11366	เสเพล	41	1.3	17943	1.47		
11367	แปรพักตร์	41	1.3	18101	1.52		
11368	พลัน	41	1.3	3980	0.07		
11369	รังผึ้ง	41	1.3	18002	1.52		
11370	บริวาร	41	1.3	3556	0.05		
11371	อัตราส่วน	41	1.3	3923	0.06		y
11372	แว่ว	41	1.3	4593	0.08		
11373	ฝาผนัง	41	1.3	5727	0.12		
11374	จับตาย	41	1.3	17690	1.42		
11375	ผสาน	41	1.3	6927	0.17		
11376	วเรา	41	1.3	28248	7.36		
11377	ห้องดับจิต	41	1.3		speech-only	colloquial	
11378	มาตร	41	1.3	4095	0.07		
11379	เฟอะฟะ	41	1.3	29461	8.83		
11380	กระดอง	41	1.3	10464	0.38		
11381	ผละ	41	1.3	5602	0.12		
11382	ความดีความชอบ	41	1.3	23436	3.68		
11383	ช่องแคบ	41	1.3	10087	0.36		
11384	เอ๊าะ	41	1.3	17124	1.30		
11385	ตอแย	41	1.3	14002	0.76		
11386	ล้ำเลิศ	41	1.3	12113	0.54		
11387	ฟาสซิสต์	41	1.3	18952	1.77		
11388	เนิ่น	41	1.3	7636	0.20		
11389	ทิตย์	41	1.3	7913	0.22		
11390	มุมมืด	41	1.3	13268	0.67		
11391	ช่ำชอง	41	1.3	13619	0.71		
11392	เกง	41	1.3	16952	1.26		
11393	หัวขาด	41	1.3	20265	2.21		
11394	พลุกพล่าน	41	1.3	8342	0.24		
11395	ประคบ	41	1.3	10406	0.38		
11396	กลับตาลปัตร	41	1.3	14291	0.80		
11397	เทบ	41	1.3	29539	8.83		
11398	หักล้าง	41	1.3	9605	0.32		
11399	รื่ง	41	1.3	23895	3.68		
11400	ท่องจำ	41	1.3	9549	0.32		
11401	ฮึม	40	1.3	27183	6.15		
11402	เทมเปิล	40	1.3	35104	speech-only		
11403	โส่ว	40	1.3	34251	speech-only		
11404	เหิง	40	1.3	27276	6.15		
11405	มิสต์	40	1.3	28476	7.18		
11406	บอยล์	40	1.3	24347	3.91		
11407	ฟรอน	40	1.3	31102	speech-only		
11408	เอป	40	1.3	26400	5.38		
11409	อิลลินอยส์	40	1.3	14661	0.84		
11410	ฮี้	40	1.3	16028	1.05		
11411	โอทิส	40	1.3	30035	8.61		
11412	เถ้าแก่	40	1.3	5095	0.10		
11413	คราวน์	40	1.3	23719	3.59		
11414	ดูใจ	40	1.3	9404	0.30	slang	
11415	สโมค	40	1.3	33137	speech-only		
11416	เหลียง	40	1.3	7153	0.18		
11417	กอท	40	1.3	30702	speech-only		
11418	เบรล	40	1.3	30607	8.61		
11419	วอย	40	1.3	12159	0.53		
11420	เพนซิลเวเนีย	40	1.3	15996	1.05		
11421	โนว	40	1.3	30253	8.61		
11422	เคิ้ล	40	1.3	30764	speech-only		
11423	บึม	40	1.3	20777	2.27		
11424	เอสกิโม	40	1.3	16974	1.23		
11425	แทร์	40	1.3	32629	speech-only		
11426	แร็บ	40	1.3	32219	speech-only		
11427	เยต์	40	1.3	23111	3.31		
11428	นิติศาสตร์	40	1.3	4175	0.07		
11429	สท	40	1.3	22033	2.87		
11430	อิบ	40	1.3	16792	1.20		
11431	ก้วย	40	1.3	14256	0.78		
11432	สเบิร์ก	40	1.3	20491	2.15		
11433	ออย	40	1.3	9563	0.31		
11434	อิ้ง	40	1.3	14228	0.78		
11435	สเตียรอยด์	40	1.3	20113	2.05		
11436	น้ำส้มสายชู	40	1.3	9175	0.29		
11437	แร็ก	40	1.3	17502	1.35		
11438	ผ้าอนามัย	40	1.3	12125	0.53		
11439	ลายคราม	40	1.3	11318	0.45		
11440	ซาร์ดีน	40	1.3	18670	1.66		
11441	สวาปาม	40	1.3	17540	1.35	slang	
11442	ฉ่อง	40	1.3	23560	3.59		
11443	วรรดิ์	40	1.3	24630	4.31		
11444	กะทะ	40	1.3	14968	0.88		
11445	โฟล	40	1.3	32274	speech-only		
11446	เหลียว	40	1.3	4564	0.08		
11447	โล่ห์	40	1.3	25418	4.78		
11448	กุช	40	1.3	15083	0.90		
11449	บ็อท	40	1.3	39656	speech-only		
11450	สนามฟุตบอล	40	1.3	12588	0.57		
11451	ปร้า	40	1.3	31772	speech-only		
11452	บุล	40	1.3	16238	1.10		
11453	ชุ	40	1.3	6428	0.14		
11454	ศาลทหาร	40	1.3	7015	0.17		
11455	ผนวก	40	1.3	3401	0.05		
11456	เน่อร์	40	1.3	23163	3.31		
11457	เมนส์	40	1.3	18365	1.54		
11458	หมี่	40	1.3	9375	0.30		
11459	ปุ๊	40	1.3	12242	0.54		
11460	อพาต	40	1.3	19799	1.96		
11461	องคชาต	40	1.3	13259	0.65		
11462	ศาลสูง	40	1.3	10140	0.35		
11463	รัดกุม	40	1.3	6707	0.16		
11464	หนองใน	40	1.3	17494	1.35		
11465	โฮลด์	40	1.3	27508	6.15		
11466	ข่มขวัญ	40	1.3	18100	1.48		
11467	คลื่นไฟฟ้า	40	1.3	13320	0.65		
11468	กองโจร	40	1.3	12793	0.60		
11469	ง้าง	40	1.3	13416	0.66		
11470	มอนิเตอร์	40	1.3	20810	2.27		
11471	ขับร้อง	40	1.3	6418	0.14		
11472	หมอง	40	1.3	6948	0.17	colloquial	
11473	นั้่น	40	1.3	38372	speech-only		
11474	ทีท่า	40	1.3	5081	0.10		
11475	เปลือกโลก	40	1.3	11540	0.47		y
11476	นอยด์	40	1.3	13851	0.72	slang	
11477	ถี	40	1.3	10988	0.42		
11478	อุตสาห์	40	1.3	17036	1.27		
11479	มลาย	40	1.3	11199	0.43		
11480	ค่อม	40	1.3	11054	0.42		
11481	สืบเนื่อง	40	1.3	4020	0.06		
11482	คาราวาน	40	1.3	11730	0.48		
11483	อืด	40	1.3	10432	0.37		
11484	เน็ก	40	1.3	17475	1.35		
11485	ฉาบ	40	1.3	7490	0.19		
11486	สัปเหร่อ	40	1.3	15659	1.00		
11487	เข้าคิว	40	1.3	7412	0.19		
11488	ยืดยาว	40	1.3	5823	0.12		
11489	ขลัง	40	1.3	7026	0.17		
11490	สูบเลือด	40	1.3	20889	2.39		
11491	คองโก	40	1.3	19738	1.96		
11492	เสียโฉม	40	1.3	16644	1.16		
11493	หยิบยื่น	40	1.3	9050	0.28		
11494	เจ๊าะ	40	1.3	17635	1.39		
11495	ซี่ง	40	1.3	12401	0.55		
11496	หน้าตาเฉย	40	1.3	4986	0.09		
11497	โย้	39	1.3	14991	0.87		
11498	ไดนามิค	39	1.3	21791	2.62		
11499	อัช	39	1.3	6942	0.16		
11500	พ่อง	39	1.3	50116	speech-only	offensive	
11501	กูส	39	1.3	27684	6.00		
11502	เนวิล	39	1.3	39289	speech-only		
11503	กาลิเลโอ	39	1.3	11106	0.42		
11504	ทรีต	39	1.3	18088	1.45		
11505	ยูนิค	39	1.3	31255	speech-only		
11506	โป๊บ	39	1.3	32558	speech-only		
11507	ราโท	39	1.3	31949	speech-only		
11508	ฟลาว	39	1.3	20075	2.00		
11509	ตำรวจนครบาล	39	1.3	9709	0.32		
11510	เฟียส	39	1.3	29056	7.00		
11511	อีเวร	39	1.3		speech-only	offensive	
11512	ริสต์	39	1.3	16836	1.20		
11513	กอฟ	39	1.3	20854	2.33		
11514	แสด	39	1.3	11020	0.41		
11515	อุท	39	1.3	14334	0.78		
11516	เฉวียน	39	1.3	24189	3.82		
11517	สอพลอ	39	1.3	14965	0.86		
11518	พิงค์	39	1.3	9544	0.30		
11519	เต็มตา	39	1.3	8736	0.25		
11520	ฟลอเรนซ์	39	1.3	8904	0.26		
11521	เป๊ป	39	1.3	9210	0.28		
11522	ฟลิน	39	1.3	31034	speech-only		
11523	สไปซ์	39	1.3	19809	1.91		
11524	หยุดหย่อน	39	1.3	11404	0.44		
11525	เคียดแค้น	39	1.3	11929	0.49		
11526	ฉวน	39	1.3	11601	0.46		
11527	สักขี	39	1.3	11639	0.47		
11528	ใจหาย	39	1.3	5324	0.10		
11529	ซกมก	39	1.3		speech-only	slang	
11530	โวค	39	1.3	27629	6.00		
11531	ซ็อก	39	1.3	31746	speech-only		
11532	รับน้อง	39	1.3		speech-only	slang	
11533	เควส	39	1.3	27102	6.00		
11534	เสถียรภาพ	39	1.3	2865	0.04		
11535	ตี๋	39	1.3	5325	0.10		
11536	เอิร์ธ	39	1.3	16129	1.05		
11537	เอ๊กซ์	39	1.3	22916	3.23		
11538	เทร็ค	39	1.3	26444	5.25		
11539	ครัส	39	1.3	25666	4.66		
11540	ซอมซ่อ	39	1.3	14153	0.75		
11541	คอด	39	1.3	14581	0.81		
11542	ขรึม	39	1.3	5584	0.11		
11543	กุมาร	39	1.3	5710	0.12	slang	
11544	ไซบีเรีย	39	1.3	14789	0.84		
11545	แคลคูลัส	39	1.3	24024	3.82		y
11546	สารานุกรม	39	1.3	7855	0.21		
11547	สุงสิง	39	1.3	13161	0.62		
11548	จวบ	39	1.3	6879	0.16		
11549	หน่ม	39	1.3	26864	5.25		
11550	ฟันน้ำนม	39	1.3	17932	1.40		
11551	กล้องส่องทางไกล	39	1.3	15265	0.91		
11552	พอก	39	1.3	8129	0.22		
11553	เฉี่ยว	39	1.3	9150	0.28		
11554	ตติ้ง	39	1.3	28129	7.00		
11555	ไสยศาสตร์	39	1.3	6075	0.13		
11556	หูด	39	1.3	15226	0.91		
11557	ขี้คุก	39	1.3	26764	5.25		
11558	กั๊ก	39	1.3	10439	0.37		
11559	ยั่ง	39	1.3	22879	3.23		
11560	เลือ	39	1.3	18658	1.61		
11561	กริลล์	39	1.3	26879	5.25		
11562	เมื่อง	39	1.3	15378	0.93		
11563	ก๊อป	39	1.3	17526	1.31	slang	
11564	เซรา	39	1.3	25888	4.66		
11565	ไข้ทรพิษ	39	1.3	23328	3.23		
11566	พิโรธ	39	1.3	12044	0.51		
11567	ยีสต์	39	1.3	16061	1.05		
11568	แพร่ระบาด	39	1.3	8518	0.24		
11569	เขากวาง	39	1.3	13578	0.67		
11570	ง่อย	39	1.3	13632	0.68		
11571	ปรองดอง	39	1.3	5104	0.09		
11572	ประณีต	39	1.3	3912	0.06		
11573	ผลรวม	39	1.3	7161	0.17		y
11574	วิสาสะ	39	1.3	8416	0.23		
11575	ห้องเครื่อง	39	1.3	9199	0.28		
11576	จำเพาะ	39	1.3	6677	0.15		
11577	แพล	39	1.3	22489	3.00		
11578	อีแก่	39	1.3	22553	3.00		
11579	หยั่งงี้	39	1.3		speech-only	colloquial	
11580	สุริยะ	39	1.3	9537	0.30		
11581	หายขาด	39	1.3	7357	0.18		
11582	ไม้แข็ง	39	1.3	17747	1.35		
11583	ฝีก	39	1.3	28456	7.00		
11584	ตืน	39	1.3	22088	2.80		
11585	ไกล่เกลี่ย	39	1.3	6273	0.14		
11586	สนุน	39	1.3	15694	0.98		
11587	จำใจ	39	1.3	7432	0.18		
11588	นึกคิด	39	1.3	3496	0.05		
11589	กุ้งมังกร	39	1.3	12397	0.54		
11590	ล่มจม	39	1.3	11178	0.42		
11591	จักรราศี	39	1.3	10183	0.35		
11592	ข่าวพาดหัว	39	1.3	25078	4.20		
11593	ภาคทัณฑ์	39	1.3	13985	0.72		
11594	ศัลย์	39	1.3	17324	1.27		
11595	คนเมือง	39	1.3	6267	0.13		
11596	สมประกอบ	39	1.3	12780	0.58		
11597	กะพริบ	39	1.3	5061	0.09		
11598	มวลชน	39	1.3	3249	0.05		
11599	กวด	39	1.3	11878	0.49		
11600	เวา	39	1.3	18178	1.50		
11601	อย่ง	39	1.3	8681	0.25		
11602	แจ๊ะ	39	1.3	17593	1.35		
11603	กระบวน	39	1.3	3691	0.05		
11604	ขับขี่	39	1.3	4959	0.09		
11605	บ่อน้ำร้อน	39	1.3	21105	2.33		
11606	กำมะหยี่	39	1.3	10295	0.36		
11607	ทนี	38	1.2	30894	speech-only		
11608	นมัส	38	1.2	31342	speech-only		
11609	อึ้ม	38	1.2	23084	3.15		
11610	เลกซ์	38	1.2	16759	1.14		
11611	ลิวอิส	38	1.2	37932	speech-only		
11612	เย็ดแม่ง	38	1.2		speech-only	offensive	
11613	ดรัม	38	1.2	26822	5.11		
11614	อิวาน	38	1.2	28866	6.82		
11615	คอมป์ตัน	38	1.2	35783	speech-only		
11616	ครอว์ฟอร์ด	38	1.2	26082	5.11		
11617	ดามัสกัส	38	1.2	28907	6.82		
11618	แช้ด	38	1.2	37409	speech-only		
11619	เซอร์เคิล	38	1.2	32176	speech-only		
11620	มี้ด	38	1.2	29189	8.18		
11621	รุง	38	1.2	13866	0.69		
11622	เอ๊ก	38	1.2	18302	1.46		
11623	เฟ็กต์	38	1.2	11954	0.48		
11624	เบรส	38	1.2	22856	3.15		
11625	ยิด	38	1.2	18393	1.52		
11626	เมี่ยม	38	1.2	13121	0.60		
11627	ปานะ	38	1.2	21282	2.41		
11628	ไทมส์	38	1.2	18116	1.41		
11629	รวดเดียว	38	1.2	11438	0.44		
11630	กิ๊ป	38	1.2	23617	3.41		
11631	สกอต	38	1.2	22720	2.92		
11632	นอนกรน	38	1.2	20008	1.95		
11633	ฮอพ	38	1.2	24723	4.09		
11634	โลฟ	38	1.2	32201	speech-only		
11635	ไบ่	38	1.2	30474	8.18		
11636	เอิร์น	38	1.2	15244	0.89		
11637	สลาฟ	38	1.2	15399	0.91		
11638	รอยซ์	38	1.2	34871	speech-only		
11639	เจ็ก	38	1.2	15842	0.97		
11640	ขู่กรรโชก	38	1.2	25109	4.09		
11641	เจ้าหัว	38	1.2	22531	2.92		
11642	เนลล์	38	1.2	22619	2.92		
11643	ฟลอเรส	38	1.2	27995	6.82		
11644	ฉิ	38	1.2	21606	2.56		
11645	ดดด	38	1.2	18084	1.41		
11646	ยาร์	38	1.2	19082	1.70		
11647	เจนต์	38	1.2	30101	8.18		
11648	เหนื่อยหน่าย	38	1.2	10726	0.38		
11649	แฮ้	38	1.2	21256	2.41		
11650	สก็อตช์	38	1.2	33920	speech-only		
11651	กกก	38	1.2	18557	1.52		
11652	มิ้นท์	38	1.2	8394	0.23		
11653	กัมมันตภาพรังสี	38	1.2	13847	0.68		
11654	แร่ธาตุ	38	1.2	7701	0.19		
11655	กีย์	38	1.2	27180	5.84		
11656	คุช	38	1.2	19692	1.86		
11657	เมื่อตะกี้	38	1.2	13177	0.61		
11658	ริจ	38	1.2	33093	speech-only		
11659	ลอตเตอรี่	38	1.2	10108	0.33		
11660	นักปรัชญา	38	1.2	8475	0.23		
11661	บังคับการ	38	1.2	7271	0.17		
11662	ช่างเครื่อง	38	1.2	17630	1.32		
11663	โมเดิร์น	38	1.2	7325	0.17		
11664	ร้อนรน	38	1.2	7184	0.17		
11665	ไฟเบอร์	38	1.2	13152	0.60		
11666	อุกอาจ	38	1.2	17097	1.20		
11667	ลูกไฟ	38	1.2	11937	0.48		
11668	เดง	38	1.2	26694	5.11		
11669	ความอุดมสมบูรณ์	38	1.2	12106	0.50		
11670	ซูเปอร์มาร์เก็ต	38	1.2	11043	0.40		
11671	ฮิท	38	1.2	37885	speech-only		
11672	สิส	38	1.2	19491	1.78		
11673	มินท์	38	1.2	14803	0.82		
11674	ตายด้าน	38	1.2	16392	1.08		
11675	แปรเปลี่ยน	38	1.2	4138	0.06		
11676	เติบ	38	1.2	7068	0.16		
11677	ทก	38	1.2	14202	0.73		
11678	เล้าโลม	38	1.2	19020	1.64		
11679	ไม้ขีดไฟ	38	1.2	14016	0.71		
11680	ว้าเหว่	38	1.2	6764	0.15		
11681	ปรปักษ์	38	1.2	9079	0.27		
11682	ธุรกรรม	38	1.2	5608	0.11		
11683	ราชันย์	38	1.2	15606	0.93		
11684	ปูม	38	1.2	15754	0.95		
11685	เอาใจช่วย	38	1.2	10748	0.38		
11686	กำราบ	38	1.2	15220	0.89		
11687	ชะล้าง	38	1.2	11314	0.43		
11688	ท่อไอเสีย	38	1.2	12081	0.49		
11689	สายหลัก	38	1.2	9735	0.31		
11690	ทายา	38	1.2	8378	0.23		
11691	ฟอกขาว	38	1.2	20051	1.95		
11692	แคะ	38	1.2	8437	0.23		
11693	นนน	38	1.2	22709	2.92		
11694	เจริญอาหาร	38	1.2	13518	0.65		
11695	ล่อแหลม	38	1.2	10130	0.34		
11696	เปลือกตา	38	1.2	6061	0.12		
11697	ส่งเสีย	38	1.2	9124	0.27		
11698	ภัต	38	1.2	21973	2.73		
11699	คำแถลง	38	1.2	10158	0.34		
11700	คงตัว	38	1.2	11726	0.46		
11701	ปลูกฝัง	38	1.2	3622	0.05		
11702	วอลเปเปอร์	38	1.2	25819	4.55		
11703	น้อยใจ	38	1.2	4318	0.07		
11704	ซาวน์	38	1.2	18201	1.46		
11705	เว่อ	38	1.2	23362	3.41		
11706	เก็บงำ	38	1.2	11955	0.48		
11707	ตกอับ	38	1.2	17246	1.24		
11708	ที่ราบ	38	1.2	5033	0.09		
11709	ติดมือ	38	1.2	6732	0.15		
11710	สารกัมมันตรังสี	38	1.2	20681	2.15		
11711	คู่ครอง	38	1.2	6478	0.14		
11712	ฟิลม์	38	1.2	20770	2.15		
11713	ถูกปาก	38	1.2	9992	0.33		
11714	เตือนสติ	38	1.2	8369	0.23		
11715	วงค์	38	1.2	14413	0.76		
11716	พิ่ง	38	1.2	29675	8.18		
11717	เกร่ง	38	1.2	34970	speech-only		
11718	ปึก	38	1.2	9509	0.29		
11719	โหล่	38	1.2	21421	2.41		
11720	หมาด	38	1.2	8043	0.21		
11721	ซินยอร์	37	1.2	31825	speech-only		
11722	วอร์ส	37	1.2	16950	1.14		
11723	ชาลส์	37	1.2	15963	0.97		
11724	โศกา	37	1.2	16532	1.08		
11725	ดรูว์	37	1.2	25133	3.98		
11726	เทเรซา	37	1.2	23951	3.62		
11727	กะรัต	37	1.2	7223	0.17		
11728	ตกาล	37	1.2	12631	0.53		
11729	บุทช์	37	1.2	25356	4.43		
11730	เมมโมเรียล	37	1.2	34704	speech-only		
11731	ไคลฟ์	37	1.2	21819	2.49		
11732	พณ	37	1.2	8353	0.22		
11733	สแตนลีย์	37	1.2	21078	2.21		
11734	คอนสแตนติน	37	1.2	22762	2.85		
11735	ป้าบ	37	1.2	17625	1.28		
11736	กรัง	37	1.2	13582	0.63		
11737	ลูน	37	1.2	16998	1.17		
11738	ลีซ	37	1.2	22757	2.85		
11739	ติดดิน	37	1.2		speech-only	slang	
11740	อ๊ก	37	1.2	34847	speech-only		
11741	สแปร์	37	1.2	24158	3.62		
11742	ฮอส	37	1.2	24306	3.62		
11743	ราชัน	37	1.2	13776	0.66		
11744	มยอน	37	1.2	38031	speech-only		
11745	เดลาแวร์	37	1.2	22909	3.06		
11746	อุปราช	37	1.2	8306	0.22		
11747	ซิกส์	37	1.2	22864	3.06		
11748	เอ็บ	37	1.2	22341	2.66		
11749	ลูกหนู	37	1.2	15440	0.89		
11750	แมทช์	37	1.2	11815	0.46		
11751	คลอรีน	37	1.2	12838	0.55		
11752	โคลส	37	1.2	19299	1.66		
11753	ปุกปุย	37	1.2	23280	3.06		
11754	พลู	37	1.2	6357	0.13		
11755	สวิ	37	1.2	34509	speech-only		
11756	กินี	37	1.2	17953	1.37		
11757	กิฟ	37	1.2	20304	1.99		
11758	ลิว	37	1.2	14183	0.71		
11759	เตอร์ส	37	1.2	12541	0.52		
11760	กระฉับกระเฉง	37	1.2	8490	0.23		
11761	ปวกเปียก	37	1.2	20412	1.99		
11762	ดาร์ท	37	1.2	37685	speech-only		
11763	สั่งเสีย	37	1.2	13139	0.59		
11764	ดั้น	37	1.2	10349	0.34		
11765	แถ	37	1.2	19984	1.90	offensive	
11766	สัจธรรม	37	1.2	5887	0.12		
11767	ซุปเปอร์มาร์เก็ต	37	1.2	16189	1.00		
11768	ปุถุชน	37	1.2	7594	0.18		
11769	หินปูน	37	1.2	6610	0.14		
11770	สัปปะ	37	1.2	22797	2.85		
11771	ต้นคริสต์มาส	37	1.2	15815	0.95		
11772	หิมาลัย	37	1.2	10579	0.36		
11773	ฮ็อค	37	1.2	18346	1.42		
11774	ปลุกใจ	37	1.2	10970	0.39		
11775	เภสัชกร	37	1.2	9083	0.26		
11776	เนตร	37	1.2	4447	0.07		
11777	ครึกครื้น	37	1.2	8547	0.23		
11778	กาแล็กซี	37	1.2	8626	0.23		y
11779	ตื่นตา	37	1.2	13240	0.59		
11780	ขมอง	37	1.2	23363	3.32		
11781	ห่าม	37	1.2	14513	0.77		
11782	วจ	37	1.2	18017	1.37		
11783	ฮึด	37	1.2	11288	0.41		
11784	เริด	37	1.2	12873	0.56		
11785	สมสู่	37	1.2	11473	0.42		
11786	ผิดใจ	37	1.2	14210	0.71		
11787	หมัน	37	1.2	11502	0.43		
11788	โบลว์	37	1.2	28753	6.64		
11789	เพนนิซิลลิน	37	1.2	25787	4.43		
11790	ลอยตัว	37	1.2	6167	0.12	slang	
11791	เป็ย	37	1.2	18282	1.42		
11792	ส่วย	37	1.2	5935	0.12	slang	
11793	แช่เย็น	37	1.2	12189	0.49		
11794	ผู้แสดง	37	1.2	3793	0.05		
11795	ปรี๊ด	37	1.2	10747	0.37		
11796	ตะลุย	37	1.2	11078	0.39		
11797	โปลิส	37	1.2	23703	3.32		
11798	พีอาร์	37	1.2		speech-only	colloquial	
11799	ปลวก	37	1.2	9856	0.31		
11800	มรสุม	37	1.2	7868	0.20		
11801	เพรียว	37	1.2	7732	0.19		
11802	แตกร้าว	37	1.2	10758	0.37		
11803	นำเที่ยว	37	1.2	10450	0.35		
11804	นาก	37	1.2	3670	0.05		
11805	รุงรัง	37	1.2	8031	0.20		
11806	ลิ่วล้อ	37	1.2		speech-only	offensive	
11807	เมสเสจ	37	1.2	8377	0.22		
11808	เฮง	37	1.2	5666	0.11	colloquial	
11809	สั้ง	37	1.2	24154	3.62		
11810	เลียบ	37	1.2	5607	0.11		
11811	มห	37	1.2	10856	0.38		
11812	ณุ	37	1.2	4270	0.07		
11813	ข้อเสนอแนะ	37	1.2	3449	0.05		
11814	เหน็บแนม	37	1.2	14355	0.74		
11815	ใข้	37	1.2	21014	2.21		
11816	ไหปลาร้า	37	1.2	20499	1.99		
11817	ษัท	37	1.2	22628	2.85		
11818	โพย	37	1.2	10977	0.39	colloquial	
11819	บารมี	37	1.2	2784	0.03		
11820	ลัดวงจร	37	1.2	14075	0.70		
11821	แหม่ง	37	1.2	21174	2.21		
11822	ฉุกคิด	37	1.2	10005	0.32		
11823	คาดคั้น	37	1.2	8267	0.22		
11824	พนัก	37	1.2	7138	0.16		
11825	สวรรคต	37	1.2	5740	0.11		
11826	นักเตะ	37	1.2	3952	0.06		
11827	กรุ	37	1.2	6447	0.13		
11828	อยู่เวร	37	1.2	12083	0.48		
11829	ถลุง	37	1.2	11276	0.41		
11830	กร่าง	37	1.2	11766	0.45		
11831	ยัวะ	37	1.2	18003	1.37	colloquial	
11832	มือที่สาม	37	1.2	13605	0.64	slang	
11833	มิให้	37	1.2	1555	0.02		
11834	ร่น	37	1.2	10653	0.36		
11835	กรีท	36	1.2	21734	2.42		
11836	เรส์	36	1.2	34288	speech-only		
11837	ออสบอร์น	36	1.2	28428	6.46		
11838	จอหน์	36	1.2	36333	speech-only		
11839	พริม	36	1.2	8723	0.23		
11840	ญัง	36	1.2	39986	speech-only		
11841	กุมภา	36	1.2	16472	1.02		
11842	สมน้ำหน้า	36	1.2	8021	0.20	offensive	
11843	นาฬิกาทราย	36	1.2	22849	2.98		
11844	ถอยทัพ	36	1.2	15819	0.92		
11845	แฮบ	36	1.2	28339	6.46		
11846	วีด	36	1.2	32155	speech-only		
11847	ชาร์ค	36	1.2	30558	7.75		
11848	ระแวดระวัง	36	1.2	10053	0.31		
11849	กร๊วก	36	1.2	30958	speech-only		
11850	คาบศิลา	36	1.2	32392	speech-only		
11851	ทาร์ซาน	36	1.2	18888	1.55		
11852	คลื่นแม่เหล็กไฟฟ้า	36	1.2	9761	0.30		
11853	สล	36	1.2	21598	2.42		
11854	แอมป์	36	1.2	20403	1.94		
11855	ค็อป	36	1.2	22704	2.77		
11856	ดจ	36	1.2	29709	7.75		
11857	เอ็ค	36	1.2	25269	4.31		
11858	เยร์	36	1.2	8212	0.21		
11859	ดูดกลืน	36	1.2	12902	0.55		
11860	จริ๊ง	36	1.2	10467	0.34		
11861	เม็กซ์	36	1.2	18648	1.49		
11862	เด้นท์	36	1.2	23809	3.23		
11863	ชอต	36	1.2	24828	3.88		
11864	คลอไรด์	36	1.2	18310	1.38		
11865	ทรอม	36	1.2	34983	speech-only		
11866	บิกซ์	36	1.2	33815	speech-only		
11867	เหลียน	36	1.2	15908	0.92		
11868	ลอกคราบ	36	1.2	15299	0.84		
11869	น้ำค้าง	36	1.2	7149	0.16		
11870	อ๊อค	36	1.2	27639	5.54		
11871	ท่านชาย	36	1.2	12736	0.53		
11872	เบนท์	36	1.2	26408	4.84		
11873	พระพุทธเจ้า	36	1.2	1772	0.02		
11874	ฟิจิ	36	1.2	18485	1.44		
11875	ซั่ว	36	1.2	19078	1.61		
11876	นักเทศน์	36	1.2	22364	2.58		
11877	มิกซ์	36	1.2	10116	0.32		
11878	บ้วน	36	1.2	12578	0.52		
11879	กรรมกร	36	1.2	4169	0.06		
11880	คฑา	36	1.2	12621	0.52		
11881	จิ้งจก	36	1.2	8331	0.21		y
11882	แตส	36	1.2	17435	1.21		
11883	รินส์	36	1.2	30496	7.75		
11884	เบามือ	36	1.2	11614	0.43		
11885	สารละลาย	36	1.2	13218	0.58		y
11886	อาชญากรสงคราม	36	1.2	24224	3.52		
11887	สุดใจ	36	1.2	9905	0.30		
11888	ลิท	36	1.2	16767	1.08		
11889	กระพือ	36	1.2	11836	0.45		
11890	หน้าเลือด	36	1.2	18882	1.55		
11891	ไมตรี	36	1.2	4967	0.08		
11892	บิลเลียด	36	1.2	14341	0.72		
11893	ท้องผูก	36	1.2	8406	0.22		
11894	น้อ	36	1.2	14777	0.78		
11895	ภิ	36	1.2	3352	0.04		
11896	ดัชนี	36	1.2	2724	0.03		
11897	ขนานนาม	36	1.2	10096	0.32		
11898	ไข้หวัดใหญ่	36	1.2	7802	0.19		
11899	วีค	36	1.2	15501	0.88		
11900	เกษียณอายุ	36	1.2	5723	0.11		
11901	เจือปน	36	1.2	8327	0.21		
11902	สมาน	36	1.2	6817	0.14		
11903	โขยง	36	1.2	12646	0.52	slang	
11904	คว้าน	36	1.2	14686	0.76		
11905	โมต	36	1.2	16596	1.05		
11906	เสี่ยงภัย	36	1.2	8673	0.23		
11907	ผู้ฝึกสอน	36	1.2	11478	0.42		
11908	กระไร	36	1.2	5096	0.09		
11909	กลศาสตร์	36	1.2	17204	1.17		
11910	สเต็ป	36	1.2	14011	0.67		
11911	เท็ค	36	1.2	14369	0.72		
11912	คอนเฟิร์ม	36	1.2	17055	1.14		
11913	บุตรสาว	36	1.2	6327	0.13		
11914	หอสมุด	36	1.2	7672	0.18		
11915	ไขข้อ	36	1.2	11450	0.41		
11916	เทพบุตร	36	1.2	9137	0.26	slang	
11917	อุปทาน	36	1.2	4391	0.07		
11918	สเป็ก	36	1.2	27320	5.54		
11919	ตุ่ม	36	1.2	4872	0.08		
11920	พรรณ	36	1.2	3458	0.05		
11921	เจิง	36	1.2	18093	1.34		
11922	ธัญพืช	36	1.2	6870	0.15		
11923	คราด	36	1.2	13742	0.64		
11924	นอกกฎหมาย	36	1.2	15686	0.90		
11925	จ่าหน้า	36	1.2	11519	0.42		
11926	ติ้ว	36	1.2	10056	0.31		
11927	แค้มป์	36	1.2	16662	1.08		
11928	หวาดหวั่น	36	1.2	7811	0.19		
11929	เย็นชืด	36	1.2	14480	0.73		
11930	เรียลลิตี้	36	1.2	7850	0.19		
11931	น้น	36	1.2	15639	0.90		
11932	ผู้เสียหาย	36	1.2	3020	0.04		
11933	โอดครวญ	36	1.2	11972	0.46		
11934	ฉูดฉาด	36	1.2	11048	0.38		
11935	ฉันท์	36	1.2	5282	0.09		
11936	เกล้า	36	1.2	2756	0.03		
11937	ดันทุรัง	36	1.2	11355	0.40		
11938	ยำเกรง	36	1.2	10373	0.33		
11939	นู้ด	36	1.2	16664	1.08		
11940	ลนลาน	36	1.2	12360	0.49		
11941	ทันต	36	1.2	9073	0.25		
11942	ราบเรียบ	36	1.2	6006	0.12		
11943	ช่วน	36	1.2	21874	2.42		
11944	ยึดทรัพย์	36	1.2	8908	0.24		
11945	ยาจก	36	1.2	14374	0.72		
11946	อัตตา	36	1.2	7487	0.17		
11947	ฟูมฟาย	36	1.2	12391	0.50		
11948	เสนอแนะ	36	1.2	4335	0.07		
11949	ดูดดื่ม	36	1.2	13643	0.63		
11950	คล้อยตาม	36	1.2	5870	0.11		
11951	เข้าหู	36	1.2	8498	0.22		
11952	ใช้เรือ	36	1.2	11375	0.41		
11953	คองเกรส	36	1.2	7613	0.18		
11954	ตรอง	36	1.2	8930	0.24		
11955	เราะ	36	1.2	14600	0.75		
11956	ปลีก	36	1.2	5670	0.11		
11957	เว้า	36	1.2	8380	0.22		
11958	สู้หน้า	36	1.2	19538	1.68		
11959	ขลิบ	36	1.2	13222	0.58		
11960	ตัดเย็บ	36	1.2	6606	0.14		
11961	เทคโอเวอร์	36	1.2	22525	2.77		
11962	มณ	36	1.2	7330	0.16		
11963	โขด	36	1.2	8375	0.22		
11964	เก้ว	36	1.2	28020	6.46	slang	
11965	พลูโต	36	1.2	11926	0.46		
11966	เบย	36	1.2	26492	4.84		
11967	ทองเหลือง	36	1.2	8720	0.23		
11968	บังตา	36	1.2	14750	0.78		
11969	เชะ	35	1.1	17181	1.14		
11970	ยูโน	35	1.1	35013	speech-only		
11971	อูว	35	1.1	39686	speech-only		
11972	ลอร์เรน	35	1.1	34588	speech-only		
11973	ท่านผู้หญิง	35	1.1	7838	0.18		
11974	เสส	35	1.1	24186	3.43		
11975	ดัชท์	35	1.1	29880	7.54		
11976	อี๊	35	1.1	13203	0.56		
11977	ปาสคาล	35	1.1	36875	speech-only		
11978	วอลซ์	35	1.1	19630	1.71		
11979	อันโต	35	1.1	10964	0.37		
11980	วอลค์	35	1.1	38313	speech-only		
11981	ฮอลิเดย์	35	1.1	18225	1.35		
11982	หลิง	35	1.1	10278	0.32		
11983	รูส	35	1.1	27512	5.38		
11984	แกละ	35	1.1	13478	0.59		
11985	ทัช	35	1.1	10380	0.32		
11986	โคล์	35	1.1	36448	speech-only		
11987	แล้วอย่างนี้	35	1.1	12833	0.52		
11988	ทั่ม	35	1.1	28869	6.28		
11989	เวซ	35	1.1	12491	0.49		
11990	หยา	35	1.1	13727	0.62		
11991	แรต	35	1.1	30895	speech-only		
11992	ฟอยล์	35	1.1	17441	1.18		
11993	รัฐประหาร	35	1.1	7557	0.17		
11994	คส	35	1.1	32875	speech-only		
11995	ชิลๆ	35	1.1		speech-only	slang	
11996	แวนคูเวอร์	35	1.1	25250	4.19		
11997	ดอด	35	1.1	15385	0.84		
11998	ฮังการี	35	1.1	12531	0.50		
11999	อาส	35	1.1	35057	speech-only		
12000	กค	35	1.1	14095	0.66		
12001	ล็อบสเตอร์	35	1.1	24519	3.43		
12002	จิ๊ด	35	1.1	11130	0.38		
12003	ดาว์	35	1.1	21325	2.22		
12004	อาร์ม	35	1.1	7321	0.16		
12005	ประหนึ่ง	35	1.1	5695	0.10		
12006	ยุทธการ	35	1.1	12970	0.54		
12007	สิป	35	1.1	12124	0.46		
12008	พิซ	35	1.1	7314	0.16		
12009	ริคส์	35	1.1	21142	2.09		
12010	นักประพันธ์	35	1.1	25227	3.77		
12011	เชียล	35	1.1	7813	0.18		
12012	เบียง	35	1.1	23177	2.90		
12013	เซฟตี้	35	1.1	25866	4.19		
12014	ฟาว	35	1.1	37020	speech-only		
12015	เช้ง	35	1.1	6576	0.13	colloquial	
12016	รังนก	35	1.1	9001	0.24		
12017	เซกส์	35	1.1	28829	6.28		
12018	สั่ว	35	1.1	19896	1.79		
12019	พิส	35	1.1	25086	3.77		
12020	เอนตัว	35	1.1	9290	0.26		
12021	ออกซ์	35	1.1	19970	1.79		
12022	เยา	35	1.1	8878	0.24		
12023	ใคร่ครวญ	35	1.1	8078	0.19		
12024	ก็อท	35	1.1	22005	2.51		
12025	อมยิ้ม	35	1.1	5010	0.08		
12026	ต๊า	35	1.1	25247	3.77		
12027	สนธยา	35	1.1	9647	0.28		
12028	สุน	35	1.1	6785	0.14		
12029	เรตต์	35	1.1	26727	4.71		
12030	ฏ	35	1.1	15034	0.78		
12031	เหิน	35	1.1	10831	0.36		
12032	เจอร์ซี	35	1.1	27733	5.38		
12033	เนบ	35	1.1	27181	5.38		
12034	กรีฑา	35	1.1	7298	0.16		
12035	คะนอง	35	1.1	9326	0.26		
12036	เฮิร์ท	35	1.1	19228	1.57		
12037	หุนหัน	35	1.1	18243	1.35		
12038	ถั่วดำ	35	1.1	19054	1.51	slang	
12039	ระอุ	35	1.1	8965	0.24		
12040	ปนเป	35	1.1	9704	0.28		
12041	ให้ร้าย	35	1.1	15488	0.86		
12042	เสียด	35	1.1	6832	0.14		
12043	วุ้น	35	1.1	7222	0.16		
12044	ถูด	35	1.1	24659	3.77		
12045	นิวตรอน	35	1.1	12190	0.47		y
12046	เขี้ยวเล็บ	35	1.1	17370	1.14		
12047	ประชดประชัน	35	1.1	14161	0.67		
12048	กัดกร่อน	35	1.1	10253	0.32		
12049	อินฟราเรด	35	1.1	9961	0.30		
12050	ปาร	35	1.1	21056	2.09		
12051	ร้อ	35	1.1	23868	3.14		
12052	ผอง	35	1.1	10428	0.33		
12053	ลบเลือน	35	1.1	10523	0.33		
12054	มอมเหล้า	35	1.1	23956	3.43		
12055	ตอม	35	1.1	10326	0.32		
12056	ฝ่อ	35	1.1	10621	0.34		
12057	ปริศนาอักษรไขว้	35	1.1	29034	6.28		
12058	ปริ้นท์	35	1.1	35666	speech-only		
12059	คร่ำครึ	35	1.1	17833	1.26	offensive	
12060	อู๋	35	1.1	9543	0.27		
12061	มงคล	35	1.1	2066	0.02		y
12062	ผันผวน	35	1.1	4942	0.08		
12063	ร่วมใจ	35	1.1	6193	0.12		
12064	เงินตรา	35	1.1	3399	0.04		
12065	อีแร้ง	35	1.1	9690	0.28		
12066	อัคร	35	1.1	5815	0.11		
12067	ข้างต้น	35	1.1	1180	0.01		
12068	ตัวเต็ง	35	1.1	17282	1.14		
12069	คับแคบ	35	1.1	6886	0.14		
12070	เบาใจ	35	1.1	11905	0.44		
12071	งาช้าง	35	1.1	9914	0.30		
12072	ม้น	35	1.1	32671	speech-only		
12073	ขาประจำ	35	1.1	17043	1.11		
12074	เฮอร์ริเคน	35	1.1	20845	2.09		
12075	สิ่งพิมพ์	35	1.1	5187	0.09		
12076	หัวอก	35	1.1	9296	0.26		
12077	สะเดาะ	35	1.1	13704	0.62		
12078	จุลินทรีย์	35	1.1	6778	0.14		y
12079	แอบอ้าง	35	1.1	10037	0.30		
12080	กินตับ	35	1.1		speech-only	slang	
12081	เหมื่อน	35	1.1	24200	3.43		
12082	เป๋า	35	1.1	15502	0.86		
12083	อานม้า	35	1.1	29100	6.28		
12084	เนื้อตัว	35	1.1	6079	0.11		
12085	เพิ่มพูน	35	1.1	5128	0.09		
12086	โพรงจมูก	35	1.1	16244	0.97		
12087	ซ้ำเติม	35	1.1	7464	0.17		
12088	มัซ	34	1.1	35047	speech-only		
12089	แบร่	34	1.1	18464	1.36		
12090	ดไวท์	34	1.1	24832	3.66		
12091	แคมป์เบลล์	34	1.1	18432	1.36		
12092	อนิจจา	34	1.1	13902	0.62	colloquial	
12093	ไอ้ควาย	34	1.1		speech-only	offensive	
12094	แซะ	34	1.1	11468	0.39	slang	
12095	เวิ้งว้าง	34	1.1	11694	0.41		
12096	เธ่อร์	34	1.1	15413	0.81		
12097	พีซี	34	1.1	10016	0.29	colloquial	
12098	ตัวใครตัวมัน	34	1.1	13220	0.55		
12099	มิตรสหาย	34	1.1	8982	0.23		
12100	แต็ค	34	1.1	38713	speech-only		
12101	อุย	34	1.1	15393	0.81		
12102	บ้อ	34	1.1	15882	0.87		
12103	โฉมงาม	34	1.1	13005	0.53		
12104	ไออาร์	34	1.1	17767	1.22		
12105	วีนัส	34	1.1	9238	0.25		
12106	ลามะ	34	1.1	12408	0.47		
12107	งั่น	34	1.1	34244	speech-only		
12108	พะวง	34	1.1	10338	0.31		
12109	เวิล์ด	34	1.1	21054	2.03		
12110	เฉียบขาด	34	1.1	9603	0.27		
12111	บุง	34	1.1	25546	4.07		
12112	แรป	34	1.1	25168	3.66		
12113	ไบรท์	34	1.1	19551	1.59		
12114	หอบังคับการ	34	1.1	29864	7.32		
12115	ทิชชู	34	1.1	10290	0.31		
12116	พาลี	34	1.1	23147	2.82		
12117	เปเปอร์	34	1.1	15703	0.85		
12118	ดิม	34	1.1	34464	speech-only		
12119	เท็ม	34	1.1	17418	1.14		
12120	ชีวเคมี	34	1.1	12778	0.50		
12121	แอร	34	1.1	24341	3.33		
12122	คบไฟ	34	1.1	15586	0.83		
12123	ฟุตบาท	34	1.1	13992	0.63		
12124	ลูกเห็บ	34	1.1	21709	2.29		
12125	เวก	34	1.1	17045	1.08		
12126	เอนไซม์	34	1.1	8652	0.22		
12127	ปริมณฑล	34	1.1	4558	0.07		
12128	การ์เดน	34	1.1	25207	3.66		
12129	โคช	34	1.1	29787	7.32		
12130	เฟลด์	34	1.1	15612	0.83		
12131	หัวราน้ำ	34	1.1	23554	3.05		
12132	จ๊าบ	34	1.1	16701	1.02		
12133	มืดแปดด้าน	34	1.1	20356	1.83		
12134	นิจ	34	1.1	4407	0.06		
12135	เครื่องกำเนิดไฟฟ้า	34	1.1	19881	1.66		
12136	ขุดทอง	34	1.1		speech-only	colloquial	
12137	เตร	34	1.1	12521	0.48		
12138	ริโก	34	1.1	13984	0.63		
12139	ภาร	34	1.1	9970	0.29		
12140	เฟิร์น	34	1.1	13363	0.56		
12141	อาจหาญ	34	1.1	13645	0.59		
12142	เสต็ก	34	1.1	35675	speech-only		
12143	โคด	34	1.1	29190	7.32		
12144	กิ้ว	34	1.1	17498	1.14		
12145	พีระมิด	34	1.1	13296	0.55		y
12146	ซิมโฟนี	34	1.1	11545	0.40		
12147	ส่อน	34	1.1	30747	speech-only		
12148	อุม	34	1.1	22612	2.61		
12149	เดี่ย	34	1.1	39497	speech-only		
12150	แอ๋	34	1.1	22918	2.82		
12151	น้ำเต้า	34	1.1	7796	0.18		
12152	เป็ป	34	1.1	33661	speech-only		
12153	ลินิน	34	1.1	13726	0.60		
12154	เอนด์	34	1.1	15539	0.83		
12155	หัวโล้น	34	1.1	16031	0.89		
12156	น้ำคร่ำ	34	1.1	13107	0.54		
12157	เพรช	34	1.1	33358	speech-only		
12158	เล่อ	34	1.1	17202	1.11		
12159	ต่างจังหวัด	34	1.1	2678	0.03		
12160	โล้น	34	1.1	18015	1.26	offensive	
12161	สั่งสม	34	1.1	5370	0.09		
12162	ไมท์	34	1.1	35787	speech-only		
12163	ไย	34	1.1	9387	0.26		
12164	ลิงก์	34	1.1	9390	0.26		
12165	ไนจีเรีย	34	1.1	12895	0.52		
12166	ออกไซด์	34	1.1	8867	0.23		
12167	ธูป	34	1.1	3928	0.05		y
12168	โทนิค	34	1.1	29213	7.32		
12169	เรื้อน	34	1.1	12117	0.45	slang	
12170	วรณ์	34	1.1	13818	0.61		
12171	ตั้ม	34	1.1	13372	0.56		
12172	สโคป	34	1.1	19344	1.59		
12173	แนค	34	1.1	30989	speech-only		
12174	เทิ่ล	34	1.1	21347	2.15		
12175	โรแวน	34	1.1	29475	7.32		
12176	โช่	34	1.1	19033	1.46		
12177	ผยอง	34	1.1	12366	0.46		
12178	หม่นหมอง	34	1.1	8735	0.22		
12179	หน่วยราชการ	34	1.1	7248	0.15		
12180	ค็อต	34	1.1	22047	2.44		
12181	อินเตอร์เนท	34	1.1	33505	speech-only		
12182	แข็งกร้าว	34	1.1	9012	0.23		
12183	ตลอดจน	34	1.1	956	0.01		
12184	อาหารขยะ	34	1.1		speech-only	colloquial	
12185	แพลง	34	1.1	10427	0.32		
12186	ตย	34	1.1	13280	0.55		
12187	เจต	34	1.1	16320	0.94		
12188	มหาชน	34	1.1	2396	0.03		
12189	ถม	34	1.1	5536	0.10		
12190	ผิง	34	1.1	5866	0.11		
12191	อธรรม	34	1.1	12592	0.49		
12192	นายแพทย์	34	1.1	4227	0.06		
12193	ล่วงล้ำ	34	1.1	11041	0.36		
12194	เหน่	34	1.1	19599	1.66		
12195	ขุดค้น	34	1.1	10275	0.31		
12196	สุญ	34	1.1	24497	3.33		
12197	เยื่อใย	34	1.1	9491	0.26		
12198	หน่าย	34	1.1	10937	0.35		
12199	แล็ก	34	1.1	10916	0.35		
12200	ลายแทง	34	1.1	14454	0.69	slang	
12201	ดัดผม	34	1.1	17019	1.08		
12202	เสียแรง	34	1.1	11772	0.42		
12203	ทัดเทียม	34	1.1	7648	0.17		
12204	ปรนนิบัติ	34	1.1	7565	0.17		
12205	ฟุ้ง	34	1.1	6334	0.12		
12206	ฉกรรจ์	34	1.1	6565	0.13		
12207	ชึ	34	1.1	30360	7.32		
12208	บั่นทอน	34	1.1	7014	0.14		
12209	ร่อ	34	1.1	19362	1.59		
12210	รูปธรรม	34	1.1	2698	0.03		
12211	ถอดถอน	34	1.1	5340	0.09		
12212	ปากหมา	34	1.1		speech-only	offensive	
12213	เบ้อเร่อ	34	1.1		speech-only	colloquial	
12214	ลิสง	34	1.1	8599	0.21		
12215	จอบ	34	1.1	10269	0.31		
12216	ปุโรหิต	34	1.1	17213	1.11		
12217	เมต	34	1.1	13855	0.61		
12218	คึ	34	1.1	20470	1.83		
12219	รับราชการ	34	1.1	2778	0.03		
12220	ริ้วรอย	34	1.1	6401	0.12		
12221	ชื้อ	34	1.1	17027	1.08		
12222	พท	34	1.1	30265	7.32		
12223	ทนา	34	1.1	12311	0.46		
12224	มารยา	34	1.1	6924	0.14	offensive	
12225	ซีรีส์	34	1.1		speech-only	colloquial	
12226	ข้าเฝ้า	34	1.1	27823	5.23		
12227	บ่ม	34	1.1	5442	0.09		
12228	เลี้ยงส่ง	34	1.1	17567	1.14		
12229	ประชัน	34	1.1	5837	0.10		
12230	เผ้า	34	1.1	10081	0.30		
12231	สังขาร	34	1.1	4267	0.06		
12232	สืบไป	34	1.1	7004	0.14		
12233	หลั่งไหล	34	1.1	6064	0.11		
12234	สะท้อนแสง	34	1.1	7869	0.18		
12235	ผิดเพี้ยน	34	1.1	7544	0.17		
12236	ตื้บ	34	1.1	21988	2.44	slang	
12237	เปิดหูเปิดตา	34	1.1	12835	0.51		
12238	โฟตอน	34	1.1	20147	1.74		
12239	กลัง	34	1.1	11611	0.40		
12240	หือม์	33	1.1	26795	4.44		
12241	แฮ่	33	1.1	9910	0.28		
12242	ลูเมน	33	1.1	26687	4.44		
12243	ซิมป์สัน	33	1.1	19024	1.42		
12244	แฟล็ก	33	1.1	21231	2.09		
12245	บรูช	33	1.1	33624	speech-only		
12246	ดาเนียล	33	1.1	18572	1.32		
12247	แฮงก์	33	1.1	23883	2.96		
12248	เคิร์กแลนด์	33	1.1	29296	7.10		
12249	สก๊อตต์	33	1.1	33191	speech-only		
12250	ฮ้อย	33	1.1	18406	1.32		
12251	ฟรอยด์	33	1.1	4878	0.07		
12252	สจ	33	1.1	26807	4.44		
12253	สปิ	33	1.1	27815	5.07		
12254	เช็ท	33	1.1	32693	speech-only		
12255	วววววว	33	1.1	23888	2.96		
12256	พลเรือเอก	33	1.1	13407	0.55		
12257	ริทซ์	33	1.1	31541	speech-only		
12258	เทนเนสซี	33	1.1	22060	2.37		
12259	ซิฟ	33	1.1	23298	2.73		
12260	เคนส์	33	1.1	7440	0.16		
12261	เจ็น	33	1.1	31948	speech-only		
12262	เมช	33	1.1	12148	0.43		
12263	โซลา	33	1.1	19171	1.48		
12264	ฟี้	33	1.1	29657	7.10		
12265	เฟียร์	33	1.1	23233	2.73		
12266	ขวางกั้น	33	1.1	11126	0.36		
12267	แมลงปอ	33	1.1	14494	0.67		
12268	เทกซัส	33	1.1	18079	1.22		
12269	กาน้ำ	33	1.1	13326	0.54		
12270	เยฟ	33	1.1	15104	0.74		
12271	ฮอฟฟ์	33	1.1	21759	2.22		
12272	เคานต์	33	1.1	22528	2.54		
12273	ชิลล์	33	1.1	26508	4.44	slang	
12274	นาค	33	1.1	3787	0.05		
12275	ผู้สำเร็จราชการ	33	1.1	18375	1.27		
12276	หยุ	33	1.1	25815	3.95		
12277	กระพือปีก	33	1.1	13311	0.54		
12278	คก	33	1.1	19584	1.54		
12279	น้ำมนต์	33	1.1	6976	0.14		
12280	คอนแทคเลนส์	33	1.1	15051	0.74		
12281	เจ้น	33	1.1	32385	speech-only		
12282	ทเมนท์	33	1.1	24216	3.23		
12283	ยะเยือก	33	1.1	10903	0.34		
12284	สเปเชียล	33	1.1	18907	1.42		
12285	กระดานโต้คลื่น	33	1.1	24903	3.55		
12286	สค์	33	1.1	37099	speech-only		
12287	เชต์	33	1.1	28187	5.92		
12288	บึ้ก	33	1.1	16722	0.99		
12289	แปน	33	1.1	13217	0.53		
12290	สอร์	33	1.1	34336	speech-only		
12291	รุค	33	1.1	24856	3.55		
12292	เอิน	33	1.1	11039	0.35		
12293	ตลบ	33	1.1	7788	0.17		
12294	ตะขาบ	33	1.1	14181	0.63		
12295	กระดูกอ่อน	33	1.1	15788	0.85		
12296	สอดรู้	33	1.1	21696	2.22		
12297	หมกไหม้	33	1.1	24035	3.23		
12298	รื่น	33	1.1	7451	0.16		
12299	ครวญ	33	1.1	9321	0.24		
12300	เฝ้าคอย	33	1.1	14700	0.70		
12301	คัย	33	1.1	15336	0.77		
12302	กินใจ	33	1.1	11767	0.40		
12303	ผู้แต่ง	33	1.1	2270	0.02		
12304	ไข่ปลา	33	1.1	12439	0.46		
12305	ไทเป	33	1.1	14552	0.68		
12306	เจ้าฟ้า	33	1.1	2602	0.03		
12307	มโน	33	1.1	3948	0.05	slang	
12308	เพชฌฆาต	33	1.1	10547	0.31		
12309	วีย์	33	1.1	26584	4.44		
12310	ดอย	33	1.1	3920	0.05		
12311	อิสลาม	33	1.1	3698	0.05		y
12312	นอบน้อม	33	1.1	7963	0.18		
12313	ผท	33	1.1	38886	speech-only		
12314	บบบ	33	1.1	32194	speech-only		
12315	ธัม	33	1.1	9350	0.25		
12316	ฟังก์ชั่น	33	1.1	6469	0.12		
12317	อาร์ก	33	1.1	36698	speech-only		
12318	บาดใจ	33	1.1	12217	0.44		
12319	ทำหมัน	33	1.1	11826	0.41		
12320	อาราม	33	1.1	6908	0.14		
12321	มิลลิ	33	1.1	14955	0.72		
12322	อณู	33	1.1	8355	0.20		
12323	พักตร์	33	1.1	4276	0.06		
12324	เหล็กใน	33	1.1	16201	0.89		
12325	ครู่หนึ่ง	33	1.1	4359	0.06		
12326	น้ำมันเครื่อง	33	1.1	10948	0.34		
12327	ยุก	33	1.1	13210	0.53		
12328	หมวกกันน็อก	33	1.1		speech-only	slang	
12329	อายัด	33	1.1	6609	0.13		
12330	อุบ	33	1.1	11212	0.36		
12331	เครื่องหมายการค้า	33	1.1	5464	0.09		
12332	พินิจ	33	1.1	3560	0.04		
12333	ขี้เลื่อย	33	1.1		speech-only	slang	
12334	ปิ่น	33	1.1	3444	0.04		
12335	วิชาชีพ	33	1.1	959	0.01		
12336	สปริงเกอร์	33	1.1	31240	speech-only		
12337	ควบคู่	33	1.1	3094	0.04		
12338	ขาตั้ง	33	1.1	15590	0.81		
12339	ตีหน้า	33	1.1	9939	0.28		
12340	ปท	33	1.1	25611	3.95	colloquial	
12341	โฟว์	33	1.1	31264	speech-only		
12342	ข้อสังเกต	33	1.1	1998	0.02		
12343	ตัวเปล่า	33	1.1	14298	0.65		
12344	อลูมิเนียม	33	1.1	12760	0.49		
12345	คำบอกเล่า	33	1.1	6131	0.11		
12346	สยิว	33	1.1	16117	0.89	slang	
12347	พวด	33	1.1	29985	7.10		
12348	ใส่ไข่	33	1.1		speech-only	slang	
12349	ริบหรี่	33	1.1	12355	0.45		
12350	เอร์	33	1.1	14092	0.62		
12351	ครูด	33	1.1	13959	0.61		
12352	โบถส์	33	1.1	33221	speech-only		
12353	เป็นเรื่องเป็นราว	33	1.1	7630	0.16		
12354	ปรี	33	1.1	8099	0.18		
12355	วาห์	33	1.1	21028	1.97		
12356	เอกราช	33	1.1	3602	0.04	slang	
12357	เซรามิก	33	1.1	9928	0.28		
12358	มณี	33	1.1	2161	0.02		
12359	ครูเสด	33	1.1	22555	2.54		
12360	ตีจาก	33	1.1	16168	0.89		
12361	แยบยล	33	1.1	10830	0.34		
12362	ใบเบิก	33	1.1	16023	0.87		
12363	ทวีคูณ	33	1.1	9031	0.23		
12364	ศต	33	1.1	15495	0.81		
12365	กระเทือน	33	1.1	3726	0.05		
12366	หม้อน้ำ	33	1.1	11988	0.42		
12367	จัตุรัส	33	1.1	7664	0.17		
12368	โก่ง	33	1.1	8629	0.21		
12369	ผายปอด	33	1.1	18540	1.32		
12370	แร็พ	33	1.1	17225	1.08		
12371	เคราะ	33	1.1	21456	2.09		
12372	บวงสรวง	33	1.1	9948	0.28		
12373	บ๊วย	33	1.1	8603	0.21		
12374	ประจำชาติ	33	1.1	8421	0.20		
12375	เหลิง	33	1.1	11418	0.38		
12376	ชายตา	33	1.1	12002	0.42		
12377	แขนง	33	1.1	4196	0.06		
12378	ครีบ	33	1.1	10761	0.33		
12379	ตกหล่น	33	1.1	9821	0.27		
12380	แผนภูมิ	33	1.1	7999	0.18		y
12381	ติ๋ง	32	1.0	15213	0.75		
12382	เถร	32	1.0	6723	0.13		
12383	ทีโอดอร์	32	1.0	31639	speech-only		
12384	ฟลัด	32	1.0	31200	speech-only		
12385	เฮนรี	32	1.0	19631	1.57		
12386	คาห์น	32	1.0	21616	2.15		
12387	อิฟ	32	1.0	20042	1.64		
12388	เบิร์ธเดย์	32	1.0	17942	1.15		
12389	จ๊าก	32	1.0	15344	0.75	slang	
12390	ปี๊บ	32	1.0	9522	0.25		
12391	ออเรนจ์	32	1.0	27019	4.92		
12392	เคต	32	1.0	23498	2.87		
12393	มมมมม	32	1.0	24701	3.44		
12394	ครอสส์	32	1.0	26744	4.31		
12395	โฌ	32	1.0	18461	1.28		
12396	ดีเซล	32	1.0	4110	0.05		
12397	โจส	32	1.0	37746	speech-only		
12398	โลดเต้น	32	1.0	12000	0.41		
12399	ไดมอนด์	32	1.0	19572	1.50		
12400	จ๊อ	32	1.0	23313	2.65		
12401	เจี๋ย	32	1.0	26731	4.31		
12402	เนวาดา	32	1.0	20153	1.64		
12403	วัลด์	32	1.0	27162	4.92		
12404	สมิน	32	1.0	33396	speech-only		
12405	กาสะ	32	1.0	29666	6.89		
12406	ฟรายด์	32	1.0	24528	3.13		
12407	ม้าน้ำ	32	1.0	14483	0.65		
12408	ฟีน	32	1.0	20585	1.81		
12409	เออออ	32	1.0	13535	0.55		
12410	สเบอ	32	1.0	26840	4.31		
12411	แรนด์	32	1.0	24352	3.13		
12412	ยอร์ก	32	1.0	20596	1.81		
12413	ชั่นส์	32	1.0	13230	0.51		
12414	ท่าห์	32	1.0	39712	speech-only		
12415	ควี	32	1.0	23468	2.87		
12416	แนม	32	1.0	10708	0.32		
12417	บรูม	32	1.0	32745	speech-only		
12418	ลัล	32	1.0	15274	0.75		
12419	ไมด์	32	1.0	22306	2.30		
12420	รูน	32	1.0	18896	1.38		
12421	วิตต์	32	1.0	19353	1.50		
12422	สมี	32	1.0	20275	1.72	offensive	
12423	โหนกแก้ม	32	1.0	11354	0.36		
12424	รูฟ	32	1.0	31410	speech-only		
12425	มาลี	32	1.0	6223	0.11		
12426	ซัพพลาย	32	1.0	14160	0.62		
12427	กริ้ว	32	1.0	10105	0.28		
12428	ก๊ง	32	1.0	19389	1.50		
12429	ไง่	32	1.0	37857	speech-only		
12430	ชะเอม	32	1.0	21227	2.03		
12431	ลูกโทษ	32	1.0	16350	0.91		
12432	จิงโจ้	32	1.0	13246	0.51	slang	
12433	ฮก	32	1.0	9316	0.24		
12434	วอส	32	1.0	36670	speech-only		
12435	สงัด	32	1.0	6687	0.12		
12436	เธน	32	1.0	17479	1.08		
12437	ซีรี่ส์	32	1.0	19841	1.57		
12438	คาร์ท	32	1.0	24008	3.13		
12439	คอมปานี	32	1.0	26245	4.31		
12440	ถือดี	32	1.0	12890	0.49		
12441	ข้าวผัด	32	1.0	8546	0.20		y
12442	หมวย	32	1.0	4602	0.07		
12443	วุ้ย	32	1.0	11756	0.39		
12444	เคร์	32	1.0	30133	6.89		
12445	ปานนี้	32	1.0	11631	0.38		
12446	กี้ส์	32	1.0	29118	5.74		
12447	ครบมือ	32	1.0	17140	1.01		
12448	ดับเบิล	32	1.0	13686	0.56		
12449	ถาโถม	32	1.0	12379	0.44		
12450	ศาสตรา	32	1.0	15232	0.75		
12451	สูติบัตร	32	1.0	16477	0.91		
12452	หมาจิ้งจอก	32	1.0	19550	1.50		
12453	ชายทะเล	32	1.0	6556	0.12		
12454	มัธ	32	1.0	14548	0.66		
12455	มองโกเลีย	32	1.0	13634	0.56		
12456	ชนชาติ	32	1.0	3432	0.04		
12457	สูญญากาศ	32	1.0	21800	2.15		
12458	หยัก	32	1.0	8103	0.18		
12459	ขันแข็ง	32	1.0	7944	0.17		
12460	นักหนังสือพิมพ์	32	1.0	8467	0.19		
12461	แรนดอม	32	1.0	25215	3.44		
12462	เก๊ต	32	1.0	20369	1.72		
12463	ดล	32	1.0	7201	0.14		
12464	หวงแหน	32	1.0	7748	0.16		
12465	หัวแม่เท้า	32	1.0	15952	0.84		
12466	มุ่งหมาย	32	1.0	4517	0.06		
12467	ผู้ต้องขัง	32	1.0	8407	0.19		
12468	กริส	32	1.0	22333	2.30		
12469	เฮือกสุดท้าย	32	1.0	16883	0.98		
12470	บุบ	32	1.0	10950	0.33		
12471	ลับตา	32	1.0	9182	0.23		
12472	ลูกบาศก์	32	1.0	7183	0.14		y
12473	หลักแหล่ง	32	1.0	10635	0.31		
12474	ชนชั้นกลาง	32	1.0	4268	0.06		
12475	แสตมป์	32	1.0	6679	0.12		
12476	สกูล	32	1.0	11514	0.37		
12477	กึ่งกลาง	32	1.0	7512	0.15		
12478	พลิ	32	1.0	11291	0.36		
12479	เนื่องด้วย	32	1.0	6332	0.11		
12480	แห้ว	32	1.0	11842	0.40	slang	
12481	ผิดนัด	32	1.0	8847	0.21		
12482	งานช้าง	32	1.0	25456	3.83		
12483	รถด่วน	32	1.0		speech-only	slang	
12484	เครื่องบรรณาการ	32	1.0	20000	1.64		
12485	หล้า	32	1.0	5126	0.08		
12486	มิวสิก	32	1.0	12772	0.47		
12487	สุ้	32	1.0	37817	speech-only		
12488	ถูกชะตา	32	1.0	11497	0.37		
12489	กระเช้า	32	1.0	8508	0.20		
12490	ลูกแหง่	32	1.0	19197	1.44		
12491	เพรียก	32	1.0	15976	0.84		
12492	ฟาล	32	1.0	40011	speech-only		
12493	สิ้นใจ	32	1.0	12404	0.44		
12494	จาร	32	1.0	8316	0.19		
12495	แอนติ	32	1.0	15059	0.72		
12496	ซิว	32	1.0	9322	0.24	colloquial	
12497	มืดบอด	32	1.0	14858	0.70		
12498	พำนัก	32	1.0	5808	0.10		
12499	น้ำหวาน	32	1.0	9291	0.24		
12500	บทประพันธ์	32	1.0	16976	0.98		
12501	เหยือ	32	1.0	32243	speech-only		
12502	ที่ว่าการ	32	1.0	6434	0.12		
12503	กระโจม	32	1.0	11587	0.38		
12504	มหาดเล็ก	32	1.0	7255	0.14		
12505	ช้วย	32	1.0	28164	5.74		
12506	ศูนย์การค้า	32	1.0	4650	0.07		
12507	อ่ะดิ	32	1.0		speech-only	colloquial	
12508	ฟันเฟือง	32	1.0	19062	1.38		
12509	ปวงชน	32	1.0	7740	0.16		
12510	ผู้สอน	32	1.0	5733	0.10		
12511	สิทธ	32	1.0	18124	1.19		
12512	แฟ็กซ์	32	1.0	16503	0.93		
12513	ฝาด	32	1.0	9442	0.24		
12514	อั๊ว	32	1.0	4367	0.06	offensive	
12515	อาคม	32	1.0	8968	0.22		
12516	ฐา	32	1.0	7100	0.14		
12517	นัยว่า	32	1.0	7625	0.16		
12518	ผิดสังเกต	32	1.0	9102	0.23		
12519	หมายตา	32	1.0	12655	0.47		
12520	อนันต์	32	1.0	5342	0.08		y
12521	กลัวน้ำ	32	1.0	16947	0.98		
12522	ริฟ์	32	1.0	38972	speech-only		
12523	มำ	32	1.0	12291	0.43		
12524	ชวด	32	1.0	9136	0.23	slang	
12525	แปรรูป	32	1.0	3606	0.04		
12526	เซาะ	32	1.0	8888	0.22		
12527	ตีบ	32	1.0	5087	0.08		
12528	ฤ	32	1.0	11018	0.34	colloquial	
12529	ฝ่าไฟแดง	32	1.0		speech-only	slang	
12530	ทรัส	32	1.0	39487	speech-only		
12531	ซัวส์	31	1.0	19788	1.52		
12532	โร้ค	31	1.0	37703	speech-only		
12533	อีดอก	31	1.0		speech-only	offensive	
12534	เฟอร์นันโด	31	1.0	22591	2.38		
12535	หยุน	31	1.0	15658	0.78		
12536	ลีม	31	1.0	25483	3.71		
12537	ฮู่	31	1.0	19439	1.45		
12538	แฮร์รี	31	1.0	15809	0.79		
12539	บอช	31	1.0	30867	speech-only		
12540	เชี่ยล	31	1.0	19142	1.39		
12541	เมมฟิส	31	1.0	19223	1.39		
12542	สคา	31	1.0	29778	6.67		
12543	ฟอร์ซ	31	1.0	27625	4.77		
12544	เนชั่นแนล	31	1.0	17640	1.08		
12545	เอเธนส์	31	1.0	11919	0.39		
12546	สคิป	31	1.0	29610	6.67		
12547	ทูธ	31	1.0	22177	2.22		
12548	เร่อ	31	1.0	11153	0.33		
12549	เดรย์	31	1.0	28612	5.56		
12550	เติ้ง	31	1.0	5353	0.08		
12551	สมิ	31	1.0	20445	1.67		
12552	ฝักใฝ่	31	1.0	10331	0.28		
12553	โมนาลิซ่า	31	1.0	17652	1.08		
12554	เลยยย	31	1.0	36408	speech-only		
12555	โตโยต้า	31	1.0	8883	0.21		
12556	พย	31	1.0	20568	1.76		
12557	เค้อ	31	1.0	34290	speech-only		
12558	ทั้งนี้	31	1.0	450	0.00		
12559	บาฮามาส	31	1.0	24931	3.34		
12560	ร้อบ	31	1.0	25460	3.71		
12561	เบล็ค	31	1.0	36954	speech-only		
12562	วด	31	1.0	25911	3.71		
12563	วันพฤหัสฯ	31	1.0		speech-only	colloquial	
12564	ฉมวก	31	1.0	15552	0.76		
12565	อินโดนีเซีย	31	1.0	2836	0.03		
12566	เบจ	31	1.0	18159	1.15		
12567	ไฟน์	31	1.0	20686	1.76		
12568	เงียบเชียบ	31	1.0	9828	0.26		
12569	สล็อต	31	1.0	19659	1.52		
12570	ติช	31	1.0	17374	1.01		
12571	ไวซ์	31	1.0	27567	4.77		
12572	เล็ตต์	31	1.0	25535	3.71		
12573	มิดเทอม	31	1.0	24465	3.03		
12574	ซูพ	31	1.0	33560	speech-only		
12575	ชิ้ง	31	1.0	17516	1.04		
12576	นิ่งเงียบ	31	1.0	6073	0.10		
12577	ซูวา	31	1.0	32801	speech-only		
12578	คลาดเคลื่อน	31	1.0	5432	0.08		
12579	ชั่วคน	31	1.0	11779	0.38		
12580	เอลส์	31	1.0	27358	4.77		
12581	ลุม	31	1.0	8812	0.20		
12582	ไรก้	31	1.0	17653	1.08		
12583	ปฏิกรณ์นิวเคลียร์	31	1.0	32495	speech-only		
12584	บึกบึน	31	1.0	11957	0.39		
12585	นักธรณีวิทยา	31	1.0	16724	0.93		
12586	ทธิ	31	1.0	12078	0.40		
12587	ดิด	31	1.0	22376	2.22		
12588	ประจัญบาน	31	1.0	18523	1.24		
12589	เฟรส	31	1.0	26498	4.17		
12590	ผาดโผน	31	1.0	17784	1.11		
12591	โปน	31	1.0	12267	0.42		
12592	ปลดระวาง	31	1.0	19201	1.39		
12593	โฟล์ค	31	1.0	11819	0.38		
12594	แป็ป	31	1.0	31632	speech-only		
12595	สะอึก	31	1.0	10764	0.31		
12596	พราว	31	1.0	5419	0.08		
12597	เน้อ	31	1.0	11373	0.35	colloquial	
12598	สก้า	31	1.0	28259	5.56		
12599	มอนติ	31	1.0	14411	0.62		
12600	ชลา	31	1.0	13883	0.57		
12601	ก๊อซ	31	1.0	25445	3.71		
12602	เดิ้น	31	1.0	21472	1.96		
12603	อิมเมจ	31	1.0	17683	1.08		
12604	ลูกกลิ้ง	31	1.0	24247	3.03		
12605	น้ำประปา	31	1.0	13360	0.51		
12606	กิตติศัพท์	31	1.0	11642	0.37		
12607	นักคิด	31	1.0	4185	0.05		
12608	แนวรบ	31	1.0	17629	1.08		
12609	ป๋อง	31	1.0	15851	0.79		
12610	ประติมากรรม	31	1.0	14925	0.68		
12611	สปอร์	31	1.0	18166	1.19		
12612	ผงาด	31	1.0	11292	0.34		
12613	ผลพวง	31	1.0	8003	0.17		
12614	เหนี่ยวรั้ง	31	1.0	10957	0.32		
12615	ซิตี	31	1.0	8484	0.19		
12616	ถ่าง	31	1.0	11422	0.36		
12617	เป่าหู	31	1.0	26872	4.17		
12618	เปะ	31	1.0	12405	0.43		
12619	กุณ	31	1.0	22011	2.22		
12620	พิณ	31	1.0	5650	0.09		
12621	พัต	31	1.0	20525	1.76		
12622	ครั่ง	31	1.0	10323	0.28		
12623	หน้าปัด	31	1.0	8703	0.20		
12624	เหง	31	1.0	14742	0.67		
12625	สวามิภักดิ์	31	1.0	10657	0.30		
12626	เยินยอ	31	1.0	15081	0.70		
12627	อัฉ	31	1.0	33845	speech-only		
12628	ป้ะ	31	1.0	38563	speech-only		
12629	สหภาพแรงงาน	31	1.0	5977	0.10		
12630	สกรีน	31	1.0	11508	0.36		
12631	เงี่ยน	31	1.0		speech-only	offensive	
12632	ฝันเฟื่อง	31	1.0	18688	1.28		
12633	สติสัมปชัญญะ	31	1.0	7545	0.15		
12634	เปลา	31	1.0	29592	6.67		
12635	ระแคะระคาย	31	1.0	13255	0.51		
12636	เด่	31	1.0	18226	1.19		
12637	มีเดีย	31	1.0	8532	0.19		
12638	วิกฤตการณ์	31	1.0	4501	0.06		
12639	วาท	31	1.0	2740	0.03		
12640	พาดพิง	31	1.0	7878	0.16		
12641	ฉ่า	31	1.0	13157	0.49		
12642	เกี่ยวดอง	31	1.0	16184	0.83		
12643	สมมาตร	31	1.0	10209	0.28		y
12644	ฉา	31	1.0	12542	0.44		
12645	ทิฐิ	31	1.0	8858	0.21		
12646	พลิ้ว	31	1.0	5777	0.09		
12647	เมามาย	31	1.0	13557	0.53		
12648	ข้ามหัว	31	1.0	17128	0.98		
12649	ทรัฟ	31	1.0	26495	4.17		
12650	ตัวถัง	31	1.0	15084	0.70		
12651	สิ้	31	1.0	33431	speech-only		
12652	คู่ใจ	31	1.0	9479	0.24		
12653	นักดำน้ำ	31	1.0		speech-only	slang	
12654	ราชย์	31	1.0	8175	0.18		
12655	ปฐมทัศน์	31	1.0	21554	1.96		
12656	แซฟไฟร์	31	1.0	24165	3.03		
12657	หล่ำ	31	1.0	18720	1.28		
12658	กรอบรูป	31	1.0	10730	0.31		
12659	รันทด	31	1.0	11419	0.36		
12660	ชี้ขาด	31	1.0	3460	0.04		
12661	ขัดคอ	31	1.0	10336	0.28		
12662	กล้องถ่าย	31	1.0	14452	0.63		
12663	ค่านิยม	31	1.0	1873	0.02		
12664	พรวด	31	1.0	5669	0.09		
12665	พู่	31	1.0	10938	0.32		
12666	โรงกลั่น	31	1.0	11630	0.37		
12667	เจ้าหล่อน	31	1.0	3959	0.05		
12668	เผล	31	1.0	24151	3.03		
12669	ทั้ว	31	1.0	17719	1.08		
12670	ประโลม	31	1.0	8927	0.21		
12671	พล็อต	31	1.0	10341	0.29		
12672	พรุ	31	1.0	15830	0.79		
12673	น้ำแร่	31	1.0	10532	0.30		
12674	ครึ้ม	31	1.0	5851	0.10		
12675	ยังชีพ	31	1.0	4922	0.07		
12676	นนนน	31	1.0	18386	1.19		
12677	เพ่งเล็ง	31	1.0	9146	0.22		
12678	สินสอด	31	1.0	8558	0.19		
12679	แน่นแฟ้น	31	1.0	7060	0.13		
12680	มหัส	31	1.0	26802	4.17		
12681	สาก	31	1.0	8195	0.18		y
12682	ทาบ	31	1.0	6518	0.12		
12683	พร้อมหน้าพร้อมตา	31	1.0	15331	0.73		
12684	เจง	31	1.0	13192	0.50		
12685	ทเม้นท์	31	1.0	24908	3.34		
12686	จูล	30	1.0	22738	2.31		y
12687	ใต้ฝ่าพระบาท	30	1.0	20039	1.54		
12688	เอ๊า	30	1.0	16689	0.90		
12689	บลูส	30	1.0	33038	speech-only		
12690	แกรนต์	30	1.0	25182	3.23		
12691	ตราด	30	1.0	7196	0.13		
12692	วลาด	30	1.0	28080	5.38		
12693	สายัณห์สวัสดิ์	30	1.0		speech-only	colloquial	
12694	ทไวไลท์	30	1.0	30732	speech-only		
12695	แรมซีย์	30	1.0	35185	speech-only		
12696	มานูเอล	30	1.0	12616	0.43		
12697	รูจ	30	1.0	25325	3.59		
12698	ครัช	30	1.0	41119	speech-only	slang	
12699	ไอ้เบื้อก	30	1.0		speech-only	slang	
12700	วาตะ	30	1.0	31574	speech-only		
12701	โอส	30	1.0	24915	3.23		
12702	ซัลเฟอร์	30	1.0	10284	0.27		
12703	น็อกซ์	30	1.0	31631	speech-only		
12704	ซีเนียร์	30	1.0	19634	1.47		
12705	จ็อบ	30	1.0	28054	5.38		
12706	เจก	30	1.0	26499	4.04		
12707	สุง	30	1.0	13693	0.53		
12708	เซ้นท์	30	1.0	35012	speech-only		
12709	ตริด	30	1.0	38592	speech-only		
12710	แด็ก	30	1.0	22240	2.15		
12711	เมโลดี้	30	1.0	21725	2.02		
12712	โมสาร์ท	30	1.0	18787	1.24		
12713	สุริยคราส	30	1.0		speech-only	colloquial	
12714	โกล์ด	30	1.0	33697	speech-only		
12715	สแค	30	1.0	37262	speech-only		
12716	คดเคี้ยว	30	1.0	11040	0.32		
12717	โดมินิกัน	30	1.0	22750	2.31		
12718	เวอร์ด	30	1.0	29244	6.46		
12719	นัค	30	1.0	17699	1.04		
12720	พริต	30	1.0	14828	0.65		
12721	แคมปัส	30	1.0	25812	3.59		
12722	เพนน์	30	1.0	25097	3.23		
12723	รี่ส์	30	1.0	28025	5.38		
12724	นิท	30	1.0	16945	0.92		
12725	จัมพ์	30	1.0	14445	0.61		
12726	แปม	30	1.0	27770	4.61		
12727	เพลส	30	1.0	12606	0.43		
12728	บรุ๊ค	30	1.0	39599	speech-only		
12729	ตืด	30	1.0	20804	1.70		
12730	ข่าน	30	1.0	8967	0.21		
12731	วิปลาส	30	1.0	16097	0.81	slang	
12732	ดัฟ	30	1.0	34262	speech-only		
12733	เฟ็ต	30	1.0	33317	speech-only		
12734	สกอตแลนด์	30	1.0	13540	0.51		
12735	มหาราช	30	1.0	3197	0.03		
12736	หัวกระสุน	30	1.0	28426	5.38		
12737	พังพอน	30	1.0	20058	1.54		
12738	โบวล์	30	1.0	24017	2.94		
12739	เนิร	30	1.0	34346	speech-only		
12740	อาร์เซนอล	30	1.0	10104	0.26		
12741	สันต	30	1.0	12664	0.44		
12742	ม็อค	30	1.0	22560	2.31		
12743	กัท	30	1.0	23973	2.94		
12744	เภ	30	1.0	13209	0.48		
12745	ผอมแห้ง	30	1.0	14719	0.63		
12746	แนส	30	1.0	15388	0.72		
12747	แพก	30	1.0	26670	4.04		
12748	อีเทอร์	30	1.0	22346	2.15		
12749	เวชภัณฑ์	30	1.0	8430	0.18		
12750	สติกเกอร์	30	1.0	17271	0.98		
12751	ภยันตราย	30	1.0	6906	0.12		
12752	อภินันทนาการ	30	1.0	21648	2.02		
12753	ขอน	30	1.0	3637	0.04		
12754	สวามี	30	1.0	9526	0.23		
12755	ปล้นสะดม	30	1.0	15808	0.77		
12756	จิตบำบัด	30	1.0	13111	0.47		
12757	ใข	30	1.0	16968	0.92		
12758	โลกาวินาศ	30	1.0	37541	speech-only		
12759	ขาก	30	1.0	12351	0.41		
12760	จาด	30	1.0	9649	0.24		
12761	แว็กซ์	30	1.0	19559	1.40		
12762	ตรึม	30	1.0	14500	0.61	slang	
12763	อาจาร	30	1.0	21693	2.02		
12764	ซ้อ	30	1.0	13576	0.51	colloquial	
12765	ตุ๋ย	30	1.0	13392	0.50	slang	
12766	ล่วงเลย	30	1.0	7310	0.14		
12767	สเปกตรัม	30	1.0	10272	0.27		y
12768	เศร้าหมอง	30	1.0	7345	0.14		
12769	พื่น	30	1.0	24197	2.94		
12770	ย้อย	30	1.0	5662	0.09		
12771	ทิ่ง	30	1.0	27303	4.61		
12772	จื้อ	30	1.0	5717	0.09		
12773	แบเบาะ	30	1.0	16077	0.81		
12774	ระราน	30	1.0	16768	0.90		
12775	บลัฟ	30	1.0	29486	6.46		
12776	บัณ	30	1.0	12763	0.44		
12777	สัท	30	1.0	8454	0.18		
12778	เอนหลัง	30	1.0	9800	0.25		
12779	กลับกลาย	30	1.0	4740	0.06		
12780	เสริมสร้าง	30	1.0	3155	0.03		
12781	ไพร่พล	30	1.0	8890	0.20		
12782	หักหน้า	30	1.0	19868	1.47		
12783	ฝุ่นละออง	30	1.0	6695	0.12		y
12784	ทันตแพทย์	30	1.0	9215	0.22		
12785	หัวปักหัวปำ	30	1.0	16434	0.85		
12786	ขื่อ	30	1.0	9220	0.22		
12787	เวหา	30	1.0	9918	0.25		
12788	ลูกโม่	30	1.0	17891	1.08		
12789	อาถรรพ์	30	1.0	12686	0.44		
12790	ยุคมืด	30	1.0		speech-only	slang	
12791	หยอง	30	1.0	13541	0.51		
12792	กระฉูด	30	1.0	10617	0.29		
12793	จิร	30	1.0	4086	0.05		
12794	เซ็ปต์	30	1.0	10150	0.26		
12795	อูร์	30	1.0	22253	2.15		
12796	หักห้าม	30	1.0	12503	0.42		
12797	เฟือง	30	1.0	15912	0.77		
12798	เงินเฟ้อ	30	1.0	4049	0.05		
12799	แหล่	30	1.0	12168	0.39		
12800	ไส่	30	1.0	24477	2.94		
12801	หมายกำหนดการ	30	1.0	16838	0.92		
12802	ใจแตก	30	1.0	14604	0.62		
12803	กิ้	30	1.0	38870	speech-only		
12804	ณวน	30	1.0	32899	speech-only		
12805	หลักเกณฑ์	30	1.0	996	0.01		
12806	ยั้วเยี้ย	30	1.0	15532	0.73		
12807	ดุริยางค์	30	1.0	9342	0.22		
12808	บทบัญญัติ	30	1.0	1081	0.01		
12809	จ๊อบ	30	1.0	10835	0.30		
12810	เล็ดลอด	30	1.0	9734	0.24		
12811	เกี่ย	30	1.0	20605	1.70		
12812	กราย	30	1.0	7767	0.15		
12813	สอดไส้	30	1.0	16967	0.92		
12814	ระคายเคือง	30	1.0	6769	0.12		
12815	แบบสอบถาม	30	1.0	4160	0.05		
12816	ปมด้อย	30	1.0	7395	0.14		
12817	ตั้งเป้าหมาย	30	1.0	6960	0.12		
12818	ทิ้งจดหมาย	30	1.0	25064	3.23		
12819	ข้อเขียน	30	1.0	5697	0.09		
12820	กระแสลม	30	1.0	7758	0.15		
12821	อภิสิทธิ์	30	1.0	2191	0.02		
12822	อยุ๋	30	1.0	24576	3.23		
12823	รีโมต	30	1.0	20164	1.54	colloquial	
12824	เหนียวแน่น	30	1.0	6454	0.11		
12825	ซอฟท์แวร์	30	1.0	16065	0.81		
12826	สลาก	30	1.0	4788	0.06	colloquial	
12827	ปฏิปักษ์	30	1.0	6320	0.11		
12828	บ้านเรือน	30	1.0	3026	0.03		
12829	ห้องชุด	30	1.0	11885	0.38		
12830	กินนอน	30	1.0	14818	0.65		
12831	กักเก็บ	30	1.0	9304	0.22		
12832	เป็ร	30	1.0	18135	1.11		
12833	นย	30	1.0	16120	0.81		
12834	ข่วย	30	1.0	27078	4.61		
12835	โพรเพน	30	1.0	31313	speech-only		
12836	อัจ	30	1.0	10887	0.31		
12837	โครงร่าง	30	1.0	8664	0.19		
12838	โนก	29	0.9	39602	speech-only		
12839	โว้ค	29	0.9	20813	1.64		
12840	ปูร์	29	0.9	17118	0.92		
12841	ทเวน	29	0.9	23872	2.60		
12842	ม็อง	29	0.9	17703	1.01		
12843	โมบิล	29	0.9	21571	1.84		
12844	ดอลลี่	29	0.9	14877	0.64		
12845	ลลัม	29	0.9	33275	speech-only		
12846	ยค	29	0.9	30306	6.24		
12847	เกบ	29	0.9	23115	2.40		
12848	มล	29	0.9	6484	0.11		
12849	ตุ๊บ	29	0.9	15136	0.66		
12850	มิชชั่น	29	0.9	12050	0.38		
12851	เซซัง	29	0.9	28269	5.20		
12852	เรนโบว์	29	0.9	14136	0.56		
12853	โครว์	29	0.9	30610	6.24		
12854	บาม	29	0.9	15911	0.74		
12855	โต๊	29	0.9	25588	3.47		
12856	ยูเอสเอ	29	0.9	19034	1.25		
12857	เสล	29	0.9	34423	speech-only		
12858	เพอร์ส	29	0.9	37375	speech-only		
12859	ไมอามี	29	0.9	15290	0.68		
12860	ไอแลนด์	29	0.9	28247	5.20		
12861	ตั้งท่า	29	0.9	8650	0.18		
12862	บลูส์	29	0.9	14214	0.56		
12863	คอตตอน	29	0.9	23361	2.60		
12864	เดรน	29	0.9	21392	1.84		
12865	กริน	29	0.9	14358	0.58		
12866	ซิฟิลิส	29	0.9	16177	0.78		
12867	บาธ	29	0.9	12352	0.40		
12868	เกียจคร้าน	29	0.9	10240	0.26		
12869	หม่าม	29	0.9	26130	3.90		
12870	ไล้	29	0.9	9046	0.20		
12871	ไควร์	29	0.9	35062	speech-only		
12872	คอร์ต	29	0.9	18399	1.16		
12873	ส้นตีน	29	0.9	21147	1.73	offensive	
12874	ผงซักฟอก	29	0.9	12345	0.40		
12875	เพจเจอร์	29	0.9	18832	1.25	colloquial	
12876	ทอฟ	29	0.9	18951	1.25		
12877	เทพยดา	29	0.9	10215	0.26		
12878	พลาซา	29	0.9	21212	1.84		
12879	สเกล	29	0.9	7381	0.13		
12880	กาห์	29	0.9	29524	6.24		
12881	ไรย์	29	0.9	25806	3.47		
12882	โทล	29	0.9	24988	3.12		
12883	อภ	29	0.9	17897	1.04		
12884	โธส	29	0.9	30149	6.24		
12885	เบอร์ส	29	0.9	31067	speech-only		
12886	แก๊ก	29	0.9	14195	0.56		
12887	แอดเดรส	29	0.9	6004	0.09		
12888	หลัน	29	0.9	18503	1.16		
12889	เน็กซ์	29	0.9	25947	3.47		
12890	ซีแอตเติล	29	0.9	27722	4.46		
12891	สุดท้อง	29	0.9	9477	0.22		
12892	เศษส่วน	29	0.9	12479	0.41		y
12893	ยิมนาสติก	29	0.9	17313	0.95		
12894	สดี	29	0.9	24999	3.12		
12895	เกิลส์	29	0.9	12995	0.45		
12896	บัคส์	29	0.9	15759	0.73		
12897	สโม	29	0.9	17777	1.04		
12898	คลี่	29	0.9	5788	0.09		
12899	เป็นชิ้นเป็นอัน	29	0.9	11220	0.32		
12900	เผ็ดร้อน	29	0.9	10561	0.28		
12901	ชท	29	0.9	26672	3.90		
12902	กายกรรม	29	0.9	11269	0.32		
12903	เวนิซ	29	0.9	24443	2.84		
12904	เพลน	29	0.9	26332	3.90		
12905	พิศวาส	29	0.9	10525	0.27		
12906	ลมบ้าหมู	29	0.9	22942	2.40		
12907	คดโกง	29	0.9	11180	0.32		
12908	ปริญญาตรี	29	0.9	3441	0.04		
12909	เครื่องถ่ายเอกสาร	29	0.9	17329	0.95		
12910	กำมะลอ	29	0.9	16411	0.82	offensive	
12911	เร็ธ	29	0.9	22500	2.23		
12912	สัตว	29	0.9	13305	0.47		
12913	แง้ม	29	0.9	10098	0.25		
12914	บายพาส	29	0.9	15348	0.68		
12915	โรคจิตเภท	29	0.9	25358	3.47		
12916	กระฉ่อน	29	0.9	15367	0.69		
12917	น่น	29	0.9	29904	6.24		
12918	รังเพลิง	29	0.9	21680	1.95		
12919	ศาสตร	29	0.9	14926	0.64		
12920	ติ๊ด	29	0.9	9087	0.20		
12921	กุ้ย	29	0.9	11136	0.31		
12922	แวล	29	0.9	19998	1.49		
12923	ว้อ	29	0.9	9612	0.23		
12924	อมมือ	29	0.9	29548	6.24		
12925	โหม่ง	29	0.9	13316	0.47		
12926	บานพับ	29	0.9	18764	1.20		
12927	ถุงน้ำดี	29	0.9	14492	0.59		
12928	ไทค์	29	0.9	7236	0.13		
12929	ฟุบ	29	0.9	8667	0.18		
12930	นง	29	0.9	7269	0.13		
12931	คอมมานโด	29	0.9	20657	1.64		
12932	สถุล	29	0.9	23183	2.40	offensive	
12933	ลึกล้ำ	29	0.9	7771	0.15		
12934	โอ้ว่า	29	0.9	22501	2.23		
12935	แทงใจ	29	0.9	14859	0.64		
12936	ป่าน	29	0.9	7482	0.14		
12937	เผด็จ	29	0.9	13873	0.53		
12938	ตาฝาด	29	0.9	13900	0.53		
12939	พื้นเพ	29	0.9	13261	0.47		
12940	เมือน	29	0.9	19407	1.36		
12941	คลุ้ง	29	0.9	11607	0.34		
12942	ครัวเรือน	29	0.9	1992	0.02		
12943	หนำใจ	29	0.9	15560	0.71		
12944	โดมิโน	29	0.9	22872	2.40		
12945	ตัวกลาง	29	0.9	5264	0.07		
12946	นอนเล่น	29	0.9	9408	0.22		
12947	ราชทัณฑ์	29	0.9	9967	0.25		
12948	สลิป	29	0.9	18380	1.11		
12949	ปราชัย	29	0.9	12785	0.43		
12950	คาร์ด	29	0.9	21520	1.84		
12951	ตาหวาน	29	0.9	11511	0.34		
12952	อาณัติ	29	0.9	11538	0.34		
12953	เหยาะ	29	0.9	8216	0.17		
12954	มมอธ	29	0.9	28288	5.20		
12955	วนิ	29	0.9	18963	1.25		
12956	หวาดเสียว	29	0.9	8954	0.20		
12957	สายพาน	29	0.9	11406	0.33		
12958	หริ	29	0.9	10896	0.30		
12959	นาจ	29	0.9	21024	1.73		
12960	เขียง	29	0.9	10645	0.28	slang	y
12961	โหน่	29	0.9	20062	1.49		
12962	สูสี	29	0.9	13821	0.52		
12963	แน่นิ่ง	29	0.9	10196	0.26		
12964	สวิทซ์	29	0.9	26455	3.90		
12965	โป้ปด	29	0.9	22035	2.08		
12966	ดีกรี	29	0.9	7978	0.16		
12967	อาซ	29	0.9	27780	4.46		
12968	แอ่งน้ำ	29	0.9	9987	0.25		
12969	เหลืออด	29	0.9	13475	0.49		
12970	ลูกหนี้	29	0.9	2663	0.02		
12971	โปะ	29	0.9	12140	0.38	colloquial	
12972	เบิน	29	0.9	24992	3.12		
12973	พลับ	29	0.9	11990	0.37		
12974	หล่อหลอม	29	0.9	6827	0.12		
12975	สวนสนาม	29	0.9	13517	0.50		
12976	ญัตติ	29	0.9	4829	0.06		
12977	สิ่ว	29	0.9	15311	0.68		
12978	ถาก	29	0.9	16114	0.78		
12979	วังหลวง	29	0.9	9648	0.23		
12980	แจ่มชัด	29	0.9	7839	0.15		
12981	ลอบกัด	29	0.9	18058	1.08		
12982	สามแก้ว	29	0.9	23526	2.60		
12983	รณา	29	0.9	7851	0.15		
12984	ท้าน	29	0.9	18168	1.11		
12985	ลูกสูบ	29	0.9	21604	1.95		
12986	พลาก	29	0.9	31288	speech-only		
12987	ปันส่วน	29	0.9	16853	0.89		
12988	รับหน้า	29	0.9	13413	0.48		
12989	ลดหย่อน	29	0.9	5876	0.09		
12990	โต้ง	29	0.9	6867	0.12		
12991	เฉยเมย	29	0.9	10402	0.27		
12992	ชำเลือง	29	0.9	5899	0.09		
12993	หรา	29	0.9	8513	0.18		
12994	กรุ้	29	0.9	30815	speech-only		
12995	เหน่ง	29	0.9	8950	0.20		
12996	พากย์	29	0.9	7404	0.14		
12997	กาฬ	29	0.9	10100	0.25		
12998	การคลัง	29	0.9	1535	0.01		
12999	พรวดพราด	29	0.9	10047	0.25		
13000	ทัศนะ	29	0.9	2307	0.02		
13001	ล่น	29	0.9	17527	0.98		
13002	ร้องทุกข์	29	0.9	4057	0.05		
13003	ฮีเลียม	29	0.9	16590	0.84		
13004	ไฉน	29	0.9	5905	0.09		
13005	สิงสู่	29	0.9	15417	0.69		
13006	แพทย	29	0.9	6361	0.10		
13007	ขนาบ	29	0.9	7766	0.15		
13008	เอียด	29	0.9	14619	0.61		
13009	อารยะ	29	0.9	8768	0.19		
13010	นวล	29	0.9	2807	0.03		
13011	ลวดหนาม	29	0.9	18149	1.08		
13012	หัวปั่น	29	0.9	20533	1.64		
13013	โฮมรูม	29	0.9	26016	3.90		
13014	ผักชี	29	0.9	5066	0.07		
13015	เหนื่อ	29	0.9	28489	5.20		
13016	โป๋	29	0.9	23355	2.40		
13017	เครื่องกรอง	29	0.9	16034	0.76		
13018	ชุย	28	0.9	17827	1.00		
13019	แอดดิสัน	28	0.9	35541	speech-only		
13020	ฟิตซ์เจอรัลด์	28	0.9	29233	6.03		
13021	ฉึก	28	0.9	14721	0.60		
13022	นำแสดง	28	0.9	11676	0.33		
13023	มิดไนท์	28	0.9	25276	3.35		
13024	เฮร์	28	0.9	35659	speech-only		
13025	โออิชิ	28	0.9		speech-only	slang	
13026	แรบ	28	0.9	36439	speech-only		
13027	ดั้ม	28	0.9	25886	3.35		
13028	ฟิท	28	0.9	27736	4.31		
13029	หับ	28	0.9	9409	0.21		
13030	โชเฟอร์	28	0.9	12131	0.37	colloquial	
13031	โครม	28	0.9	6594	0.11		
13032	ปุช	28	0.9	22934	2.32		
13033	แสตนด์	28	0.9	26859	3.77		
13034	ฮอว์ก	28	0.9	18580	1.12		
13035	ปู๊น	28	0.9	21979	2.01		
13036	เอซี	28	0.9	8838	0.19		
13037	เต้อ	28	0.9	19123	1.26		
13038	ไป่	28	0.9	10241	0.25		
13039	วูดส์	28	0.9	21625	1.88		
13040	บ๊ะ	28	0.9	15039	0.63		
13041	หงอ	28	0.9	17122	0.89		
13042	ออต	28	0.9	18191	1.08		
13043	ซาส	28	0.9	25952	3.35		
13044	อาว	28	0.9	13503	0.47		
13045	แน่แท้	28	0.9	9452	0.21		
13046	วนะ	28	0.9	10513	0.26		
13047	บุปผา	28	0.9	9454	0.21		
13048	มัช	28	0.9	16795	0.84		
13049	วิลเลจ	28	0.9	16844	0.86		
13050	สเต็ค	28	0.9	27364	4.31		
13051	เอาเข้าจริง	28	0.9	7656	0.14		
13052	เอาเป็นเอาตาย	28	0.9	14583	0.58		
13053	เบรียน	28	0.9	24125	2.74		
13054	บาร	28	0.9	26740	3.77		
13055	แก๊ป	28	0.9	20860	1.67		
13056	แครง	28	0.9	13861	0.51		
13057	ฮิก	28	0.9	29699	6.03		
13058	ดอค	28	0.9	23815	2.51		
13059	หนุ่มแน่น	28	0.9	15672	0.70		
13060	เครื่องจักรกล	28	0.9	8012	0.15		
13061	ก๊อส	28	0.9	37005	speech-only		
13062	เทียนไข	28	0.9	16499	0.81		
13063	อัว	28	0.9	13264	0.46		
13064	เซื่อง	28	0.9	15878	0.72		
13065	ซัพ	28	0.9	20560	1.59		
13066	เดว	28	0.9	34356	speech-only		
13067	ซ่ง	28	0.9	7162	0.12		
13068	มือเย็น	28	0.9	16688	0.84		
13069	โมนาโก	28	0.9	12515	0.40		
13070	อุตสาหะ	28	0.9	8134	0.16		
13071	เอต	28	0.9	19903	1.44		
13072	คุส	28	0.9	22434	2.15		
13073	ชุก	28	0.9	8567	0.17		
13074	สัต	28	0.9	8472	0.17		
13075	พิราบ	28	0.9	16742	0.84		
13076	อธิการบดี	28	0.9	3748	0.04		
13077	เยี่ย	28	0.9	28606	5.02		
13078	ศูนย์ชุมชน	28	0.9	31486	speech-only		
13079	พระราชบัญญัติ	28	0.9	605	0.00		
13080	เสท	28	0.9	18173	1.08		
13081	เยือกแข็ง	28	0.9	19645	1.37		
13082	แลด	28	0.9	29171	6.03		
13083	เนช	28	0.9	35334	speech-only		
13084	ทรานส์	28	0.9	14493	0.57		
13085	นที	28	0.9	11651	0.33		
13086	ตะราง	28	0.9	12572	0.40		
13087	เจบ	28	0.9	33136	speech-only		
13088	ทำบุญ	28	0.9	2210	0.02		y
13089	ทาล	28	0.9	28356	5.02		
13090	ไข่แดง	28	0.9	11063	0.30	colloquial	
13091	ทอร์ค	28	0.9	31534	speech-only		
13092	ตำบล	28	0.9	1676	0.01		
13093	พุพอง	28	0.9	15971	0.74		
13094	พร้า	28	0.9	11336	0.31		
13095	ศิล	28	0.9	8460	0.17		
13096	พรึง	28	0.9	20308	1.51		
13097	รอต	28	0.9	25137	3.01		
13098	สามล้อ	28	0.9	7727	0.14	colloquial	
13099	ไพร้ส์	28	0.9	21257	1.77		
13100	แมนส์	28	0.9	20622	1.59		
13101	ยุทโธปกรณ์	28	0.9	11277	0.31		
13102	ปล่า	28	0.9	30513	6.03		
13103	ขำขัน	28	0.9	11523	0.33		
13104	ปากสว่าง	28	0.9	33759	speech-only		
13105	บรรจง	28	0.9	4778	0.06		
13106	บึก	28	0.9	16442	0.79		
13107	ลูกโลก	28	0.9	8036	0.15		
13108	ดึกดำบรรพ์	28	0.9	5834	0.09		
13109	ปิโตรเลียม	28	0.9	3766	0.04		
13110	เนียะ	28	0.9	26523	3.77		
13111	แทส	28	0.9	21502	1.77		
13112	ตาหนู	28	0.9	15631	0.70		
13113	คอเสื้อ	28	0.9	9282	0.21		
13114	ลุ่ม	28	0.9	3685	0.04		
13115	ไทรอยด์	28	0.9	11334	0.31		
13116	รายรับ	28	0.9	5465	0.08		
13117	ศิวิไลซ์	28	0.9	9568	0.22	colloquial	
13118	น้ำจิ้ม	28	0.9	8500	0.17		
13119	ทุนนิยม	28	0.9	1783	0.01		
13120	ซักซ้อม	28	0.9	9558	0.22		
13121	วิเศษณ์	28	0.9	18383	1.08		
13122	ง่าม	28	0.9	9797	0.23		
13123	ลาดเลา	28	0.9	18914	1.21		
13124	โอชะ	28	0.9	13694	0.49		
13125	พีซ	28	0.9	13965	0.52		
13126	เบื้อ	28	0.9	14439	0.57		
13127	ลักษ์	28	0.9	22519	2.15		
13128	ชำร่วย	28	0.9	13934	0.52		
13129	กาณ์	28	0.9	21285	1.77		
13130	ฝังเข็ม	28	0.9	11469	0.32		
13131	ไพศาล	28	0.9	3997	0.05		
13132	เคียงบ่าเคียงไหล่	28	0.9	14495	0.57		
13133	แพ็ก	28	0.9	4943	0.06		
13134	สะพัด	28	0.9	10679	0.27		
13135	เครื่องป้องกัน	28	0.9	16109	0.75		
13136	เสย	28	0.9	9456	0.21	slang	
13137	เข็ญ	28	0.9	8574	0.18		
13138	ติดกระดุม	28	0.9	26797	3.77		
13139	แล่ว	28	0.9	20338	1.51		
13140	โครโมโซม	28	0.9	7951	0.15		y
13141	ลู่ทาง	28	0.9	9152	0.20		
13142	กนะ	28	0.9	18841	1.21		
13143	หน่วง	28	0.9	11091	0.30		
13144	กระจุก	28	0.9	5422	0.08		
13145	เบิกทาง	28	0.9	22150	2.01		
13146	ผล็อย	28	0.9	12608	0.40		
13147	เปลี่ยนมือ	28	0.9	11818	0.35		
13148	กษ	28	0.9	13793	0.50		
13149	เสรีนิยม	28	0.9	9188	0.20		
13150	สต๊อก	28	0.9	8120	0.16		
13151	ผลร้าย	28	0.9	6600	0.11		
13152	ธนา	28	0.9	5428	0.08		
13153	พร้อมใจ	28	0.9	5637	0.08		
13154	ลองใจ	28	0.9	14863	0.62		
13155	ตวาม	28	0.9	20096	1.44		
13156	แทรกซ์	28	0.9	33217	speech-only		
13157	ตลอก	28	0.9	13997	0.52		
13158	บรรทม	28	0.9	7347	0.13		
13159	อลหม่าน	28	0.9	11194	0.30		
13160	หละหลวม	28	0.9	15668	0.70		
13161	วจะ	28	0.9	22318	2.01		
13162	บุฟเฟ่ต์	28	0.9	14351	0.56		
13163	ยับยั้งชั่งใจ	28	0.9	12734	0.41		
13164	เจือจาง	28	0.9	10015	0.24		
13165	เกรียงไกร	28	0.9	8561	0.17		
13166	ฮึกเหิม	28	0.9	12824	0.42		
13167	ลัมภ์	28	0.9	27534	4.31		
13168	ปลาดุก	28	0.9	7609	0.14		
13169	สนุ	28	0.9	26181	3.77		
13170	ออกดอก	28	0.9	6487	0.10		
13171	พอประมาณ	28	0.9	9893	0.24		
13172	ชำ	28	0.9	10960	0.29		
13173	แนบแน่น	28	0.9	6336	0.10		
13174	กราบทูล	28	0.9	5024	0.07		
13175	แก้ง	28	0.9	21067	1.67		
13176	ชุ่ย	28	0.9	12497	0.40	offensive	
13177	สาสน์	28	0.9	14034	0.53		
13178	ล้ง	28	0.9	12921	0.43		
13179	โลเล	28	0.9	14864	0.62		
13180	ชัณ	28	0.9	31373	speech-only		
13181	วู่วาม	28	0.9	13592	0.49		
13182	ตักตวง	28	0.9	12034	0.36		
13183	หีบเพลง	28	0.9	22408	2.15		
13184	เจี๋ยน	28	0.9	21667	1.88		
13185	เซลเซียส	27	0.9	6329	0.09		
13186	คริสตินา	27	0.9	21072	1.61		
13187	ยก๊อด	27	0.9	30229	5.81		
13188	กุจ	27	0.9	24926	2.91		
13189	ชิ้ว	27	0.9	19071	1.16		
13190	กระโชก	27	0.9	14731	0.58		
13191	ไนติงเกล	27	0.9	19686	1.32		
13192	รลส์	27	0.9	29324	5.81		
13193	ดั้ก	27	0.9	38377	speech-only		
13194	รูเพิร์ต	27	0.9	32253	speech-only		
13195	มย	27	0.9	15907	0.69		
13196	ฟลิป	27	0.9	28027	4.84		
13197	คูเวต	27	0.9	14443	0.55		
13198	ทิงเจอร์	27	0.9	19627	1.32		
13199	ซีร์	27	0.9	25176	2.91		
13200	จิ้ง	27	0.9	9091	0.19		
13201	นิฟ	27	0.9	38503	speech-only		
13202	โรเบิร์ตสัน	27	0.9	36999	speech-only		
13203	เทรซ	27	0.9	38384	speech-only		
13204	พิตส์เบิร์ก	27	0.9	34823	speech-only		
13205	พึ่งพิง	27	0.9	7198	0.12		
13206	บู๊ธ	27	0.9	15831	0.69		
13207	ว้อด	27	0.9	31178	speech-only		
13208	ไดเร็ค	27	0.9	24973	2.91		
13209	วท	27	0.9	34280	speech-only		
13210	แมงกะพรุน	27	0.9	7627	0.13		
13211	คลีน	27	0.9	15365	0.65		
13212	ซิมส์	27	0.9	30224	5.81		
13213	มิสซิสซิปปี	27	0.9	29512	5.81		
13214	เย่น	27	0.9	33753	speech-only		
13215	มิคส์	27	0.9	8792	0.18		
13216	สันส์	27	0.9	28505	4.84		
13217	สโคน	27	0.9	33577	speech-only		
13218	อินเดียนา	27	0.9	16533	0.79		
13219	โลห์	27	0.9	37612	speech-only		
13220	เฮป	27	0.9	24702	2.91		
13221	นอม	27	0.9	21264	1.71		
13222	เหม็ง	27	0.9	11482	0.31		
13223	รล	27	0.9	34314	speech-only		
13224	ไนต์	27	0.9	24094	2.64		
13225	มอร์ส	27	0.9	21742	1.82		
13226	พรำ	27	0.9	11002	0.28		
13227	ชีล	27	0.9	31909	speech-only		
13228	ตต้า	27	0.9	29893	5.81		
13229	จาย์	27	0.9	22938	2.24		
13230	ตุ้ย	27	0.9	7956	0.15		
13231	พระสงฆ์	27	0.9	3176	0.03		y
13232	เป๋าฮื้อ	27	0.9	25373	3.23		
13233	ผีหลอก	27	0.9	10624	0.26		
13234	คิป	27	0.9	35799	speech-only		
13235	แนวนอน	27	0.9	7292	0.12		
13236	บื่อ	27	0.9	32981	speech-only		
13237	เส้า	27	0.9	13131	0.43		
13238	โกล์	27	0.9	25280	3.23		
13239	พรหมจารี	27	0.9	16053	0.73		
13240	มหากาฬ	27	0.9	14840	0.58		
13241	ล้อเลื่อน	27	0.9	20494	1.45		
13242	ไข่ดาว	27	0.9	9852	0.23		
13243	ลูกรัง	27	0.9	10230	0.24		
13244	ห้องส้วม	27	0.9	10871	0.28		
13245	ลมทะเล	27	0.9	13126	0.43		
13246	เฟี้ยว	27	0.9	17731	0.94		
13247	ปักเป้า	27	0.9	10239	0.24		
13248	กระบองเพชร	27	0.9	20482	1.45		
13249	จิตเภท	27	0.9	27301	4.15		
13250	หล่ม	27	0.9	13303	0.44		
13251	ศีก	27	0.9	27066	4.15		
13252	เจ็คท์	27	0.9	11749	0.33		
13253	สแลม	27	0.9	11260	0.30		
13254	ซาย	27	0.9	13244	0.43		
13255	ทัพพี	27	0.9	13319	0.44		
13256	แบ็งค์	27	0.9	20608	1.53		
13257	โปลิโอ	27	0.9	10472	0.25		
13258	ลอยฟ้า	27	0.9	13710	0.48		
13259	เว็ท	27	0.9	30883	speech-only		
13260	ไหล่เขา	27	0.9	11069	0.29		
13261	เถา	27	0.9	6715	0.11		
13262	เสริ์	27	0.9	27617	4.15		
13263	ตุง	27	0.9	4586	0.05		
13264	ทัด	27	0.9	8889	0.18	colloquial	
13265	ของกอง	27	0.9	7540	0.13		
13266	นว	27	0.9	7101	0.12		
13267	ตะวันขึ้น	27	0.9	26423	3.63		
13268	ยอบ	27	0.9	18196	1.04		
13269	อวย	27	0.9	10485	0.25	offensive	
13270	เพทย์	27	0.9	39159	speech-only		
13271	บุบสลาย	27	0.9	18358	1.04		
13272	ป็อปคอร์น	27	0.9	22456	2.08		
13273	คิดเห็น	27	0.9	1269	0.01		
13274	แหงน	27	0.9	6420	0.10		
13275	ลมปาก	27	0.9	16259	0.75		
13276	แคลงใจ	27	0.9	14780	0.58		
13277	ตัดกัน	27	0.9	8243	0.16		
13278	ทันใจ	27	0.9	9449	0.21		
13279	อนุกรม	27	0.9	8373	0.16		y
13280	ชุลมุน	27	0.9	8638	0.17		
13281	ข้อด้อย	27	0.9	11463	0.31		
13282	ไอโซโทป	27	0.9	22971	2.24		
13283	หยัด	27	0.9	14578	0.56		
13284	ล้อค	27	0.9	38636	speech-only		
13285	คติค	27	0.9	37888	speech-only		
13286	ทำที	27	0.9	7088	0.12		
13287	เฟื่องฟู	27	0.9	7520	0.13		
13288	เตล	27	0.9	17206	0.88		
13289	เกตต์	27	0.9	32086	speech-only		
13290	อบอ้าว	27	0.9	11142	0.29		
13291	ชิงทรัพย์	27	0.9	8713	0.17		
13292	ไอวี	27	0.9	7807	0.14		
13293	มุ้ง	27	0.9	5981	0.09		
13294	ตีสองหน้า	27	0.9	26175	3.63		
13295	ถาพ	27	0.9	29058	4.84		
13296	ใม่	27	0.9	12647	0.39		
13297	อกตัญญู	27	0.9	14729	0.58		
13298	ปริ้น	27	0.9	32609	speech-only		
13299	แก้วหู	27	0.9	10135	0.24		
13300	จุติ	27	0.9	9725	0.22		
13301	แจกไพ่	27	0.9	27484	4.15		
13302	พิศดาร	27	0.9	18496	1.08		
13303	โสต	27	0.9	6085	0.09		
13304	แอมเฟตามีน	27	0.9	15060	0.61		
13305	ชอกช้ำ	27	0.9	13590	0.46		
13306	ลอบบี้	27	0.9	31665	speech-only		
13307	อิมพีเรียล	27	0.9	16451	0.76		
13308	แพ้ท้อง	27	0.9	13508	0.45		
13309	เป็ค	27	0.9	27402	4.15		
13310	วางมาด	27	0.9	17068	0.85		
13311	เที่ย	27	0.9	21723	1.82		
13312	ศาส	27	0.9	14886	0.59		
13313	เศ	27	0.9	20767	1.53		
13314	นัว	27	0.9	15170	0.62		
13315	ใจคอ	27	0.9	5927	0.08		
13316	รติ	27	0.9	15556	0.66		
13317	เฉื่อยชา	27	0.9	11227	0.30		
13318	ประวัติการณ์	27	0.9	10587	0.26		
13319	ต่า	27	0.9	12589	0.39		
13320	ดัดสันดาน	27	0.9	21549	1.71		
13321	แหบ	27	0.9	7146	0.12		
13322	เมี่ยว	27	0.9	33183	speech-only		
13323	อ๊อฟ	27	0.9	14668	0.57		
13324	สุดเสียง	27	0.9	11900	0.34		
13325	เล่นลิ้น	27	0.9	19636	1.32	slang	
13326	พันธุ	27	0.9	9742	0.22		
13327	นุ่น	27	0.9	6961	0.11		
13328	รมณ์	27	0.9	12781	0.40		
13329	ดูแคลน	27	0.9	9398	0.20		
13330	เจ้ากรม	27	0.9	8933	0.18		
13331	สเว็ต	27	0.9	19043	1.16		
13332	คลุกคลี	27	0.9	7605	0.13		
13333	ลิ่ว	27	0.9	5598	0.08		
13334	เกริ่น	27	0.9	7102	0.12		
13335	เดือนร้อน	27	0.9	10322	0.25		
13336	ขัดสน	27	0.9	10004	0.23		
13337	ประจวบ	27	0.9	4598	0.05	colloquial	
13338	บรรณาการ	27	0.9	10354	0.25		
13339	เครื่องพิมพ์	27	0.9	11022	0.28		
13340	สังกะสี	27	0.9	6071	0.09		
13341	ทารุณกรรม	27	0.9	10065	0.23		
13342	ทรหด	27	0.9	10868	0.27		
13343	น้ำเชื้อ	27	0.9	8644	0.17		
13344	ทาบทาม	27	0.9	8958	0.19		
13345	ษณ์	27	0.9	23886	2.42		
13346	อบ่าง	27	0.9	23026	2.24		
13347	หตุ	27	0.9	23119	2.24		
13348	ซิงเกิล	27	0.9	20823	1.53		
13349	อนาจาร	27	0.9	7927	0.14		
13350	สงบเสงี่ยม	27	0.9	10582	0.26		
13351	สามเส้า	27	0.9	14390	0.54		
13352	สเตอรอยด์	27	0.9	19838	1.32		
13353	สาวแก่	27	0.9	14598	0.56		
13354	แอะ	27	0.9	17357	0.88		
13355	บิ่น	27	0.9	17062	0.85		
13356	ทับถม	27	0.9	8564	0.17		
13357	น้าา	27	0.9	25348	3.23		
13358	ข้าวสาร	27	0.9	4395	0.05		
13359	อิงแลนด์	27	0.9	17892	0.97		
13360	ชาวเกาะ	27	0.9	12186	0.36		
13361	นามธรรม	27	0.9	3588	0.04		
13362	ญี่	27	0.9	16973	0.83		
13363	ดน	27	0.9	13197	0.43		
13364	คณา	27	0.9	9736	0.22		
13365	หล่อเย็น	27	0.9	17789	0.97		
13366	วีรสตรี	27	0.9	18790	1.12		
13367	คุณงาม	27	0.9	8471	0.16		
13368	เถรตรง	27	0.9	18548	1.08		
13369	คุณลักษณะ	27	0.9	3099	0.03		
13370	ดินเหนียว	27	0.9	9319	0.20		
13371	ฝ้า	27	0.9	4250	0.05		
13372	สักกะ	27	0.9	16623	0.79		
13373	เฟะ	27	0.9	16531	0.79		
13374	ศิษ	27	0.9	16733	0.81		
13375	งอย	27	0.9	23827	2.42		
13376	โจล	27	0.9	35180	speech-only		
13377	อู้ว์	26	0.8	35719	speech-only		
13378	ซาลิม	26	0.8	31614	speech-only		
13379	ฮอม	26	0.8	27688	4.00		
13380	เดวิดสัน	26	0.8	34875	speech-only		
13381	อั๊ก	26	0.8	29199	5.60		
13382	โดฟ	26	0.8	27821	4.00		
13383	เควสต์	26	0.8	37276	speech-only		
13384	พ่อแม่พี่น้อง	26	0.8		speech-only	colloquial	
13385	ดริ้งค์	26	0.8	29260	5.60		
13386	หว่อง	26	0.8	16672	0.78		
13387	ลูกเมียน้อย	26	0.8		speech-only	slang	
13388	แพลท	26	0.8	23670	2.33		
13389	สปิล	26	0.8	29267	5.60		
13390	มันน์	26	0.8	18145	0.97		
13391	บรู๊คส์	26	0.8	35497	speech-only		
13392	มนุษยวิทยา	26	0.8	19617	1.27		
13393	จช	26	0.8	39572	speech-only		
13394	เบนส์	26	0.8	20921	1.55		
13395	ชูร์	26	0.8	28897	4.66		
13396	เพิร์ท	26	0.8	21612	1.75		
13397	ตาบ	26	0.8	16182	0.70		
13398	ลักซ์	26	0.8	15876	0.67		
13399	รนต์	26	0.8	23059	2.15		
13400	อุดร	26	0.8	5398	0.07		
13401	อ๊อ	26	0.8	39457	speech-only		
13402	เจ็กต์	26	0.8	9822	0.22		
13403	ละติจูด	26	0.8	6202	0.09		
13404	ทวิน	26	0.8	15918	0.67		
13405	เหมย	26	0.8	11800	0.32		
13406	ฮวย	26	0.8	12875	0.39		
13407	พาลเมอร์	26	0.8	33864	speech-only		
13408	เส้นผ่าศูนย์กลาง	26	0.8	7000	0.11		
13409	เดนมาร์ก	26	0.8	7264	0.12		
13410	เฟิร์ต	26	0.8	21762	1.75		
13411	สตร	26	0.8	27014	4.00		
13412	หัวขวาน	26	0.8	26832	3.50		
13413	ไฮติ	26	0.8	29494	5.60		
13414	เพ็ต	26	0.8	23378	2.33		
13415	เบล็ก	26	0.8	32785	speech-only		
13416	สัว	26	0.8	28770	4.66		
13417	คูลเลอร์	26	0.8	20317	1.40		
13418	กิโซ	26	0.8	14997	0.58		
13419	สมานฉันท์	26	0.8	3084	0.03		
13420	แทร็ก	26	0.8	17962	0.97		
13421	หูกระต่าย	26	0.8	32038	speech-only		
13422	ออป	26	0.8	13976	0.48		
13423	เพอร์เฟกต์	26	0.8	33831	speech-only		
13424	ไทม์ส	26	0.8	16381	0.74		
13425	เชช	26	0.8	23122	2.15		
13426	บรอย	26	0.8	35611	speech-only		
13427	ชัท	26	0.8	35542	speech-only		
13428	ฟรุต	26	0.8	18553	1.04		
13429	ลาบ	26	0.8	7669	0.13		
13430	พิด	26	0.8	20402	1.40		
13431	กริง	26	0.8	30418	5.60		
13432	สแกนดิเนเวีย	26	0.8	12748	0.38		
13433	วาริ	26	0.8	18397	1.04		
13434	กระโดดร่ม	26	0.8	26351	3.50		
13435	แหว่ง	26	0.8	9911	0.22		
13436	เอธิโอเปีย	26	0.8	16574	0.76		
13437	ใบแดง	26	0.8	10058	0.23		
13438	แฮมป์	26	0.8	39747	speech-only		
13439	แพรวพราว	26	0.8	10618	0.25		
13440	จ๋อ	26	0.8	18478	1.04		
13441	หมดอาลัยตายอยาก	26	0.8	16841	0.80		
13442	ไห่	26	0.8	11557	0.30		
13443	รูว์	26	0.8	34300	speech-only		
13444	ท้าว	26	0.8	2888	0.03		
13445	เซ้าท์	26	0.8	27216	4.00		
13446	บาบูน	26	0.8	26997	4.00		
13447	ปาร์ตี	26	0.8	35833	speech-only		
13448	สะเออะ	26	0.8	21619	1.75	offensive	
13449	ไก่ฟ้า	26	0.8	17158	0.82		
13450	รอช	26	0.8	35942	speech-only		
13451	ปากกว้าง	26	0.8	10936	0.27		
13452	พริส	26	0.8	14101	0.49		
13453	โคมลอย	26	0.8	21656	1.75	slang	y
13454	สถ	26	0.8	15307	0.61		
13455	สะพรั่ง	26	0.8	8722	0.17		
13456	บาร์ด	26	0.8	26920	3.50		
13457	ฑู	26	0.8	25836	3.11		
13458	ปลดแอก	26	0.8	11102	0.28		
13459	ภูผา	26	0.8	12885	0.39		
13460	เลือดร้อน	26	0.8	18208	1.00		
13461	ครั้น	26	0.8	2280	0.02		
13462	สมัยเก่า	26	0.8	12985	0.40		
13463	อภิเษกสมรส	26	0.8	11489	0.30		
13464	เบรีย	26	0.8	25458	3.11		
13465	อเวจี	26	0.8	19226	1.17		
13466	อ้อยอิ่ง	26	0.8	9664	0.21		
13467	นรี	26	0.8	12212	0.35		
13468	จ๊า	26	0.8	20571	1.47		
13469	ปักษ์	26	0.8	5728	0.08		
13470	ตึกระฟ้า	26	0.8	16780	0.78		
13471	ตัม	26	0.8	19532	1.22		
13472	เกียรติคุณ	26	0.8	8523	0.16		
13473	ปัญญาประดิษฐ์	26	0.8	38928	speech-only		
13474	สลวย	26	0.8	8483	0.16		
13475	ตู้อบ	26	0.8	22337	1.87		
13476	นูน	26	0.8	5904	0.08		
13477	จรัส	26	0.8	9177	0.19		
13478	ตอย	26	0.8	16219	0.72		
13479	สวิต	26	0.8	15133	0.60		
13480	โภชนาการ	26	0.8	4595	0.05		
13481	แหงม	26	0.8	25299	3.11		
13482	เป๊บ	26	0.8	23332	2.15		
13483	เช็ดหน้า	26	0.8	12035	0.33		
13484	กระเด้ง	26	0.8	15317	0.61		
13485	ประจำเมือง	26	0.8	21299	1.65		
13486	เล่นพวก	26	0.8	20236	1.40		
13487	รับขวัญ	26	0.8	14326	0.52		
13488	ค็อท	26	0.8	29075	4.66		
13489	จำนน	26	0.8	14331	0.52		
13490	จี๊ป	26	0.8	12580	0.37		
13491	ศู	26	0.8	15203	0.60		
13492	วิ้ง	26	0.8	21780	1.75		
13493	สกู๊ต	26	0.8	26440	3.50		
13494	ขยำ	26	0.8	11847	0.32		
13495	ขมวด	26	0.8	3593	0.04		
13496	กระดานดำ	26	0.8	14395	0.52		
13497	เนธ	26	0.8	12433	0.36		
13498	แพร่หลาย	26	0.8	2541	0.02		
13499	ดื่มกิน	26	0.8	11371	0.29		
13500	รับเหมา	26	0.8	11108	0.28		
13501	จงรัก	26	0.8	11267	0.29		
13502	ออมทรัพย์	26	0.8	4184	0.04		
13503	สโตร์	26	0.8	13456	0.44		
13504	กระจกเงา	26	0.8	10128	0.23		y
13505	ควงแขน	26	0.8	16284	0.72		
13506	เจ็บท้อง	26	0.8	13977	0.48		
13507	ถลน	26	0.8	14868	0.57		
13508	เม้ง	26	0.8	7391	0.12		
13509	ลำแข้ง	26	0.8	17453	0.87		
13510	โบ้ย	26	0.8	17154	0.82		
13511	อัดแน่น	26	0.8	8255	0.15		
13512	พลัดพราก	26	0.8	7624	0.13		
13513	ถัมป์	26	0.8	18328	1.00		
13514	ดีท	26	0.8	28636	4.66		
13515	ตะกอน	26	0.8	4914	0.06		
13516	นักชีววิทยา	26	0.8	14560	0.54		
13517	แต้มต่อ	26	0.8	23015	2.15		
13518	พยศ	26	0.8	12882	0.39		
13519	จับความ	26	0.8	11491	0.30		
13520	นาบ	26	0.8	16310	0.72		
13521	ตาชั่ง	26	0.8	15409	0.62		y
13522	อ้ง	26	0.8	14820	0.56		
13523	เบาบาง	26	0.8	6805	0.10		
13524	พังผืด	26	0.8	12224	0.35		
13525	ปัดเป่า	26	0.8	12584	0.37		
13526	วิสัย	26	0.8	4240	0.05		
13527	อาทร	26	0.8	5070	0.06		
13528	ทศ	26	0.8	4929	0.06		
13529	พฤกษศาสตร์	26	0.8	12658	0.38		
13530	เรืองรอง	26	0.8	8184	0.15		
13531	ข้างมาก	26	0.8	4661	0.05		
13532	เคลือบแคลง	26	0.8	12582	0.37		
13533	โบร์	26	0.8	22374	1.87		
13534	เอาอกเอาใจ	26	0.8	9299	0.19		
13535	ฌะ	26	0.8	32571	speech-only		
13536	คลับเฮาส์	26	0.8	31514	speech-only		
13537	ศัพท	26	0.8	16982	0.80		
13538	ประชวร	26	0.8	8957	0.18		
13539	เมมเบอร์	26	0.8	24069	2.54		
13540	ล็อท	26	0.8	22737	2.00		
13541	เทวรูป	26	0.8	12201	0.35		
13542	เหล่ง	26	0.8	31001	speech-only		
13543	ฮ่วย	25	0.8	18220	0.96		
13544	ปวี	25	0.8	11275	0.28		
13545	แยตต์	25	0.8	30625	speech-only		
13546	ชาล์ส	25	0.8	31752	speech-only		
13547	หาา	25	0.8	22503	1.92		
13548	เฮิร์บ	25	0.8	38905	speech-only		
13549	กิบส์	25	0.8	27127	3.84		
13550	ชาติหมา	25	0.8		speech-only	offensive	
13551	วิ้ว	25	0.8	18069	0.93		
13552	วุด	25	0.8	26020	3.36		
13553	ฮันส์	25	0.8	15633	0.63		
13554	เครียร์	25	0.8	33383	speech-only		
13555	วานส์	25	0.8	30457	5.38		
13556	เกร็น	25	0.8	34889	speech-only		
13557	บาร์ก	25	0.8	33855	speech-only		
13558	วต	25	0.8	25536	2.99		
13559	เนียลส์	25	0.8	35383	speech-only		
13560	สโนว	25	0.8	21349	1.58		
13561	นิโคลส์	25	0.8	26876	3.36		
13562	อึ๊	25	0.8	38324	speech-only		
13563	เต๋อ	25	0.8	10599	0.24		
13564	เลนท์	25	0.8	19271	1.12		
13565	แซนฟอร์ด	25	0.8	36504	speech-only		
13566	โคส	25	0.8	26463	3.36		
13567	นท	25	0.8	11695	0.30		
13568	สปาร์ก	25	0.8	34345	speech-only		
13569	เช่อ	25	0.8	25564	2.99		
13570	ชายด์	25	0.8	31606	speech-only		
13571	จิมิ	25	0.8		speech-only	colloquial	
13572	เทะ	25	0.8	21769	1.68		
13573	เซรามิค	25	0.8	20920	1.50		
13574	พิมพ์ดีด	25	0.8	10516	0.24		
13575	เฉลียว	25	0.8	9988	0.21		
13576	อาล	25	0.8	15736	0.63		
13577	ดาวเหนือ	25	0.8	11755	0.31		
13578	ชับ	25	0.8	21383	1.58		
13579	ดอดจ์	25	0.8	32951	speech-only		
13580	ต้นตำรับ	25	0.8	13324	0.41		
13581	การด์	25	0.8	33019	speech-only		
13582	วอม	25	0.8	29668	5.38		
13583	สุกียากี้	25	0.8	28989	4.49		
13584	เนา	25	0.8	11862	0.31		
13585	บริว	25	0.8	17684	0.87		
13586	วาลด์	25	0.8	29435	5.38		
13587	ทูบ	25	0.8	14427	0.51		
13588	เพื่อนพ้อง	25	0.8	10902	0.26		
13589	ติ๊	25	0.8	23820	2.24		
13590	จะเห็นได้ว่า	25	0.8	1991	0.01		
13591	แทรง	25	0.8	27903	3.84		
13592	ประสาทแดก	25	0.8		speech-only	offensive	
13593	กาเร	25	0.8	29131	4.49		
13594	อัคคี	25	0.8	21410	1.58		
13595	คาห์	25	0.8	26023	3.36		
13596	ไข่เน่า	25	0.8	31897	speech-only		
13597	ประจบประแจง	25	0.8	23312	2.07		
13598	ดริด	25	0.8	17306	0.82		
13599	ดูล	25	0.8	24480	2.45		
13600	มันตา	25	0.8	8116	0.14		
13601	วุน	25	0.8	28939	4.49		
13602	เล็ด	25	0.8	11657	0.30		
13603	ลูด	25	0.8	22497	1.92		
13604	คณะกรรมาธิการ	25	0.8	2173	0.02		
13605	เพรียบ	25	0.8	23198	2.07		
13606	เปส	25	0.8	33169	speech-only		
13607	บั๊บ	25	0.8	29735	5.38		
13608	โมส	25	0.8	34007	speech-only		
13609	เห่อ	25	0.8	8891	0.17		
13610	เร้นลับ	25	0.8	9311	0.19		
13611	หวาง	25	0.8	14597	0.52		
13612	วาไรตี้	25	0.8	18211	0.96		
13613	กรี้ด	25	0.8	39445	speech-only		
13614	สรรพคุณ	25	0.8	5201	0.06		
13615	กรึ๊บ	25	0.8	29683	5.38		
13616	ประทัง	25	0.8	10377	0.23		
13617	มอนส์	25	0.8	28137	4.49		
13618	ตราบาป	25	0.8	17296	0.82		
13619	ไกว	25	0.8	11700	0.30		
13620	นิวตริโน	25	0.8	17587	0.87		
13621	ท้องร่วง	25	0.8	13555	0.43		
13622	อบเชย	25	0.8	19327	1.12		
13623	ฮาวด์	25	0.8	16156	0.67		
13624	เจอร์ซีย์	25	0.8	29840	5.38		
13625	สงค์	25	0.8	2510	0.02		
13626	องก์	25	0.8	17636	0.87		
13627	เจื้อยแจ้ว	25	0.8	12137	0.33		
13628	นิรันดร	25	0.8	10860	0.25		
13629	แอ็ด	25	0.8	9125	0.18		
13630	เฉไฉ	25	0.8	14825	0.54		
13631	กล้ำกลืน	25	0.8	11959	0.32		
13632	เอกสิทธิ์	25	0.8	10537	0.24		
13633	กลับบ้านเก่า	25	0.8		speech-only	slang	
13634	คำแปล	25	0.8	8788	0.17		
13635	ตวน	25	0.8	12852	0.38		
13636	ฟีด	25	0.8	21295	1.58		
13637	ทรุดโทรม	25	0.8	6628	0.10		
13638	เร่งเร้า	25	0.8	10592	0.24		
13639	ถลา	25	0.8	7202	0.11		
13640	เปลี่ย	25	0.8	22671	1.92		
13641	อรุ้	25	0.8	39437	speech-only		
13642	สัณฐาน	25	0.8	8436	0.15		
13643	อืดอาด	25	0.8	17606	0.87		
13644	คเก็ต	25	0.8	20077	1.28		
13645	เสี้ยน	25	0.8	13033	0.39	colloquial	
13646	หาสถ์	25	0.8	27259	3.84		
13647	คิดเลข	25	0.8	14962	0.55		y
13648	กรมธรรม์	25	0.8	11109	0.27		
13649	นิโคติน	25	0.8	22695	1.92		
13650	คนจร	25	0.8	24548	2.45		
13651	เคียงคู่	25	0.8	8994	0.17		
13652	ประลัย	25	0.8	22059	1.79		
13653	มะนิลา	25	0.8	7096	0.11		
13654	ผิ	25	0.8	12302	0.34		
13655	ซ้ำซ้อน	25	0.8	5986	0.08		
13656	ไว้เนื้อเชื่อใจ	25	0.8	10650	0.24		
13657	ไทเทเนียม	25	0.8	22069	1.79		
13658	เปรส	25	0.8	16301	0.69		
13659	ย่ำยี	25	0.8	12663	0.36		
13660	กรีนแลนด์	25	0.8	24337	2.45		
13661	ระเริง	25	0.8	4904	0.06		
13662	ซึ่ม	25	0.8	16610	0.73		
13663	มีเทน	25	0.8	12227	0.33		
13664	สย	25	0.8	17053	0.79		
13665	เวง	25	0.8	19619	1.22		
13666	ชด	25	0.8	20798	1.42		
13667	เม่า	25	0.8	11971	0.32		
13668	โดล	25	0.8	23143	2.07		
13669	ไดเอ็ท	25	0.8	20603	1.42		
13670	บาทา	25	0.8		speech-only	slang	
13671	โสม	25	0.8	5137	0.06		
13672	ขวิด	25	0.8	12869	0.38	offensive	
13673	แป๊ะ	25	0.8	6422	0.09	offensive	
13674	ข้อแนะนำ	25	0.8	7469	0.12		
13675	ไลต์	25	0.8	9108	0.18		
13676	จั่ว	25	0.8	11213	0.27		
13677	ขึ้นเขียง	25	0.8		speech-only	slang	
13678	เหน็บชา	25	0.8	19698	1.22		
13679	แก้มือ	25	0.8	22984	2.07		
13680	แก้เผ็ด	25	0.8	19111	1.12		
13681	ลูกฟุตบอล	25	0.8	14852	0.54		
13682	ยิ่	25	0.8	26855	3.36		
13683	สนัน	25	0.8	23836	2.24		
13684	สปีชีส์	25	0.8	23742	2.24		
13685	คร้ง	25	0.8	29298	5.38		
13686	ริย	25	0.8	4029	0.04		
13687	ประสูติ	25	0.8	6314	0.09		
13688	ตะปบ	25	0.8	12683	0.36		
13689	มอมแมม	25	0.8	9715	0.20		
13690	ญกร	25	0.8	39679	speech-only		
13691	พระราชทาน	25	0.8	1907	0.01		
13692	แกนนำ	25	0.8	3140	0.03		
13693	ช้น	25	0.8	22611	1.92		
13694	โยม	25	0.8	5988	0.08		
13695	ภัค	25	0.8	13924	0.46		
13696	ตลบหลัง	25	0.8	27863	3.84		
13697	ผ่อนปรน	25	0.8	7661	0.13		
13698	ตั้ว	25	0.8	15076	0.56		
13699	จัดระบบ	25	0.8		speech-only	slang	
13700	วิบาก	25	0.8	5257	0.06		
13701	พี่ง	25	0.8	30093	5.38		
13702	บรรดาศักดิ์	25	0.8	7278	0.11		
13703	ติดพัน	25	0.8	9550	0.20		
13704	เจี๊ยว	25	0.8	15500	0.61	colloquial	
13705	ขับถ่าย	25	0.8	7419	0.12		
13706	ซักไซ้	25	0.8	10369	0.23		
13707	แกร่ว	25	0.8	18816	1.04		
13708	ทยอย	25	0.8	3823	0.04		
13709	ศาลฎีกา	25	0.8	2088	0.02		
13710	ข้อพิพาท	25	0.8	3208	0.03		
13711	ถูกคอ	25	0.8	12441	0.35		
13712	ติ๋ม	25	0.8	10454	0.23		
13713	เครื่องกล	25	0.8	11472	0.29		
13714	วาร์ป	25	0.8		speech-only	slang	
13715	ฉงน	25	0.8	7776	0.13		
13716	กำกวม	25	0.8	10487	0.24		
13717	เสพย์ติด	25	0.8	8250	0.14		
13718	ดีก	25	0.8	14498	0.51		
13719	หลายแหล่	25	0.8	12766	0.37		
13720	ใจความ	25	0.8	6745	0.10		
13721	ด่วย	25	0.8	20844	1.50		
13722	โจม	25	0.8	18355	0.96		
13723	โกส	25	0.8	18987	1.08		
13724	ถัย	25	0.8	35604	speech-only		
13725	ประจุไฟฟ้า	25	0.8	13577	0.43		
13726	เลินเล่อ	25	0.8	6905	0.10		
13727	ไดร	25	0.8	31781	speech-only		
13728	มั่วสุม	25	0.8	10554	0.24		
13729	มมา	25	0.8	23504	2.24		
13730	ยุด	25	0.8	12654	0.36		
13731	ไบค์	25	0.8	18281	0.96		
13732	สภาพการณ์	25	0.8	4507	0.05		
13733	เฉพาะหน้า	25	0.8	4976	0.06		
13734	เตาไฟ	25	0.8	13600	0.43		
13735	ทุรนทุราย	25	0.8	9580	0.20		
13736	ซาโยนาระ	24	0.8	27515	3.69		
13737	ฟิ้ว	24	0.8	16796	0.72		
13738	เมี้ยว	24	0.8	23021	1.99		
13739	ทูร	24	0.8	32709	speech-only		
13740	โอเปอร์เรเตอร์	24	0.8	39476	speech-only		
13741	เณร	24	0.8	6098	0.08	colloquial	
13742	อินดัสตรี	24	0.8	26608	3.23		
13743	หลุน	24	0.8	12695	0.35		
13744	อัลมา	24	0.8	17091	0.76		
13745	วัตต์	24	0.8	11268	0.27		y
13746	อุ๊ก	24	0.8	25674	2.87		
13747	เย็ดแม่	24	0.8		speech-only	offensive	
13748	สโตรค	24	0.8	28579	4.31		
13749	แจ็กสัน	24	0.8	18381	0.92		
13750	เดกซ์	24	0.8	32961	speech-only		
13751	วิ่งผลัด	24	0.8	16235	0.66		
13752	คุณวิเศษ	24	0.8	22706	1.85		
13753	เบิต	24	0.8	35285	speech-only		
13754	อร์น	24	0.8	37657	speech-only		
13755	คอยท่า	24	0.8	19121	1.08		
13756	อาร์ลิงตัน	24	0.8	38711	speech-only		
13757	เฮนริก	24	0.8	31669	speech-only		
13758	ลึ	24	0.8	28443	4.31		
13759	วี้	24	0.8	22484	1.85		
13760	หน้าจืด	24	0.8	16066	0.65		
13761	พ็อด	24	0.8	23901	2.15		
13762	ซีเคียวริตี้	24	0.8	37827	speech-only		
13763	หล่า	24	0.8	18482	0.96		
13764	แลส	24	0.8	29784	5.17		
13765	จ้าาา	24	0.8	36852	speech-only		
13766	โศ	24	0.8	15167	0.55		
13767	บ๊องส์	24	0.8	37105	speech-only		
13768	ปอบ	24	0.8	12247	0.32	offensive	
13769	ทวิส	24	0.8	29705	5.17		
13770	หมอตำแย	24	0.8	15717	0.60		
13771	นัมเบอร์	24	0.8	14914	0.53	colloquial	
13772	วิทท์	24	0.8	39674	speech-only		
13773	สวีต	24	0.8	14651	0.51		
13774	ไซโค	24	0.8	9476	0.18		
13775	ด้าร	24	0.8	27873	3.69		
13776	พิชัยสงคราม	24	0.8	16312	0.66		
13777	สติน	24	0.8	39897	speech-only		
13778	วริน	24	0.8	13882	0.44		
13779	ติกส์	24	0.8	9261	0.18		
13780	พูน	24	0.8	6503	0.09		
13781	โจ้	24	0.8	7549	0.12		
13782	กรรโชก	24	0.8	13068	0.37		
13783	เฮฟวี่	24	0.8	24311	2.35		
13784	เมจิก	24	0.8	17116	0.76		
13785	ท้อถอย	24	0.8	9464	0.18		
13786	หย่อย	24	0.8	21207	1.52		
13787	สะอึกสะอื้น	24	0.8	10438	0.22		
13788	โนว์	24	0.8	23825	2.15		
13789	กัซ	24	0.8	26358	3.23		
13790	งงง	24	0.8	27212	3.69		
13791	เถลไถล	24	0.8	16322	0.66		
13792	นามปากกา	24	0.8	9161	0.17		
13793	คำฟ้อง	24	0.8	12222	0.32		
13794	ดอกทอง	24	0.8	22217	1.72	offensive	
13795	หวูด	24	0.8	18444	0.96		
13796	กิลล์	24	0.8	34232	speech-only		
13797	ชำเรา	24	0.8	7824	0.13		
13798	ซูเปอร์สตาร์	24	0.8	12472	0.34		
13799	ฮน	24	0.8	15250	0.56		
13800	ต่อปากต่อคำ	24	0.8	12251	0.32		
13801	อินคา	24	0.8	9506	0.19		
13802	รจ	24	0.8	23347	1.99		
13803	นกยูง	24	0.8	11162	0.26		
13804	บอสเนีย	24	0.8	17385	0.81		
13805	อี่	24	0.8	11045	0.25		
13806	ยัล	24	0.8	28469	4.31		
13807	ครอม	24	0.8	28239	4.31		
13808	คอนแทค	24	0.8	37301	speech-only		
13809	ดัต	24	0.8	36422	speech-only		
13810	สครีม	24	0.8	23654	2.15		
13811	ชิงช้าสวรรค์	24	0.8	15287	0.56		
13812	เดรด	24	0.8	39952	speech-only		
13813	เพา	24	0.8	10200	0.21		
13814	พิธีรีตอง	24	0.8	12236	0.32		
13815	ดีไม่ดี	24	0.8	8470	0.15		
13816	แฟบ	24	0.8	12841	0.36		
13817	ศิ	24	0.8	6124	0.08		
13818	ตันส์	24	0.8	28302	4.31		
13819	ชวา	24	0.8	8542	0.15		
13820	บรองซ์	24	0.8	28551	4.31		
13821	เสต	24	0.8	32450	speech-only		
13822	ซู่ซ่า	24	0.8	15517	0.59		
13823	คาบสมุทร	24	0.8	9908	0.20		
13824	เคบ	24	0.8	28057	4.31		
13825	เครื่องบันทึกเสียง	24	0.8	16277	0.66		
13826	จตุร	24	0.8	18794	0.99		
13827	หย่อนใจ	24	0.8	10975	0.25		
13828	งูเห่า	24	0.8	7427	0.11		
13829	กาฝาก	24	0.8	16595	0.70		
13830	เอนเอียง	24	0.8	9874	0.20		
13831	อภิรมย์	24	0.8	14544	0.50		
13832	ลีส์	24	0.8	23817	2.15		
13833	ท้องพระโรง	24	0.8	12297	0.32		
13834	หลือ	24	0.8	22931	1.99		
13835	เคร่งขรึม	24	0.8	8091	0.13		
13836	ผิวพรรณ	24	0.8	5569	0.07		
13837	เคลิบเคลิ้ม	24	0.8	10890	0.25		
13838	วิทย	24	0.8	12867	0.36		
13839	กำหมัด	24	0.8	12234	0.32		
13840	เครื่องคิดเลข	24	0.8	19469	1.12		y
13841	เทง	24	0.8	23693	2.15		
13842	เร็นซ์	24	0.8	29881	5.17		
13843	ฮิบรู	24	0.8	35163	speech-only		
13844	สะทก	24	0.8	9877	0.20		
13845	เจ็ฟ	24	0.8	37809	speech-only		
13846	พลูโตเนียม	24	0.8	27931	4.31		
13847	กักตุน	24	0.8	11613	0.28		
13848	กลับไปกลับมา	24	0.8	8677	0.15		
13849	ลั่ม	24	0.8	25258	2.87		
13850	ฟ่ะ	24	0.8	32662	speech-only		
13851	เหล็กดัด	24	0.8		speech-only	slang	
13852	เฟรนช์ฟ	24	0.8	31847	speech-only		
13853	กลิ่ม	24	0.8	31024	speech-only		
13854	มาต	24	0.8	12836	0.36		
13855	วิกาล	24	0.8	12539	0.34		
13856	จ่ายตลาด	24	0.8	12418	0.33		
13857	รากเหง้า	24	0.8	7355	0.11		
13858	ย้าน	24	0.8	17399	0.81		
13859	แป๋ง	24	0.8	21198	1.52		
13860	แฮมพ์	24	0.8	37646	speech-only		
13861	กะล่อน	24	0.8	13633	0.42		
13862	หยัง	24	0.8	10997	0.25		
13863	ครีเอทีฟ	24	0.8	10863	0.24		
13864	ทรราช	24	0.8	11761	0.29		
13865	โหวกเหวก	24	0.8	10907	0.25		
13866	ร้านชำ	24	0.8	20315	1.29		
13867	ตวัด	24	0.8	6032	0.08		
13868	เล้น	24	0.8	33315	speech-only		
13869	ปากร้าย	24	0.8	14559	0.50		
13870	ลูกผู้หญิง	24	0.8	9960	0.21		
13871	เจี้ยว	24	0.8	29658	5.17		
13872	พริน	24	0.8	17109	0.76		
13873	วด์	24	0.8	38977	speech-only		
13874	ใจเดียว	24	0.8	12072	0.31		
13875	ส่อ	24	0.8	5730	0.07		
13876	ช่องเขา	24	0.8	12249	0.32		
13877	ดีบุก	24	0.8	9318	0.18		
13878	ป่วง	24	0.8	21627	1.61		
13879	โซเซ	24	0.8	17681	0.83		
13880	วิจารณญาณ	24	0.8	6873	0.10		
13881	แสลง	24	0.8	11887	0.30		
13882	เคว้ง	24	0.8	19887	1.23		
13883	ขงจื๊อ	24	0.8	5479	0.07		
13884	แสงเลเซอร์	24	0.8	14899	0.53		
13885	แต๊ะอั๋ง	24	0.8		speech-only	slang	
13886	พลาสติค	24	0.8	19534	1.12		
13887	แคนู	24	0.8	23231	1.99		
13888	จุดรวม	24	0.8	14114	0.45		
13889	บุตรหลาน	24	0.8	8538	0.15		
13890	คั้ง	24	0.8	19027	1.03		
13891	ยางลบ	24	0.8	15600	0.59		
13892	ถือศีล	24	0.8	9263	0.18		
13893	ตวาด	24	0.8	5391	0.06		
13894	กลวิธี	24	0.8	3866	0.04		
13895	แพ็คเกจ	24	0.8	13691	0.42		
13896	เงื้อ	24	0.8	9166	0.17		
13897	แว้งกัด	24	0.8	26133	3.23		
13898	หมดไฟ	24	0.8		speech-only	slang	
13899	นุก	24	0.8	15845	0.62		
13900	กอบโกย	24	0.8	10658	0.23		
13901	โพรไฟล์	24	0.8	34116	speech-only		
13902	เมิง	24	0.8	13379	0.40		
13903	โต๊ะกลม	24	0.8	13628	0.42		
13904	ควาญ	24	0.8	13252	0.39		
13905	ทะนงตัว	24	0.8	24142	2.35		
13906	พี้น	24	0.8	23458	2.15		
13907	บริบท	24	0.8	3183	0.03		
13908	ปั๊บ	24	0.8	6323	0.08		
13909	ถ่อย	24	0.8	18525	0.96	offensive	
13910	ไปร	24	0.8	17021	0.76		
13911	ดาร	24	0.8	13090	0.37		
13912	เคลือน	24	0.8	38064	speech-only		
13913	ขาอ่อน	24	0.8	11553	0.28		
13914	สมน้ำสมเนื้อ	24	0.8	17492	0.81		
13915	เหล	24	0.8	20053	1.23		
13916	ห้ำหั่น	24	0.8	15491	0.59		
13917	เปลี่ยนหน้า	24	0.8	17945	0.86		
13918	เปล่	24	0.8	30125	5.17		
13919	คาร์นิวัล	24	0.8	28112	4.31		
13920	เครื่องปั้นดินเผา	24	0.8	10325	0.22		
13921	ข้อคิดเห็น	24	0.8	7887	0.13		
13922	รับแสง	24	0.8	12420	0.33		
13923	พลอง	24	0.8	18730	0.99		
13924	ซัดทอด	24	0.8	17106	0.76		
13925	ท้องตลาด	24	0.8	6758	0.09		
13926	เงอะงะ	24	0.8	15099	0.54		
13927	งูเหลือม	24	0.8	13921	0.44		
13928	ต่ง	24	0.8	10493	0.23		
13929	ร่วงโรย	24	0.8	11059	0.26		
13930	เครื่องเรือน	24	0.8	8999	0.17		
13931	เต๊	24	0.8	34040	speech-only		
13932	โก้ส	23	0.7	29542	4.95		
13933	เจพี	23	0.7	30769	speech-only		
13934	อู๊ย	23	0.7	14236	0.45		
13935	แควก	23	0.7	21363	1.46		
13936	เอ็นด์	23	0.7	28272	4.13		
13937	เบ๊ค	23	0.7	13685	0.41		
13938	วอลต์	23	0.7	19803	1.13		
13939	ฟันหลอ	23	0.7	16903	0.71		
13940	ลีโอน	23	0.7	18319	0.88		
13941	ราธ	23	0.7	26698	3.09		
13942	คีท	23	0.7	28908	4.13		
13943	เชาวน์	23	0.7	9380	0.17		
13944	กรีส	23	0.7	27994	4.13		
13945	ไพล่หลัง	23	0.7	16640	0.67		
13946	เตียว	23	0.7	12255	0.31		
13947	สมิต	23	0.7	18095	0.85		
13948	กรีฟส์	23	0.7	31404	speech-only		
13949	หี้	23	0.7	39746	speech-only		
13950	ซาร์ด	23	0.7	24811	2.48		
13951	ไลค์	23	0.7	22974	1.90		
13952	คล็อก	23	0.7	31485	speech-only		
13953	ขี้งก	23	0.7		speech-only	offensive	
13954	รอดส์	23	0.7	18242	0.88		
13955	แยน	23	0.7	20150	1.18		
13956	ธิส	23	0.7	34548	speech-only		
13957	เทรค	23	0.7	23476	2.06		
13958	ฟรีซ	23	0.7	18662	0.95		
13959	ฟอส	23	0.7	17276	0.75		
13960	อช	23	0.7	27861	3.54		
13961	ทรอมโบน	23	0.7	26992	3.54		
13962	เดรียน	23	0.7	24055	2.25		
13963	ควิก	23	0.7	26091	3.09		
13964	ออร์ลีน	23	0.7	32805	speech-only		
13965	จี๊	23	0.7	15891	0.59		
13966	ผ่อง	23	0.7	4182	0.04		
13967	ปีนป่าย	23	0.7	10569	0.22		
13968	เนทท์	23	0.7	29409	4.95		
13969	รัต	23	0.7	7820	0.12		
13970	สโตรก	23	0.7	13439	0.39		
13971	กั๊ง	23	0.7	32936	speech-only		
13972	เลือนราง	23	0.7	9879	0.19		
13973	ลิปส์	23	0.7	28763	4.13		
13974	กระเจี๊ยบ	23	0.7	19509	1.08		
13975	ไดรเวอร์	23	0.7	31333	speech-only		
13976	ไส้เดือน	23	0.7	11528	0.27		
13977	ปอป	23	0.7	35042	speech-only		
13978	หระ	23	0.7	10774	0.23		
13979	เป๊ก	23	0.7	13094	0.36		
13980	ดูว์	23	0.7	31563	speech-only		
13981	โกไล	23	0.7	21690	1.55		
13982	เบิ้น	23	0.7	32759	speech-only		
13983	โอก	23	0.7	27249	3.54		
13984	เกษตรกรรม	23	0.7	2463	0.02		
13985	เที่ยม	23	0.7	28168	4.13		
13986	ขุมขน	23	0.7	9101	0.16		
13987	เกี๋ยว	23	0.7	30305	4.95		
13988	น้าาา	23	0.7	19474	1.08		
13989	ฮูก	23	0.7	33984	speech-only		
13990	สะบ้า	23	0.7	16999	0.73		
13991	สัตว์นรก	23	0.7		speech-only	offensive	
13992	คืนคำ	23	0.7	21999	1.65		
13993	เน็น	23	0.7	27298	3.54		
13994	พส	23	0.7	29870	4.95	slang	
13995	แทรกเตอร์	23	0.7	16845	0.71		
13996	พร่ำเพ้อ	23	0.7	17077	0.73		
13997	แจ็ส	23	0.7	36505	speech-only		
13998	แทรค	23	0.7	26804	3.09		
13999	โบส	23	0.7	26406	3.09		
14000	พล่า	23	0.7	19130	1.03		
14001	ฮาด	23	0.7	22470	1.77		
14002	พั้นช์	23	0.7	24434	2.25		
14003	คลอโรฟอร์ม	23	0.7	32508	speech-only		
14004	ช้ำใจ	23	0.7	14538	0.48		
14005	เสากระโดง	23	0.7	26559	3.09		
14006	ล้างผลาญ	23	0.7	15757	0.58		
14007	ตายคาที่	23	0.7	18761	0.95		
14008	รีญ	23	0.7	30069	4.95		
14009	ช่าว	23	0.7	19080	1.03		
14010	ยูนิคอน	23	0.7	36680	speech-only		
14011	สิ้นชีพ	23	0.7	18154	0.85		
14012	คลัช	23	0.7	32279	speech-only		
14013	นักมานุษยวิทยา	23	0.7	17430	0.77		
14014	พม่า	23	0.7	1539	0.01		
14015	ปากอ่าว	23	0.7	14945	0.51		
14016	พรรคการเมือง	23	0.7	1735	0.01		
14017	กัมพูชา	23	0.7	2785	0.02		
14018	โคสต์	23	0.7	15990	0.60		
14019	เสียหลัก	23	0.7	9846	0.19		
14020	ผ่าเผย	23	0.7	14198	0.44		
14021	นมวัว	23	0.7	12328	0.31		
14022	ทว	23	0.7	25115	2.48		
14023	นายตรวจ	23	0.7	18350	0.88		
14024	เริ้ม	23	0.7	27257	3.54		
14025	สีน้ำมัน	23	0.7	9530	0.18		
14026	เวิร์ลด์	23	0.7	21465	1.46		
14027	กวม	23	0.7	18796	0.95		
14028	ล้างปาก	23	0.7	21534	1.46		
14029	ซั้ว	23	0.7	22359	1.65		
14030	กรมทหาร	23	0.7	9395	0.17		
14031	ผลาด	23	0.7	28833	4.13		
14032	เลียง	23	0.7	7983	0.13		
14033	หอศิลป์	23	0.7	9685	0.18		
14034	ธู	23	0.7	20910	1.38		
14035	เยิน	23	0.7	16003	0.60	slang	
14036	เทศะ	23	0.7	11401	0.26		
14037	เครป	23	0.7	20781	1.30		
14038	ดดดดด	23	0.7	11170	0.25		
14039	ว่าน	23	0.7	7942	0.12		
14040	พันช์	23	0.7	34837	speech-only		
14041	ประเวณี	23	0.7	12625	0.33		
14042	อำนาจมืด	23	0.7	26485	3.09		
14043	สวิช	23	0.7	28640	4.13		
14044	ทักซิโด	23	0.7	26527	3.09		
14045	สิริ	23	0.7	2551	0.02		
14046	รุ่	23	0.7	30082	4.95		
14047	สังคมนิยม	23	0.7	2665	0.02		
14048	บำเพ็ญ	23	0.7	4130	0.04		
14049	โรยหน้า	23	0.7	10740	0.23		
14050	ลำเค็ญ	23	0.7	12858	0.35		
14051	ริมทาง	23	0.7	8275	0.13		
14052	งัดข้อ	23	0.7	20303	1.24		
14053	มาดา	23	0.7	7280	0.10		
14054	ครึม	23	0.7	11967	0.29		
14055	สัพ	23	0.7	14113	0.43		
14056	เนฟ	23	0.7	28167	4.13		
14057	ทั่วถึง	23	0.7	4024	0.04		
14058	อบอวล	23	0.7	8368	0.14		
14059	เง้า	23	0.7	23792	2.06		
14060	ห้วน	23	0.7	6037	0.07		
14061	ตื้นตันใจ	23	0.7	13169	0.36		
14062	สมองตาย	23	0.7	12136	0.30		
14063	โฆษณาชวนเชื่อ	23	0.7	9276	0.17		
14064	ภาษิต	23	0.7	10286	0.21		
14065	น่อย	23	0.7	22179	1.65		
14066	โชกโชน	23	0.7		speech-only	colloquial	
14067	ผมเปีย	23	0.7	16802	0.69		
14068	เสนาธิการ	23	0.7	12904	0.35		
14069	เลยตามเลย	23	0.7	14833	0.50		
14070	มรรยาท	23	0.7	12037	0.29		
14071	กระปรี้กระเปร่า	23	0.7	12142	0.30		
14072	จับจอง	23	0.7	7329	0.11		
14073	ดุ้น	23	0.7	17495	0.77		
14074	สีบ	23	0.7	26856	3.09		
14075	ค้ำจุน	23	0.7	9769	0.19		
14076	ห่ง	23	0.7	27210	3.54		
14077	ประคับประคอง	23	0.7	19567	1.08		
14078	เปิดคดี	23	0.7	26071	3.09		
14079	ชั้นเชิง	23	0.7	10131	0.20		
14080	โข่ง	23	0.7	12650	0.33		
14081	ขาง	23	0.7	14784	0.50		
14082	ขื่น	23	0.7	12363	0.31		
14083	ฝ่ายค้าน	23	0.7	2737	0.02		
14084	คอร์รัปชั่น	23	0.7	7356	0.11	colloquial	
14085	เรียงราย	23	0.7	4812	0.05		
14086	ปากท้อง	23	0.7	9581	0.18		
14087	คมนาคม	23	0.7	2686	0.02	colloquial	
14088	สัญจร	23	0.7	6206	0.08		
14089	ห้อ	23	0.7	12093	0.30	colloquial	
14090	หญิ	23	0.7	28630	4.13		
14091	ส่วนโค้ง	23	0.7	11062	0.25		
14092	แรพ	23	0.7	32242	speech-only		
14093	เหลวแหลก	23	0.7	17765	0.83		
14094	ใจจดใจจ่อ	23	0.7	10762	0.23		
14095	ไหวตัว	23	0.7	11400	0.26		
14096	ทุเลา	23	0.7	7378	0.11		
14097	ปลุกระดม	23	0.7	8820	0.15		
14098	ไช้	23	0.7	17929	0.83		
14099	เบลารุส	23	0.7	21943	1.55		
14100	เครื่อ	23	0.7	21674	1.55		
14101	เตี๊ยม	23	0.7	12805	0.34		
14102	ขจี	23	0.7	8672	0.15		
14103	ใป	23	0.7	20241	1.24		
14104	มือไว	23	0.7	19501	1.08		
14105	เพาะเลี้ยง	23	0.7	7562	0.11		
14106	ซุเปอร์	23	0.7	15834	0.59		
14107	เจตจำนง	23	0.7	7577	0.11		
14108	พักแรม	23	0.7	10073	0.20		
14109	รีส์	23	0.7	12641	0.33		
14110	จอทีวี	23	0.7	12238	0.31		
14111	เนื้อแท้	23	0.7	9281	0.17		
14112	คู่ค้า	23	0.7	8107	0.13		
14113	ก้นหอย	23	0.7	16654	0.67		
14114	เครื่องกำเนิด	23	0.7	23107	1.90		
14115	เป็บ	23	0.7	28260	4.13		
14116	เยื้อ	23	0.7	15548	0.56		
14117	โลกทัศน์	23	0.7	6164	0.08		
14118	ใจถึง	23	0.7	12019	0.29		
14119	ซับเวย์	23	0.7	23870	2.06		
14120	โปล	23	0.7	20297	1.24		
14121	ประจันหน้า	23	0.7	10809	0.23		
14122	โมดูล	23	0.7	39173	speech-only		
14123	ก้าง	23	0.7	11968	0.29		
14124	เยี่ยมเยือน	23	0.7	9632	0.18		
14125	จาบ	23	0.7	15747	0.58		
14126	เบี่ย	23	0.7	33481	speech-only		
14127	คลื่นแสง	23	0.7	12192	0.31		
14128	อินเตอร์เนชั่นแนล	22	0.7	10038	0.19		
14129	สไตล์ส	22	0.7	37600	speech-only		
14130	คอกซ์	22	0.7	34347	speech-only		
14131	ฟิลิปส์	22	0.7	18200	0.85		
14132	อินน์	22	0.7	16810	0.68		
14133	เจ๊ท	22	0.7	29739	4.74		
14134	วิม	22	0.7	12170	0.29		
14135	ฟินส์	22	0.7	22228	1.58		
14136	เพ็พ	22	0.7	39767	speech-only		
14137	ดไวต์	22	0.7	39893	speech-only		
14138	ปรีซ์	22	0.7	19301	0.99		
14139	ชีด	22	0.7	29060	3.95		
14140	ฟีเวอร์	22	0.7	20200	1.18		
14141	ซีท	22	0.7	30264	4.74		
14142	ลดอร์ฟ	22	0.7	35411	speech-only		
14143	บี๊	22	0.7	38148	speech-only		
14144	เอ๊าท์	22	0.7	20765	1.25		
14145	ลดา	22	0.7	8299	0.13		
14146	ฟอเรสต์	22	0.7	20446	1.18		
14147	นอยส์	22	0.7	25933	2.63		
14148	ฮาวน์	22	0.7	39579	speech-only		
14149	เคมิคอล	22	0.7	28414	3.95		
14150	เกรฟส์	22	0.7	32390	speech-only		
14151	วอลตัน	22	0.7	28155	3.95		
14152	จัมโบ้	22	0.7	17618	0.76		
14153	ระรัว	22	0.7	9772	0.18		
14154	สตาลิน	22	0.7	6369	0.08		
14155	ยูไนเต็ด	22	0.7	5458	0.06		
14156	ฮาฟ	22	0.7	32885	speech-only		
14157	กีส	22	0.7	14657	0.46		
14158	สลี่	22	0.7	37966	speech-only		
14159	หน่วงเหนี่ยว	22	0.7	10321	0.20		
14160	แปรธาตุ	22	0.7	35202	speech-only		
14161	ไนซ์	22	0.7	16067	0.59		
14162	โปรเจคท์	22	0.7	21888	1.48		
14163	นาโต	22	0.7	16828	0.68		
14164	แทรป	22	0.7	32554	speech-only		
14165	คอปเปอร์	22	0.7	23758	1.97		
14166	เชิร์ช	22	0.7	20416	1.18		
14167	สเตรท	22	0.7	19514	1.03		
14168	ดิงค์	22	0.7	18613	0.91		
14169	คค	22	0.7	28888	3.95		
14170	เร้อ	22	0.7	17284	0.72		
14171	วารี	22	0.7	9619	0.17		
14172	ลีด	22	0.7	18684	0.91		
14173	เบง	22	0.7	14605	0.46		
14174	น้ำมันเบนซิน	22	0.7	8620	0.14		
14175	โคลด์	22	0.7	10391	0.20		
14176	อิ้ว	22	0.7	11609	0.26		
14177	ฉัก	22	0.7	13386	0.36		
14178	อมฤต	22	0.7	16871	0.68		
14179	ตาแดง	22	0.7	7651	0.11		
14180	ทอก	22	0.7	19025	0.95		
14181	ปอมเปอี	22	0.7	14216	0.42		
14182	เฟิร์ด	22	0.7	19047	0.95		
14183	เปรี๊ยะ	22	0.7	12851	0.33		
14184	ริฟฟ์	22	0.7	38520	speech-only		
14185	นีก	22	0.7	27232	3.38		
14186	แครป	22	0.7	36724	speech-only		
14187	น้ำวน	22	0.7	18550	0.88		
14188	เชซ	22	0.7	24339	2.15		
14189	โบราณวัตถุ	22	0.7	7654	0.11		
14190	ย่อน	22	0.7	32153	speech-only		
14191	แพลต	22	0.7	25624	2.63		
14192	พ้อ	22	0.7	14652	0.46		
14193	ฟัว	22	0.7	24977	2.37		
14194	แคชเมียร์	22	0.7	17775	0.79		
14195	เดซิ	22	0.7	38150	speech-only		
14196	แซส	22	0.7	26939	3.38		
14197	เร้น	22	0.7	7287	0.10		
14198	เอี่ยมอ่อง	22	0.7	17804	0.79		
14199	อิเหนา	22	0.7		speech-only	colloquial	
14200	อู้อี้	22	0.7	13027	0.34		
14201	ฟต	22	0.7	27875	3.38		
14202	ริสท์	22	0.7	25702	2.63		
14203	ปล่อยใจ	22	0.7	11915	0.28		
14204	สักหลาด	22	0.7	14571	0.46		
14205	แก่แดด	22	0.7	13964	0.41	offensive	
14206	เก็บเนื้อเก็บตัว	22	0.7	22165	1.58		
14207	พรีเซนต์	22	0.7	18758	0.91		
14208	โลลิ	22	0.7		speech-only	slang	
14209	เส้นศูนย์สูตร	22	0.7	7536	0.11		y
14210	มรณบัตร	22	0.7	17563	0.74		
14211	ยต	22	0.7	11309	0.24		
14212	เถาวัลย์	22	0.7	12221	0.29		
14213	โอวาท	22	0.7	9937	0.19		
14214	ทางม้าลาย	22	0.7	22309	1.58		y
14215	อึง	22	0.7	18472	0.88		
14216	สาธารณูปโภค	22	0.7	6148	0.07		
14217	กำยำ	22	0.7	12390	0.30		
14218	เจริญพันธุ์	22	0.7	7231	0.10		
14219	เนด	22	0.7	24938	2.37		
14220	ขับดัน	22	0.7	15982	0.58		
14221	เครื่องไม้	22	0.7	10381	0.20		
14222	เกียง	22	0.7	8874	0.15		
14223	คู่อาฆาต	22	0.7	19912	1.13		
14224	ตุลาการ	22	0.7	3459	0.03		
14225	ผลพลอยได้	22	0.7	10894	0.23		
14226	หลุมอากาศ	22	0.7	20615	1.25		
14227	เจียว	22	0.7	8126	0.12	colloquial	
14228	นักคณิตศาสตร์	22	0.7	16448	0.62		
14229	บ้วนปาก	22	0.7	15182	0.50		
14230	เลนิน	22	0.7	6465	0.08		
14231	ลูกตุ้ม	22	0.7	15132	0.50		
14232	เหือดแห้ง	22	0.7	13185	0.35		
14233	พะเนิน	22	0.7	15984	0.58		
14234	นมผง	22	0.7	13437	0.37		
14235	จิปาถะ	22	0.7	11796	0.27		
14236	เอ็ต	22	0.7	15745	0.55		
14237	ละลาบละล้วง	22	0.7	17531	0.74		
14238	คมกริบ	22	0.7	9622	0.17		
14239	ยึก	22	0.7	17209	0.72		
14240	ต้นคิด	22	0.7	13832	0.39		
14241	ไวยากรณ์	22	0.7	4221	0.04		
14242	ถือตัว	22	0.7	9976	0.19		
14243	อุทยานแห่งชาติ	22	0.7	5320	0.06		
14244	ทอล์ค	22	0.7	14004	0.41		
14245	ล้นหลาม	22	0.7	11670	0.26	colloquial	
14246	พึงใจ	22	0.7	9698	0.18		
14247	มอลต์	22	0.7	23047	1.82		
14248	แก้วตา	22	0.7	8984	0.15		
14249	มืดมัว	22	0.7	15271	0.51		
14250	น้ำจืด	22	0.7	6347	0.08		
14251	รัชสมัย	22	0.7	5732	0.07		
14252	โด๊ป	22	0.7	20024	1.13		
14253	เพต	22	0.7	28309	3.95		
14254	เลื่อง	22	0.7	9036	0.15		
14255	ฤกษ์	22	0.7	5160	0.05		
14256	ทุ่นระเบิด	22	0.7	24441	2.15		
14257	เผลก	22	0.7	30896	speech-only		
14258	นี่ส์	22	0.7	32891	speech-only		
14259	เหลือล้น	22	0.7	13814	0.39		
14260	ศักด์	22	0.7	21594	1.48		
14261	พาก	22	0.7	14947	0.48		
14262	ฮาเร็ม	22	0.7	14520	0.46		
14263	บาดทะยัก	22	0.7	17405	0.74		
14264	ถล่มทลาย	22	0.7	12226	0.29		
14265	แลท	22	0.7	38533	speech-only		
14266	เจ้าชีวิต	22	0.7	13306	0.36		
14267	นภา	22	0.7	5088	0.05		
14268	ตบแต่ง	22	0.7	12755	0.32		
14269	มหานคร	22	0.7	1603	0.01		
14270	วินาศ	22	0.7	12966	0.34		
14271	ปั้นจั่น	22	0.7	18449	0.88		
14272	มืน	22	0.7	18754	0.91		
14273	กฎอัยการศึก	22	0.7	5711	0.07		
14274	รังสรรค์	22	0.7	7245	0.10		
14275	ปละ	22	0.7	8855	0.15		
14276	โบรค	22	0.7	27751	3.38		
14277	หัวแหลม	22	0.7	17796	0.79		
14278	ไรด์	22	0.7	23918	1.97		
14279	วรค	22	0.7	31634	speech-only		
14280	นู๋	22	0.7	32160	speech-only		
14281	ไนล์	22	0.7	22339	1.58		
14282	ไสว	22	0.7	9774	0.18		
14283	ตัดบท	22	0.7	5962	0.07		
14284	ภาพประกอบ	22	0.7	15625	0.55		
14285	แผลเก่า	22	0.7	15058	0.49		
14286	แก่งแย่ง	22	0.7	9216	0.16		
14287	สะบัก	22	0.7	19533	1.03		
14288	ไกป	22	0.7	30528	4.74		
14289	หน้าบูด	22	0.7	14728	0.47		
14290	เพร็ท	22	0.7	25415	2.63		
14291	เสน่หา	22	0.7	8843	0.15		
14292	ลดละ	22	0.7	9745	0.18		
14293	อัธยาศัย	22	0.7	4897	0.05		
14294	ยิ่งยวด	22	0.7	8975	0.15		
14295	ตายใจ	22	0.7	14451	0.45		
14296	บางเบา	22	0.7	8905	0.15		
14297	เอาถ่าน	22	0.7	17589	0.76		
14298	เดินสวน	22	0.7	9081	0.15		
14299	ธรณี	22	0.7	7749	0.11		
14300	เนติบัณฑิต	22	0.7	11282	0.24		
14301	ฝังหัว	22	0.7	19320	0.99		
14302	โลญจน์	22	0.7	21306	1.39		
14303	ออกร้าน	22	0.7	10556	0.21		
14304	ซิกแซก	22	0.7	25582	2.63		
14305	ฟาสต์ฟู้ด	22	0.7	15329	0.51		
14306	กน	22	0.7	9934	0.19		
14307	ท้ง	22	0.7	14794	0.47		
14308	สวมกอด	22	0.7	14020	0.41		
14309	เป็นแดน	22	0.7	13477	0.37		
14310	กรมสรรพากร	22	0.7	8647	0.14		
14311	กวดขัน	22	0.7	10287	0.20		
14312	จอมอนิเตอร์	22	0.7	18367	0.85		
14313	ปรัมปรา	22	0.7	4037	0.04		
14314	ญญา	22	0.7	30437	4.74		
14315	เล้ก	22	0.7	16408	0.62		
14316	กำชับ	22	0.7	5440	0.06		
14317	มลรัฐ	22	0.7	5548	0.06		
14318	ล่อหลอก	22	0.7	16781	0.66		
14319	ฟันฝ่า	22	0.7	10173	0.19		
14320	ผู่	22	0.7	13364	0.36		
14321	โลดแล่น	22	0.7	9818	0.18		
14322	เส้นใหญ่	22	0.7		speech-only	slang	
14323	เหี่ยวแห้ง	22	0.7	14194	0.42		
14324	โหวด	22	0.7	24474	2.15		
14325	เปต	22	0.7	17112	0.70		
14326	บาบ	22	0.7	19194	0.99		
14327	พันธุศาสตร์	22	0.7	14830	0.47		
14328	ดินเผา	22	0.7	8912	0.15		
14329	ฮอเรซ	21	0.7	28634	3.77		
14330	ธนัช	21	0.7	38019	speech-only		
14331	บัร	21	0.7	31035	speech-only		
14332	แอ๊ะ	21	0.7	24023	2.06		
14333	อึ๋ย	21	0.7	13494	0.35		
14334	ต๊ายตาย	21	0.7		speech-only	colloquial	
14335	รอล์ฟ	21	0.7	28509	3.77		
14336	เจอรัลด์	21	0.7	30730	speech-only		
14337	นีด	21	0.7	24264	2.06		
14338	เบทส์	21	0.7	32637	speech-only		
14339	จุย	21	0.7	30696	speech-only		
14340	บิลท์	21	0.7	19825	1.03		
14341	เอมิล	21	0.7	24836	2.26		
14342	โรลลิ่ง	21	0.7	26438	2.83		
14343	สวอนน์	21	0.7	37420	speech-only		
14344	ไมเนอร์	21	0.7	3941	0.03		
14345	เวย	21	0.7	20022	1.08		
14346	มิเช่นนั้น	21	0.7	11169	0.23		
14347	รังค	21	0.7	19997	1.08		
14348	พรอส	21	0.7	38434	speech-only		
14349	ยูทาห์	21	0.7	19938	1.08		
14350	ดาเวนพอร์ต	21	0.7	33034	speech-only		
14351	แปล๊บ	21	0.7	18452	0.84		
14352	โอท	21	0.7	17022	0.66		
14353	แท้ที่จริง	21	0.7	6072	0.07		
14354	คริสตี	21	0.7	26676	2.83		
14355	ค่าาา	21	0.7	28087	3.77		
14356	เวจ	21	0.7	23145	1.74		
14357	เลี่ย	21	0.7	33665	speech-only		
14358	ฮัฟฟ์	21	0.7	24506	2.06		
14359	แต๊	21	0.7	14912	0.46		
14360	หวี่	21	0.7	15418	0.50		
14361	ธันเดอร์	21	0.7	21719	1.41		
14362	ฐิ	21	0.7	7742	0.11		
14363	ฟิด	21	0.7	13486	0.35		
14364	ไลออน	21	0.7	35189	speech-only		
14365	ดูไปก่อน	21	0.7	24005	2.06		
14366	พ่อมึง	21	0.7		speech-only	offensive	
14367	โทนโท่	21	0.7	27159	3.23		
14368	วี๊ด	21	0.7	31463	speech-only		
14369	นไทน์	21	0.7	13137	0.33		
14370	เลบานอน	21	0.7	11909	0.26		
14371	ดุช	21	0.7	18699	0.87		
14372	แก๊สน้ำตา	21	0.7	21659	1.41		
14373	มาเลเซีย	21	0.7	2411	0.02		
14374	ซัป	21	0.7	24006	2.06		
14375	นอร์ตัน	21	0.7	22898	1.74		
14376	ฟิฟ	21	0.7	27150	3.23		
14377	กิลส์	21	0.7	38732	speech-only		
14378	กำยาน	21	0.7	17938	0.75		
14379	สเตอริโอ	21	0.7	21059	1.26		
14380	โต๋	21	0.7	8803	0.14		
14381	ตังเม	21	0.7	15021	0.47		
14382	พาร์ด	21	0.7	15562	0.51		
14383	มิงค์	21	0.7	26327	2.83		
14384	เก้บ	21	0.7	28225	3.77		
14385	น้ำเลี้ยง	21	0.7	17991	0.78		
14386	อึกอัก	21	0.7	7711	0.11		
14387	แกส	21	0.7	28794	3.77		
14388	ดาบปลายปืน	21	0.7	29758	4.52		
14389	อยู่ยงคงกระพัน	21	0.7	16025	0.55		
14390	ชัตเตอร์	21	0.7	11521	0.25		
14391	ฟอสเฟต	21	0.7	18819	0.87		
14392	ออกปาก	21	0.7	5401	0.06		
14393	ผึ่ง	21	0.7	9714	0.17		
14394	ไอน์	21	0.7	20435	1.13		
14395	แมสซาชูเซตส์	21	0.7	19544	0.98		
14396	ฉัง	21	0.7	25874	2.51		
14397	บันไดเลื่อน	21	0.7	15404	0.50		
14398	รีแลกซ์	21	0.7	21424	1.33		
14399	ปรบ	21	0.7	20841	1.26		
14400	ระริก	21	0.7	8295	0.12		
14401	อ่อนปวกเปียก	21	0.7	15492	0.51		
14402	ฟุล	21	0.7	25147	2.26		
14403	ดอกมะลิ	21	0.7	11861	0.26		
14404	สี่ง	21	0.7	31086	speech-only		
14405	สกิ	21	0.7	24445	2.06		
14406	กราน	21	0.7	14959	0.46		
14407	ภรร	21	0.7	29645	4.52		
14408	ดดดด	21	0.7	14292	0.41		
14409	เงียว	21	0.7	38228	speech-only		
14410	โลดโผน	21	0.7	10552	0.20		
14411	ภาคตะวันออก	21	0.7	3426	0.03		
14412	ท้องอืด	21	0.7	11145	0.23		
14413	ขี้ม้า	21	0.7	19933	1.08		
14414	พร้อมเพรียง	21	0.7	7275	0.09		
14415	น้ม	21	0.7	30471	4.52		
14416	เดี๋ย	21	0.7	33274	speech-only		
14417	มะลิ	21	0.7	6738	0.08		
14418	กึกก้อง	21	0.7	9615	0.17		
14419	สารหนู	21	0.7	11434	0.24		
14420	มาร์เก็ต	21	0.7	13756	0.37		
14421	ซาม	21	0.7	16160	0.57		
14422	โทรคมนาคม	21	0.7	6263	0.07		
14423	กิโยติน	21	0.7	28139	3.77		
14424	ศิวะ	21	0.7	10719	0.21		
14425	ขึ่น	21	0.7	24126	2.06		
14426	มัติ	21	0.7	22009	1.51		
14427	ชีวี	21	0.7	13773	0.38		
14428	รังแค	21	0.7	13373	0.35		
14429	ไซนัส	21	0.7	12283	0.28		
14430	ช้าน	21	0.7	13073	0.33		
14431	โอเอซิส	21	0.7	16119	0.57	slang	
14432	ละมุน	21	0.7	7299	0.10		
14433	นิกเกิล	21	0.7	16296	0.58		
14434	อาภรณ์	21	0.7	9217	0.15		
14435	ชีวา	21	0.7	11690	0.25		
14436	กล๊อก	21	0.7	27833	3.23		
14437	เลื่องลือ	21	0.7	10094	0.18		
14438	ค้าประเวณี	21	0.7	4014	0.03		
14439	เฟคท์	21	0.7	24280	2.06		
14440	แอ้	21	0.7	18768	0.87		
14441	ครุส	21	0.7	23632	1.88		
14442	ดาง	21	0.7	24843	2.26		
14443	งงงง	21	0.7	18909	0.90		
14444	แหนบ	21	0.7	17776	0.75		
14445	มัวหมอง	21	0.7	12799	0.31		
14446	แม่มึง	21	0.7		speech-only	offensive	
14447	ภับ	21	0.7	29513	4.52		
14448	ปั๊มน้ำ	21	0.7	9275	0.15		
14449	อุดอู้	21	0.7	17139	0.66		
14450	ปรมาณู	21	0.7	6815	0.08		
14451	สเตเดียม	21	0.7	16745	0.63		
14452	ฮิสทีเรีย	21	0.7	27372	3.23		
14453	ตีโพยตีพาย	21	0.7	16564	0.61		
14454	เฉลียวใจ	21	0.7	14180	0.40		
14455	เครื่องบันทึก	21	0.7	19324	0.94		
14456	กวัดแกว่ง	21	0.7	15607	0.51		
14457	ปึ้ก	21	0.7	15489	0.51		
14458	เมธ	21	0.7	19003	0.90		
14459	ยึ	21	0.7	28721	3.77		
14460	หงิด	21	0.7	21346	1.33		
14461	แอ๊	21	0.7	13802	0.38		
14462	ช่างไฟ	21	0.7	20186	1.13		
14463	มนุษ	21	0.7	21491	1.33		
14464	แท็งค์	21	0.7	36239	speech-only		
14465	จรง	21	0.7	26821	2.83		
14466	โปรเจคเตอร์	21	0.7	18047	0.78		
14467	จรรยา	21	0.7	7961	0.11		
14468	กฎข้อบังคับ	21	0.7	13253	0.34		
14469	อัลลอย	21	0.7	23805	1.88		
14470	ม่องเท่ง	21	0.7		speech-only	slang	
14471	หวล	21	0.7	15415	0.50		
14472	เหลือร้าย	21	0.7	21186	1.33		
14473	ตย์	21	0.7	35115	speech-only		
14474	เกาลัด	21	0.7	13553	0.36		
14475	ทัศนียภาพ	21	0.7	8675	0.13		
14476	อ่วม	21	0.7	13512	0.36	slang	
14477	ราค	21	0.7	21177	1.26		
14478	ขายทอดตลาด	21	0.7	6157	0.07		
14479	วอร์มอัพ	21	0.7	24522	2.06		y
14480	เบอร์ท	21	0.7	29728	4.52		
14481	โย่ง	21	0.7	11543	0.25		
14482	เนปจูน	21	0.7	11505	0.24		
14483	ปาหี่	21	0.7	21724	1.41	offensive	
14484	อิ๊	21	0.7	32117	speech-only		
14485	ทิ้งไพ่	21	0.7	30637	speech-only		
14486	ซิซิลี	21	0.7	23684	1.88		
14487	ยิ้มเยาะ	21	0.7	11890	0.26		
14488	พิจ	21	0.7	29948	4.52		
14489	เชิร์ต	21	0.7	11805	0.26		
14490	บ้าจี้	21	0.7	17160	0.66		
14491	แก๋	21	0.7	21868	1.41		
14492	จ้วง	21	0.7	6929	0.09		
14493	แต่เดิม	21	0.7	2950	0.02		
14494	จิ๊มิ	21	0.7		speech-only	colloquial	
14495	นิติบัญญัติ	21	0.7	2259	0.01		
14496	ใบหุ้น	21	0.7	12978	0.32		
14497	ซ้อส	21	0.7	12008	0.27		
14498	อาศรม	21	0.7	14460	0.43		
14499	เชื้อไฟ	21	0.7	18258	0.81		
14500	ขมา	21	0.7	10203	0.19		
14501	ปณิธาน	21	0.7	5619	0.06		
14502	คลางแคลง	21	0.7	12004	0.27		
14503	เบียดเสียด	21	0.7	9374	0.16		
14504	อาตมา	21	0.7	7526	0.10		
14505	เตารีด	21	0.7	16639	0.61		
14506	เกาะแกะ	21	0.7	20636	1.19		
14507	ปากพล่อย	21	0.7		speech-only	offensive	
14508	ยอร์	21	0.7	17505	0.71		
14509	อัตชีวประวัติ	21	0.7	11105	0.22		
14510	หงายท้อง	21	0.7	17420	0.71		
14511	มุ่งหวัง	21	0.7	5291	0.05		
14512	เจ้าโลก	21	0.7		speech-only	slang	
14513	สุรุ่ยสุร่าย	21	0.7	14808	0.45		
14514	ฉ้อ	21	0.7	13525	0.36		
14515	เครื่องครัว	21	0.7	12558	0.30		
14516	ดาวฤกษ์	21	0.7	4465	0.04		
14517	เบี้ยเลี้ยง	21	0.7	9228	0.15		
14518	ญิง	21	0.7	15457	0.50		
14519	ประดา	21	0.7	6275	0.07		
14520	พยัญชนะ	21	0.7	6056	0.07		
14521	บลอค	21	0.7	29724	4.52		
14522	สัมพัทธ์	21	0.7	10077	0.18		
14523	คำแถลงการณ์	21	0.7	19824	1.03		
14524	ตั้งโต๊ะ	21	0.7	8322	0.12		
14525	ง่าน	21	0.7	17537	0.71		
14526	ตะบอง	21	0.7	18726	0.87		
14527	งอกงาม	21	0.7	5462	0.06		
14528	เรี่ยราด	21	0.7	16560	0.61	colloquial	
14529	ถึงแก่น	21	0.7	11795	0.26		
14530	เอกซเรย์	21	0.7	8648	0.13		
14531	วางตลาด	21	0.7	14027	0.39		
14532	กร้าน	21	0.7	9399	0.16		
14533	เสวนา	21	0.7	6936	0.09		
14534	สำเร็จโทษ	21	0.7	21006	1.26		
14535	ร่ำเรียน	21	0.7	7099	0.09		
14536	ฟีล	21	0.7	23551	1.88		
14537	เคยตัว	21	0.7	12135	0.28		
14538	คล้องจอง	21	0.7	12268	0.28		
14539	โพร์	21	0.7	30213	4.52		
14540	วม	21	0.7	23032	1.74		
14541	ภีร์	21	0.7	24651	2.26		
14542	เบือ	21	0.7	19714	1.03		
14543	พิศ	21	0.7	5263	0.05		
14544	เบิกความ	21	0.7	11053	0.22		
14545	เก็ย	21	0.7	21896	1.41		
14546	ย่างเท้า	21	0.7	14797	0.45		
14547	สราง	21	0.7	26645	2.83		
14548	เก๊ง	21	0.7	24864	2.26		
14549	ข้อสัญญา	21	0.7	4515	0.04		
14550	ปาเลสไตน์	21	0.7	6181	0.07		
14551	เฟ็คท์	21	0.7	19191	0.94		
14552	รบเร้า	21	0.7	10820	0.21		
14553	ตะกาย	21	0.7	12389	0.29		
14554	เขรอะ	21	0.7	16928	0.65		
14555	ฬ	21	0.7	17906	0.75		
14556	ปิ๊ก	21	0.7	13892	0.38		
14557	แท่นพิมพ์	21	0.7	13334	0.34		
14558	ร่ะ	21	0.7	34857	speech-only		
14559	เวร์	21	0.7	36282	speech-only		
14560	สเตม	21	0.7	36630	speech-only		
14561	ฮู้ว	20	0.6	29184	4.31		
14562	อาวาส	20	0.6	26561	2.69		
14563	บรอค	20	0.6	25620	2.39		
14564	เอิฟ	20	0.6	25901	2.39		
14565	ไฉ่	20	0.6	21422	1.27		
14566	อ้ำ	20	0.6	18769	0.83		
14567	ซาลาม	20	0.6	34971	speech-only		
14568	กาลาปากอส	20	0.6	19251	0.90		
14569	ฟีย์	20	0.6	26654	2.69		
14570	เพกา	20	0.6	16793	0.60		
14571	ครืน	20	0.6	9193	0.14		
14572	อเลก	20	0.6	21194	1.27		
14573	เยี่ยน	20	0.6	24764	2.15		
14574	ไนน์	20	0.6	19354	0.94		
14575	หยง	20	0.6	15785	0.51		
14576	แนง	20	0.6	22959	1.66		
14577	ว้าก	20	0.6	11741	0.24		
14578	ลองติจูด	20	0.6	26808	2.69		
14579	มิตช์	20	0.6	33193	speech-only		
14580	ซึน	20	0.6	34020	speech-only		
14581	มู้	20	0.6	33666	speech-only		
14582	ตรม	20	0.6	13662	0.35		
14583	กระทบกระแทก	20	0.6	24499	1.96		
14584	ทิซ	20	0.6	38614	speech-only		
14585	โคบอลท์	20	0.6	35098	speech-only		
14586	โคลงเคลง	20	0.6	16969	0.62		
14587	เบอร์มิงแฮม	20	0.6	16989	0.63		
14588	ฟัดจ์	20	0.6	38646	speech-only		
14589	โครเอเชีย	20	0.6	16990	0.63		
14590	ไชลด์	20	0.6	34696	speech-only		
14591	เสียงหลง	20	0.6	8949	0.14		
14592	แนวที่ห้า	20	0.6	31658	speech-only		
14593	โพธิ์	20	0.6	4662	0.04		
14594	อวอร์ด	20	0.6	15111	0.46		
14595	ชัล	20	0.6	37667	speech-only		
14596	ชไนเดอร์	20	0.6	26222	2.69		
14597	เฮช	20	0.6	27528	3.08		
14598	แซคส์	20	0.6	28037	3.59		
14599	เพิ่ล	20	0.6	39766	speech-only		
14600	โฮโนลูลู	20	0.6	29082	3.59		
14601	ศักรินทร์	20	0.6	29776	4.31		
14602	ไบร์ท	20	0.6	30049	4.31		
14603	วัค	20	0.6	22778	1.54		
14604	เหตุสุดวิสัย	20	0.6	8144	0.11		
14605	เผิน	20	0.6	8459	0.12		
14606	เคราแพะ	20	0.6	28104	3.59		
14607	เซ็นท์	20	0.6	32717	speech-only		
14608	ขี้หนู	20	0.6	7608	0.10		
14609	ถั่วเขียว	20	0.6	14144	0.38		
14610	โซนี่	20	0.6	16397	0.57		
14611	นางแอ่น	20	0.6	19447	0.94		
14612	มาลาเรีย	20	0.6	10929	0.21		
14613	แบริง	20	0.6	16720	0.60		
14614	คล่องตัว	20	0.6	5516	0.06		
14615	บูรณ	20	0.6	14279	0.39		
14616	คิช	20	0.6	19189	0.90		
14617	สเตย์	20	0.6	13104	0.32		
14618	คาฟ	20	0.6	34437	speech-only		
14619	จอห์	20	0.6	26080	2.69		
14620	บั้น	20	0.6	25082	2.15		
14621	วงรี	20	0.6	9858	0.17		y
14622	สุมะ	20	0.6	34164	speech-only		
14623	หางว่าว	20	0.6	18255	0.77		
14624	ชาฟ	20	0.6	27787	3.08		
14625	เธียเตอร์	20	0.6	16487	0.57		
14626	ฟาม	20	0.6	21991	1.44		
14627	ขี้เรื้อน	20	0.6	14713	0.42	offensive	
14628	ชายน์	20	0.6	32525	speech-only		
14629	ชิต	20	0.6	6750	0.08		
14630	บาร์ธ	20	0.6	29823	4.31		
14631	สำรวม	20	0.6	7772	0.10		
14632	รัป	20	0.6	15516	0.49		
14633	คู่กรณี	20	0.6	1983	0.01		
14634	โม่ง	20	0.6	9766	0.16	slang	
14635	ชอม	20	0.6	18680	0.83		
14636	นีออน	20	0.6	12660	0.29		
14637	ยมบาล	20	0.6	15617	0.49		
14638	เจิน	20	0.6	14993	0.45		
14639	กล้บ	20	0.6	36913	speech-only		
14640	น้ำมันก๊าด	20	0.6	12980	0.31		
14641	ริ้น	20	0.6	17393	0.67		
14642	แซฟ	20	0.6	35458	speech-only		
14643	ดีส์	20	0.6	17849	0.72		
14644	บีส	20	0.6	37959	speech-only		
14645	ละหุ่ง	20	0.6	21852	1.35		
14646	ผีถ้วยแก้ว	20	0.6	26902	2.69		
14647	โพแทสเซียม	20	0.6	11851	0.25		
14648	ปากกาหมึกซึม	20	0.6	27679	3.08		
14649	สนามเพลาะ	20	0.6	29290	4.31		
14650	ฮ่อน	20	0.6	36252	speech-only		
14651	ชญ	20	0.6	24331	1.96		
14652	โบ๋	20	0.6	14120	0.38		
14653	โปรเจกต์	20	0.6	7790	0.10		
14654	ดู้	20	0.6	30443	4.31		
14655	ตกเป็นข่าว	20	0.6	11940	0.25		
14656	อ๊าด	20	0.6	21176	1.20		
14657	เช็น	20	0.6	27326	3.08		
14658	นุ่มนิ่ม	20	0.6	12698	0.29		
14659	ตัวตั้ง	20	0.6	9894	0.17		
14660	ปุ่น	20	0.6	10941	0.21		
14661	ปัตย์	20	0.6	9604	0.16		
14662	แจกแจง	20	0.6	7224	0.09		
14663	คงกระพัน	20	0.6	19892	1.03		
14664	อัฒจันทร์	20	0.6	12319	0.27		
14665	ภราดร	20	0.6	10546	0.19		
14666	ตู่	20	0.6	10111	0.18		
14667	ที่มาที่ไป	20	0.6	19135	0.90		
14668	หลัว	20	0.6	13611	0.35		
14669	กากเพชร	20	0.6	22158	1.44		
14670	ข้าเจ้า	20	0.6	7833	0.11		
14671	ถมเถ	20	0.6	16038	0.53		
14672	ดิต	20	0.6	22866	1.66		
14673	กวางตุ้ง	20	0.6	8774	0.13		
14674	สังฆราช	20	0.6	8887	0.13		
14675	อยุด	20	0.6	35118	speech-only		
14676	ตูบ	20	0.6	15986	0.53	slang	
14677	แค้	20	0.6	22840	1.54		
14678	ลาล	20	0.6	16730	0.60		
14679	ศักราช	20	0.6	5955	0.06		
14680	จาย	20	0.6	10798	0.20		
14681	คุ้นหู	20	0.6	7871	0.11		
14682	เจ้าจอม	20	0.6	10564	0.19		
14683	ตัค	20	0.6	39795	speech-only		
14684	เจ๋	20	0.6	36760	speech-only		
14685	แม่สื่อ	20	0.6	16027	0.53		
14686	ไบท์	20	0.6	22606	1.54		
14687	พอร์ช	20	0.6	23168	1.66		
14688	แชต	20	0.6	20604	1.13		
14689	ประทุษร้าย	20	0.6	7574	0.10		
14690	ขายชาติ	20	0.6	15164	0.46		
14691	ขย่ม	20	0.6	16680	0.60		
14692	เสี่ยงทาย	20	0.6	13001	0.31		
14693	เปิดโลก	20	0.6	13168	0.32		
14694	ครื่อ	20	0.6	31186	speech-only		
14695	พรร	20	0.6	10551	0.19		
14696	มั่งมี	20	0.6	9356	0.15		
14697	เปรื่อง	20	0.6	13438	0.34		
14698	ผน	20	0.6	29046	3.59		
14699	ครุ	20	0.6	9885	0.17		
14700	ป้อ	20	0.6	11143	0.22		
14701	ผลิตผล	20	0.6	6220	0.07		
14702	รังสีคอสมิก	20	0.6	26430	2.69		
14703	แย้ม	20	0.6	4146	0.03		
14704	ลงแดง	20	0.6	22140	1.44	slang	
14705	เนอร์ส	20	0.6	22558	1.54		
14706	วีร	20	0.6	6184	0.07		
14707	อ่อนตัว	20	0.6	7400	0.09		
14708	ล่อย	20	0.6	23879	1.79		
14709	ผ่าหมาก	20	0.6	27660	3.08		
14710	เรือเดินสมุทร	20	0.6	18780	0.83		
14711	ลมปราณ	20	0.6	7178	0.09		
14712	ราชี	20	0.6	31077	speech-only		
14713	นอกถนน	20	0.6	24868	2.15		
14714	โคก	20	0.6	5903	0.06		
14715	เกิ้ลส์	20	0.6	27045	3.08		
14716	โกศ	20	0.6	6774	0.08		
14717	ตั้งนาฬิกาปลุก	20	0.6	25401	2.39		
14718	พรวน	20	0.6	9528	0.16		
14719	กามวิตถาร	20	0.6	28607	3.59		
14720	เสนห์	20	0.6	33605	speech-only		
14721	เสียท่า	20	0.6	16315	0.55		
14722	บีบรัด	20	0.6	13979	0.37		
14723	ระเบียน	20	0.6	10082	0.18		
14724	ซิกซ์	20	0.6	21246	1.27		
14725	มนุษยสัมพันธ์	20	0.6	9037	0.14		
14726	น้าว	20	0.6	19266	0.90		
14727	บั้นปลาย	20	0.6	8568	0.12		
14728	โพก	20	0.6	9469	0.15		
14729	เปรม	20	0.6	4427	0.04		
14730	โละ	20	0.6	11848	0.25		
14731	น้ำเค็ม	20	0.6	10129	0.18		
14732	ซาร์ท	20	0.6	17484	0.67		
14733	แอลป์	20	0.6	16090	0.54		
14734	แขยง	20	0.6	16624	0.58		
14735	หมั่นไส้	20	0.6	4708	0.04	slang	
14736	แผงลอย	20	0.6	12560	0.29		
14737	โลตัส	20	0.6	11775	0.24		
14738	ระย้า	20	0.6	10549	0.19		
14739	ตีนกา	20	0.6	17127	0.63		
14740	เสิร์ช	20	0.6	14533	0.41		
14741	เมืองขึ้น	20	0.6	5897	0.06		
14742	ฟ้าคะนอง	20	0.6	17081	0.63		
14743	หมิ่น	20	0.6	8576	0.13		
14744	ตลาดนัด	20	0.6	7214	0.09		y
14745	สลึง	20	0.6	8587	0.13		
14746	ตระการ	20	0.6	8696	0.13		
14747	เล่นพิเรนทร์	20	0.6	24367	1.96		
14748	เบี้ยล่าง	20	0.6	15773	0.50		
14749	ขนบธรรมเนียม	20	0.6	5185	0.05		
14750	ไล่เลี่ย	20	0.6	8082	0.11		
14751	เพนท์เฮ้าส์	20	0.6	26996	3.08		
14752	ปลอบขวัญ	20	0.6	14763	0.43		
14753	ตระหง่าน	20	0.6	7800	0.10		
14754	ดัตช์	20	0.6	10633	0.19		
14755	หัวเก่า	20	0.6	14630	0.42		
14756	หัวเรื่อง	20	0.6	12176	0.27		
14757	ที่ราบสูง	20	0.6	10270	0.18		
14758	กองมรดก	20	0.6	14807	0.43		
14759	ติดร่างแห	20	0.6	21409	1.27		
14760	ซ่าน	20	0.6	9265	0.15		
14761	ดุล	20	0.6	6139	0.07	slang	
14762	หน้าหนา	20	0.6	16348	0.57		
14763	ตมา	20	0.6	21373	1.27		
14764	เล็ดรอด	20	0.6	25205	2.15		
14765	ออกลูก	20	0.6	10034	0.17		
14766	ฉุ	20	0.6	18747	0.83		
14767	ต้นตระกูล	20	0.6	11028	0.21		
14768	ตาด	20	0.6	10994	0.21		
14769	ดรอย	20	0.6	36450	speech-only		
14770	ขดลวด	20	0.6	14822	0.43		
14771	อนาธิปไตย	20	0.6	16970	0.62		
14772	ไว่	20	0.6	21268	1.27		
14773	อเนกประสงค์	20	0.6	10776	0.20		
14774	ปรุงแต่ง	20	0.6	5143	0.05		
14775	หล่อย	20	0.6	39430	speech-only		
14776	เมามัน	20	0.6	11197	0.22		
14777	ตื่อ	20	0.6	27698	3.08		
14778	ลูกทุ่ง	20	0.6	6365	0.07		
14779	คบค้า	20	0.6	12470	0.28		
14780	พลาดท่า	20	0.6	12704	0.29		
14781	ผู้เกี่ยวข้อง	20	0.6	5290	0.05		
14782	ลำน้ำ	20	0.6	5138	0.05		
14783	ตะเพิด	20	0.6	15026	0.45		
14784	บาดาล	20	0.6	7891	0.11		
14785	ขูดรีด	20	0.6	5741	0.06		
14786	ร้น	20	0.6	19262	0.90		
14787	เดาะ	20	0.6	13029	0.31		
14788	ปากกาลูกลื่น	20	0.6	15421	0.48		
14789	เขื่อ	20	0.6	25457	2.39		
14790	คารม	20	0.6	9243	0.15		
14791	หว่ง	20	0.6	18322	0.77		
14792	กลไฟ	20	0.6	14308	0.39		
14793	เลง	20	0.6	15825	0.51		
14794	กลางเดือน	20	0.6	7108	0.09		
14795	แหว	20	0.6	10342	0.18		
14796	วัฎ	20	0.6	16513	0.58		
14797	คอมเพรสเซอร์	20	0.6	16638	0.58		
14798	ทะเบียนบ้าน	20	0.6	7923	0.11		
14799	คาแรคเตอร์	20	0.6	15144	0.46		
14800	พักสมอง	20	0.6	18925	0.86		
14801	ข้อขัดแย้ง	20	0.6	7140	0.09		y
14802	เหนี่ยวนำ	20	0.6	13697	0.35		
14803	เย่อ	20	0.6	25966	2.39		
14804	ลูกหิน	20	0.6	26734	2.69		
14805	โอยย	19	0.6	30017	4.09		
14806	แชปลิน	19	0.6	23573	1.70		
14807	แน็ต	19	0.6	20755	1.08		
14808	ไดเร็คเตอร์	19	0.6	19406	0.89		
14809	เจโรม	19	0.6	6710	0.07		
14810	เกลอร์	19	0.6	30177	4.09		
14811	เฮิร์สท์	19	0.6	34468	speech-only		
14812	ฮาวานา	19	0.6	21610	1.28		
14813	โซก	19	0.6	33483	speech-only		
14814	จีส	19	0.6	36565	speech-only		
14815	อิ๊ก	19	0.6	23005	1.57		
14816	อาท	19	0.6	25672	2.27		
14817	เชลส์	19	0.6	37479	speech-only		
14818	ซิเซโร	19	0.6	14562	0.39		
14819	ฮ่อ	19	0.6	10630	0.18	offensive	
14820	กองกลาง	19	0.6	8915	0.13		
14821	สเตจ	19	0.6	13771	0.34		
14822	ซี้ด	19	0.6	17509	0.64		
14823	บีล	19	0.6	20481	1.02		
14824	ลัวร์	19	0.6	36284	speech-only		
14825	รั้งท้าย	19	0.6	14870	0.42		
14826	บอค	19	0.6	31865	speech-only		
14827	เฮซ	19	0.6	28800	3.41		
14828	ออร์แกน	19	0.6	15609	0.46		
14829	กราส	19	0.6	22472	1.46		
14830	เรซิน	19	0.6	15871	0.49		
14831	วอลทซ์	19	0.6	21529	1.20		
14832	แดรก	19	0.6	35868	speech-only		
14833	โรคา	19	0.6	23291	1.57		
14834	มนุษย์อวกาศ	19	0.6	13216	0.31	colloquial	
14835	จี๊บ	19	0.6	27343	2.92		
14836	ของเด็กเล่น	19	0.6	21088	1.14		
14837	พลเอก	19	0.6	3795	0.03		
14838	ดอกซ์	19	0.6	32354	speech-only		
14839	สจ๊วด	19	0.6	24388	1.86		
14840	เอไอ	19	0.6	10684	0.19		
14841	ฮิซ	19	0.6	33610	speech-only		
14842	พรีน	19	0.6	28442	3.41		
14843	ขุนศึก	19	0.6	11049	0.20		
14844	บิม	19	0.6	22463	1.46		
14845	เพ็ญ	19	0.6	5625	0.05		
14846	เหม่ง	19	0.6	25721	2.27		
14847	ลิ้นไก่	19	0.6	16721	0.57		
14848	อาร์กอน	19	0.6	30009	4.09		
14849	ซัลเฟต	19	0.6	20919	1.14		
14850	ภาคปฏิบัติ	19	0.6	8767	0.12		
14851	ฟอล์ค	19	0.6	32601	speech-only		
14852	ดาร์ธ	19	0.6	25706	2.27		
14853	ปวง	19	0.6	8790	0.13		
14854	ลโล่	19	0.6	31075	speech-only		
14855	ทรัมพ์	19	0.6	28781	3.41		
14856	หัวขี้เลื่อย	19	0.6		speech-only	offensive	
14857	ตาส	19	0.6	17170	0.60		
14858	โรบินฮู้ด	19	0.6	22449	1.46		
14859	เกิ้น	19	0.6	15832	0.49		
14860	เฟื่อน	19	0.6	38542	speech-only	slang	
14861	คศ	19	0.6	28031	3.41		
14862	ราพ	19	0.6	10925	0.20		
14863	อัคคีภัย	19	0.6	8896	0.13		
14864	เอาตาย	19	0.6	12898	0.29		
14865	เล่าลือ	19	0.6	10906	0.19		
14866	หวุดหวิด	19	0.6	11120	0.20		
14867	ใจน้อย	19	0.6	14264	0.37		
14868	ค่าน้ำ	19	0.6	10327	0.17		
14869	เนียว	19	0.6	22895	1.57		
14870	แอนตาร์กติกา	19	0.6	17454	0.64		
14871	บุ๋ม	19	0.6	7632	0.09		
14872	แน็ก	19	0.6	31935	speech-only		
14873	ขย้อน	19	0.6	18419	0.76		
14874	กระจกตา	19	0.6	11882	0.24		
14875	ตาบอดสี	19	0.6	27291	2.92		
14876	คอตต์	19	0.6	22431	1.46		
14877	ตาร์ด	19	0.6	19575	0.89		
14878	เด้อ	19	0.6	21296	1.20		
14879	สติกซ์	19	0.6	36635	speech-only		
14880	จุลภาค	19	0.6	8081	0.11		
14881	กังวาน	19	0.6	6023	0.06		
14882	จงเกลียดจงชัง	19	0.6	17472	0.64		
14883	เหล็กไหล	19	0.6	19418	0.89		
14884	ดาวพุธ	19	0.6	6922	0.08		y
14885	ฟอสฟอรัส	19	0.6	13493	0.32		
14886	ฟิ่น	19	0.6	36587	speech-only		
14887	ชุป	19	0.6	23216	1.57		
14888	นิรโทษกรรม	19	0.6	8573	0.12		
14889	ธนาคารกลาง	19	0.6	7072	0.08		
14890	ป๊อก	19	0.6	8064	0.11		
14891	จารีตประเพณี	19	0.6	7497	0.09		
14892	เบาปัญญา	19	0.6	18026	0.71		
14893	หน้าม้า	19	0.6	7793	0.10		
14894	เซิง	19	0.6	11736	0.23		
14895	ตาพร่า	19	0.6	14152	0.37		
14896	เปิ่น	19	0.6	15874	0.49		
14897	กฎจราจร	19	0.6	15515	0.46		
14898	เฟรนด์	19	0.6	19911	0.97		
14899	ออยล์	19	0.6	10982	0.20		
14900	เมตริก	19	0.6	12574	0.27		
14901	กะละมัง	19	0.6	9952	0.16		
14902	อาร์ด	19	0.6	31915	speech-only		
14903	มาห์	19	0.6	14747	0.41		
14904	ฟ่อน	19	0.6	12471	0.27		
14905	วั้น	19	0.6	26817	2.56		
14906	เจิม	19	0.6	10920	0.20	slang	
14907	เคว้งคว้าง	19	0.6	12661	0.28		
14908	อ้อย	19	0.6	4496	0.04		
14909	รัดตัว	19	0.6	11575	0.22		
14910	ขนะ	19	0.6	29846	4.09		
14911	เดลิ	19	0.6	11350	0.21		
14912	ทั่น	19	0.6	33915	speech-only		
14913	แว้ว	19	0.6	28655	3.41		
14914	ปรนเปรอ	19	0.6	13000	0.29		
14915	ตาลาย	19	0.6	11138	0.20		
14916	องอาจ	19	0.6	6717	0.07		
14917	ร่องน้ำ	19	0.6	13278	0.31		
14918	ฉันทา	19	0.6	15429	0.45		
14919	อ่างเก็บน้ำ	19	0.6	7058	0.08		
14920	สมยอม	19	0.6	14716	0.40		
14921	ตัดเส้น	19	0.6	15812	0.49		
14922	นั่งร้าน	19	0.6	13620	0.33		
14923	สโตล	19	0.6	31792	speech-only		
14924	สยาย	19	0.6	10152	0.17		
14925	ยางมะตอย	19	0.6	17816	0.68		
14926	เหินห่าง	19	0.6	11544	0.22		
14927	ละมั่ง	19	0.6	19416	0.89		
14928	ก่อกำเนิด	19	0.6	9033	0.13		
14929	ติต	19	0.6	27386	2.92		
14930	ไทน์	19	0.6	21763	1.28		
14931	คิบ	19	0.6	28210	3.41		
14932	เหิร	19	0.6	24709	2.05		
14933	อุจาด	19	0.6	15304	0.44		
14934	เร่ต์	19	0.6	21555	1.20		
14935	จุ๋มจิ๋ม	19	0.6	18669	0.79		
14936	เวอร์ชัน	19	0.6	17995	0.71		
14937	ทอนซิล	19	0.6	15177	0.44		
14938	โมนส์	19	0.6	37326	speech-only		
14939	มหาอำนาจ	19	0.6	4177	0.03		
14940	ราชทูต	19	0.6	10566	0.18		
14941	ปริมาตร	19	0.6	7429	0.09		y
14942	ตัดไพ่	19	0.6	35797	speech-only		
14943	ขุ่นมัว	19	0.6	8400	0.11		
14944	ปลีกย่อย	19	0.6	9349	0.14		
14945	บัฟเฟอร์	19	0.6	12519	0.27		
14946	คท	19	0.6	29355	4.09		
14947	บริติช	19	0.6	13460	0.32		
14948	วิชั่น	19	0.6	14206	0.37		
14949	ฤา	19	0.6	4671	0.04		
14950	ล้างท้อง	19	0.6	23319	1.57		
14951	โวหาร	19	0.6	6643	0.07		
14952	จารณ์	19	0.6	31447	speech-only		
14953	คุบ	19	0.6	34804	speech-only		
14954	แพทเทิร์น	19	0.6	12913	0.29		
14955	ดือ	19	0.6	18417	0.76	slang	
14956	โจ๋	19	0.6	12992	0.29	colloquial	
14957	ฟ้อ	19	0.6	25528	2.27		
14958	อดีตกาล	19	0.6	9674	0.15		
14959	คอมมิชชั่น	19	0.6	20358	1.02		
14960	ชื่อสกุล	19	0.6	9727	0.15		
14961	สลักสำคัญ	19	0.6	12653	0.28		
14962	ศัต	19	0.6	24595	2.05		
14963	ทรัพ	19	0.6	17890	0.68		
14964	พังก์	19	0.6	22118	1.36		
14965	ภัณฑ์	19	0.6	6724	0.07		
14966	หนม	19	0.6	23260	1.57	colloquial	
14967	สารอินทรีย์	19	0.6	9312	0.14		
14968	กัลป์	19	0.6	10288	0.17		
14969	แม่ค้า	19	0.6	4234	0.03		
14970	สิ้นลม	19	0.6	12790	0.28		
14971	เซอร์เบีย	19	0.6	14366	0.38		
14972	ลังก์	19	0.6	22051	1.36		
14973	บุณ	19	0.6	14295	0.37		
14974	แคริบเบียน	19	0.6	16086	0.51		
14975	ไฟ้	19	0.6	38411	speech-only		
14976	สปอร์ท	19	0.6	37347	speech-only		
14977	ยักย้าย	19	0.6	13778	0.34		
14978	ศัล	19	0.6	21736	1.28		
14979	ฝุ	19	0.6	28093	3.41		
14980	สิต	19	0.6	5335	0.05		
14981	คบคิด	19	0.6	15178	0.44		
14982	ซาฟารี	19	0.6	16131	0.51		
14983	เต็มมือ	19	0.6	16593	0.55		
14984	งุนงง	19	0.6	5825	0.06		
14985	ก้ค	19	0.6	20102	0.97		
14986	เด็กข้างถนน	19	0.6	30373	4.09		
14987	ฮวบ	19	0.6	11605	0.22		
14988	บุตรี	19	0.6	10117	0.17		
14989	บึ่ง	19	0.6	14618	0.40		
14990	ลำเรือ	19	0.6	12183	0.25		
14991	นัวเนีย	19	0.6	16243	0.52		
14992	รังแตน	19	0.6	23924	1.70		
14993	จุบ	19	0.6	29077	3.41		
14994	จุณ	19	0.6	17812	0.68		
14995	ยาจน	19	0.6	18712	0.79		
14996	คลิบ	19	0.6	25142	2.05		
14997	ล้อก	19	0.6	26518	2.56		
14998	เภสัช	19	0.6	10754	0.19		
14999	ธรุ	19	0.6	28316	3.41		
15000	บิร	19	0.6	26490	2.56		
15001	เอกภาพ	19	0.6	4425	0.04		
15002	ภริยา	19	0.6	2746	0.02		
15003	ขวางโลก	19	0.6	15088	0.43		
15004	รองท้อง	19	0.6	14313	0.37		
15005	แล้ส	19	0.6	26526	2.56		
15006	เลหลัง	19	0.6	22068	1.36		
15007	แรงดลใจ	19	0.6	19119	0.85		
15008	เหลียวหลัง	19	0.6	11898	0.24		
15009	สแตมป์	19	0.6	34991	speech-only		
15010	เครีย	19	0.6	39219	speech-only		
15011	กลั่นกรอง	19	0.6	4491	0.04		
15012	กลมกล่อม	19	0.6	10387	0.18		
15013	สรีระ	19	0.6	7319	0.09		
15014	เดาสุ่ม	19	0.6	21302	1.20		
15015	โรงแรมจิ้งหรีด	19	0.6		speech-only	slang	
15016	ยุยง	19	0.6	8765	0.12		
15017	กิตติมศักดิ์	19	0.6	8266	0.11		
15018	ท็อกซ์	19	0.6	12075	0.25		
15019	ติย์	19	0.6	37715	speech-only		
15020	คื่อ	19	0.6	29993	4.09		
15021	ผงก	19	0.6	8584	0.12		
15022	ฟริส	19	0.6	30931	speech-only		
15023	ตะบัน	19	0.6	15395	0.45		
15024	เสิร	19	0.6	29004	3.41		
15025	หย่อม	19	0.6	7738	0.10		
15026	เมคเลิฟ	19	0.6	33173	speech-only		
15027	แป้ก	19	0.6	22138	1.36	slang	
15028	สแคร	19	0.6	33615	speech-only		
15029	ลอยแพ	19	0.6	16130	0.51	slang	
15030	ลบรอย	19	0.6	13961	0.35		
15031	ซ้อมใหญ่	19	0.6	17708	0.66		
15032	อุตุ	19	0.6	13342	0.31		
15033	ฝันเปียก	19	0.6	26491	2.56		
15034	กลัด	19	0.6	11325	0.21		
15035	ส่วนหลัง	19	0.6	9701	0.15		
15036	ด้อง	19	0.6	23861	1.70		
15037	แม่กุญแจ	19	0.6	19257	0.85		
15038	โรคกระเพาะ	19	0.6	12204	0.25		
15039	พน	19	0.6	11555	0.22	slang	
15040	กำกับดูแล	19	0.6	4015	0.03		
15041	สต๊อป	19	0.6	28543	3.41		
15042	คออ่อน	19	0.6	22869	1.57		
15043	นำจับ	19	0.6	14895	0.42		
15044	วิ่น	19	0.6	13828	0.34		
15045	ปลุกปั่น	19	0.6	15783	0.49		
15046	ตำรับ	19	0.6	5101	0.05		
15047	ปลดทุกข์	19	0.6	17651	0.66	slang	
15048	มมี	19	0.6	19598	0.93		
15049	ปืนยาว	19	0.6	13706	0.34		
15050	ปลาตู้	18	0.6	26753	2.42		
15051	ออกัสตัส	18	0.6	39932	speech-only		
15052	หื้อ	18	0.6	19293	0.81		
15053	สไค	18	0.6	26226	2.42		
15054	ดริกซ์	18	0.6	35535	speech-only		
15055	บีด	18	0.6	25682	2.15		
15056	เหยียน	18	0.6	15977	0.47		
15057	คอลเลจ	18	0.6	21021	1.08		
15058	เฮียง	18	0.6	14898	0.40		
15059	มิลลิลิตร	18	0.6	12097	0.23		y
15060	เบนเนตต์	18	0.6	27410	2.77		
15061	ไทป์	18	0.6	22189	1.29		
15062	น่าร์	18	0.6	28175	3.23		
15063	แคย	18	0.6	31989	speech-only		
15064	นัวร์	18	0.6	25679	2.15		
15065	คลิฟฟอร์ด	18	0.6	23109	1.49		
15066	ชาล์ล	18	0.6	39160	speech-only		
15067	แม้กระนั้น	18	0.6	9687	0.14		
15068	ปิ๊ด	18	0.6	16311	0.50		
15069	เซิร์ก	18	0.6	26769	2.42		
15070	สติทช์	18	0.6	23707	1.61		
15071	คิวปิด	18	0.6	22381	1.29		
15072	เบญจมาศ	18	0.6	13151	0.28		
15073	ปชช	18	0.6		speech-only	colloquial	
15074	โอพี	18	0.6	26268	2.42		
15075	เร้นซ์	18	0.6	13127	0.28		
15076	เอลิซาเบท	18	0.6	31836	speech-only		
15077	ถิง	18	0.6	23603	1.61		
15078	ฮอร์ด	18	0.6	25124	1.94		
15079	เจร	18	0.6	26461	2.42		
15080	เพี้ยง	18	0.6	14190	0.35	colloquial	
15081	วัลลา	18	0.6	26761	2.42		
15082	ขาดคำ	18	0.6	11186	0.20		
15083	เลจ	18	0.6	29995	3.88		
15084	ซาอุดิ	18	0.6	16012	0.47		
15085	ลิลี	18	0.6	29525	3.88		
15086	แชปแมน	18	0.6	29177	3.88		
15087	เอพ	18	0.6	37206	speech-only		
15088	ปัท	18	0.6	3964	0.03		
15089	ยูโทเปีย	18	0.6	20234	0.97		
15090	ลูกหู	18	0.6	12973	0.28		
15091	สติง	18	0.6	26607	2.42		
15092	โธร	18	0.6	34831	speech-only		
15093	หงิง	18	0.6	17507	0.61		
15094	สิบแปดมงกุฎ	18	0.6	10961	0.19		
15095	เปโซ	18	0.6	12598	0.26		
15096	คีล	18	0.6	31483	speech-only		
15097	สามหาว	18	0.6	18616	0.75		
15098	ฮิพ	18	0.6	21348	1.14		
15099	กรุณ	18	0.6	19298	0.81		
15100	เทิน	18	0.6	14314	0.35		
15101	รัฐศาสตร์	18	0.6	2622	0.02		
15102	ซาอุดิอาระเบีย	18	0.6	17227	0.59		
15103	ปึ๋ง	18	0.6	24054	1.76		
15104	แอ่น	18	0.6	10581	0.17		
15105	ยุซ	18	0.6	33590	speech-only		
15106	เมซา	18	0.6	17556	0.61		
15107	โกสท์	18	0.6	32547	speech-only		
15108	เฒ่าหัวงู	18	0.6	25830	2.15	slang	
15109	เฮ็ด	18	0.6	16478	0.51		
15110	เกือก	18	0.6	12883	0.27		
15111	หม้อแปลง	18	0.6	17388	0.61		
15112	เนสส์	18	0.6	11835	0.22		
15113	ทิด	18	0.6	6683	0.07	colloquial	
15114	มุนด์	18	0.6	16440	0.51		
15115	พ้อยท์	18	0.6	22464	1.38		
15116	คอสตาริกา	18	0.6	23157	1.49		
15117	มัลติ	18	0.6	9460	0.14		
15118	สเบอร์	18	0.6	29777	3.88		
15119	ยิก	18	0.6	9237	0.13		
15120	แฮมเชียร์	18	0.6	34972	speech-only		
15121	แห้งผาก	18	0.6	11846	0.22		
15122	ววววววว	18	0.6	30676	speech-only		
15123	มีทติ้ง	18	0.6	25518	2.15		
15124	ฮัฟ	18	0.6	23392	1.61		
15125	เกลี้ยงเกลา	18	0.6	12626	0.26		
15126	เซอร์เวย์	18	0.6	26634	2.42		
15127	กลมเกลียว	18	0.6	9040	0.13		
15128	ฟลุต	18	0.6	27879	2.77		
15129	แพลตฟอร์ม	18	0.6	22261	1.29		
15130	บัลแกเรีย	18	0.6	22957	1.49		
15131	ภาพนิ่ง	18	0.6	10449	0.17		
15132	ซอฟท์บอล	18	0.6	26703	2.42		
15133	ถือสิทธิ์	18	0.6	18212	0.69		
15134	โลกา	18	0.6	7216	0.08		
15135	ร็อต	18	0.6	22819	1.38		
15136	ฆ้อง	18	0.6	9348	0.13		
15137	ไภ้	18	0.6	39259	speech-only		
15138	เอื่อย	18	0.6	9223	0.13		
15139	แนนท์	18	0.6	27598	2.77		
15140	จ้ำม่ำ	18	0.6	22556	1.38		
15141	นนนนน	18	0.6	21521	1.14		
15142	ไนต์คลับ	18	0.6	15420	0.43	colloquial	
15143	เดี้ยม	18	0.6	15364	0.43		
15144	อาร์เจนตินา	18	0.6	7123	0.08		
15145	ยายทวด	18	0.6	23384	1.61		
15146	จวนเจียน	18	0.6	18249	0.69		
15147	ของสด	18	0.6	11983	0.23		
15148	ลิทซ์	18	0.6	27593	2.77		
15149	หยาบช้า	18	0.6	14461	0.37		
15150	นัช	18	0.6	32957	speech-only		
15151	เพียงไร	18	0.6	5551	0.05		
15152	หูตึง	18	0.6	13134	0.28		
15153	พอม	18	0.6	35002	speech-only		
15154	ไม้เด็ด	18	0.6	22922	1.49		
15155	ลมกรด	18	0.6	16194	0.48		
15156	ขึงขัง	18	0.6	10052	0.16		
15157	ท่าย	18	0.6	27859	2.77		
15158	ย้ง	18	0.6	9075	0.13		
15159	ปลดหนี้	18	0.6	13614	0.31		
15160	สลา	18	0.6	14434	0.37		
15161	ทรีย์	18	0.6	9835	0.15		
15162	ว้น	18	0.6	27951	3.23		
15163	ซีดเซียว	18	0.6	11754	0.22		
15164	ฟิธ	18	0.6	29301	3.88		
15165	ไคว	18	0.6	16809	0.55		
15166	โลกสวย	18	0.6		speech-only	offensive	
15167	แนวหลัง	18	0.6	20511	0.97		
15168	โป๊ก	18	0.6	11027	0.19		
15169	ครุย	18	0.6	10054	0.16		
15170	เทียบเคียง	18	0.6	7288	0.08		
15171	ซงส์	18	0.6	33800	speech-only		
15172	เอกวาดอร์	18	0.6	14754	0.39		
15173	หินแกรนิต	18	0.6	11825	0.22		
15174	รถยก	18	0.6	24031	1.76		
15175	ซซ	18	0.6	26146	2.42		
15176	ฟ้าดิน	18	0.6	8302	0.11		
15177	ฮีต	18	0.6	11621	0.21		
15178	เครื่องหมายตกใจ	18	0.6		speech-only	colloquial	
15179	ลำยอง	18	0.6	28544	3.23		
15180	ยอย	18	0.6	19343	0.84		
15181	บ้าดีเดือด	18	0.6	21032	1.08		
15182	นั่งคุกเข่า	18	0.6	12047	0.23		
15183	ระบม	18	0.6	12353	0.25		
15184	กุร	18	0.6	16524	0.52		
15185	คะแนนนิยม	18	0.6	7939	0.10		
15186	กรุบ	18	0.6	13082	0.28		
15187	เรี่ยม	18	0.6	12927	0.28		
15188	อนาถา	18	0.6	14017	0.33		
15189	นึด	18	0.6	30943	speech-only		
15190	ใบลา	18	0.6	16679	0.54		
15191	ซบเซา	18	0.6	8831	0.12		
15192	ชื่ม	18	0.6	24147	1.76		
15193	สิ้นเนื้อประดาตัว	18	0.6	19942	0.92		
15194	สงฆ์	18	0.6	4022	0.03	colloquial	
15195	เป็นหน้าเป็นตา	18	0.6	35640	speech-only		
15196	จกา	18	0.6	21985	1.29		
15197	เล็งเห็น	18	0.6	5957	0.06		
15198	คริต	18	0.6	31987	speech-only		
15199	มลภาวะ	18	0.6	7398	0.08		
15200	ผาน	18	0.6	19498	0.84		
15201	ฮาร์ป	18	0.6	24891	1.94		
15202	ต้นน้ำ	18	0.6	7567	0.09		
15203	ฟอร์ส	18	0.6	24986	1.94		
15204	หัง	18	0.6	16261	0.50		
15205	ขยับเขยื้อน	18	0.6	11219	0.20		
15206	ดริ๊งค์	18	0.6	23140	1.49		
15207	เสื่อมทราม	18	0.6	11312	0.20		
15208	อยู่ไม่สุข	18	0.6	14549	0.37		
15209	ยีง	18	0.6	22278	1.29		
15210	ดัมมี่	18	0.6	27963	3.23		
15211	กระเสือกกระสน	18	0.6	15242	0.42		
15212	ปราณีต	18	0.6	20891	1.08		
15213	ฝึ	18	0.6	25225	1.94		
15214	เกาะกิน	18	0.6	15893	0.46		
15215	ย้วย	18	0.6	17480	0.61		
15216	เห่าหอน	18	0.6		speech-only	offensive	
15217	สามขา	18	0.6	21167	1.08		
15218	เขม็ง	18	0.6	7010	0.08		
15219	ดวด	18	0.6	25525	2.15		
15220	แว่นขยาย	18	0.6	14575	0.37		
15221	เป๋น	18	0.6	21798	1.21		
15222	หงอย	18	0.6	10931	0.19		
15223	กราวน์	18	0.6	25332	2.15		
15224	ขบถ	18	0.6	6965	0.08		
15225	ฮีทเตอร์	18	0.6	23596	1.61		
15226	เกินหน้า	18	0.6	14579	0.37		
15227	พวยพุ่ง	18	0.6	13500	0.30		
15228	สัมพันธไมตรี	18	0.6	10010	0.16		
15229	ทระนง	18	0.6	13433	0.30		
15230	ตกยาก	18	0.6	15472	0.43		
15231	โครงเรื่อง	18	0.6	6177	0.06		
15232	จิ๊กโก๋	18	0.6	16706	0.54	colloquial	
15233	จำเจ	18	0.6	9662	0.14		
15234	ฮือฮา	18	0.6	7227	0.08		
15235	สัมฤทธิ์	18	0.6	6030	0.06		
15236	จ็อก	18	0.6	37929	speech-only		
15237	เฉลียง	18	0.6	10347	0.17		
15238	ประเคน	18	0.6	12478	0.25	slang	
15239	ซิ้ง	18	0.6	9762	0.15		
15240	เส่	18	0.6	30442	3.88		
15241	ไพร่	18	0.6	4091	0.03	offensive	
15242	เตาแก๊ส	18	0.6	14212	0.35		
15243	พิ้น	18	0.6	25106	1.94		
15244	พิษสุนัขบ้า	18	0.6	18992	0.78		
15245	วีดีโอเทป	18	0.6	24806	1.94		
15246	ชิมแปนซี	18	0.6	16830	0.55		
15247	นกกระสา	18	0.6	14048	0.34		
15248	โบส์	18	0.6	34130	speech-only		
15249	วอดวาย	18	0.6	16385	0.51		
15250	หัวอ่อน	18	0.6	16748	0.54		
15251	กร์	18	0.6	23740	1.61		
15252	หนุม	18	0.6	24187	1.76		
15253	สดับ	18	0.6	9713	0.15		
15254	เจ้าทุกข์	18	0.6	18219	0.69		
15255	พร้อง	18	0.6	17887	0.65		
15256	ประจักษ์พยาน	18	0.6	11340	0.20		
15257	กดหัว	18	0.6	17682	0.63		
15258	สมัน	18	0.6	12556	0.25		
15259	หมวดหมู่	18	0.6	7253	0.08		
15260	อักขระ	18	0.6	7137	0.08		
15261	สวนทาง	18	0.6	6339	0.06		
15262	ทพ	18	0.6	23382	1.61		
15263	ตายซาก	18	0.6	19562	0.84		
15264	แพร่ข่าว	18	0.6	28021	3.23		
15265	ใบสำคัญ	18	0.6	8395	0.11		
15266	คุณวุฒิ	18	0.6	2335	0.01		
15267	แห้งเหี่ยว	18	0.6	17078	0.57		
15268	ทัณฑสถาน	18	0.6	16365	0.51		
15269	เตม	18	0.6	21879	1.21		
15270	วิจ	18	0.6	23459	1.61		
15271	ครง	18	0.6	26569	2.42		
15272	ขมัง	18	0.6	20817	1.02		
15273	ภราดรภาพ	18	0.6	14408	0.36		
15274	อันต	18	0.6	16728	0.54		
15275	ถวายตัว	18	0.6	11270	0.20		
15276	เปรี้ยวหวาน	18	0.6	21637	1.21		
15277	วิณ	18	0.6	37249	speech-only		
15278	ปรินท์	18	0.6	29416	3.88		
15279	ตรัสรู้	18	0.6	7866	0.09	slang	
15280	หงำ	18	0.6	23635	1.61		
15281	บุฟเฟต์	18	0.6	15797	0.46		
15282	หนวก	18	0.6	21765	1.21		
15283	เฟิร์ม	18	0.6	6182	0.06	colloquial	
15284	ขีดเขียน	18	0.6	12690	0.26		
15285	สามง่าม	18	0.6	18784	0.75		
15286	สนับ	18	0.6	16686	0.54		
15287	เส้นรอบวง	18	0.6	16711	0.54		y
15288	เบ็ดเสร็จ	18	0.6	6553	0.07		
15289	โพลีเมอร์	18	0.6	26476	2.42		
15290	เฟก	18	0.6	21200	1.14	slang	
15291	มะเดื่อ	18	0.6	12825	0.27		
15292	ชึ่ง	18	0.6	26533	2.42		
15293	โน้ตเพลง	18	0.6	13293	0.29		
15294	เซิร์น	18	0.6	35543	speech-only		
15295	ย่าทวด	18	0.6	21150	1.08		
15296	อ๋อง	18	0.6	9301	0.13	colloquial	
15297	ไพล	18	0.6	8075	0.10		
15298	เตรีย	18	0.6	18717	0.75		
15299	เก็ก	18	0.6	14469	0.37		
15300	นิคซ์	18	0.6	36747	speech-only		
15301	ว็อบ	17	0.6	28880	3.05		
15302	กี๊ก	17	0.6	32682	speech-only		
15303	พรัด	17	0.6	34841	speech-only		
15304	อู๊ด	17	0.6	9230	0.12	colloquial	
15305	เอิ๊ก	17	0.6	12207	0.23		
15306	นั่นปะไร	17	0.6	17280	0.55		
15307	แซงต์	17	0.6	12276	0.23		
15308	ทยา	17	0.6	8240	0.10		
15309	คลิด	17	0.6	28418	3.05		
15310	เลียว	17	0.6	14232	0.33		
15311	พลีส	17	0.6	13648	0.30		
15312	ไดรย์	17	0.6	33418	speech-only		
15313	ไอ้เฮงซวย	17	0.6		speech-only	offensive	
15314	พุส	17	0.6	17973	0.63		
15315	โก๋	17	0.6	16458	0.48	colloquial	
15316	อีรี	17	0.6	35684	speech-only		
15317	บริบูรณ์	17	0.6	3859	0.03		
15318	บั้ด	17	0.6	29569	3.66		
15319	ฟ้ง	17	0.6	19670	0.83		
15320	ศิริ	17	0.6	2188	0.01		
15321	ดากา	17	0.6	38122	speech-only		
15322	น้ำตาลทราย	17	0.6	7548	0.08		
15323	ซัลวาดอร์	17	0.6	18947	0.73		
15324	หนังสือสัญญา	17	0.6	10849	0.17		
15325	แบ๊บ	17	0.6	23108	1.41		
15326	บ๊อกซ์	17	0.6	22967	1.41		
15327	สันนิบาต	17	0.6	8411	0.10		
15328	วัก	17	0.6	7370	0.08		
15329	สแตค	17	0.6	39058	speech-only		
15330	สต็อป	17	0.6	22620	1.31		
15331	กริ๊	17	0.6	34783	speech-only		
15332	เก็ตต์	17	0.6	26579	2.29		
15333	โรซ	17	0.6	36475	speech-only		
15334	แคโรไลนา	17	0.6	13273	0.28		
15335	มองท์	17	0.6	33306	speech-only		
15336	สเคอร์	17	0.6	31082	speech-only		
15337	ต็อก	17	0.6	31970	speech-only		
15338	เพพ	17	0.6	39611	speech-only		
15339	โฮลดิ้ง	17	0.6	28136	3.05		
15340	ฅ	17	0.6	13520	0.29		
15341	เฟร์	17	0.6	17815	0.61		
15342	หลู	17	0.6	12033	0.22		
15343	เวลลิงตัน	17	0.6	20878	1.02		
15344	แก๊	17	0.6	38742	speech-only		
15345	วิจิตร	17	0.6	3280	0.02		
15346	เซียว	17	0.6	13816	0.31		
15347	สนับมือ	17	0.6	35462	speech-only		
15348	บูร์ก	17	0.6	15159	0.39		
15349	โถว	17	0.6	23890	1.53		
15350	รูเล็ตต์	17	0.6	31015	speech-only		
15351	เบียร์ด	17	0.6	30087	3.66		
15352	ปุ๊ก	17	0.6	6803	0.07		
15353	สุขา	17	0.6		speech-only	colloquial	
15354	เบ่	17	0.6	33087	speech-only		
15355	บัวร์	17	0.6	28066	3.05		
15356	ปง	17	0.6	9067	0.12		
15357	โฮว	17	0.6	39919	speech-only		
15358	ทส	17	0.6	13249	0.27		
15359	แบลน	17	0.6	39871	speech-only		
15360	ปิ่นโต	17	0.6	11160	0.18		
15361	ดูส	17	0.6	38456	speech-only		
15362	ลไลซ์	17	0.6	20795	0.96		
15363	ยูเนียน	17	0.6	16555	0.49		y
15364	พลั่ก	17	0.6	10124	0.15		
15365	พืชพันธุ์	17	0.6	7937	0.09		
15366	ร้าก	17	0.6	22285	1.22		
15367	นุ้ย	17	0.6	10739	0.17		
15368	เฝอ	17	0.6	24113	1.66		
15369	คีรี	17	0.6	4633	0.03		
15370	แด๊ด	17	0.6	11222	0.19		
15371	กรรเชียง	17	0.6	16293	0.47		
15372	อ็อกซ์	17	0.6	24074	1.66		
15373	เนี่ยย	17	0.6	25565	2.03		
15374	เก็บดอกไม้	17	0.6		speech-only	colloquial	
15375	พลาธิการ	17	0.6	21408	1.08		
15376	แอลจีเรีย	17	0.6	21906	1.14		
15377	เชิร์ท	17	0.6	38873	speech-only		
15378	เมกกะ	17	0.6	13128	0.27		
15379	พรีเมียร์	17	0.6	6897	0.07		
15380	วช	17	0.6	30788	speech-only		
15381	อุกฉกรรจ์	17	0.6	14667	0.36		
15382	โรส์	17	0.6	33450	speech-only		
15383	คาธ	17	0.6	24788	1.83		
15384	ชาตินิยม	17	0.6	3574	0.02		
15385	ชนกลุ่มน้อย	17	0.6		speech-only	slang	
15386	ถนัดมือ	17	0.6	22395	1.22		
15387	อาร์คันซอ	17	0.6	21596	1.14		
15388	รป	17	0.6	19850	0.83		
15389	เก๋อ	17	0.6	28344	3.05		
15390	สรรค์สร้าง	17	0.6	13242	0.27		
15391	ตูมตาม	17	0.6	16517	0.49		
15392	เตรต	17	0.6	26173	2.29		
15393	เก็ง	17	0.6	13418	0.28		
15394	ม้าย	17	0.6	13604	0.30		
15395	สมอลล์	17	0.6	27526	2.61		
15396	ขาดเหลือ	17	0.6	16166	0.46		
15397	อูน	17	0.6	23529	1.53		
15398	พร็อก	17	0.6	35309	speech-only		
15399	ทรานซ์	17	0.6	10026	0.15		
15400	สัมมา	17	0.6	6636	0.07		
15401	อุณห	17	0.6	14471	0.35		
15402	ลินดอน	17	0.6	28641	3.05		
15403	หมูตอน	17	0.6		speech-only	offensive	
15404	ลั้ล	17	0.6	29006	3.05		
15405	ฝ่ายขวา	17	0.6	9759	0.14		
15406	พะโล้	17	0.6	12023	0.22		
15407	ไถนา	17	0.6	9776	0.14		
15408	พรั่งพรู	17	0.6	11393	0.19		
15409	สามานย์	17	0.6	16358	0.48		
15410	โอบอุ้ม	17	0.6	10656	0.16		
15411	นางไม้	17	0.6	14994	0.38		
15412	มาดากัสการ์	17	0.6	22843	1.31		
15413	สาห	17	0.6	9614	0.13		
15414	ท้องน้อย	17	0.6	12260	0.23		
15415	จจ	17	0.6	8907	0.12		
15416	ตีส	17	0.6	15322	0.40		
15417	ผลิด	17	0.6	24373	1.66		
15418	สตรอว์	17	0.6	26246	2.29		
15419	ตะขิดตะขวง	17	0.6	13946	0.32		
15420	เบร์	17	0.6	18993	0.73		
15421	ย้อมใจ	17	0.6	20199	0.92		
15422	บรอนด์	17	0.6	30845	speech-only		
15423	สดิ์	17	0.6	38602	speech-only		
15424	โซว	17	0.6	20165	0.87		
15425	เกิ๊น	17	0.6	23537	1.53		
15426	ซวก	17	0.6	24863	1.83		
15427	แก่ง	17	0.6	7337	0.08		
15428	เครื่องเคลือบ	17	0.6	13786	0.31		
15429	สก๊อตช์	17	0.6	39823	speech-only		
15430	ซักฟอก	17	0.6	14506	0.35	slang	
15431	กระเบน	17	0.6	10109	0.15		
15432	หลังฉาก	17	0.6	17242	0.55		
15433	ต่าย	17	0.6	10492	0.16		
15434	สแปม	17	0.6	26948	2.61		
15435	รู้เท่า	17	0.6	14450	0.35		
15436	ลูกกระเดือก	17	0.6	17627	0.59		
15437	ซิลิโคน	17	0.6	16126	0.46		
15438	โอ้เอ้	17	0.6	16761	0.51		
15439	หร้อม	17	0.6	24102	1.66		
15440	ชี้วัด	17	0.6	7080	0.07		
15441	แอ็ท	17	0.6	34079	speech-only		
15442	ตรู	17	0.6	23240	1.41		
15443	หลิ่วตา	17	0.6	14012	0.32		
15444	แอ่ง	17	0.6	5521	0.05		
15445	เจียด	17	0.6	10647	0.16		
15446	ขั่ว	17	0.6	25476	2.03		
15447	คาซ	17	0.6	22890	1.41		
15448	อัดลม	17	0.6	15186	0.39		
15449	เจริญรอย	17	0.6	14569	0.35		
15450	โปรง	17	0.6	18181	0.65		
15451	แคว	17	0.6	5843	0.05		
15452	ดูดน้ำ	17	0.6	11998	0.22		
15453	เกลื่อนกลาด	17	0.6	12243	0.23		
15454	เบสท์	17	0.6	22817	1.31		
15455	ออมสิน	17	0.6	7056	0.07		
15456	เด้ด	17	0.6	28587	3.05		
15457	เหลือก	17	0.6	13586	0.29		
15458	ชอล์ก	17	0.6	17813	0.61		
15459	เมคอัพ	17	0.6	9752	0.14		
15460	อาก	17	0.6	18390	0.68		
15461	ฟ่อ	17	0.6	20203	0.92		
15462	ประเดิม	17	0.6	8543	0.11	slang	
15463	เขอ	17	0.6	29975	3.66		
15464	ชลอ	17	0.6	16309	0.47		
15465	เก้ง	17	0.6	9646	0.14	slang	
15466	เรี่ย	17	0.6	12348	0.23		
15467	บรู๊ก	17	0.6	19983	0.87		
15468	จ๋อย	17	0.6	10379	0.16		
15469	เบลส	17	0.6	26191	2.29		
15470	จิ๊	17	0.6	15864	0.44		
15471	เป๊าะ	17	0.6	17302	0.55		
15472	หลอดแก้ว	17	0.6	11696	0.21		
15473	ดรอก	17	0.6	21790	1.14		
15474	หนูผี	17	0.6	16776	0.51		
15475	ชิ่	17	0.6	29522	3.66		
15476	ไซบีเรียน	17	0.6	39267	speech-only		
15477	แกล้ม	17	0.6	10568	0.16		
15478	ดินฟ้าอากาศ	17	0.6	13690	0.30		
15479	ลอยชาย	17	0.6	18224	0.65		
15480	ทย	17	0.6	5967	0.05		
15481	แตกตัว	17	0.6	10155	0.15		
15482	ระคาย	17	0.6	10267	0.15		
15483	ตรรก	17	0.6	7886	0.09		
15484	ทั้งอย่างนั้น	17	0.6	25861	2.03		
15485	แท็ป	17	0.6	16964	0.52		
15486	ฮอร์ส	17	0.6	28726	3.05		
15487	พาร์ต	17	0.6	23132	1.41		
15488	ไบต์	17	0.6	8998	0.12		
15489	นอนกิน	17	0.6	15992	0.45		
15490	เกียรติภูมิ	17	0.6	8880	0.11		
15491	เสพย์	17	0.6	13441	0.29		
15492	ลัพ	17	0.6	23238	1.41		
15493	ปล่อน	17	0.6	30763	speech-only		
15494	ปราชญ์	17	0.6	5689	0.05		
15495	วิดีโอเทป	17	0.6	18964	0.73		
15496	สำรอก	17	0.6	17673	0.59		
15497	ยีบ	17	0.6	26184	2.29		
15498	แน่ง	17	0.6	18939	0.73		
15499	มรณกรรม	17	0.6	15382	0.41		
15500	บิลบอร์ด	17	0.6	23810	1.53		
15501	ราญ	17	0.6	17442	0.57		
15502	ซิ่	17	0.6	30378	3.66		
15503	ปฏิสนธิ	17	0.6	7144	0.07		
15504	ลูกเจี๊ยบ	17	0.6	17947	0.61		
15505	เหมือด	17	0.6	18589	0.68		
15506	ซูบ	17	0.6	18904	0.73		
15507	สหัสวรรษ	17	0.6	14553	0.35		
15508	เกือกม้า	17	0.6	24624	1.83		
15509	หยิบยก	17	0.6	5300	0.04		
15510	เก็งกำไร	17	0.6	6582	0.06		
15511	อัศ	17	0.6	12304	0.23		
15512	ตีกรอบ	17	0.6	10504	0.16		
15513	แผ่กระจาย	17	0.6	11140	0.18		
15514	แสนรู้	17	0.6	14639	0.36		
15515	ไก้	17	0.6	15587	0.42		
15516	จัม	17	0.6	15922	0.44		
15517	ประดาน้ำ	17	0.6	19168	0.76		
15518	ควน	17	0.6	12656	0.25		
15519	อับปาง	17	0.6	13385	0.28		
15520	ตาเรือ	17	0.6	19236	0.76		
15521	ดุ่ม	17	0.6	9917	0.14		
15522	กาชาด	17	0.6	8625	0.11		
15523	เต็มอัตรา	17	0.6	18180	0.65		
15524	มิดเดิล	17	0.6	17645	0.59		
15525	ประทุ	17	0.6	24703	1.83		
15526	เข้าถ้ำ	17	0.6	20254	0.92		
15527	สี้	17	0.6	26759	2.29		
15528	อนู่	17	0.6	33913	speech-only		
15529	ถาย	17	0.6	28214	3.05		
15530	ทั้น	17	0.6	25477	2.03		
15531	กรร	17	0.6	8653	0.11		
15532	พากษ์	17	0.6	17557	0.57		
15533	ผลุบ	17	0.6	11233	0.19		
15534	ซีกซ้าย	17	0.6	12454	0.24		
15535	มัสยิด	17	0.6	9411	0.13		
15536	ตรากตรำ	17	0.6	11329	0.19		
15537	ตรอมใจ	17	0.6	17347	0.55		
15538	ฟักตัว	17	0.6	17499	0.57		
15539	เซ่อร์	17	0.6	22126	1.22		
15540	อุรังอุตัง	17	0.6	22211	1.22		
15541	ตกมัน	17	0.6	19846	0.83		
15542	อุปนิสัย	17	0.6	5012	0.04		
15543	ไม้เรียว	17	0.6	11958	0.22		
15544	ชะล่า	17	0.6	14397	0.34		
15545	มนุ	17	0.6	25053	1.83		
15546	แปร่ง	17	0.6	9906	0.14		
15547	พระแสง	17	0.6	10436	0.16		
15548	อาร์กติก	17	0.6	18323	0.65		
15549	กระจิ๋ว	17	0.6	16927	0.52		
15550	สครับ	17	0.6	24910	1.83		
15551	เข็มหมุด	17	0.6	16673	0.51		
15552	รัลล์	17	0.6	35578	speech-only		
15553	กุ้งแห้ง	17	0.6	9833	0.14	colloquial	
15554	บม	17	0.6	16566	0.49		
15555	เก๋ง	17	0.6	8894	0.11	colloquial	
15556	เงียบกริบ	17	0.6	7714	0.09		
15557	วิ่งราว	17	0.6	12327	0.23		
15558	เนบิวลา	17	0.6	10628	0.16		
15559	ฮึ่ย	16	0.5	8419	0.10		
15560	ฮั่นแน่	16	0.5		speech-only	colloquial	
15561	น้ำอดน้ำทน	16	0.5	18682	0.66		
15562	เบล้ค	16	0.5	28006	2.87		
15563	โฮ้ย	16	0.5	16080	0.43		
15564	ขัดเขิน	16	0.5	10149	0.14		
15565	โฮ้ว	16	0.5	20535	0.91		
15566	จีนส์	16	0.5	20723	0.91		
15567	ภาพเสมือน	16	0.5	21470	1.01		
15568	กริมส์	16	0.5	39635	speech-only		
15569	เธิร์น	16	0.5	32145	speech-only		
15570	ชาร	16	0.5	29442	3.44		
15571	ออรัล	16	0.5	24056	1.57		
15572	ควอร์	16	0.5	24091	1.57		
15573	จอนสัน	16	0.5	32697	speech-only		
15574	โตว	16	0.5	31919	speech-only		
15575	แอนไฮไดรด์	16	0.5	39849	speech-only		
15576	เสิ่น	16	0.5	20184	0.86		
15577	หุย	16	0.5	19335	0.72		
15578	มะฮอกกานี	16	0.5	22952	1.32		
15579	โฮลี่	16	0.5	28429	2.87		
15580	บลิว	16	0.5	14405	0.32		
15581	ฟริทซ์	16	0.5	26011	1.91		
15582	เป็นเงินเป็นทอง	16	0.5	13750	0.28		
15583	เซนด์	16	0.5	31598	speech-only		
15584	ซิ่ว	16	0.5	10048	0.14	slang	
15585	รายห์	16	0.5	24825	1.72		
15586	ชิ่ว	16	0.5	17935	0.57		
15587	สวีส	16	0.5	39436	speech-only		
15588	ดอร์ท	16	0.5	29684	3.44		
15589	อเรอร์	16	0.5	39587	speech-only		
15590	ด็อกซ์	16	0.5	27388	2.46		
15591	ริกเตอร์	16	0.5	14266	0.31		
15592	ดีเอนเอ	16	0.5	36955	speech-only		
15593	ฮานน์	16	0.5	38866	speech-only		
15594	แย้ว	16	0.5	20602	0.91		
15595	เคนเนดี	16	0.5	24011	1.57		
15596	เกาทัณฑ์	16	0.5	22691	1.23		
15597	ฟรุท	16	0.5	29181	3.44		
15598	แอร์ไลน์	16	0.5	13119	0.25		
15599	ผุดผ่อง	16	0.5	11280	0.18		
15600	รอลล์	16	0.5	34716	speech-only		
15601	สแตม	16	0.5	31812	speech-only		
15602	มุสา	16	0.5	18899	0.69		
15603	ไอโอวา	16	0.5	19147	0.72		
15604	สีย์	16	0.5	28270	2.87		
15605	แค้ม	16	0.5	28649	2.87		
15606	เปด	16	0.5	31551	speech-only		
15607	อาจม	16	0.5	21432	1.01		
15608	โจ๊ะ	16	0.5	26345	2.15		
15609	กะเทาะ	16	0.5	13399	0.26		
15610	สุภาพชน	16	0.5	22830	1.23		
15611	ชอท	16	0.5	39397	speech-only		
15612	อากร	16	0.5	1806	0.01		
15613	โรท	16	0.5	31214	speech-only		
15614	เฉียน	16	0.5	17778	0.57		
15615	ปับ	16	0.5	13063	0.25		
15616	ไข่ขาว	16	0.5	15401	0.38		
15617	ปั่ม	16	0.5	27960	2.87		
15618	ว่อง	16	0.5	15678	0.40		
15619	ปีเตอร์สเบิร์ก	16	0.5	20115	0.82		
15620	ดท์	16	0.5	34296	speech-only		
15621	จอล	16	0.5	33566	speech-only		
15622	โดซ์	16	0.5	20867	0.96		
15623	ซมซาน	16	0.5	19172	0.72		
15624	คาร์พ	16	0.5	16584	0.47		
15625	รัดเกล้า	16	0.5	16710	0.48		
15626	ซอฟท์	16	0.5	17491	0.54		
15627	สุริยุปราคา	16	0.5	10771	0.16		y
15628	หลอดทดลอง	16	0.5	16233	0.44		y
15629	ว็อด	16	0.5	33490	speech-only		
15630	วิสามัญ	16	0.5	4194	0.03		
15631	พริ้น	16	0.5	31860	speech-only		
15632	หูรูด	16	0.5	14473	0.32		
15633	เหนอะ	16	0.5	21331	1.01		
15634	เครื่องหนัง	16	0.5	10869	0.16		
15635	แฟค	16	0.5	16445	0.45		
15636	บรอม	16	0.5	16272	0.44		
15637	ซ่ำ	16	0.5	22862	1.32		
15638	ลีย	16	0.5	35313	speech-only		
15639	ฮิลดา	16	0.5	37075	speech-only		
15640	ไลย์	16	0.5	27017	2.46		
15641	วรีย์	16	0.5	15410	0.38		
15642	กัลกัตตา	16	0.5	16294	0.44		
15643	สมุห	16	0.5	17310	0.52		
15644	แอ็ต	16	0.5	38572	speech-only		
15645	คี้	16	0.5	25958	1.91		
15646	เทอะทะ	16	0.5	13796	0.29		
15647	อาด	16	0.5	10503	0.15		
15648	แนต	16	0.5	19419	0.75		
15649	พร่าง	16	0.5	8997	0.11		
15650	คอยน์	16	0.5	31309	speech-only		
15651	วิสัญญีแพทย์	16	0.5	23814	1.44		
15652	สแล	16	0.5	39904	speech-only		
15653	ดท	16	0.5	27514	2.46		
15654	ไฮร์	16	0.5	30219	3.44		
15655	อลู	16	0.5	26147	2.15		
15656	ว๊าก	16	0.5	30797	speech-only		
15657	บลิน	16	0.5	26778	2.15		
15658	ติม	16	0.5	8062	0.09	colloquial	
15659	โตน	16	0.5	20379	0.86		
15660	เอ็ท	16	0.5	32158	speech-only		
15661	ยัม	16	0.5	24166	1.57		
15662	โหลยโท่ย	16	0.5		speech-only	offensive	
15663	สต๊อค	16	0.5	9196	0.12		
15664	เบลเยียม	16	0.5	9520	0.12		
15665	ผลีผลาม	16	0.5	15366	0.38		
15666	ปาส	16	0.5	22610	1.23		
15667	บาห์	16	0.5	16291	0.44		
15668	ทยาน	16	0.5	23957	1.57		
15669	สำออย	16	0.5	17029	0.51		
15670	ลอฟต์	16	0.5	35486	speech-only		
15671	เอ้ด	16	0.5	39004	speech-only		
15672	ดาต้า	16	0.5	25627	1.91		
15673	เหลียวแล	16	0.5	12593	0.23		
15674	น้ำมันหล่อลื่น	16	0.5	10790	0.16		
15675	ดิวิชัน	16	0.5	37180	speech-only		
15676	ซับใน	16	0.5	21460	1.01		
15677	เงี่ยหู	16	0.5	10615	0.16		
15678	ดป	16	0.5	25831	1.91		
15679	ลูกล้อ	16	0.5	21369	1.01		
15680	เพ้น	16	0.5	29810	3.44		
15681	งามหน้า	16	0.5	26152	2.15		
15682	จิตรกรรม	16	0.5	3590	0.02		
15683	ก้างขวางคอ	16	0.5	22271	1.15		
15684	หน้าตาย	16	0.5	10629	0.16		
15685	ท้องขึ้น	16	0.5	16741	0.48		
15686	ติ้	16	0.5	33182	speech-only		
15687	หย่ง	16	0.5	13298	0.26		
15688	ตนะ	16	0.5	22131	1.15		
15689	เครื่องพิมพ์ดีด	16	0.5	16225	0.44		
15690	โฉ่	16	0.5	20739	0.91		
15691	แทป	16	0.5	32048	speech-only		
15692	โอ๊คแลนด์	16	0.5	21638	1.08		
15693	แฮฟ	16	0.5	30841	speech-only		
15694	สินน้ำใจ	16	0.5	33031	speech-only		
15695	ดู๊	16	0.5	15935	0.42		
15696	บ่นถึง	16	0.5	17101	0.51		
15697	เหี้ยน	16	0.5	13351	0.26		
15698	ธิน	16	0.5	17733	0.56		
15699	กลับลำ	16	0.5		speech-only	colloquial	
15700	แทต	16	0.5	22664	1.23		
15701	ธิง	16	0.5	24410	1.57		
15702	โมชั่น	16	0.5	16727	0.48		
15703	หอยเม่น	16	0.5	22777	1.23		
15704	มหันต	16	0.5	14841	0.34		
15705	หนีเสือ	16	0.5	19411	0.75		
15706	แจว	16	0.5	9270	0.12	slang	
15707	พระกรุณา	16	0.5	3713	0.02		
15708	รีสอร์ต	16	0.5	13736	0.28		
15709	รวง	16	0.5	6445	0.06		
15710	แหกคอก	16	0.5	21221	1.01	offensive	
15711	สถาป	16	0.5	36080	speech-only		
15712	นอนใจ	16	0.5	13978	0.30		
15713	ผังเมือง	16	0.5	6514	0.06		
15714	ลักยิ้ม	16	0.5	13008	0.25		
15715	ภายหน้า	16	0.5	9211	0.12		
15716	เภสัชกรรม	16	0.5	9861	0.13		
15717	ช้าย	16	0.5	39843	speech-only		
15718	ลงดาบ	16	0.5		speech-only	slang	
15719	คิดการใหญ่	16	0.5	21189	1.01		
15720	จุ๊ก	16	0.5	17958	0.59		
15721	ฟู้ด	16	0.5	9675	0.13		
15722	มพ	16	0.5	37626	speech-only		
15723	เสียดทาน	16	0.5	16300	0.44		
15724	พิทักษ์สันติ	16	0.5	29216	3.44		
15725	โนเนม	16	0.5	21169	0.96		
15726	ราชสกุล	16	0.5	13006	0.25		
15727	ข่า	16	0.5	5557	0.04		y
15728	ฐานราก	16	0.5	11366	0.18		
15729	งุ่นง่าน	16	0.5	15649	0.40		
15730	สวง	16	0.5	24464	1.57		
15731	เหล็กเส้น	16	0.5	17219	0.52		
15732	ใจเร็ว	16	0.5	18493	0.64		
15733	เฉาะ	16	0.5	14563	0.33		
15734	ขาดลอย	16	0.5	13281	0.26		
15735	ศิโรราบ	16	0.5	20003	0.82		
15736	สุ่มสี่สุ่มห้า	16	0.5	19687	0.78		
15737	เมียหลวง	16	0.5	12744	0.24	colloquial	
15738	เจ๊ก	16	0.5	6399	0.06	offensive	
15739	ถอดความ	16	0.5	13622	0.28		
15740	ฟอด	16	0.5	17746	0.56	colloquial	
15741	กลิ่นอาย	16	0.5	8381	0.10		
15742	ถาง	16	0.5	8033	0.09		
15743	เจียระไน	16	0.5	5630	0.05		
15744	ส่วม	16	0.5	16290	0.44		
15745	เครื่องร่อน	16	0.5	21685	1.08		
15746	ฝ่าน	16	0.5	14462	0.32		
15747	บุคลิกลักษณะ	16	0.5	8969	0.11		
15748	บ้องกัญชา	16	0.5	34231	speech-only		
15749	ฉาบฉวย	16	0.5	9677	0.13		
15750	ช่างเหล็ก	16	0.5	19992	0.82		
15751	เปอร์โตริโก	16	0.5	21650	1.08		
15752	ฟูด	16	0.5	24592	1.72		
15753	มังส	16	0.5	28052	2.87		
15754	ชั้นหิน	16	0.5	8118	0.09		
15755	แฟรนไชส์	16	0.5	12622	0.23		
15756	ขบคิด	16	0.5	9529	0.12		
15757	โอ่อ่า	16	0.5	10231	0.14		
15758	ทึนทึก	16	0.5	23637	1.44		
15759	ไดอารี	16	0.5	29585	3.44		
15760	เพียงนั้น	16	0.5	7751	0.08		
15761	จิค	16	0.5	20610	0.91		
15762	เสบ	16	0.5	32869	speech-only		
15763	ช้อต	16	0.5	25298	1.91		
15764	เหน่อ	16	0.5	14348	0.32		
15765	คณาจารย์	16	0.5	6338	0.06		
15766	ริ้ว	16	0.5	6798	0.06		
15767	หวั่นเกรง	16	0.5	10845	0.16		
15768	อัดอั้น	16	0.5	12310	0.22		
15769	แกงเผ็ด	16	0.5	14272	0.31		
15770	งดเว้น	16	0.5	5914	0.05		
15771	วรรต	16	0.5	23990	1.57		
15772	สแตนท์	16	0.5	20072	0.82		
15773	หาบ	16	0.5	6818	0.06		
15774	ดูหรู	16	0.5	28002	2.87		
15775	กาลเทศะ	16	0.5	7516	0.08		
15776	ห้วย	16	0.5	4105	0.03		
15777	จพ	16	0.5	27936	2.87		
15778	ชอก	16	0.5	22233	1.15		
15779	กว่าน	16	0.5	24281	1.57		
15780	ความยาวคลื่น	16	0.5	8232	0.09		y
15781	ธึม	16	0.5	28838	2.87		
15782	เกษียร	16	0.5	10985	0.17		
15783	งั้ย	16	0.5	35060	speech-only		
15784	ผ่าย	16	0.5	16374	0.45		
15785	สร้า	16	0.5	17786	0.57		
15786	ภูม	16	0.5	16297	0.44		
15787	ข้าวแกง	16	0.5	10565	0.15		
15788	เอือม	16	0.5	13022	0.25		
15789	โยงใย	16	0.5	8115	0.09		
15790	ถือหาง	16	0.5	19904	0.82	offensive	
15791	โจ้ง	16	0.5	21294	1.01		
15792	กะเผลก	16	0.5	17355	0.52		
15793	ทักท้วง	16	0.5	8206	0.09		
15794	สมบัติผู้ดี	16	0.5	27860	2.46		
15795	ต้นเพลิง	16	0.5	19977	0.82		
15796	ซีทีสแกน	16	0.5	27795	2.46		
15797	สนิก	16	0.5	9955	0.14		
15798	ยาล	16	0.5	18260	0.62		
15799	เลคเชอร์	16	0.5	15934	0.42		
15800	ตะเกียกตะกาย	16	0.5	10777	0.16		
15801	ตับแข็ง	16	0.5	16280	0.44		
15802	ไฝ่	16	0.5	29371	3.44		
15803	ลักเซมเบิร์ก	16	0.5	19390	0.75		
15804	ตีแผ่	16	0.5	13637	0.28		
15805	หม่อน	16	0.5	9446	0.12		
15806	อวก	16	0.5	36016	speech-only		
15807	ปวน	16	0.5	19332	0.72		
15808	เสียหลาย	16	0.5	11655	0.19		
15809	คอนโซล	16	0.5	22062	1.15		
15810	อิดโรย	16	0.5	12872	0.24		
15811	วิหค	16	0.5	16435	0.45		
15812	วงนอก	16	0.5	17288	0.52		
15813	สืบเสาะ	16	0.5	9100	0.11		
15814	มุ่ย	16	0.5	12754	0.24		
15815	ฟลุค	16	0.5	11697	0.19		
15816	โปร์	16	0.5	17464	0.54		
15817	ผู้ว่าราชการ	16	0.5	2638	0.01		
15818	ยืนยง	16	0.5	10607	0.15		
15819	เลือกสรร	16	0.5	6376	0.06		
15820	มุทะลุ	16	0.5	19667	0.78		
15821	เฉ	16	0.5	13309	0.26		
15822	มช	16	0.5	32980	speech-only		
15823	ภาคตะวันตก	16	0.5	8014	0.09		
15824	ศักดินา	16	0.5	4718	0.03		
15825	ปลั๊กไฟ	16	0.5	18599	0.66		
15826	ม้ามืด	16	0.5	20543	0.91		
15827	แผนภาพ	16	0.5	8352	0.10		
15828	อารบิก	16	0.5	18845	0.69		
15829	โผงผาง	16	0.5	15392	0.38		
15830	มหายุค	16	0.5	11762	0.20		
15831	ตะกุย	16	0.5	15234	0.37		
15832	หอง	16	0.5	23300	1.32		
15833	บาโต	16	0.5	21501	1.01		
15834	เป็นตัวเป็นตน	16	0.5	12306	0.22		
15835	พิตต์ส	16	0.5	16867	0.49		
15836	เปบ	16	0.5	37861	speech-only		
15837	ขายปลีก	16	0.5	8499	0.10		
15838	สลับซับซ้อน	16	0.5	4412	0.03		
15839	ลต	16	0.5	28152	2.87		
15840	อูว์	15	0.5	33321	speech-only		
15841	อั่ก	15	0.5	30431	3.23		
15842	ปิ้ว	15	0.5	28203	2.69		
15843	ฮึบ	15	0.5	14406	0.30		
15844	ง่ำ	15	0.5	21185	0.95		
15845	มิดเดิลตัน	15	0.5	25951	1.79		
15846	แชะ	15	0.5	14576	0.31		
15847	เขาแกะ	15	0.5	21760	1.01		
15848	เฟ็ง	15	0.5	31139	speech-only		
15849	ถวายบังคม	15	0.5	9018	0.10		
15850	อุทกภัย	15	0.5	3902	0.02		
15851	ต้นเรือ	15	0.5	31642	speech-only		
15852	นัยนา	15	0.5	23833	1.35		
15853	แอเรีย	15	0.5	30948	speech-only		
15854	ซ็อต	15	0.5	31978	speech-only		
15855	เพลซ	15	0.5	27648	2.31		
15856	กอร์ด	15	0.5	33745	speech-only		
15857	ตำลึง	15	0.5	8296	0.09		
15858	ฮัพ	15	0.5	28582	2.69		
15859	วัม	15	0.5	23151	1.24		
15860	ปินส์	15	0.5	13032	0.23		
15861	บุ๊	15	0.5	31416	speech-only		
15862	ย้าก	15	0.5	22662	1.15		
15863	เทนส์	15	0.5	33607	speech-only		
15864	ลูว์	15	0.5	34664	speech-only		
15865	เสิร์จ	15	0.5	27487	2.31		
15866	เสียงแตก	15	0.5	19154	0.67		
15867	มต	15	0.5	20440	0.81		
15868	ดอกจิก	15	0.5	27312	2.31		
15869	ฟอร์สเตอร์	15	0.5	23301	1.24		
15870	สทา	15	0.5	26169	2.02		
15871	เบลลามี	15	0.5	36605	speech-only		
15872	เฟช	15	0.5	33186	speech-only		
15873	โนลล์	15	0.5	31820	speech-only		
15874	เวลช์	15	0.5	25614	1.79		
15875	สสีฟ	15	0.5	37823	speech-only		
15876	โอลิมเปีย	15	0.5	26538	2.02		
15877	เบ๊บ	15	0.5	35753	speech-only		
15878	กรม์	15	0.5	20371	0.81		
15879	เรนจ์	15	0.5	22745	1.15		
15880	มาร์ส	15	0.5	22861	1.24		
15881	เจเนรัล	15	0.5	32175	speech-only		
15882	แพรก	15	0.5	17229	0.49		
15883	ตุ๊ก	15	0.5	8051	0.08	colloquial	
15884	ไข่ไก่	15	0.5	7442	0.07		
15885	โมด	15	0.5	5117	0.04		
15886	เนเธอร์แลนด์	15	0.5	6821	0.06		
15887	สยา	15	0.5	21099	0.90		
15888	ระเบิดปรมาณู	15	0.5	15430	0.36		
15889	โจะ	15	0.5	38771	speech-only		
15890	เบ๋	15	0.5	30934	speech-only		
15891	เงี่ย	15	0.5	27907	2.31		
15892	ปัวร์	15	0.5	23527	1.35		
15893	เซ็ล	15	0.5	25685	1.79		
15894	สปัน	15	0.5	32795	speech-only		
15895	แอตแลนตา	15	0.5	16352	0.42		
15896	กัลฟ์	15	0.5	22887	1.24		
15897	เคมป์	15	0.5	34092	speech-only		
15898	จัมป์	15	0.5	31885	speech-only		
15899	นัลด์	15	0.5	26926	2.31		
15900	ดูร์	15	0.5	25080	1.61		
15901	เจ็ม	15	0.5	30315	3.23		
15902	วรี	15	0.5	11164	0.16		
15903	โฮล์	15	0.5	27097	2.31		
15904	เฃ	15	0.5	31736	speech-only		
15905	สกาว	15	0.5	12528	0.21		
15906	มัวเมา	15	0.5	13675	0.26		
15907	เคี่ยวเข็ญ	15	0.5	12607	0.22		
15908	เมจ	15	0.5	33532	speech-only		
15909	เวชศาสตร์	15	0.5	11963	0.19		
15910	แลนส์	15	0.5	38234	speech-only		
15911	คอค	15	0.5	32251	speech-only		
15912	ทอช	15	0.5	33782	speech-only		
15913	ซัฟ	15	0.5	18759	0.62		
15914	เด็กนรก	15	0.5		speech-only	offensive	
15915	โดมินิกา	15	0.5	37522	speech-only		
15916	โจษจัน	15	0.5	17371	0.49		
15917	ฟอร์จูน	15	0.5	18766	0.62		
15918	วายุ	15	0.5	11667	0.18		
15919	ไนตรัส	15	0.5	23376	1.35		
15920	โอกลาโฮมา	15	0.5	23310	1.24		
15921	ออออ	15	0.5	23501	1.35		
15922	กรับ	15	0.5	13683	0.26		
15923	ควิเบก	15	0.5	33238	speech-only		
15924	นมัสการ	15	0.5	8527	0.09	colloquial	
15925	หน่อไม้ฝรั่ง	15	0.5	16966	0.46		
15926	จัย	15	0.5	14147	0.29		
15927	มากมายก่ายกอง	15	0.5	14964	0.33		
15928	ครีส	15	0.5	23873	1.35		
15929	เด็กแสบ	15	0.5		speech-only	offensive	
15930	เบอระ	15	0.5	31867	speech-only		
15931	แมกนีเซียม	15	0.5	18291	0.58		
15932	เจียร์	15	0.5	34650	speech-only		
15933	ด้ส	15	0.5	21070	0.90		
15934	ตะลุมบอน	15	0.5	15630	0.38		
15935	เน่ย	15	0.5	12233	0.20		
15936	มิกเซอร์	15	0.5	31955	speech-only		
15937	มูร์	15	0.5	25175	1.61		
15938	เมอร์ส	15	0.5	14760	0.32		
15939	ดราย	15	0.5	31735	speech-only		
15940	ประตูชัย	15	0.5	10090	0.13		
15941	พระพุทธองค์	15	0.5	4992	0.03		
15942	ไธ	15	0.5	14368	0.30		
15943	เลสเบียน	15	0.5	21802	1.01	colloquial	
15944	หมาวัด	15	0.5		speech-only	offensive	
15945	ชื่อตัว	15	0.5	10538	0.14		
15946	ไซ้	15	0.5	16585	0.44	colloquial	
15947	ศึกษาธิการ	15	0.5	2296	0.01		
15948	เจะ	15	0.5	18719	0.62		
15949	อุรุกวัย	15	0.5	9103	0.11		
15950	ตึกแถว	15	0.5	7075	0.06		
15951	ติเตียน	15	0.5	8654	0.10		
15952	เอาต์	15	0.5	16522	0.44		
15953	เงินต้น	15	0.5	9943	0.13		
15954	อีเวนท์	15	0.5	16298	0.41		
15955	ปาว	15	0.5	13488	0.25		
15956	ซาฟ	15	0.5	24452	1.47		
15957	ฟิล์ด	15	0.5	34980	speech-only		
15958	โยชน์	15	0.5	9857	0.13		
15959	เอร็ดอร่อย	15	0.5	8211	0.09		
15960	ตุ๊กแก	15	0.5	10133	0.13		y
15961	เป่ย	15	0.5	13314	0.24		
15962	จนกรอบ	15	0.5		speech-only	colloquial	
15963	คำย่อ	15	0.5	10542	0.14		
15964	ไอส์	15	0.5	24744	1.61		
15965	จานบิน	15	0.5	14375	0.30		
15966	เทห์	15	0.5	27416	2.31		
15967	สรรพนาม	15	0.5	5580	0.04		
15968	รีบด่วน	15	0.5	10376	0.14		
15969	จำปี	15	0.5	12070	0.19		
15970	เคียฟ	15	0.5	21191	0.95		
15971	ไอซี	15	0.5	5782	0.05		
15972	จูงจมูก	15	0.5	28070	2.69	offensive	
15973	อาจเอื้อม	15	0.5	18359	0.58		
15974	ฟรายส์	15	0.5	34682	speech-only		
15975	ขวักไขว่	15	0.5	10368	0.14		
15976	เชาว์	15	0.5	10992	0.16		
15977	คงคลัง	15	0.5	8706	0.10		
15978	พร่อง	15	0.5	7659	0.08		
15979	ไส้เลื่อน	15	0.5	25696	1.79		
15980	ฮาล์ฟ	15	0.5	18728	0.62		
15981	สเวลล์	15	0.5	39721	speech-only		
15982	สะบั้น	15	0.5	14010	0.28		
15983	ปรีย์	15	0.5	23668	1.35		
15984	มักง่าย	15	0.5	11973	0.19	offensive	
15985	โบว์ล	15	0.5	16527	0.44		
15986	ผ่าว	15	0.5	7849	0.08		
15987	หงิก	15	0.5	10134	0.13		
15988	ขอด	15	0.5	10517	0.14		
15989	กระจับ	15	0.5	18455	0.60		
15990	หลาง	15	0.5	22752	1.15		
15991	ยาท	15	0.5	21946	1.01		
15992	อีด	15	0.5	20709	0.85		
15993	สายดิน	15	0.5	22703	1.15		
15994	เอเวอเรสต์	15	0.5	22540	1.15		
15995	ย่ง	15	0.5	17184	0.49		
15996	เคอะ	15	0.5	11918	0.19		
15997	ไอร์	15	0.5	25625	1.79		
15998	คื่น	15	0.5	27996	2.69		
15999	ชวล	15	0.5	33842	speech-only		
16000	ทู้	15	0.5	32055	speech-only		
16001	ร่อแร่	15	0.5	18808	0.62		
16002	รุดหน้า	15	0.5	11075	0.16		
16003	มิจฉาชีพ	15	0.5	6901	0.06		
16004	ขวดโหล	15	0.5	17041	0.47		
16005	สกิล	15	0.5	26396	2.02		
16006	ชอฟ	15	0.5	16437	0.42		
16007	จึ	15	0.5	22055	1.08		
16008	จักรวรรดินิยม	15	0.5	7346	0.07		
16009	เกียด	15	0.5	17675	0.52		
16010	อุตุนิยมวิทยา	15	0.5	13322	0.24		
16011	กราฟฟิก	15	0.5	15254	0.35		
16012	ลาช	15	0.5	36441	speech-only		
16013	รู้จ	15	0.5	39661	speech-only		
16014	ภัณฑารักษ์	15	0.5	17829	0.54		
16015	ไขว่	15	0.5	18767	0.62		
16016	ลิบลับ	15	0.5	13419	0.25		
16017	จุ้ย	15	0.5	6218	0.05		
16018	แป้งสาลี	15	0.5	12802	0.22		
16019	เสร่อ	15	0.5		speech-only	slang	
16020	พร่ำสอน	15	0.5	13897	0.27		
16021	ตั๋น	15	0.5	12777	0.22		
16022	ปึกแผ่น	15	0.5	7733	0.08		
16023	ลัตเวีย	15	0.5	22711	1.15		
16024	ตีร	15	0.5	36459	speech-only		
16025	จารีต	15	0.5	5966	0.05		
16026	อโห	15	0.5	15160	0.34	colloquial	
16027	ญญ	15	0.5	16808	0.46		
16028	หัวเลี้ยวหัวต่อ	15	0.5	11529	0.18		
16029	กาฬโรค	15	0.5	28614	2.69		
16030	โลส	15	0.5	30910	speech-only		
16031	เดนส์	15	0.5	19070	0.65		
16032	สไปร์	15	0.5	37631	speech-only		
16033	เปี๊ยะ	15	0.5	11682	0.18		
16034	ทำซาก	15	0.5		speech-only	offensive	
16035	ยัว	15	0.5	23642	1.35		
16036	ลูบคลำ	15	0.5	11735	0.18		
16037	ตะโก	15	0.5	15493	0.37		
16038	ยิงกระต่าย	15	0.5		speech-only	colloquial	
16039	ไปรษณียบัตร	15	0.5	15661	0.38		
16040	คว้าง	15	0.5	10701	0.15		
16041	เอ็นไซม์	15	0.5	22510	1.15		
16042	อัติ	15	0.5	32383	speech-only		
16043	อ้อมอก	15	0.5	11638	0.18		
16044	ดิวซ์	15	0.5	19735	0.73		
16045	ไคท์	15	0.5	28083	2.69		
16046	ขวัญอ่อน	15	0.5	18011	0.56		
16047	ถวิล	15	0.5	8734	0.10		
16048	ผสมเทียม	15	0.5	12422	0.21		
16049	กระเพื่อม	15	0.5	9048	0.10		
16050	เอิกเกริก	15	0.5	10725	0.15		
16051	วอท์ช	15	0.5	34087	speech-only		
16052	คาร์เวียร์	15	0.5	26359	2.02		
16053	ซ่องสุม	15	0.5	17389	0.50		
16054	อารักษ์	15	0.5	11867	0.19		
16055	ชอบพอ	15	0.5	11410	0.17		
16056	ชุ่มชื้น	15	0.5	7747	0.08		
16057	โทสต์	15	0.5	27460	2.31		
16058	ทรงเครื่อง	15	0.5	10666	0.15		
16059	กระหึ่ม	15	0.5	8972	0.10		
16060	โยเย	15	0.5	16107	0.40		
16061	แกลบ	15	0.5	11780	0.18		
16062	เสี่ย	15	0.5	4048	0.02	offensive	
16063	คอแข็ง	15	0.5	13447	0.25	slang	
16064	จิ๊จ๊ะ	15	0.5		speech-only	colloquial	
16065	ยีด	15	0.5	26188	2.02		
16066	คุด	15	0.5	14745	0.32		
16067	สอดใส่	15	0.5	13949	0.28		
16068	ข้าราชบริพาร	15	0.5	8589	0.09		
16069	ภูมิฐาน	15	0.5	11924	0.19		
16070	นักซิ่ง	15	0.5		speech-only	slang	
16071	ขี้ปะติ๋ว	15	0.5	26716	2.02		
16072	รึก	15	0.5	21370	0.95		
16073	แร้นแค้น	15	0.5	13448	0.25		
16074	ตั้งหน้า	15	0.5	12055	0.19		
16075	แหน	15	0.5	11205	0.16		
16076	ประชาชาติ	15	0.5	4613	0.03		
16077	ขั้วไฟฟ้า	15	0.5	33930	speech-only		
16078	กศ	15	0.5	24543	1.47		
16079	เข่าอ่อน	15	0.5	17843	0.54		
16080	กฎธรรมชาติ	15	0.5	9000	0.10		
16081	เอี๊ยม	15	0.5	19280	0.67		
16082	ถืง	15	0.5	27976	2.69		
16083	ล้นพ้น	15	0.5	9726	0.12		
16084	รู้สึกรู้สา	15	0.5	15859	0.38		
16085	เบือน	15	0.5	7316	0.07		
16086	หมาใน	15	0.5	11769	0.18		
16087	กามโรค	15	0.5	17680	0.52		
16088	แป้นพิมพ์	15	0.5	24361	1.47		
16089	หมาน	15	0.5	11379	0.17		
16090	ลูกตั้ง	15	0.5	19152	0.67		
16091	พรรณา	15	0.5	15258	0.35		
16092	ฌาปนกิจ	15	0.5	11581	0.18		
16093	ลืบ	15	0.5	25450	1.79		
16094	กร้าว	15	0.5	9859	0.13		
16095	วิเวก	15	0.5	11547	0.18		
16096	เต๊ะ	15	0.5	12138	0.20		
16097	กลืนไม่เข้าคายไม่ออก	15	0.5	16978	0.46		
16098	สัมพัทธภาพ	15	0.5	29805	3.23		
16099	ดูดาย	15	0.5	12911	0.23		
16100	เจ็บแสบ	15	0.5	13759	0.26		
16101	บ่าง	15	0.5	15029	0.34		
16102	กุซ	15	0.5	26194	2.02		
16103	ข้อคิด	15	0.5	4762	0.03		
16104	ปราย	15	0.5	5497	0.04		
16105	เกลือกกลิ้ง	15	0.5	21342	0.95		
16106	ทนุ	15	0.5	17605	0.52		
16107	ช่น	15	0.5	23068	1.24		
16108	หวือหวา	15	0.5		speech-only	slang	
16109	ทำนา	15	0.5	3130	0.02		
16110	เจียร	15	0.5	13840	0.27		
16111	ปืด	15	0.5	38535	speech-only		
16112	สมรรถนะ	15	0.5	6192	0.05		
16113	สคลับ	15	0.5	32667	speech-only		
16114	จดจ้อง	15	0.5	18304	0.58		
16115	อิ๊ว	15	0.5	6663	0.06		
16116	ว๊อย	15	0.5	38885	speech-only		
16117	ตัดตอน	15	0.5	9749	0.12		
16118	ฝีปาก	15	0.5	11668	0.18		
16119	ลิงคอล์น	15	0.5	32206	speech-only		
16120	เสื้่อ	15	0.5	36812	speech-only		
16121	ขึ้นคาน	15	0.5	17685	0.52		
16122	หู่	15	0.5	15835	0.38		
16123	ลุ่มน้ำ	15	0.5	4682	0.03		
16124	เที่ยงแท้	15	0.5	11783	0.18		
16125	ร่อยหรอ	15	0.5	12768	0.22		
16126	เก๊ะ	15	0.5	22646	1.15	colloquial	
16127	ทำขวัญ	15	0.5	11283	0.17		
16128	ตะไคร่	15	0.5	14140	0.29		
16129	เดือย	15	0.5	12706	0.22		
16130	เมืองท่า	15	0.5	8123	0.08		
16131	เยี่ยงอย่าง	15	0.5	12936	0.23		
16132	มิดีมิร้าย	15	0.5	18004	0.56		
16133	ซุท	15	0.5	37101	speech-only		
16134	เหลือใช้	15	0.5	9710	0.12		
16135	เหิม	15	0.5	16508	0.44		
16136	แว็ก	15	0.5	35156	speech-only		
16137	เบื่อง	15	0.5	25768	1.79		
16138	บาตร	15	0.5	4728	0.03		
16139	บุ้ค	15	0.5	39395	speech-only		
16140	เตี้ยม	15	0.5	28981	2.69		
16141	โซนาร์	15	0.5	27612	2.31		
16142	ข้าวใหม่	15	0.5	12865	0.23		
16143	ซอกแซก	15	0.5	16537	0.44		
16144	เครื่องสาย	15	0.5	11010	0.16		
16145	ขายส่ง	15	0.5	9780	0.12		
16146	อิสร	15	0.5	11298	0.17		
16147	หนาหู	15	0.5	15558	0.37		
16148	แถบสี	15	0.5	15117	0.34		
16149	เยื้อง	15	0.5	7972	0.08		
16150	ดิสค์	15	0.5	34489	speech-only		
16151	รถจักรยาน	15	0.5	8640	0.09		
16152	พระราชวงศ์	15	0.5	8919	0.10		
16153	ทอดพระเนตร	15	0.5	4470	0.03		
16154	แคนเซิล	15	0.5	23102	1.24		
16155	เชิงเขา	15	0.5	9072	0.10		
16156	โพ้นทะเล	15	0.5	12216	0.20		
16157	ลืก	15	0.5	31110	speech-only		
16158	คัดท้าย	15	0.5	21721	1.01		
16159	สเป๊ก	15	0.5	24689	1.61		
16160	ลาโลก	15	0.5	19035	0.65		
16161	เมฆา	15	0.5	19463	0.70		
16162	ย่อท้อ	15	0.5	9240	0.11		
16163	เร็ม	15	0.5	35074	speech-only		
16164	เของ	15	0.5	23406	1.35		
16165	แท็ท	15	0.5	37945	speech-only		
16166	บั่น	15	0.5	17884	0.54		
16167	ใท	15	0.5	34894	speech-only		
16168	สหกรณ์	15	0.5	1489	0.01		
16169	ศัพ	15	0.5	27133	2.31		
16170	อามิส	15	0.5	15983	0.39		
16171	อู้ย	14	0.5	34981	speech-only		
16172	อ๊บ	14	0.5		speech-only	colloquial	
16173	เจเนอรัล	14	0.5	25884	1.67		
16174	ยค์	14	0.5	39895	speech-only		
16175	จูโน	14	0.5	27316	2.15		
16176	แดท	14	0.5	31346	speech-only		
16177	เฮอร์เบิร์ต	14	0.5	22155	1.00		
16178	โคป	14	0.5	35027	speech-only		
16179	ฮอปกินส์	14	0.5	22828	1.08		
16180	รักส์	14	0.5	37426	speech-only		
16181	เกลนน์	14	0.5	33086	speech-only		
16182	เหยิน	14	0.5		speech-only	slang	
16183	คิดส์	14	0.5	13740	0.25		
16184	ฟาเรนไฮต์	14	0.5	21108	0.84		
16185	วิลลาร์ด	14	0.5	26605	1.88		
16186	นิเกิล	14	0.5	25647	1.67		
16187	วู่	14	0.5	17622	0.49		
16188	เรธ	14	0.5	39662	speech-only		
16189	เกิลล์	14	0.5	39069	speech-only		
16190	ตุ้บ	14	0.5	13337	0.23	slang	
16191	เนกาทีฟ	14	0.5	27211	2.15		
16192	ชิปปิ้ง	14	0.5	23640	1.26		
16193	เสตท	14	0.5	33340	speech-only		
16194	ปอล	14	0.5	14779	0.30		
16195	สแปค	14	0.5	32110	speech-only		
16196	นุม	14	0.5	15929	0.36		
16197	เดียต	14	0.5	26755	1.88		
16198	อดอล์ฟ	14	0.5	22371	1.00		
16199	กลอย	14	0.5	15153	0.32		
16200	เถิบ	14	0.5	27081	2.15		
16201	สตอง	14	0.5	30475	3.01		
16202	เคิร์ค	14	0.5	30954	speech-only		
16203	คลิฟตัน	14	0.5	35426	speech-only		
16204	เทร็ก	14	0.5	25985	1.67		
16205	ยุส	14	0.5	17373	0.46		
16206	มหาดไทย	14	0.5	2238	0.01		
16207	แว็ค	14	0.5	16815	0.43		
16208	บอฟ	14	0.5	20454	0.75		
16209	ครูส	14	0.5	21113	0.84		
16210	แทนซาเนีย	14	0.5	24424	1.37		
16211	ไซโล	14	0.5	21100	0.84		
16212	ฟริท	14	0.5	37493	speech-only		
16213	มะเหงก	14	0.5	18565	0.56	slang	
16214	พัท	14	0.5	3749	0.02		
16215	เตี๋ย	14	0.5	38421	speech-only		
16216	โกลด์ส	14	0.5	23305	1.16		
16217	กีวี	14	0.5	18236	0.54	slang	
16218	ซิลิคอน	14	0.5	22902	1.16		
16219	วสุ	14	0.5	9679	0.11		
16220	ปลงใจ	14	0.5	10756	0.14		
16221	หูเบา	14	0.5	18671	0.58		
16222	เครื่องหมายคำถาม	14	0.5		speech-only	colloquial	
16223	ปากต่อปาก	14	0.5	10972	0.15		
16224	พนม	14	0.5	3389	0.02		
16225	โธรว์	14	0.5	22634	1.08		
16226	แว็บ	14	0.5	23927	1.26		
16227	ทรัสต์	14	0.5	17144	0.44		
16228	ดอต	14	0.5	28204	2.51		
16229	โยกเยก	14	0.5	20393	0.75		
16230	ดริช	14	0.5	33390	speech-only		
16231	การละเล่น	14	0.5	22087	1.00		
16232	เชต	14	0.5	19760	0.69		
16233	ลูกช้าง	14	0.5	15462	0.33		
16234	อุปมาอุปไมย	14	0.5	19427	0.66		
16235	ไรส์	14	0.5	26468	1.88		
16236	เบรนด์	14	0.5	32015	speech-only		
16237	เอี้ยน	14	0.5	21225	0.89		
16238	โบอิ้ง	14	0.5	18272	0.54		
16239	ท็อต	14	0.5	24260	1.37		
16240	ปากแห้ง	14	0.5	14872	0.31		
16241	ฮอลันดา	14	0.5	14826	0.30		
16242	เฮบ	14	0.5	32733	speech-only		
16243	ไขสือ	14	0.5	30497	3.01		
16244	คอร์ก	14	0.5	24669	1.51		
16245	ชื่นบาน	14	0.5	13917	0.26		
16246	คาร์บูเรเตอร์	14	0.5	31284	speech-only		
16247	แวกซ์	14	0.5	17595	0.49		
16248	เฮิร์ต	14	0.5	19081	0.63		
16249	มค	14	0.5	22667	1.08		
16250	แฟร็ง	14	0.5	36103	speech-only		
16251	ราลด์	14	0.5	39667	speech-only		
16252	เน้	14	0.5	26003	1.67		
16253	ควู	14	0.5	36783	speech-only		
16254	ปล่อ	14	0.5	31166	speech-only		
16255	สู่ขอ	14	0.5	11266	0.16		
16256	ก๊วย	14	0.5	11460	0.16		
16257	สังคมวิทยา	14	0.5	5976	0.04		
16258	เจ้าข้า	14	0.5	18051	0.52	colloquial	
16259	ทเม้นต์	14	0.5	32144	speech-only		
16260	เมดิเตอร์เรเนียน	14	0.5	10237	0.13		
16261	เบลท์	14	0.5	32082	speech-only		
16262	บาสก์	14	0.5	28060	2.51		
16263	โหมโรง	14	0.5	10159	0.12		
16264	เปง	14	0.5	20758	0.79		
16265	สุดกู่	14	0.5	16479	0.40		
16266	ยยยยยย	14	0.5	24874	1.51		
16267	คลุมถุงชน	14	0.5	16386	0.40		
16268	กระเบียด	14	0.5	15300	0.33		
16269	ซซซ	14	0.5	30276	3.01		
16270	ดูเถิด	14	0.5	14935	0.31		
16271	ทรีฟ	14	0.5	25796	1.67		
16272	ซ่อนเงื่อน	14	0.5	23259	1.16		
16273	พลุ้ย	14	0.5	17222	0.46		
16274	บึ้งตึง	14	0.5	10969	0.15		
16275	สิงโตทะเล	14	0.5	22305	1.00		
16276	แนก	14	0.5	24970	1.51		
16277	รองพื้น	14	0.5	9842	0.12	colloquial	
16278	ดาด	14	0.5	16931	0.43		
16279	ตุ๊	14	0.5	8526	0.09		
16280	ทองคำขาว	14	0.5	12798	0.21		
16281	โคลเวอร์	14	0.5	30192	3.01		
16282	ลูส	14	0.5	31367	speech-only		
16283	วอร์ท	14	0.5	36765	speech-only		
16284	ของขบเคี้ยว	14	0.5	20312	0.75		
16285	บุป	14	0.5	30098	3.01		
16286	ธิล	14	0.5	31962	speech-only		
16287	กระแสจิต	14	0.5	13696	0.25		
16288	น่อล	14	0.5	12001	0.18		
16289	เทอร์เนต	14	0.5	18982	0.60		
16290	พริ้ง	14	0.5	7745	0.07		
16291	ประเดี๋ยวเดียว	14	0.5	16191	0.38		
16292	ทันตา	14	0.5	8600	0.09		
16293	หม่อง	14	0.5	12524	0.20	offensive	
16294	ตุ้	14	0.5	33148	speech-only		
16295	เซย	14	0.5	23424	1.26		
16296	เทิด	14	0.5	5771	0.04		
16297	ไม้บรรทัด	14	0.5	10279	0.13	colloquial	y
16298	ดลบันดาล	14	0.5	9787	0.12		
16299	ตะวันออกไกล	14	0.5	16327	0.39		
16300	อนุกรรมการ	14	0.5	1931	0.01		
16301	บอร์เนียว	14	0.5	14557	0.29		
16302	กอป	14	0.5	27899	2.15		
16303	บูร์	14	0.5	16022	0.37		
16304	หนอนน้อย	14	0.5		speech-only	slang	
16305	ยืดยาด	14	0.5	19466	0.66		
16306	ชูต	14	0.5	29639	3.01		
16307	สุญญากาศ	14	0.5	14143	0.27		y
16308	คลังข้อมูล	14	0.5	7649	0.07		
16309	สายล่อฟ้า	14	0.5	20333	0.75		
16310	ดิกชันนารี	14	0.5	20399	0.75	colloquial	
16311	เจ้าสัว	14	0.5	9936	0.12		
16312	การ์ต	14	0.5	23097	1.16		
16313	สละสลวย	14	0.5	12702	0.20		
16314	ปาล	14	0.5	10787	0.14		
16315	คุณศัพท์	14	0.5	12214	0.19		
16316	อัมมาน	14	0.5	22994	1.16		
16317	แชงกรี	14	0.5	18214	0.54		
16318	อัปมงคล	14	0.5	13624	0.24		
16319	โพน	14	0.5	9805	0.12		
16320	ขวากหนาม	14	0.5	14973	0.31		
16321	ตายเป็นเบือ	14	0.5	23544	1.26		
16322	ไสย	14	0.5	9414	0.11		
16323	ปรัก	14	0.5	29580	3.01		
16324	โถม	14	0.5	9699	0.11		
16325	เฟท	14	0.5	27247	2.15		
16326	เรี่ยไร	14	0.5	12172	0.18		
16327	วิทยาเขต	14	0.5	6682	0.05		
16328	กรัน	14	0.5	36168	speech-only		
16329	ดรีน	14	0.5	28715	2.51		
16330	ซาติน	14	0.5	18677	0.58		
16331	คิค	14	0.5	34553	speech-only		
16332	เป็นจริงเป็นจัง	14	0.5	11678	0.17		
16333	สูย	14	0.5	33601	speech-only		
16334	วรรษ	14	0.5	14253	0.27		
16335	อินเทรนด์	14	0.5		speech-only	colloquial	
16336	ธรณ์	14	0.5	8329	0.08		
16337	ลำพอง	14	0.5	13687	0.25		
16338	สิบล้อ	14	0.5	11637	0.17		
16339	ถามไถ่	14	0.5	7569	0.07		
16340	โคโลญ	14	0.5	27482	2.15		
16341	ถ่างตา	14	0.5	20414	0.75		
16342	เคราห์	14	0.5	21532	0.89		
16343	ก้บ	14	0.5	24138	1.37		
16344	ไอโอดีน	14	0.5	17838	0.50		
16345	เปรย	14	0.5	6716	0.05		
16346	ใจไม่ดี	14	0.5	16678	0.42		
16347	ซองส์	14	0.5	11641	0.17		
16348	ฟิ้น	14	0.5	38086	speech-only		
16349	ชมชอบ	14	0.5	9030	0.10		
16350	คู่สัญญา	14	0.5	3011	0.01		
16351	อบู่	14	0.5	27494	2.15		
16352	ช้างน้อย	14	0.5	21824	0.94		
16353	ท้องแก่	14	0.5	15533	0.34		
16354	ฉมัง	14	0.5	15200	0.32		
16355	เซปต์	14	0.5	15575	0.34		
16356	สุกงอม	14	0.5	14564	0.29		
16357	อิทธิฤทธิ์	14	0.5	9625	0.11		
16358	โอนอ่อน	14	0.5	10859	0.14		
16359	สตั๊นท์	14	0.5	32669	speech-only		
16360	ดิ่งพสุธา	14	0.5	29716	3.01		
16361	จำอวด	14	0.5	16848	0.43		
16362	ขื้น	14	0.5	28076	2.51		
16363	บีบน้ำตา	14	0.5	19790	0.69		
16364	มือหนัก	14	0.5	20431	0.75		
16365	ฮอนดูรัส	14	0.5	20368	0.75		
16366	งำ	14	0.5	10250	0.13		
16367	ราษฎร์	14	0.5	5356	0.04		
16368	อัฒ	14	0.5	33740	speech-only		
16369	กะทิ	14	0.5	6309	0.05		y
16370	แยกเขี้ยว	14	0.5	9696	0.11		
16371	มือเบา	14	0.5	18622	0.58		
16372	ไมตรีจิต	14	0.5	12123	0.18		
16373	บ้านช่อง	14	0.5	7462	0.07		
16374	เฝ	14	0.5	38748	speech-only		
16375	นิเวศ	14	0.5	6069	0.05		
16376	พันทาง	14	0.5	15107	0.31		
16377	ธรณีประตู	14	0.5	28311	2.51		
16378	บูดบึ้ง	14	0.5	15742	0.35		
16379	ทอดน่อง	14	0.5	15479	0.34		
16380	หนังสติ๊ก	14	0.5	18815	0.58		
16381	แป๊ก	14	0.5	22293	1.00	slang	
16382	อิ่มตัว	14	0.5	8351	0.08		
16383	เค้าโครง	14	0.5	7778	0.07		
16384	บาปหนา	14	0.5	23292	1.16		
16385	เข้าทรง	14	0.5	12365	0.19		
16386	วางเฉย	14	0.5	9875	0.12		
16387	คู่อริ	14	0.5	12765	0.21		
16388	เบิ่ง	14	0.5	11065	0.15		
16389	แก้ขัด	14	0.5	17408	0.47		
16390	หัวร่อ	14	0.5	8925	0.09		
16391	เป็นบ้าเป็นหลัง	14	0.5	21228	0.89		
16392	บาปกรรม	14	0.5	11155	0.15		
16393	วาสนา	14	0.5	5116	0.03		
16394	กระอัก	14	0.5	15260	0.33		
16395	กระซิบกระซาบ	14	0.5	10281	0.13		
16396	เบียร	14	0.5	35245	speech-only		
16397	ต่องแต่ง	14	0.5	23559	1.26		
16398	ทำเสน่ห์	14	0.5	12011	0.18		
16399	จรวจ	14	0.5	25388	1.67		
16400	เบิด	14	0.5	21695	0.94		
16401	เคลียด	14	0.5	27540	2.15		
16402	ตอด	14	0.5	13332	0.23		
16403	รภ	14	0.5	27642	2.15		
16404	แบล๊ก	14	0.5	38721	speech-only		
16405	ตะไบ	14	0.5	16147	0.38		
16406	อุณ	14	0.5	13568	0.24		
16407	คะยั้นคะยอ	14	0.5	9475	0.11		
16408	ท่าง	14	0.5	21243	0.89		
16409	ใยหิน	14	0.5	28656	2.51		
16410	กระชุ่มกระชวย	14	0.5	13799	0.25		
16411	โวล์ค	14	0.5	33344	speech-only		
16412	คติพจน์	14	0.5	20175	0.72		
16413	ใฝ่สูง	14	0.5	16491	0.40		
16414	คอเลสเตอรอล	14	0.5	13705	0.25		
16415	ลงอาญา	14	0.5	22851	1.16		
16416	ดาห์ล	14	0.5	28646	2.51		
16417	ปิกอัพ	14	0.5	12887	0.21		
16418	จินต	14	0.5	7189	0.06		
16419	เดโมแครต	14	0.5	9378	0.11		
16420	กร่อน	14	0.5	13380	0.23		
16421	เปร์	14	0.5	30339	3.01		
16422	แร้ว	14	0.5	17245	0.46		
16423	วกัน	14	0.5	29314	3.01		
16424	บ่ายเบี่ยง	14	0.5	13616	0.24		
16425	อธิปไตย	14	0.5	4756	0.03		
16426	ขมิ้น	14	0.5	9111	0.10		
16427	โยธา	14	0.5	9129	0.10		
16428	โรคสมอง	14	0.5	15563	0.34		
16429	อับจน	14	0.5	12975	0.22		
16430	เฮฟวี	14	0.5	33408	speech-only		
16431	รุ่งริ่ง	14	0.5	21240	0.89		
16432	ใบสั่งจ่าย	14	0.5	34555	speech-only		
16433	ลอยหน้า	14	0.5	13300	0.23		
16434	บังกะโล	14	0.5	13232	0.22		
16435	คล้อย	14	0.5	7737	0.07		
16436	โสะ	14	0.5	15442	0.33		
16437	คาร์โบไฮเดรต	14	0.5	10115	0.12		
16438	ปรำ	14	0.5	26907	1.88		
16439	ตำแหน่งที่ตั้ง	14	0.5	28857	2.51		
16440	นักยิมนาสติก	14	0.5	25118	1.51		
16441	ไอคอน	14	0.5	13391	0.23		
16442	ส่าห์	14	0.5	19909	0.72		
16443	คอนยัค	14	0.5	38061	speech-only		
16444	ทัวร์นาเมนต์	14	0.5	21515	0.89		
16445	โลญจ์	14	0.5	25391	1.67		
16446	ชาวต่าง	14	0.5	5004	0.03		
16447	ซื้ง	14	0.5	28729	2.51		
16448	ประลองยุทธ์	14	0.5	30105	3.01		
16449	รถจักรยานยนต์	14	0.5	5923	0.04		
16450	สุทธ	14	0.5	20143	0.72		
16451	มู้ด	14	0.5	16359	0.40		
16452	กระจุกกระจิก	14	0.5	15872	0.36		
16453	วุ่ย	14	0.5	25149	1.51		
16454	สวรรณ	14	0.5	27087	2.15		
16455	ปรับทุกข์	14	0.5	13956	0.26		
16456	ทไม	14	0.5	37274	speech-only		
16457	กระโดง	14	0.5	22602	1.08		
16458	ปิระมิด	14	0.5	34817	speech-only		
16459	พับผ้า	14	0.5	18600	0.58		
16460	เวิร์ส	14	0.5	34449	speech-only		
16461	พงษ์	14	0.5	2192	0.01		
16462	ทท	14	0.5	20314	0.75		
16463	อับเฉา	14	0.5	15183	0.32		
16464	ชอล์ค	14	0.5	32290	speech-only		
16465	เห้ง	14	0.5	20680	0.79		
16466	ลิ่	14	0.5	34672	speech-only		
16467	พลานามัย	14	0.5	12312	0.19		
16468	โยย	14	0.5	21345	0.89		
16469	ลัซ	13	0.4	36073	speech-only		
16470	นนท์	13	0.4	2050	0.01		
16471	เปล๊า	13	0.4	17761	0.47		
16472	ปั้ง	13	0.4	29665	2.80		
16473	หลิ่ว	13	0.4	22734	1.00		
16474	แรมเซย์	13	0.4	38513	speech-only		
16475	สุ้มเสียง	13	0.4	9870	0.11		
16476	ไลนัส	13	0.4	26213	1.75		
16477	เฟตต์	13	0.4	29831	2.80		
16478	โลส์	13	0.4	28796	2.33		
16479	วอลส์	13	0.4	22814	1.00		
16480	รวยริน	13	0.4	15790	0.33		
16481	จังงัง	13	0.4	19200	0.58		
16482	แอ๊บแบ๊ว	13	0.4		speech-only	offensive	
16483	กล่าวคือ	13	0.4	1069	0.00		
16484	เส็น	13	0.4	20801	0.74		
16485	แอนโทนี	13	0.4	22207	0.93		
16486	วอซ	13	0.4	24954	1.40		
16487	แมนจูเรีย	13	0.4	14936	0.29		
16488	โต้ส	13	0.4	35960	speech-only		
16489	เคิร์ต	13	0.4	25832	1.55		
16490	สตรีต	13	0.4	39269	speech-only		
16491	เฟล็ต	13	0.4	30510	2.80		
16492	เมตต์	13	0.4	33122	speech-only		
16493	ไคน	13	0.4	39353	speech-only		
16494	อาร์เทอร์	13	0.4	27012	2.00		
16495	เบสต์	13	0.4	21153	0.78		
16496	โวล์ฟ	13	0.4	21682	0.87		
16497	บลองก์	13	0.4	30189	2.80		
16498	จ๊วบ	13	0.4	21583	0.82		
16499	บีฟ	13	0.4	38193	speech-only		
16500	เพื่อนเกลอ	13	0.4	23787	1.17		
16501	จ๊าด	13	0.4	23344	1.08		
16502	พาวล์	13	0.4	32541	speech-only		
16503	ตัดถนน	13	0.4	12036	0.17		
16504	เหว่ย	13	0.4	15154	0.30		
16505	มาเลย์	13	0.4	6882	0.05		
16506	ร็อป	13	0.4	39128	speech-only		
16507	ชะชะ	13	0.4	21089	0.78		
16508	ทรวดทรง	13	0.4	9224	0.09		
16509	ปั๊ง	13	0.4	22206	0.93		
16510	คาราบาว	13	0.4	14304	0.25		
16511	ปิร์	13	0.4	34182	speech-only		
16512	มาฟ	13	0.4	36768	speech-only		
16513	วานิลา	13	0.4	29366	2.80		
16514	แมนนิง	13	0.4	34383	speech-only		
16515	ลลี	13	0.4	32715	speech-only		
16516	แมตช์	13	0.4	11345	0.15		
16517	เย็ดเป็ด	13	0.4		speech-only	offensive	
16518	เคราส์	13	0.4	30735	speech-only		
16519	เตย	13	0.4	7061	0.06		
16520	โอคลาโฮมา	13	0.4	22508	1.00		
16521	พันโท	13	0.4	11279	0.14		
16522	โป๊ย	13	0.4	17075	0.41		
16523	เร้	13	0.4	31267	speech-only		
16524	โฮก	13	0.4	17539	0.44		
16525	ม่ง	13	0.4	26370	1.75		
16526	กิ๊ด	13	0.4	21784	0.87		
16527	อหิวาตกโรค	13	0.4	16317	0.36		
16528	พีเพิล	13	0.4	23889	1.17		
16529	แฮ้ง	13	0.4	32930	speech-only	colloquial	
16530	เปิบ	13	0.4	15566	0.32	slang	
16531	ปริ๊นซ์	13	0.4	15921	0.33		
16532	ทริม	13	0.4	25821	1.55		
16533	คงคา	13	0.4	9527	0.10		
16534	เต้อร์	13	0.4	19791	0.64		
16535	สวิฟต์	13	0.4	27292	2.00		
16536	ปล้นทรัพย์	13	0.4	12235	0.17		
16537	คลื่นลม	13	0.4	10224	0.12		
16538	ฮิ้ว	13	0.4	13878	0.24		
16539	จาค	13	0.4	24429	1.27		
16540	เจ้าชายนิทรา	13	0.4		speech-only	slang	
16541	อัคนี	13	0.4	22426	1.00		
16542	สไมล์	13	0.4	9077	0.09		
16543	ไซร์	13	0.4	17971	0.48		
16544	แดส	13	0.4	23308	1.08		
16545	วิจิตรศิลป์	13	0.4	15318	0.30		
16546	ครัย	13	0.4	34912	speech-only		
16547	ข้าวมันไก่	13	0.4	11813	0.16		
16548	เพรซ	13	0.4	34501	speech-only		
16549	โรมานซ์	13	0.4	14303	0.25		
16550	เย่ว	13	0.4	19767	0.64		
16551	โรลล์	13	0.4	21364	0.82		
16552	เรียร์	13	0.4	17401	0.44		
16553	ซอร์ก	13	0.4	33090	speech-only		
16554	ราพณาสูร	13	0.4	28955	2.33	slang	
16555	คาเฟ	13	0.4	20461	0.70		
16556	กั๊บ	13	0.4	30606	2.80		
16557	เฮลซิงกิ	13	0.4	21818	0.87		
16558	สแม	13	0.4	25846	1.55		
16559	ชินโต	13	0.4	15134	0.30		
16560	ฟร้อนท์	13	0.4	29382	2.80		
16561	ดร็อป	13	0.4	20986	0.78		
16562	ดัท	13	0.4	33385	speech-only		
16563	นมนาน	13	0.4	14596	0.27		
16564	แซบ	13	0.4	11976	0.16		
16565	ซาจ	13	0.4	29357	2.80		
16566	อนัวร์	13	0.4	27260	2.00		
16567	เอสโตเนีย	13	0.4	29202	2.80		
16568	เฮาท์	13	0.4	36585	speech-only		
16569	บูร	13	0.4	17395	0.44		
16570	ซิต	13	0.4	17254	0.42		
16571	กท	13	0.4	23012	1.08		
16572	อีซี	13	0.4	11107	0.14		
16573	สมัชชา	13	0.4	5830	0.04		
16574	พลศาสตร์	13	0.4	39359	speech-only		
16575	เหนียง	13	0.4	12194	0.17	offensive	
16576	โล้	13	0.4	17293	0.42		
16577	ปู้	13	0.4	13852	0.23		
16578	อัย	13	0.4	17860	0.47		
16579	วอชท์	13	0.4	35848	speech-only		
16580	เสียเถิด	13	0.4	13701	0.23		
16581	สึกกร่อน	13	0.4	18410	0.52		
16582	แพ็ท	13	0.4	23131	1.08		
16583	สฟิงซ์	13	0.4	27094	2.00		
16584	บาวาเรีย	13	0.4	27767	2.00		
16585	เจ้ากรรม	13	0.4	8864	0.09		
16586	ลีช	13	0.4	29173	2.80		
16587	ธานี	13	0.4	2332	0.01		
16588	โฉ่งฉ่าง	13	0.4	19669	0.64		
16589	เหลือหลาย	13	0.4	13561	0.22		
16590	กรดอะมิโน	13	0.4	7726	0.07		
16591	เพ็ท	13	0.4	28019	2.33		
16592	ง้าน	13	0.4	27828	2.00		
16593	เดือนเต็ม	13	0.4	11966	0.16		
16594	สะสวย	13	0.4	12813	0.19		
16595	ดุลยภาพ	13	0.4	3135	0.01		
16596	พร็อพ	13	0.4	16753	0.39		
16597	คิวส์	13	0.4	39964	speech-only		
16598	โออาฮู	13	0.4	32967	speech-only		
16599	ตั้งแง่	13	0.4	17783	0.47		
16600	ไซร้	13	0.4	9485	0.10	colloquial	
16601	คับแค้น	13	0.4	10291	0.12		
16602	คาสเตอร์	13	0.4	17641	0.45		
16603	สตัล	13	0.4	29895	2.80		
16604	เจาะยาง	13	0.4		speech-only	slang	
16605	โกงกิน	13	0.4	13533	0.22		
16606	โคลฟ	13	0.4	38531	speech-only		
16607	ต้นสังกัด	13	0.4	7167	0.06		
16608	ถนัดขวา	13	0.4	21702	0.87		
16609	เซ้า	13	0.4	36497	speech-only		
16610	เกลีย	13	0.4	19710	0.64		
16611	ปากจัด	13	0.4	16134	0.35		
16612	โซ้ย	13	0.4	19148	0.58		
16613	ฮาร์โมนิ	13	0.4	39268	speech-only		
16614	ทุกข	13	0.4	16919	0.40		
16615	ฮม	13	0.4	35145	speech-only		
16616	ไซ่ง่อน	13	0.4		speech-only	colloquial	
16617	สุพ	13	0.4	31326	speech-only		
16618	ท้วม	13	0.4	9027	0.09		
16619	ผู้ชำนาญการ	13	0.4	7388	0.06		
16620	เฟ็ด	13	0.4	39829	speech-only		
16621	หัวเห็ด	13	0.4	30919	speech-only		
16622	แสนยานุภาพ	13	0.4	13091	0.20		
16623	โคท	13	0.4	38260	speech-only		
16624	ลิเธียม	13	0.4	35887	speech-only		
16625	ประจัน	13	0.4	16747	0.39		
16626	สอบพยาน	13	0.4	21098	0.78		
16627	ไฟฟ้าสถิต	13	0.4	27475	2.00		y
16628	ดีง	13	0.4	28893	2.33		
16629	เช็ต	13	0.4	26041	1.75		
16630	การกีฬา	13	0.4	5809	0.04		
16631	วชิ	13	0.4	16268	0.36		
16632	คร้า	13	0.4	25252	1.55		
16633	เอกา	13	0.4	11807	0.16		
16634	โครว	13	0.4	27248	2.00		
16635	ราวด์	13	0.4	31451	speech-only		
16636	เหรื่อ	13	0.4	11381	0.15		
16637	อล์ฟ	13	0.4	34635	speech-only		
16638	วางอำนาจ	13	0.4	15567	0.32		
16639	ปต	13	0.4	14992	0.29		
16640	น้ำมันดีเซล	13	0.4	10649	0.13		
16641	แกท	13	0.4	28825	2.33		
16642	ทันท่วงที	13	0.4	7261	0.06		
16643	โสภา	13	0.4	10218	0.12		
16644	วิปโยค	13	0.4	14662	0.27		
16645	หมาไน	13	0.4	28751	2.33		
16646	แม้ง	13	0.4	18935	0.56		
16647	ทรัพยากรธรรมชาติ	13	0.4	2679	0.01		
16648	วันเวย์	13	0.4	28738	2.33		
16649	กันย์	13	0.4	11911	0.16		
16650	เฟรท	13	0.4	35756	speech-only		
16651	คณะรัฐบาล	13	0.4	8069	0.07		
16652	รันด์	13	0.4	35445	speech-only		
16653	ตรับ	13	0.4	26089	1.75		
16654	โชล	13	0.4	20896	0.78		
16655	สุกใส	13	0.4	9204	0.09		
16656	โทรทรรศน์	13	0.4	30658	speech-only		
16657	นอท	13	0.4	26157	1.75		
16658	อายุความ	13	0.4	2110	0.01		
16659	ไก่ชน	13	0.4	16905	0.40		
16660	กระเตาะ	13	0.4	20384	0.70		
16661	พฤตินัย	13	0.4	16995	0.41		
16662	ฮูป	13	0.4	36501	speech-only		
16663	สายสะพาย	13	0.4	14416	0.26		
16664	สุขี	13	0.4	19740	0.64		
16665	ว่านอนสอนง่าย	13	0.4	16939	0.40		
16666	เตียม	13	0.4	20989	0.78		
16667	ปากขอ	13	0.4	12257	0.17		
16668	ตี๊	13	0.4	16313	0.36		
16669	ชันส์	13	0.4	31778	speech-only		
16670	ฟุด	13	0.4	15017	0.29		
16671	หยวก	13	0.4	14844	0.28		
16672	เร่า	13	0.4	11687	0.16		
16673	เมร์	13	0.4	31795	speech-only		
16674	เบงกอล	13	0.4	15708	0.33		
16675	ครม	13	0.4	24883	1.40		
16676	กระจ้อย	13	0.4	26381	1.75		
16677	เอื้อน	13	0.4	11007	0.14		
16678	แกต	13	0.4	18326	0.50		
16679	ประสงค์ร้าย	13	0.4	16682	0.39		
16680	พระเมตตา	13	0.4	11137	0.14		
16681	อีตัน	13	0.4	21389	0.82		
16682	ข้าวเกรียบ	13	0.4	17111	0.41		
16683	เฟิร์สท์	13	0.4	21918	0.87		
16684	ฟรีด	13	0.4	22561	1.00		
16685	อหิงสา	13	0.4	14265	0.25		
16686	อันตรธาน	13	0.4	12846	0.19		
16687	เดินรถ	13	0.4	8545	0.08		
16688	มินต์	13	0.4	18772	0.54		
16689	โบราณสถาน	13	0.4	5737	0.04		
16690	ทันควัน	13	0.4	6074	0.04		
16691	พอร์ค	13	0.4	33991	speech-only		
16692	พ่อสื่อ	13	0.4	22804	1.00		
16693	ขยาด	13	0.4	10157	0.11		
16694	สิ่งทอ	13	0.4	7300	0.06		
16695	ไก่เขี่ย	13	0.4	25114	1.40		
16696	อนุพันธ์	13	0.4	12180	0.17		y
16697	นิ่มนวล	13	0.4	10623	0.13		
16698	เบ้ง	13	0.4	6639	0.05		
16699	จิกหัว	13	0.4	20909	0.78		
16700	ทอว์	13	0.4	39094	speech-only		
16701	สมนาคุณ	13	0.4	13013	0.20		
16702	พลาสมา	13	0.4	25021	1.40		
16703	โหราศาสตร์	13	0.4	7641	0.07		
16704	เอื้ออำนวย	13	0.4	5152	0.03		
16705	วอท	13	0.4	35106	speech-only		
16706	สเต็ม	13	0.4	16192	0.35		
16707	กระดาษแข็ง	13	0.4	14479	0.26		
16708	กันดาร	13	0.4	9977	0.11		
16709	ผืด	13	0.4	27896	2.00		
16710	ปุ๊ป	13	0.4	20355	0.70		
16711	พจญ	13	0.4	31388	speech-only		
16712	ข้อยุติ	13	0.4	7286	0.06		
16713	ข่าวดัง	13	0.4	14634	0.27		
16714	สนะ	13	0.4	19496	0.61		
16715	สก๊อย	13	0.4		speech-only	slang	
16716	หลวมตัว	13	0.4	17615	0.45		
16717	เกลือกกลั้ว	13	0.4	19547	0.61	offensive	
16718	ภาคกลาง	13	0.4	2842	0.01		
16719	อัธ	13	0.4	20809	0.74		
16720	อิสตรี	13	0.4	18867	0.56		
16721	ศิลปศาสตร์	13	0.4	12330	0.18		
16722	ระอา	13	0.4	7834	0.07		
16723	ปฏ	13	0.4	18324	0.50		
16724	ลีง	13	0.4	35600	speech-only		
16725	ศีลจุ่ม	13	0.4	26609	1.75		
16726	เถือ	13	0.4	22139	0.93	slang	
16727	เต็มอก	13	0.4	13476	0.22		
16728	กรุ่น	13	0.4	6562	0.05		
16729	เหวอะ	13	0.4	20782	0.74		
16730	พวห	13	0.4	37720	speech-only		
16731	ฉุกละหุก	13	0.4	15062	0.29		
16732	เดียง	13	0.4	16868	0.40		
16733	ขอว	13	0.4	38182	speech-only		
16734	ต๊อกต๋อย	13	0.4	26777	1.75		
16735	เขม่น	13	0.4	11742	0.16		
16736	เลือดอุ่น	13	0.4	21062	0.78		
16737	ถัว	13	0.4	9068	0.09		
16738	เฉิบ	13	0.4	15333	0.30		
16739	ดื้อยา	13	0.4	14098	0.25		
16740	สันสกฤต	13	0.4	3680	0.02		
16741	เลิด	13	0.4	22926	1.08		
16742	สื้อ	13	0.4	27517	2.00		
16743	โลเคชั่น	13	0.4	23518	1.17		
16744	ลำห้วย	13	0.4	11238	0.14		
16745	กรรมาธิการ	13	0.4	2927	0.01		
16746	สิงสถิต	13	0.4	12218	0.17		
16747	ตมาก	13	0.4	33959	speech-only		
16748	ทะลาย	13	0.4	14969	0.29		
16749	ดุลยพินิจ	13	0.4	8996	0.09		
16750	ลักษ	13	0.4	14330	0.26		
16751	การช่วยตัวเอง	13	0.4		speech-only	slang	
16752	มาต์	13	0.4	23466	1.17		
16753	อวดอ้าง	13	0.4	13423	0.22		
16754	พยบ	13	0.4	31381	speech-only		
16755	ตลาดหลักทรัพย์	13	0.4	5331	0.03		
16756	กระทบกระทั่ง	13	0.4	24789	1.40		
16757	ตุส	13	0.4	11715	0.16		
16758	กลาก	13	0.4	15147	0.30		
16759	แซ็กโซโฟน	13	0.4	21788	0.87		
16760	ปอกลอก	13	0.4	25423	1.55		
16761	คู่คิด	13	0.4	14801	0.28		
16762	มะกะโรนี	13	0.4	17745	0.45		
16763	ตาถั่ว	13	0.4	21316	0.82	slang	
16764	จรวดนำวิถี	13	0.4	26401	1.75		
16765	ต้อว	13	0.4	27263	2.00		
16766	ไวนิล	13	0.4	18838	0.56		
16767	บบบบ	13	0.4	33264	speech-only		
16768	พระรูป	13	0.4	9020	0.09		
16769	กราวด์	13	0.4	19536	0.61		
16770	หงายหลัง	13	0.4	11261	0.14		
16771	ฎีกา	13	0.4	3483	0.02	slang	
16772	ช็อท	13	0.4	29066	2.33		
16773	กระดาก	13	0.4	10401	0.12		
16774	หัวแก้วหัวแหวน	13	0.4	17696	0.45		
16775	ต่ออายุ	13	0.4	14068	0.25		
16776	อยู่หัว	13	0.4	12295	0.17		
16777	อยู่ดีกินดี	13	0.4	11295	0.14		
16778	บอกบท	13	0.4	15238	0.30		
16779	ท่าอากาศยาน	13	0.4	5240	0.03		
16780	ลูท	13	0.4	24110	1.27		
16781	ปรับภาพ	13	0.4	22482	1.00		
16782	พรรณนา	13	0.4	3307	0.02		
16783	ฬา	13	0.4	10978	0.14		
16784	เยด	13	0.4	32826	speech-only		
16785	บรูว์	13	0.4	24734	1.40		
16786	เลดี	13	0.4	25753	1.55		
16787	เลียไข่	13	0.4		speech-only	offensive	
16788	วัตถุนิยม	13	0.4	7975	0.07		
16789	ตะแคง	13	0.4	7662	0.07		
16790	ตรุษจีน	13	0.4	7586	0.06		y
16791	สุเหร่า	13	0.4	15018	0.29		
16792	โกรธา	13	0.4	19061	0.56		
16793	ชัยภูมิ	13	0.4	9181	0.09		
16794	ลาสต์	13	0.4	14282	0.25		
16795	สะเด็ด	13	0.4	13229	0.21		
16796	หลืบ	13	0.4	9673	0.10		
16797	อีสุกอีใส	13	0.4	18828	0.56		
16798	สเก๊ต	13	0.4	29986	2.80		
16799	ใต่	13	0.4	28620	2.33		
16800	นำวิถี	13	0.4	25596	1.55		
16801	ครี่ง	13	0.4	37819	speech-only		
16802	หนึ้	13	0.4	32491	speech-only		
16803	กรมการขนส่ง	13	0.4	10828	0.13		
16804	หัวไม้	13	0.4	17687	0.45		
16805	กาวน์	13	0.4	19672	0.64		
16806	อัปรีย์	13	0.4	15863	0.33	offensive	
16807	สวรรค	13	0.4	25990	1.55		
16808	พนัง	13	0.4	13294	0.21		
16809	แข้ม	13	0.4	36343	speech-only		
16810	ที้ง	13	0.4	19763	0.64		
16811	ทรรศนะ	13	0.4	5177	0.03		
16812	ฝาน	13	0.4	11970	0.16		
16813	สัมพันธมิตร	13	0.4	13681	0.23		
16814	สโตก	13	0.4	29963	2.80		
16815	แขวะ	13	0.4	14276	0.25		
16816	หฤหรรษ์	13	0.4	19674	0.64		
16817	ฟันเลื่อย	13	0.4	28151	2.33		
16818	ตราสาร	13	0.4	4154	0.02		
16819	กับแกล้ม	13	0.4	15248	0.30		
16820	พิสมัย	13	0.4	11854	0.16		
16821	ลอยคอ	13	0.4	12565	0.19		
16822	สุท	13	0.4	9602	0.10		
16823	บรรณ	13	0.4	10470	0.12		
16824	เสี้ยนหนาม	13	0.4	18739	0.54		
16825	กระเทาะ	13	0.4	23411	1.17		
16826	ลัต	13	0.4	20316	0.70		
16827	ผลอย	13	0.4	33659	speech-only		
16828	พลิกแพลง	13	0.4	11466	0.15		
16829	เอนโทรปี	13	0.4	25583	1.55		
16830	แอนติเจน	13	0.4	19450	0.61		
16831	สายโลหิต	13	0.4	12551	0.18		
16832	ขนเพชร	13	0.4	21977	0.93	slang	
16833	ตาตุ่ม	13	0.4	16206	0.35		
16834	กุญแจผี	13	0.4	29686	2.80		
16835	พลอดรัก	13	0.4	19425	0.61		
16836	เกตเวย์	13	0.4	17579	0.45		
16837	ครึกโครม	13	0.4	13330	0.21		
16838	คติก	13	0.4	25238	1.40		
16839	เตต	13	0.4	8566	0.08		
16840	ทนง	13	0.4	13967	0.24		
16841	ชลประทาน	13	0.4	3899	0.02	colloquial	
16842	ควบแน่น	13	0.4	27294	2.00		y
16843	โพลน	13	0.4	11956	0.16		
16844	สุดวิสัย	13	0.4	15019	0.29		
16845	มืง	13	0.4	35169	speech-only		
16846	จันทรุปราคา	13	0.4	12211	0.17		y
16847	ไทบ	13	0.4	32653	speech-only		
16848	มาสค์	13	0.4	21584	0.87		
16849	เอิม	12	0.4	30699	speech-only		
16850	เต๊ง	12	0.4	28512	2.15		
16851	กิช	12	0.4	31460	speech-only		
16852	ถะ	12	0.4	9044	0.08		
16853	โบทา	12	0.4	26942	1.85		
16854	เบลนด์	12	0.4	34965	speech-only		
16855	เสียน	12	0.4	12163	0.16		
16856	พุต	12	0.4	39498	speech-only		
16857	เน็ทท์	12	0.4	34472	speech-only		
16858	ตริค	12	0.4	26677	1.61		
16859	ดูรา	12	0.4	18745	0.50		
16860	ไบล	12	0.4	37621	speech-only		
16861	วิสต์	12	0.4	31000	speech-only		
16862	วังเวง	12	0.4	9200	0.09		
16863	แรล	12	0.4	38642	speech-only		
16864	กินเจ	12	0.4	9206	0.09		
16865	เรนต์	12	0.4	27456	1.85		
16866	นั่นซี	12	0.4	12483	0.17		
16867	เบอร์น	12	0.4	29228	2.58		
16868	แลฟ	12	0.4	23492	1.08		
16869	หลุยซ์	12	0.4	22739	0.92		
16870	แตรนด์	12	0.4	36179	speech-only		
16871	เคิร์ด	12	0.4	25646	1.44		
16872	ชัพ	12	0.4	20558	0.68		
16873	สเตอร์ลิง	12	0.4	31872	speech-only		
16874	จ๊อด	12	0.4	26337	1.61		
16875	อนท์	12	0.4	39965	speech-only		
16876	ดาก	12	0.4	31920	speech-only		
16877	รีนน์	12	0.4	37560	speech-only		
16878	โยนี	12	0.4	25262	1.44		
16879	อชิ	12	0.4	9035	0.08		
16880	นุง	12	0.4	18054	0.45		
16881	รีเวิร์ส	12	0.4	31129	speech-only		
16882	หนัน	12	0.4	16581	0.35		
16883	กามารมณ์	12	0.4	8898	0.08		
16884	ยัณ	12	0.4	34395	speech-only		
16885	หนี่	12	0.4	15239	0.28		
16886	บรัม	12	0.4	33428	speech-only		
16887	ติร	12	0.4	23296	0.99		
16888	แต้น	12	0.4	30534	2.58		
16889	ชก้า	12	0.4	35311	speech-only		
16890	ออกเรือน	12	0.4	13837	0.22		
16891	อธิกสุรทิน	12	0.4	30164	2.58		
16892	ซีพี	12	0.4	11921	0.15		
16893	จิงเกิล	12	0.4	35040	speech-only		
16894	เชิน	12	0.4	18536	0.48		
16895	มอร์ท	12	0.4	26963	1.85		
16896	บัวส์	12	0.4	33763	speech-only		
16897	มองค์	12	0.4	39614	speech-only		
16898	เมาธ์	12	0.4	21523	0.76		
16899	แฟรงกลิน	12	0.4	25185	1.29		
16900	เซอร์ส	12	0.4	14509	0.24		
16901	พัตรา	12	0.4	11814	0.15		
16902	คานส์	12	0.4	14778	0.26		
16903	ฮาร์ฟ	12	0.4	27513	1.85		
16904	ทศนิยม	12	0.4	17568	0.40		y
16905	เก็ด	12	0.4	17725	0.42		
16906	รูค	12	0.4	34016	speech-only		
16907	สนิ	12	0.4	27575	1.85		
16908	สไม	12	0.4	24053	1.17		
16909	เฮย์เวิร์ด	12	0.4	33785	speech-only		
16910	ไปที่ชอบ	12	0.4		speech-only	slang	
16911	ไฮส์	12	0.4	30923	speech-only		
16912	ออร์ต	12	0.4	18293	0.46		
16913	โบรก	12	0.4	23043	0.99		
16914	ลันด์	12	0.4	28987	2.15		
16915	ซิซ	12	0.4	28831	2.15		
16916	ต๊ะ	12	0.4	16079	0.32		
16917	ลุน	12	0.4	15968	0.32		
16918	ด่อง	12	0.4	28709	2.15		
16919	ชิร	12	0.4	26578	1.61		
16920	ปากปลา	12	0.4	28033	2.15		
16921	พ่อม่าย	12	0.4	15072	0.27		
16922	บีบีซี	12	0.4	10668	0.12		
16923	ฮีย์	12	0.4	38982	speech-only		
16924	พสุธา	12	0.4	18256	0.46		
16925	มุท	12	0.4	11167	0.13		
16926	กิก	12	0.4	21810	0.81		
16927	พัว	12	0.4	14029	0.22		
16928	วันทา	12	0.4	19775	0.59		
16929	จู๊	12	0.4	16084	0.32		
16930	โบลเดอร์	12	0.4	31748	speech-only		
16931	อ้อแอ้	12	0.4	13112	0.19		
16932	ก๊า	12	0.4	29007	2.15		
16933	วาก	12	0.4	19787	0.59		
16934	เษก	12	0.4	12184	0.16		
16935	ไอ๊	12	0.4	34977	speech-only		
16936	เนห์	12	0.4	15438	0.29		
16937	สามเกลอ	12	0.4	24797	1.29		
16938	จอมพล	12	0.4	1780	0.01		
16939	ผกผัน	12	0.4	10702	0.12		y
16940	สิ้นท่า	12	0.4	26322	1.61		
16941	พูห์	12	0.4	19051	0.52		
16942	ทอดตัว	12	0.4	10009	0.10		
16943	แบ๊ว	12	0.4	24120	1.17	slang	
16944	ลอล	12	0.4	27433	1.85		
16945	อัลท์	12	0.4	22038	0.86		
16946	ณิ	12	0.4	7120	0.05		
16947	คิดหน้าคิดหลัง	12	0.4	17976	0.45		
16948	วัท	12	0.4	13548	0.21		
16949	ซอล์ท	12	0.4	28714	2.15		
16950	ดี้ส์	12	0.4	18297	0.46		
16951	ด็อท	12	0.4	26603	1.61		
16952	ไกวร์	12	0.4	33482	speech-only		
16953	ไนเตรท	12	0.4	17131	0.38		
16954	สนู้ป	12	0.4	30430	2.58		
16955	ปิ๊บ	12	0.4	21626	0.81		
16956	ฉ้าน	12	0.4	30314	2.58		
16957	ฝาย	12	0.4	8277	0.07		
16958	โหร	12	0.4	10768	0.12	colloquial	
16959	กรอด	12	0.4	11782	0.15		
16960	เฟิง	12	0.4	14692	0.25		
16961	ลุด	12	0.4	13069	0.19		
16962	ไดออกไซด์	12	0.4	10727	0.12		
16963	กะพง	12	0.4	11175	0.13		
16964	คัณ	12	0.4	28063	2.15		
16965	สนี	12	0.4	20500	0.65		
16966	ปุส	12	0.4	15118	0.27		
16967	ฮัซ	12	0.4	24841	1.29		
16968	เพาเวอร์	12	0.4	15444	0.29		
16969	ยอกย้อน	12	0.4	12926	0.18		
16970	รำพัน	12	0.4	6776	0.05		
16971	เบนโซ	12	0.4	27857	1.85		
16972	นุช	12	0.4	4411	0.02		
16973	เรสต์	12	0.4	17989	0.45		
16974	บั๊ม	12	0.4	30714	speech-only		
16975	แฟลท	12	0.4	29586	2.58		
16976	โซส	12	0.4	24072	1.17		
16977	เทอร์โมมิเตอร์	12	0.4	17203	0.39		y
16978	อภินิหาร	12	0.4	13730	0.21		
16979	อีล	12	0.4	33837	speech-only		
16980	ไดเรคเตอร์	12	0.4	30939	speech-only		
16981	เนปาล	12	0.4	6958	0.05		
16982	ปลุกเสก	12	0.4	12821	0.18		
16983	ไซโคลน	12	0.4	16032	0.32		
16984	ตะลึงพรึงเพริด	12	0.4	19930	0.62		
16985	แอร์โฮสเตส	12	0.4	11092	0.13		
16986	โครมคราม	12	0.4	10797	0.12		
16987	น้ำแข็งแห้ง	12	0.4	24323	1.17		
16988	เหนอะหนะ	12	0.4	16124	0.32		
16989	ทรอยด์	12	0.4	34353	speech-only		
16990	อย่าว	12	0.4	22821	0.92		
16991	เกฟ	12	0.4	39834	speech-only		
16992	หลบตา	12	0.4	9205	0.09		
16993	โท่	12	0.4	26678	1.61		
16994	พ่ะ	12	0.4	33814	speech-only		
16995	โฮสเตส	12	0.4	30684	speech-only		
16996	น้าน	12	0.4	19115	0.54		
16997	โรยรา	12	0.4	15352	0.29		
16998	ร้อก	12	0.4	18252	0.46		
16999	ลิฟวิง	12	0.4	23486	1.08		
17000	ไถ่ถอน	12	0.4	11516	0.14		
17001	เขมร	12	0.4	2763	0.01	offensive	
17002	ตบเท้า	12	0.4	15913	0.31		
17003	ปึ	12	0.4	37894	speech-only		
17004	เวคเตอร์	12	0.4	25435	1.44		
17005	ส้มหล่น	12	0.4		speech-only	slang	
17006	งอกเงย	12	0.4	12500	0.17		
17007	เพิร์ต	12	0.4	37698	speech-only		
17008	เต็มบาท	12	0.4	23224	0.99		
17009	บัดสี	12	0.4	18608	0.50		
17010	โขม	12	0.4	17639	0.42		
17011	ซี่ส์	12	0.4	39916	speech-only		
17012	มาศ	12	0.4	5804	0.04		
17013	คาร์โบ	12	0.4	18356	0.46		
17014	เพิม	12	0.4	25808	1.44		
17015	รากศัพท์	12	0.4	14099	0.23		
17016	มือบอน	12	0.4	19566	0.56		
17017	ออท	12	0.4	29799	2.58		
17018	หุบเหว	12	0.4	15353	0.29		
17019	ทริล	12	0.4	28198	2.15		
17020	ขวัญหาย	12	0.4	19468	0.56		
17021	ประสานงา	12	0.4	21394	0.76		
17022	พีล	12	0.4	38275	speech-only		
17023	กึ	12	0.4	29576	2.58		
17024	คงแก่เรียน	12	0.4	18711	0.50		
17025	พาธ	12	0.4	32539	speech-only		
17026	เกรป	12	0.4	38963	speech-only		
17027	วาทศิลป์	12	0.4	4975	0.03		
17028	บุม	12	0.4	32557	speech-only		
17029	ภาษาดอกไม้	12	0.4		speech-only	colloquial	
17030	ใจป้ำ	12	0.4	20456	0.65		
17031	คริว	12	0.4	34585	speech-only		
17032	สนา	12	0.4	16588	0.35		
17033	ซาบซ่าน	12	0.4	18090	0.45		
17034	ยิปต์	12	0.4	25522	1.44		
17035	นาซ	12	0.4	10360	0.11		
17036	กระโตกกระตาก	12	0.4	19499	0.56		
17037	มอธ	12	0.4	36452	speech-only		
17038	ไซรัป	12	0.4	29760	2.58		
17039	ซายน์	12	0.4	6318	0.04		
17040	ปิดสวิตช์	12	0.4		speech-only	slang	
17041	อหิ	12	0.4	12988	0.18		
17042	น้ำกาม	12	0.4	16618	0.35		
17043	ตาปลา	12	0.4	18157	0.45		
17044	ยือ	12	0.4	20849	0.72		
17045	สารกัมมันตภาพรังสี	12	0.4	19727	0.59		
17046	เนว	12	0.4	24664	1.29		
17047	น้ำมันดิบ	12	0.4	5337	0.03		
17048	ขิ	12	0.4	21106	0.72		
17049	ตกตะกอน	12	0.4	10178	0.11		
17050	อาลัยอาวรณ์	12	0.4	19648	0.59		
17051	วัฒ	12	0.4	15112	0.27		
17052	สิ่งปฏิกูล	12	0.4	10138	0.11		
17053	ละเมิดลิขสิทธิ์	12	0.4	12940	0.18		
17054	สายบัว	12	0.4	14185	0.23		
17055	ถึงฆาต	12	0.4	19253	0.54		
17056	เฮี้ยน	12	0.4	15305	0.28	colloquial	
17057	เต้าเจี้ยว	12	0.4	12514	0.17		
17058	ครบครัน	12	0.4	8786	0.08		
17059	หลุ่ม	12	0.4	27704	1.85		
17060	เศียร	12	0.4	7673	0.06		
17061	รมร์	12	0.4	24422	1.17		
17062	พูลิตเซอร์	12	0.4	30375	2.58		
17063	เต็มเหนี่ยว	12	0.4	20418	0.65		
17064	เด่า	12	0.4	29891	2.58		
17065	สวยสด	12	0.4	12133	0.16		
17066	ผลุนผลัน	12	0.4	13243	0.19		
17067	คิดสั้น	12	0.4	14420	0.24		
17068	ตวร	12	0.4	34973	speech-only		
17069	ร้องห่มร้องไห้	12	0.4	17983	0.45		
17070	ราชาภิเษก	12	0.4	11604	0.14		
17071	วัญ	12	0.4	30113	2.58		
17072	ค็อค	12	0.4	20197	0.65		
17073	ธอน	12	0.4	31565	speech-only		
17074	ผงะ	12	0.4	8663	0.08	slang	
17075	คุมเชิง	12	0.4	18043	0.45		
17076	ฟระ	12	0.4	19028	0.52		
17077	ตาค้าง	12	0.4	9631	0.10		
17078	อ่อนเปลี้ย	12	0.4	13734	0.21		
17079	เตี๋ยว	12	0.4	24918	1.29		
17080	หัวหน่าว	12	0.4	14388	0.24		
17081	นักทฤษฎี	12	0.4	7354	0.06		
17082	แจ๊	12	0.4	39803	speech-only		
17083	เรื่อน	12	0.4	22713	0.92		
17084	ปรับอากาศ	12	0.4	9122	0.09		
17085	บิวท์	12	0.4	32534	speech-only		
17086	ทุกข์สุข	12	0.4	8893	0.08		
17087	มาง	12	0.4	20079	0.62		
17088	คร่ำ	12	0.4	10313	0.11		
17089	คอมเมนต์	12	0.4		speech-only	colloquial	
17090	ววววววววว	12	0.4	30312	2.58		
17091	หรื่อ	12	0.4	26022	1.61		
17092	เกสต์	12	0.4	10264	0.11		
17093	หนือ	12	0.4	17926	0.43		
17094	ม่ค	12	0.4	29477	2.58		
17095	มุต	12	0.4	22810	0.92		
17096	ชวิต	12	0.4	33006	speech-only		
17097	เข้าเฝือก	12	0.4	18532	0.48		
17098	สถาพ	12	0.4	24959	1.29		
17099	กระได	12	0.4	12289	0.16		
17100	รัลด์	12	0.4	23633	1.08		
17101	คาร์เนชั่น	12	0.4	16000	0.32		
17102	แผ	12	0.4	26187	1.61		
17103	อัญ	12	0.4	9845	0.10		
17104	ไม้ยาว	12	0.4	12464	0.17		
17105	ของขลัง	12	0.4	13165	0.19		
17106	ประคบประหงม	12	0.4	14085	0.23		
17107	ตั้งฉาก	12	0.4	7159	0.05		y
17108	เวิก	12	0.4	27143	1.85		
17109	ฌา	12	0.4	16975	0.37		
17110	จัดจ้าน	12	0.4	10710	0.12		
17111	ฮิส	12	0.4	22773	0.92		
17112	กันแสง	12	0.4	16419	0.34		
17113	จิงจัง	12	0.4	30552	2.58		
17114	แซมเบีย	12	0.4	31517	speech-only		
17115	ถ้อย	12	0.4	5760	0.04		
17116	ชั่งใจ	12	0.4	8829	0.08		
17117	หน้าคว่ำ	12	0.4	22981	0.99		
17118	ข้องแวะ	12	0.4	15604	0.29		
17119	รำพึง	12	0.4	5817	0.04		
17120	กล่องดวงใจ	12	0.4		speech-only	slang	
17121	ซังตาย	12	0.4	36476	speech-only		
17122	คิวชู	12	0.4	27139	1.85		
17123	ปล่อยปละละเลย	12	0.4	9638	0.10		
17124	ผิก	12	0.4	35052	speech-only		
17125	ตะกร้อ	12	0.4	11975	0.15		
17126	แจ่	12	0.4	29207	2.58		
17127	โอสถ	12	0.4	11991	0.15		
17128	หีบห่อ	12	0.4	7277	0.05		
17129	วิสต์เลอร์	12	0.4	27095	1.85		
17130	ฟอกสี	12	0.4	19120	0.54		
17131	ค่าคงที่	12	0.4	16443	0.34		y
17132	ทุนสำรอง	12	0.4	10041	0.10		
17133	กกกกกกกก	12	0.4	17931	0.43		
17134	เก้งก้าง	12	0.4	12681	0.17		
17135	บำเหน็จ	12	0.4	4509	0.02		
17136	ติสท์	12	0.4	14621	0.25	colloquial	
17137	กระดอน	12	0.4	13519	0.21		
17138	กต	12	0.4	13449	0.20		
17139	ยู่ยี่	12	0.4	13598	0.21		
17140	พรือ	12	0.4	34645	speech-only		
17141	หาสู่	12	0.4	9501	0.09		
17142	ฉัร	12	0.4	39231	speech-only		
17143	หัวเรือใหญ่	12	0.4	17569	0.40		
17144	เขีย	12	0.4	26243	1.61		
17145	อิญ	12	0.4	28197	2.15		
17146	ทินเนอร์	12	0.4	17805	0.43		
17147	ทัศนวิสัย	12	0.4	13982	0.22		
17148	สุจน์	12	0.4	38481	speech-only		
17149	ดาวกระจาย	12	0.4	20832	0.68		
17150	ปรับขนาด	12	0.4	19069	0.52		
17151	หลั่ว	12	0.4	30052	2.58		
17152	แจ๋	12	0.4	13626	0.21		
17153	อาณา	12	0.4	5802	0.04		
17154	ใฃ้	12	0.4	30023	2.58		
17155	มุ่	12	0.4	24057	1.17		
17156	ตกผลึก	12	0.4	12484	0.17		
17157	ใจเดียวกัน	12	0.4	17082	0.38		
17158	ดูก	12	0.4	20561	0.68		
17159	ปากเปล่า	12	0.4	13612	0.21		
17160	ค่าง	12	0.4	9099	0.08		
17161	สิกซ์	12	0.4	38753	speech-only		
17162	ผู้เดินทาง	12	0.4	9385	0.09		
17163	ชีวิน	12	0.4	13401	0.20		
17164	ครึ	12	0.4	30715	speech-only		
17165	แพ่ง	12	0.4	5123	0.03		
17166	ใช้ใบ	12	0.4	7543	0.06		
17167	กระทู้	12	0.4	8754	0.08		
17168	ปูพื้น	12	0.4	9975	0.10		
17169	ป่าดงดิบ	12	0.4	13186	0.19		
17170	ชีเปลือย	12	0.4	20004	0.62		
17171	หมดตูด	12	0.4		speech-only	slang	
17172	ผดุงครรภ์	12	0.4	6115	0.04		
17173	สนองตอบ	12	0.4	6313	0.04		
17174	ใช้สอย	12	0.4	4263	0.02		
17175	คันบังคับ	12	0.4	26754	1.61		
17176	เนต์	12	0.4	25181	1.29		
17177	กร๊าด	12	0.4	10297	0.11		
17178	ติ่ม	12	0.4	15910	0.31		
17179	ถูไถ	12	0.4	19311	0.54		
17180	ดินประสิว	12	0.4	26112	1.61		
17181	พืน	12	0.4	26512	1.61		
17182	จีรัง	12	0.4	10557	0.11		
17183	ดิบดี	12	0.4	14932	0.26		
17184	เธจ	12	0.4	38103	speech-only		
17185	รุด	12	0.4	7826	0.06		
17186	เหรัญญิก	12	0.4	11369	0.14		
17187	เว้นท์	12	0.4	18133	0.45		
17188	มุมฉาก	12	0.4	14093	0.23		y
17189	ประชาทัณฑ์	12	0.4	19603	0.59		
17190	ลี่น	12	0.4	20527	0.68		
17191	รณ	12	0.4	4814	0.03		
17192	ปรีชา	12	0.4	4793	0.03		
17193	เผือด	12	0.4	9010	0.08		
17194	รอมร่อ	12	0.4	14373	0.24		
17195	คลื่นสั้น	12	0.4	20339	0.65		
17196	มรา	12	0.4	16544	0.35		
17197	เอนกาย	12	0.4	12412	0.17		
17198	วิวัฒน์	12	0.4	7505	0.06		
17199	มหกรรม	12	0.4	5909	0.04		
17200	อาชญา	12	0.4	12175	0.16		
17201	ข่าวสด	12	0.4	18547	0.48		
17202	เล่ง	12	0.4	15944	0.32		
17203	ห้ามปราม	12	0.4	9481	0.09		
17204	นอร์ฟอล์ก	12	0.4	36561	speech-only		
17205	มโนภาพ	12	0.4	7875	0.06		
17206	เขย่ง	12	0.4	12452	0.17		
17207	ลึงค์	12	0.4	33128	speech-only		
17208	ก้นครัว	12	0.4	19679	0.59	colloquial	
17209	เยเมน	12	0.4	16476	0.34		
17210	สะพานลอย	12	0.4	11520	0.14		
17211	เวอร์ค	12	0.4	30327	2.58		
17212	ร้อม	12	0.4	26666	1.61		
17213	สัมภเวสี	12	0.4	16570	0.35	offensive	
17214	วัชร	11	0.4	9132	0.08		
17215	ศรา	11	0.4	6247	0.04		
17216	ชมู	11	0.4	28535	1.97		
17217	มะตูม	11	0.4	12675	0.16		
17218	รัมบ์	11	0.4	21441	0.70		
17219	แง้ว	11	0.4	18639	0.46		
17220	เดซิเบล	11	0.4	9883	0.09		
17221	เย็ดเข้	11	0.4		speech-only	offensive	
17222	สไทน์	11	0.4	34343	speech-only		
17223	อินไซด์	11	0.4	24927	1.18		
17224	อมควย	11	0.4		speech-only	offensive	
17225	นิธ	11	0.4	28459	1.97		
17226	ด๊อง	11	0.4	33098	speech-only		
17227	โนด์	11	0.4	29269	2.37		
17228	อลิช	11	0.4	30573	2.37		
17229	เซอร์วิลเลียม	11	0.4	30599	2.37		
17230	อร่าห์	11	0.4	36388	speech-only		
17231	บิบ	11	0.4	30806	speech-only		
17232	จีเนียส	11	0.4	27128	1.69		
17233	โมนิก	11	0.4	12502	0.16		
17234	นเรศวร	11	0.4	4679	0.02		
17235	อีเลีย	11	0.4	35660	speech-only		
17236	สแตมฟอร์ด	11	0.4	17974	0.41		
17237	พิสิฐ	11	0.4	17791	0.39		
17238	ลเลม	11	0.4	31303	speech-only		
17239	มินนิโซตา	11	0.4	21522	0.70		
17240	บุต	11	0.4	24879	1.18		
17241	เฟ่นส์	11	0.4	28055	1.97		
17242	แนนซ์	11	0.4	39657	speech-only		
17243	คล้าร์ก	11	0.4	39454	speech-only		
17244	สวีด	11	0.4	37428	speech-only		
17245	เดชะ	11	0.4	10393	0.10		
17246	บุส	11	0.4	36525	speech-only		
17247	มันต์	11	0.4	9314	0.08		
17248	อ๋อย	11	0.4	17366	0.36		
17249	กขค	11	0.4		speech-only	slang	
17250	ประเดี๋ยวก่อน	11	0.4	32864	speech-only		
17251	หัวควย	11	0.4		speech-only	offensive	
17252	ฟร็อก	11	0.4	31227	speech-only		
17253	ซาวนด์	11	0.4	12203	0.15		
17254	สแท	11	0.4	27784	1.69		
17255	รูซ	11	0.4	28106	1.97		
17256	ดู๋	11	0.4	22882	0.91		
17257	เปก	11	0.4	25361	1.32		
17258	เรม่อน	11	0.4	31037	speech-only		
17259	ลุช	11	0.4	29619	2.37		
17260	พิจิก	11	0.4	11217	0.12		
17261	ปีติ	11	0.4	6176	0.04		
17262	เมนทอล	11	0.4	23464	0.99		
17263	ชโร	11	0.4	39071	speech-only		
17264	ชั้ว	11	0.4	28043	1.97		
17265	โสร	11	0.4	38632	speech-only		
17266	หุ่ย	11	0.4	22436	0.85		
17267	แหนม	11	0.4	14693	0.23		
17268	อราส	11	0.4	35874	speech-only		
17269	เฮิร์ช	11	0.4	30272	2.37		
17270	บลาน	11	0.4	38425	speech-only		
17271	เฮือก	11	0.4	4745	0.02		
17272	โมค	11	0.4	20152	0.56		
17273	ผลิก	11	0.4	21740	0.74		
17274	แทช	11	0.4	24969	1.18		
17275	อทั่ม	11	0.4	31380	speech-only		
17276	แมป	11	0.4	24881	1.18		
17277	ฉลามเสือ	11	0.4	28879	1.97		
17278	อื้ออึง	11	0.4	11934	0.14		
17279	ศยา	11	0.4	13751	0.19		
17280	แอนดรูส์	11	0.4	37431	speech-only		
17281	โจเซพ	11	0.4	38437	speech-only		
17282	พยอน	11	0.4	21152	0.66		
17283	ไททาเนียม	11	0.4	28482	1.97		
17284	พอยต์	11	0.4	20179	0.56		
17285	ระเบิดขวด	11	0.4	26772	1.48		
17286	เบ่อ	11	0.4	27300	1.69		
17287	ดานา	11	0.4	23983	1.08		
17288	บรุน	11	0.4	37788	speech-only		
17289	อาตา	11	0.4	27749	1.69		
17290	สภาผู้แทนราษฎร	11	0.4	2260	0.01		
17291	นบ	11	0.4	16723	0.33		
17292	เจ๊ด	11	0.4	37287	speech-only		
17293	คาบูล	11	0.4	19481	0.51		
17294	เฟียต	11	0.4	25306	1.32		
17295	มูด	11	0.4	18821	0.46		
17296	คำสุภาพ	11	0.4	28624	1.97		
17297	โบม	11	0.4	28650	1.97		
17298	แนฟ	11	0.4	30932	speech-only		
17299	เพช	11	0.4	17751	0.39		
17300	ทุเรียน	11	0.4	7697	0.06		
17301	โอมาน	11	0.4	19884	0.56		
17302	คิมหันต์	11	0.4	28739	1.97		
17303	ตับแตก	11	0.4		speech-only	slang	
17304	เทระ	11	0.4	39033	speech-only		
17305	งึมงำ	11	0.4	10674	0.11		
17306	ตรัม	11	0.4	30900	speech-only		
17307	หร่อง	11	0.4	19453	0.51		
17308	ทอรัส	11	0.4	24482	1.08		
17309	เสิรต์	11	0.4	34867	speech-only		
17310	แลงคาสเตอร์	11	0.4	33626	speech-only		
17311	นิวพอร์ต	11	0.4	23064	0.91		
17312	พ็อพ	11	0.4	25193	1.18		
17313	ซัมมิท	11	0.4	16954	0.34		
17314	เม่อร์	11	0.4	39036	speech-only		
17315	เคิร์ส	11	0.4	39286	speech-only		
17316	รอกซ์	11	0.4	26333	1.48		
17317	กัญ	11	0.4	12508	0.16		
17318	ตะเภา	11	0.4	12770	0.16		
17319	กอย	11	0.4	18378	0.42		
17320	ติดลม	11	0.4	15614	0.27		
17321	ฮาร์ดท์	11	0.4	35070	speech-only		
17322	เนเดอร์	11	0.4	25177	1.18		
17323	ดาลี	11	0.4	19513	0.51		
17324	ตตา	11	0.4	33294	speech-only		
17325	บอลด์วิน	11	0.4	29471	2.37		
17326	โคบาล	11	0.4	24436	1.08		
17327	ลูกไล่	11	0.4	18870	0.47		
17328	วาดเขียน	11	0.4	13673	0.19		
17329	คาซาบลังกา	11	0.4	39541	speech-only		
17330	พิตต์	11	0.4	19181	0.49		
17331	ดส	11	0.4	19629	0.54		
17332	เอี้ยด	11	0.4	22735	0.85		
17333	หยู่	11	0.4	30569	2.37		
17334	จักจี้	11	0.4	27937	1.97		
17335	เดี๊ยะ	11	0.4	27215	1.69		
17336	เดอส์	11	0.4	33587	speech-only		
17337	แปรผัน	11	0.4	8649	0.07		
17338	เสลด	11	0.4	14379	0.22		
17339	น้าม	11	0.4	24613	1.18		
17340	พุล	11	0.4	28706	1.97		
17341	สเว	11	0.4	34392	speech-only		
17342	ลงท้อง	11	0.4	18484	0.44		
17343	แห้งเหือด	11	0.4	17742	0.38		
17344	สลอ	11	0.4	23358	0.91		
17345	งั่ก	11	0.4	24258	1.08		
17346	เทวี	11	0.4	6451	0.04		
17347	กระทา	11	0.4	17196	0.36		
17348	โพลง	11	0.4	8684	0.07		
17349	โพลารอยด์	11	0.4	24061	1.08		
17350	ตั้ก	11	0.4	27393	1.69		
17351	โนรา	11	0.4	7454	0.05		
17352	พลัส	11	0.4	12271	0.15		
17353	ก่ำ	11	0.4	6324	0.04		
17354	เคมีภัณฑ์	11	0.4	12823	0.16		
17355	เหวย	11	0.4	13565	0.19		
17356	นอร	11	0.4	30026	2.37		
17357	เย็นเยือก	11	0.4	17785	0.39		
17358	ช้อ	11	0.4	26094	1.48		
17359	ไนลอน	11	0.4	19252	0.49		
17360	สายน้ำผึ้ง	11	0.4	21334	0.70		
17361	ลิเก	11	0.4	6421	0.04		
17362	พ้อย	11	0.4	26318	1.48		
17363	มิกส์	11	0.4	17189	0.36		
17364	รูห์	11	0.4	29135	1.97		
17365	รวมมิตร	11	0.4		speech-only	slang	
17366	ระส่ำระสาย	11	0.4	11624	0.13		
17367	อันเป็นไป	11	0.4	11017	0.12		
17368	ไมร์	11	0.4	31950	speech-only		
17369	แลพ	11	0.4	26086	1.48		
17370	ลั้ง	11	0.4	26014	1.48		
17371	ลามปาม	11	0.4	17102	0.35		
17372	ฃา	11	0.4	25569	1.32		
17373	ทอแสง	11	0.4	12063	0.14		
17374	ชืด	11	0.4	16083	0.30		
17375	ดรี้	11	0.4	37407	speech-only		
17376	เมื่อยล้า	11	0.4	10509	0.10		
17377	ผาย	11	0.4	9504	0.09		
17378	โฆ	11	0.4	8697	0.07		
17379	ศรีลังกา	11	0.4	7367	0.05		
17380	สรรพสินค้า	11	0.4	14550	0.23		
17381	พุท	11	0.4	7794	0.06		
17382	เนียบ	11	0.4	20557	0.62		
17383	เด๊ด	11	0.4	30226	2.37		
17384	กิ่ว	11	0.4	15140	0.25		
17385	ถ่านไม้	11	0.4	21479	0.70		
17386	ชิระ	11	0.4	29117	1.97		
17387	ข่าวล่า	11	0.4	26510	1.48		
17388	สเลอร์	11	0.4	31922	speech-only		
17389	เวนท์	11	0.4	21873	0.74		
17390	ยูคาลิปตัส	11	0.4	15477	0.27		
17391	เซมิ	11	0.4	29093	1.97		
17392	เน็ม	11	0.4	34124	speech-only		
17393	ฟรอนท์	11	0.4	24768	1.18		
17394	บิซ	11	0.4	34049	speech-only		
17395	โรด์	11	0.4	35636	speech-only		
17396	พารามิเตอร์	11	0.4	15450	0.26		
17397	ปฏิมา	11	0.4	11548	0.13		
17398	อิ๊บ	11	0.4	8702	0.07		
17399	ทริน	11	0.4	27458	1.69		
17400	กลั้นใจ	11	0.4	10946	0.11		
17401	บรัน	11	0.4	28345	1.97		
17402	หยี	11	0.4	5952	0.03		
17403	วงแตก	11	0.4		speech-only	colloquial	
17404	ใอ	11	0.4	23225	0.91		
17405	ติดตลก	11	0.4	13179	0.18		
17406	องค์การสหประชาชาติ	11	0.4	10770	0.11		
17407	สื้น	11	0.4	34448	speech-only		
17408	ฬิ	11	0.4	17320	0.36		
17409	ตกขอบ	11	0.4	22444	0.85		
17410	ฮีโมโกลบิน	11	0.4	14547	0.23		
17411	สิด	11	0.4	17031	0.35		
17412	ซอฟต์	11	0.4	16263	0.30		
17413	ปาร์ด	11	0.4	27711	1.69		
17414	เต็ล	11	0.4	10238	0.10		
17415	กษัตรย์	11	0.4	32204	speech-only		
17416	คะน้า	11	0.4	10967	0.11		
17417	ปลาบิน	11	0.4	27283	1.69		
17418	วอร์น	11	0.4	33474	speech-only		
17419	ชล	11	0.4	2655	0.01		
17420	ม้าเร็ว	11	0.4	17025	0.35		
17421	อาญาสิทธิ์	11	0.4	15048	0.25		
17422	เหลาะแหละ	11	0.4	21672	0.74		
17423	ลเลอร์ส	11	0.4	15431	0.26		
17424	โดบ	11	0.4	23483	0.99		
17425	เจ็ย	11	0.4	30690	speech-only		
17426	นัข	11	0.4	37051	speech-only		
17427	นิสิต	11	0.4	2938	0.01		
17428	คณะทูต	11	0.4	12487	0.15		
17429	ละห้อย	11	0.4	9599	0.09		
17430	วอลเลย์บอล	11	0.4	12579	0.16		
17431	เม้ค	11	0.4	37314	speech-only		
17432	ปริญญาบัตร	11	0.4	11738	0.13		
17433	ดรง	11	0.4	15436	0.26		
17434	ก้พ	11	0.4	22327	0.79		
17435	ขลุกขลัก	11	0.4	10995	0.11		
17436	บำ	11	0.4	16307	0.30		
17437	พรอด	11	0.4	27466	1.69		
17438	ไฟแนนซ์	11	0.4	16956	0.34		
17439	คอนเซ็ปท์	11	0.4	13113	0.17		
17440	จำนงค์	11	0.4	13338	0.18		
17441	ครหา	11	0.4	10685	0.11		
17442	ศาลสูงสุด	11	0.4	13709	0.19		
17443	ธรร	11	0.4	10654	0.11		
17444	ต้นเรื่อง	11	0.4	13440	0.19		
17445	ม่ส	11	0.4	38976	speech-only		
17446	ป้ายแดง	11	0.4		speech-only	slang	
17447	สปอยล์	11	0.4	26093	1.48		
17448	อิงแอบ	11	0.4	13546	0.19		
17449	ม้อ	11	0.4	17911	0.39		
17450	ปูนปลาสเตอร์	11	0.4	21593	0.74		
17451	กลาว	11	0.4	32719	speech-only		
17452	ช่วล	11	0.4	17201	0.36		
17453	ระนาด	11	0.4	9738	0.09		
17454	มิชชันนารี	11	0.4	6345	0.04		
17455	เลื่อม	11	0.4	8937	0.07		
17456	วิรัต	11	0.4	39563	speech-only		
17457	หนุ่ง	11	0.4	21163	0.66		
17458	ทานตะวัน	11	0.4	11880	0.14		
17459	ลับลมคมใน	11	0.4	17423	0.37		
17460	เสมหะ	11	0.4	7579	0.05		
17461	ทะมึน	11	0.4	9503	0.09		
17462	หมางเมิน	11	0.4	20327	0.59		
17463	ม่อง	11	0.4	20191	0.59	slang	
17464	แก่นสาร	11	0.4	9023	0.08		
17465	มาร์เกต	11	0.4	16286	0.30		
17466	ทรับ	11	0.4	34027	speech-only		
17467	อะดรีนาลิน	11	0.4	24302	1.08		
17468	ครัน	11	0.4	16957	0.34		
17469	กาจ	11	0.4	16696	0.33		
17470	ทุม	11	0.4	9114	0.08		
17471	ขวน	11	0.4	23845	0.99		
17472	โมภ	11	0.4	33442	speech-only		
17473	ตภาพ	11	0.4	32483	speech-only		
17474	ท่าเดียว	11	0.4	10021	0.09		
17475	เจ้าสำราญ	11	0.4	17868	0.39		
17476	ปีกนก	11	0.4	16854	0.34		
17477	ดักดาน	11	0.4	20510	0.59	offensive	
17478	ฉึ่ง	11	0.4	21164	0.66		
17479	ด้้วย	11	0.4	35814	speech-only		
17480	ตั่ว	11	0.4	20951	0.66		
17481	ศาลอุทธรณ์	11	0.4	8271	0.06		
17482	ตีเสมอ	11	0.4	12955	0.17		
17483	หงษ์	11	0.4	14365	0.22		
17484	กวัน	11	0.4	26416	1.48		
17485	เงินปันผล	11	0.4	7313	0.05		
17486	ก้ก	11	0.4	26733	1.48		
17487	ผัส	11	0.4	20955	0.66		
17488	ยูง	11	0.4	14645	0.23		
17489	อารู	11	0.4	39235	speech-only		
17490	เก็จ	11	0.4	18429	0.44		
17491	ป๊อ	11	0.4	27553	1.69		
17492	หนด	11	0.4	20641	0.62		
17493	คาราคาซัง	11	0.4	18619	0.46		
17494	นั่งยอง	11	0.4	10463	0.10		
17495	บาดตา	11	0.4	13356	0.18		
17496	ทุด	11	0.4	17474	0.37		
17497	ร้าวฉาน	11	0.4	15191	0.25		
17498	อกแตก	11	0.4	17057	0.35		
17499	เปร่ง	11	0.4	35083	speech-only		
17500	ข่น	11	0.4	35399	speech-only		
17501	อดออม	11	0.4	16886	0.34		
17502	ยกา	11	0.4	30616	speech-only		
17503	ลงขัน	11	0.4	15009	0.25		
17504	สคริปท์	11	0.4	26880	1.48		
17505	ไขว่ห้าง	11	0.4	15857	0.28		
17506	ราคาตลาด	11	0.4	9148	0.08		
17507	เซาว์	11	0.4	28124	1.97		
17508	ตกกระ	11	0.4	16684	0.33		
17509	พร่ำเพรื่อ	11	0.4	12954	0.17		
17510	เอ็นท์	11	0.4	15965	0.29		
17511	สแลง	11	0.4	14749	0.24		
17512	โอโซน	11	0.4	10206	0.10		y
17513	เทมส์	11	0.4	11387	0.12		
17514	แหลกเหลว	11	0.4	19956	0.56		
17515	ชื่นชมยินดี	11	0.4	13659	0.19		
17516	ฝากฝัง	11	0.4	11363	0.12		
17517	เหนือย	11	0.4	36185	speech-only		
17518	ปัจ	11	0.4	9347	0.08		
17519	สทิ	11	0.4	31437	speech-only		
17520	สิงค์	11	0.4	16393	0.31		
17521	เรต์	11	0.4	17554	0.37		
17522	กระแดะ	11	0.4	16824	0.34		
17523	ไอเสีย	11	0.4	14637	0.23		
17524	โอบอ้อมอารี	11	0.4	14656	0.23		
17525	เฉือ	11	0.4	25761	1.32		
17526	โกธ	11	0.4	39368	speech-only		
17527	แกมมา	11	0.4	13116	0.17		
17528	ผึก	11	0.4	28098	1.97		
17529	รห	11	0.4	29097	1.97		
17530	หางยาว	11	0.4	13991	0.20		
17531	หยุก	11	0.4	34083	speech-only		
17532	อะลูมิเนียม	11	0.4	13827	0.20		
17533	สำริด	11	0.4	10257	0.10		
17534	กระบวย	11	0.4	15974	0.29		
17535	หลอมเหลว	11	0.4	18835	0.47		
17536	ลิงโลด	11	0.4	13915	0.20		
17537	บริจด์	11	0.4	39628	speech-only		
17538	ละหมาด	11	0.4	15729	0.28		
17539	เป่ง	11	0.4	14087	0.21		
17540	ฟูมฟัก	11	0.4	13640	0.19		
17541	สนิด	11	0.4	33443	speech-only		
17542	แบ๊งค์	11	0.4	24505	1.08		
17543	ไมม่	11	0.4	23222	0.91		
17544	หยูด	11	0.4	20238	0.59		
17545	แตด	11	0.4	44679	speech-only	offensive	
17546	กราฟิก	11	0.4	8970	0.08		
17547	ผิดท่า	11	0.4	19736	0.54		
17548	ตัดราคา	11	0.4	18858	0.47		
17549	ทิ้งท้าย	11	0.4	8191	0.06		
17550	ตูน	11	0.4	11856	0.14		
17551	กระจ้อยร่อย	11	0.4	24308	1.08		
17552	คะเน	11	0.4	11562	0.13		
17553	โขยกเขยก	11	0.4	20838	0.66		
17554	ตัญ	11	0.4	18150	0.41		
17555	เข้าฝัน	11	0.4	16559	0.32		
17556	ร่างไร้วิญญาณ	11	0.4		speech-only	colloquial	
17557	อัตร	11	0.4	19928	0.56		
17558	โอนเอน	11	0.4	18241	0.42		
17559	สปีก	11	0.4	35506	speech-only		
17560	เสร้จ	11	0.4	39758	speech-only		
17561	แหวกแนว	11	0.4	11827	0.14		
17562	ขาดอาหาร	11	0.4	9617	0.09		
17563	ล่องแก่ง	11	0.4	19805	0.54		
17564	น่ำ	11	0.4	17768	0.39		
17565	นิ้	11	0.4		speech-only	colloquial	
17566	สาท	11	0.4	20114	0.56		
17567	กึก	11	0.4	7094	0.05		
17568	กากี	11	0.4	10510	0.10	offensive	
17569	กราดเกรี้ยว	11	0.4	15373	0.26		
17570	โพล่	11	0.4	25799	1.32		
17571	งงงวย	11	0.4	13768	0.20		
17572	ขอบถนน	11	0.4	19783	0.54		
17573	ฉุก	11	0.4	20689	0.62		
17574	พรีเซ้นท์	11	0.4	19140	0.49		
17575	ยท	11	0.4	24685	1.18		
17576	อินเตอร์คอม	11	0.4	19939	0.56		
17577	เซ็ม	11	0.4	21463	0.70		
17578	แหมะ	11	0.4	11945	0.14		
17579	อุนจิ	11	0.4		speech-only	slang	
17580	ลากเส้น	11	0.4	8817	0.07		
17581	คั่งค้าง	11	0.4	11895	0.14		
17582	จาส	11	0.4	38393	speech-only		
17583	จะงอย	11	0.4	16490	0.31		
17584	คนไร้ความสามารถ	11	0.4	4449	0.02		
17585	หน่วน	11	0.4	34479	speech-only		
17586	วีรชน	11	0.4	9440	0.08		
17587	หวู่	11	0.4	17792	0.39		
17588	ติสต์	11	0.4	17585	0.38		
17589	บังคับใจ	11	0.4	17717	0.38		
17590	วันเพ็ญ	11	0.4	11939	0.14		
17591	โบ๊ะ	11	0.4	23737	0.99		
17592	งึม	11	0.4	19170	0.49		
17593	สึด	11	0.4	27158	1.69		
17594	ก่าย	11	0.4	12726	0.16		
17595	ไผ	11	0.4	11100	0.12		
17596	ปลัก	11	0.4	12784	0.16		
17597	คอนดักเตอร์	11	0.4	25687	1.32		
17598	เพลี้ย	11	0.4	13327	0.18		
17599	เกียรติศักดิ์	11	0.4	11051	0.12		
17600	ยึน	11	0.4	36563	speech-only		
17601	ประดุจ	11	0.4	6497	0.04		
17602	ผันแปร	11	0.4	6052	0.04		
17603	จืดจาง	11	0.4	14543	0.23		
17604	เออร์ส	11	0.4	23626	0.99		
17605	ธุ๋	11	0.4	32876	speech-only		
17606	มบ	11	0.4	23717	0.99		
17607	ไตร่	11	0.4	27715	1.69		
17608	บลิง	11	0.4	36471	speech-only		
17609	เหลือกำลัง	11	0.4	17322	0.36		
17610	ตระหนี่	11	0.4	11599	0.13		
17611	สัมปทาน	11	0.4	3514	0.01		
17612	ป๊ก	11	0.4	32580	speech-only		
17613	หัวซุกหัวซุน	11	0.4	16155	0.30		
17614	หอการค้า	11	0.4	6655	0.04		
17615	หน้าเน่า	11	0.4		speech-only	colloquial	
17616	แร้	11	0.4	23192	0.91		
17617	เซ็พ	11	0.4	34795	speech-only		
17618	อาฮ	11	0.4	25839	1.32		
17619	ดราว	11	0.4	39396	speech-only		
17620	ผสมโรง	11	0.4	14377	0.22		
17621	ม่ายยยยยย	10	0.3	35885	speech-only		
17622	ควอลิตี้	10	0.3	24635	1.08		
17623	หนิว	10	0.3	33828	speech-only		
17624	อลิศ	10	0.3	30274	2.15		
17625	ฮัทช์	10	0.3	27595	1.54		
17626	โอโม่	10	0.3		speech-only	slang	
17627	จอท	10	0.3	38448	speech-only		
17628	โจห์	10	0.3	38764	speech-only		
17629	ไดค์	10	0.3	34536	speech-only		
17630	จิลส์	10	0.3	33324	speech-only		
17631	เซอร์จ	10	0.3	37044	speech-only		
17632	ริคเตอร์	10	0.3	12724	0.15		
17633	เลร์	10	0.3	35693	speech-only		
17634	ยังก์	10	0.3	31609	speech-only		
17635	สตีก	10	0.3	24148	0.98		
17636	ซัลไฟด์	10	0.3	24905	1.08		
17637	รีแล็กซ์	10	0.3	26190	1.35		
17638	สจวร์ต	10	0.3	21190	0.63		
17639	อ๋าย	10	0.3	17235	0.33		
17640	โฮเต็ล	10	0.3	11513	0.12	colloquial	
17641	เจอร์นัล	10	0.3	24728	1.08		
17642	อาม่า	10	0.3		speech-only	colloquial	
17643	ฟรีดอม	10	0.3	23133	0.83		
17644	เชสท์	10	0.3	37432	speech-only		
17645	โคลส์	10	0.3	33404	speech-only		
17646	เรทท์	10	0.3	36834	speech-only		
17647	วีคส์	10	0.3	33234	speech-only		
17648	อั่น	10	0.3	26814	1.35		
17649	แร้ด	10	0.3	38821	speech-only		
17650	ซาไก	10	0.3	9569	0.08		
17651	แป่ว	10	0.3	21729	0.67	colloquial	
17652	แลมเบิร์ต	10	0.3	22063	0.72		
17653	มหาตมะ	10	0.3	13003	0.16		
17654	กรีนิช	10	0.3	23360	0.83		
17655	สแตฟฟอร์ด	10	0.3	34166	speech-only		
17656	ปู๊ด	10	0.3	26972	1.54		
17657	เบลก	10	0.3	39438	speech-only		
17658	ฟู้ดส์	10	0.3	26458	1.35		
17659	กิลมอร์	10	0.3	32479	speech-only		
17660	สตรอง	10	0.3	35165	speech-only		
17661	คิงสตัน	10	0.3	34099	speech-only		
17662	วีส์	10	0.3	27337	1.54		
17663	ฟรังค์	10	0.3	19295	0.45		
17664	สเด็จ	10	0.3	30729	speech-only		
17665	สุขาภิบาล	10	0.3	7382	0.05		
17666	วินโดวส์	10	0.3	21997	0.72		
17667	โอต	10	0.3	38883	speech-only		
17668	สิ้นชีวิต	10	0.3	11383	0.11		
17669	เซี่ย	10	0.3	12118	0.13		
17670	บริกซ์	10	0.3	36443	speech-only		
17671	ยยยยยยยย	10	0.3	25400	1.20		
17672	บราห์ม	10	0.3	30217	2.15		
17673	ธัล	10	0.3	28273	1.79		
17674	ดารี	10	0.3	19859	0.49		
17675	ปลาร้า	10	0.3	8106	0.06		
17676	ยูนิตี้	10	0.3	38589	speech-only		
17677	ซาห์	10	0.3	38108	speech-only		
17678	เรพ	10	0.3	28622	1.79		
17679	คอมเพล็กซ์	10	0.3	13804	0.18		
17680	ลเลิร์ต	10	0.3	27668	1.54		
17681	เนิร์ส	10	0.3	19244	0.45		
17682	พฤศ	10	0.3	16171	0.27		
17683	แก้ส	10	0.3	34312	speech-only		
17684	หัต	10	0.3	16143	0.27		
17685	กิบสัน	10	0.3	28779	1.79		
17686	ไทต์	10	0.3	27816	1.54		
17687	สัจ	10	0.3	9824	0.08		
17688	เอ็ฟ	10	0.3	26871	1.35		
17689	เบิท	10	0.3	38527	speech-only		
17690	ลลี่ส์	10	0.3	39007	speech-only		
17691	โฮย	10	0.3	23008	0.83		
17692	ทรัย	10	0.3	8354	0.06		
17693	ใจ้	10	0.3	25859	1.20		
17694	สไลซ์	10	0.3	32939	speech-only		
17695	มวยไทย	10	0.3	8853	0.07		y
17696	กระสัน	10	0.3	16772	0.30		
17697	มนุษย์กบ	10	0.3	22343	0.72	colloquial	
17698	ท็อปส์	10	0.3	22241	0.72		
17699	รวันดา	10	0.3	10991	0.10		
17700	แมงกานีส	10	0.3	19243	0.45		
17701	ซีส์	10	0.3	19413	0.47		
17702	เทฟ	10	0.3	31963	speech-only		
17703	ป็อก	10	0.3	33279	speech-only		
17704	ปัต	10	0.3	15695	0.25		
17705	สาจ	10	0.3	25986	1.20		
17706	ทีจ	10	0.3	39680	speech-only		
17707	หลังคาแดง	10	0.3		speech-only	slang	
17708	มอมเมา	10	0.3	14843	0.22		
17709	พัพ	10	0.3	36718	speech-only		
17710	ฟร์	10	0.3	37309	speech-only		
17711	คุล	10	0.3	29545	2.15		
17712	ดวอร์	10	0.3	28144	1.79		
17713	มโม	10	0.3	26064	1.35		
17714	ปูนขาว	10	0.3	15673	0.25		
17715	เหงาหงอย	10	0.3	16889	0.31		
17716	เคลลี	10	0.3	22589	0.77		
17717	อโหสิกรรม	10	0.3	13075	0.16		
17718	บอซ	10	0.3	35690	speech-only		
17719	ป๊าบ	10	0.3	13781	0.18		
17720	เบียว	10	0.3	25103	1.08	slang	
17721	โรฟ	10	0.3	37887	speech-only		
17722	เลออน	10	0.3	23839	0.90		
17723	ต้นหน	10	0.3	23041	0.83		
17724	เหลือใจ	10	0.3	21787	0.67		
17725	กาเรียน	10	0.3	21766	0.67		
17726	ธัส	10	0.3	17925	0.36		
17727	ใจเด็ด	10	0.3	5426	0.03		
17728	ระเบิดไฮโดรเจน	10	0.3	26460	1.35		
17729	เถียร	10	0.3	24043	0.98		
17730	ไทล์	10	0.3	24695	1.08		
17731	สโตค	10	0.3	20522	0.57		
17732	ทู่	10	0.3	13936	0.19		
17733	ตุบ	10	0.3	13505	0.17		
17734	ระรื่น	10	0.3	10214	0.09		
17735	เด็จ	10	0.3	16552	0.29		
17736	ร่วมประเวณี	10	0.3	7426	0.05		
17737	ค้อ	10	0.3	16026	0.26		
17738	ครุก	10	0.3	18331	0.38		
17739	คอมมานเดอร์	10	0.3	38823	speech-only		
17740	กุนซือ	10	0.3	5410	0.03	colloquial	
17741	ผาสุก	10	0.3	7582	0.05		
17742	ลาต	10	0.3	28637	1.79		
17743	กลูโคส	10	0.3	14715	0.21		
17744	หลั่น	10	0.3	18868	0.43		
17745	ทล	10	0.3	26026	1.35		
17746	เคาร์	10	0.3	31845	speech-only		
17747	ไรฟัน	10	0.3	13362	0.17		
17748	เลตต์	10	0.3	27670	1.54		
17749	ซัลฟิวริก	10	0.3	34183	speech-only		
17750	ทุลักทุเล	10	0.3	9572	0.08		
17751	บูดาเปสต์	10	0.3	30279	2.15		
17752	สพาน	10	0.3	39741	speech-only		
17753	กรี๊	10	0.3	16246	0.28		
17754	โปรตรอน	10	0.3	24355	0.98		
17755	ง่อ	10	0.3	20678	0.57		
17756	เกลา	10	0.3	6215	0.03		
17757	เตาะแตะ	10	0.3	15811	0.26		
17758	ตัวพิมพ์	10	0.3	11589	0.12		
17759	จาวา	10	0.3	32604	speech-only		
17760	ดำดิน	10	0.3	26758	1.35		
17761	นแท	10	0.3	29825	2.15		
17762	ปั๊มแก๊ส	10	0.3	23723	0.90		
17763	รากสาด	10	0.3	30727	speech-only		
17764	สะตอ	10	0.3	15932	0.26		
17765	ด่าทอ	10	0.3	11000	0.10		
17766	กะเหรี่ยง	10	0.3	8931	0.07		
17767	รังสีวิทยา	10	0.3	29444	2.15		
17768	ตันตระ	10	0.3	13464	0.17		
17769	บวย	10	0.3	26059	1.35		
17770	หมิน	10	0.3	15375	0.24		
17771	สเตป	10	0.3	24245	0.98		
17772	เทราต์	10	0.3	23286	0.83		
17773	โคร่ง	10	0.3	9552	0.08		
17774	คาร์บอเนต	10	0.3	21013	0.60		
17775	ไม่ใคร่	10	0.3	8946	0.07		
17776	สนู	10	0.3	25780	1.20		
17777	แบ้ว	10	0.3	21381	0.63		
17778	บูส	10	0.3	28561	1.79		
17779	หวาย	10	0.3	5784	0.03		
17780	โรตี	10	0.3	14674	0.21		
17781	เผยอ	10	0.3	11753	0.12		
17782	ฟู้	10	0.3	38270	speech-only		
17783	แพทยศาสตร์	10	0.3	7843	0.05		
17784	กอม	10	0.3	22651	0.77		
17785	ค้อก	10	0.3	32371	speech-only		
17786	เซล์ฟ	10	0.3	30240	2.15		
17787	เลศ	10	0.3	10477	0.09		
17788	ยูเรีย	10	0.3	17671	0.35		
17789	เท่าทัน	10	0.3	5522	0.03		
17790	ฑิต	10	0.3	21844	0.67		
17791	โปลี	10	0.3	16840	0.31		
17792	โยส	10	0.3	28954	1.79		
17793	กระดอ	10	0.3	38913	speech-only	offensive	
17794	สตริป	10	0.3	25925	1.20		
17795	นั้ย	10	0.3	38773	speech-only		
17796	หาเช้ากินค่ำ	10	0.3	15802	0.26		
17797	ท็อก	10	0.3	27391	1.54		
17798	บูทส์	10	0.3	30520	2.15		
17799	หน้าสิ่วหน้าขวาน	10	0.3	19554	0.47		
17800	ษษ	10	0.3	24495	0.98		
17801	เร็ง	10	0.3	16391	0.28		
17802	บากบั่น	10	0.3	13661	0.17		
17803	เคลฟ	10	0.3	33438	speech-only		
17804	คนเชียร์	10	0.3	23949	0.98		
17805	ฮีม	10	0.3	18162	0.38		
17806	บ้านป่าเมืองเถื่อน	10	0.3		speech-only	offensive	
17807	สิล	10	0.3	21912	0.67		
17808	แฟรค	10	0.3	29308	2.15		
17809	ฮาม	10	0.3	34329	speech-only		
17810	ไพนท์	10	0.3	36381	speech-only		
17811	ทรอท	10	0.3	38881	speech-only		
17812	เบนซิน	10	0.3	10382	0.09		
17813	ปรอย	10	0.3	13894	0.18		
17814	วายวอด	10	0.3	24345	0.98		
17815	นอร์ดิก	10	0.3	32871	speech-only		
17816	คช	10	0.3	13093	0.16		
17817	ริชาร์ดสัน	10	0.3	20857	0.60		
17818	แน่นหน้าอก	10	0.3	12082	0.13		
17819	ของวัด	10	0.3	7097	0.04		
17820	หวอด	10	0.3	11623	0.12		
17821	ขี้เหล็ก	10	0.3	14229	0.20		
17822	ซื่ง	10	0.3	25944	1.20		
17823	ไซซ์	10	0.3	24783	1.08		
17824	ปริยาย	10	0.3	5131	0.02		
17825	เลียด	10	0.3	16521	0.29		
17826	อร่าม	10	0.3	8716	0.06		
17827	เม่อ	10	0.3	28741	1.79		
17828	เบิร์นส์	10	0.3	38188	speech-only		
17829	โหนด	10	0.3	11085	0.11		
17830	ข้อควร	10	0.3	5699	0.03		
17831	บั๊มพ์	10	0.3	26182	1.35		
17832	จับจ่าย	10	0.3	6211	0.03		
17833	ปัจจุบันทันด่วน	10	0.3	13942	0.19		
17834	ทาร	10	0.3	16228	0.28		
17835	ยถากรรม	10	0.3	13357	0.17		
17836	หินทราย	10	0.3	8101	0.06		
17837	อ้วนท้วน	10	0.3	15403	0.24		
17838	รนด์	10	0.3	30384	2.15		
17839	ผู้ริเริ่ม	10	0.3	8606	0.06		
17840	คลับคล้ายคลับคลา	10	0.3	14648	0.21		
17841	กินเส้น	10	0.3	17880	0.36		
17842	เนกไท	10	0.3	16714	0.30		
17843	ผิดแผก	10	0.3	6728	0.04		
17844	ฟล	10	0.3	35087	speech-only		
17845	เปอร์โต	10	0.3	21644	0.67		
17846	หง่อม	10	0.3	18197	0.38		
17847	เวิร์ต	10	0.3	23790	0.90		
17848	หืน	10	0.3	15634	0.25		
17849	ดื่อ	10	0.3	27757	1.54		
17850	เพิ้ง	10	0.3	14699	0.21		
17851	ษฎี	10	0.3	21655	0.67		
17852	ปรึ	10	0.3	30453	2.15		
17853	โทรโข่ง	10	0.3		speech-only	colloquial	
17854	ลุ่ย	10	0.3	19981	0.51		
17855	ภาว	10	0.3	7422	0.05		
17856	เอ้ก	10	0.3	19269	0.45		
17857	กรุย	10	0.3	16707	0.30		
17858	ชาส	10	0.3	30427	2.15		
17859	ไฮเน	10	0.3	32748	speech-only		
17860	อัสดง	10	0.3	17851	0.36		
17861	บิ๊ว	10	0.3	42780	speech-only	slang	
17862	พรั่นพรึง	10	0.3	13919	0.18		
17863	นิเคิล	10	0.3	32131	speech-only		
17864	ปาฐกถา	10	0.3	5149	0.02		
17865	วอรี่	10	0.3	30562	2.15		
17866	ถ่า	10	0.3	24386	0.98		
17867	หนู้	10	0.3	35825	speech-only		
17868	เกษียน	10	0.3	32080	speech-only		
17869	หลุดลุ่ย	10	0.3	15504	0.24		
17870	เฟ้น	10	0.3	11969	0.13		
17871	อลัง	10	0.3	32092	speech-only		
17872	สำเหนียก	10	0.3	10893	0.10		
17873	ลังกา	10	0.3	5827	0.03	colloquial	
17874	ก้ป	10	0.3	21841	0.67		
17875	งบดุล	10	0.3	10795	0.10		
17876	หามรุ่งหามค่ำ	10	0.3	16944	0.31		
17877	ปั๊ป	10	0.3	23288	0.83		
17878	ผู้น้อย	10	0.3	6217	0.03		
17879	ณฑ์	10	0.3	31027	speech-only		
17880	ใหล้	10	0.3	24134	0.98		
17881	ถลึงตา	10	0.3	11797	0.12		
17882	ด่อ	10	0.3	33593	speech-only		
17883	บรรทัดฐาน	10	0.3	4777	0.02		
17884	ครื้นเครง	10	0.3	11128	0.11		
17885	ราวน์	10	0.3	35236	speech-only		
17886	พร้ม	10	0.3	31548	speech-only		
17887	การก	10	0.3	8097	0.06		
17888	โลหะผสม	10	0.3	19537	0.47		
17889	รั่ง	10	0.3	24862	1.08		
17890	สีข้าง	10	0.3	12884	0.15		
17891	ปราดเปรียว	10	0.3	12314	0.13		
17892	ริศ	10	0.3	18428	0.40		
17893	เลี้ยงปากเลี้ยงท้อง	10	0.3	18581	0.40		
17894	ผลต่าง	10	0.3	8990	0.07		y
17895	ไครสเลอร์	10	0.3	22579	0.77		
17896	ไหญ่	10	0.3	33040	speech-only		
17897	เจื๋อน	10	0.3	36886	speech-only	colloquial	
17898	ไม้อัด	10	0.3	16869	0.31		
17899	แกก	10	0.3	27992	1.79		
17900	นี่ง	10	0.3	26505	1.35		
17901	ผีเข้าผีออก	10	0.3	30168	2.15		
17902	ตาร	10	0.3	19822	0.49		
17903	ฐานเสียง	10	0.3	14249	0.20		
17904	สุมาตรา	10	0.3	12300	0.13		
17905	ม้าง	10	0.3	31835	speech-only		
17906	หงุด	10	0.3	27103	1.54		
17907	กะเมีย	10	0.3	24471	0.98		
17908	เอออร์ตา	10	0.3	26253	1.35		
17909	หอมหวน	10	0.3	13585	0.17		
17910	เคื่อง	10	0.3	32359	speech-only		
17911	ทอดสมอ	10	0.3	19722	0.49		
17912	เสด	10	0.3	23524	0.90		
17913	ชิดซ้าย	10	0.3		speech-only	slang	
17914	ปล่อยเกาะ	10	0.3	21758	0.67		
17915	หมุ	10	0.3	33241	speech-only		
17916	แชป	10	0.3	25609	1.20		
17917	แพส	10	0.3	26140	1.35		
17918	ลิข	10	0.3	29932	2.15		
17919	พระเนตร	10	0.3	6310	0.04		
17920	ดค	10	0.3	19556	0.47		
17921	เจ้าถิ่น	10	0.3	8692	0.06		
17922	คุ่ม	10	0.3	20488	0.54		
17923	หูไว	10	0.3	25275	1.20		
17924	งัม	10	0.3	31317	speech-only		
17925	ต่อล้อต่อเถียง	10	0.3	15930	0.26		
17926	เพดานบิน	10	0.3	22844	0.83		
17927	โพลล์	10	0.3	16643	0.29		
17928	คลอเคลีย	10	0.3	12673	0.15		
17929	กลุม	10	0.3	21884	0.67		
17930	รากฟัน	10	0.3	17905	0.36		
17931	กดราคา	10	0.3	14237	0.20		
17932	งืน	10	0.3	34056	speech-only		
17933	ผูด	10	0.3	28373	1.79		
17934	คัร	10	0.3	32306	speech-only		
17935	เดดไลน์	10	0.3	30601	2.15		
17936	พสก	10	0.3	27461	1.54		
17937	กว่าง	10	0.3	10451	0.09		
17938	วิทยากร	10	0.3	5091	0.02		
17939	องคมนตรี	10	0.3	7799	0.05		
17940	ศูนย์เยาวชน	10	0.3	20245	0.54		
17941	ไปด้	10	0.3	23257	0.83		
17942	ก๋วย	10	0.3	16888	0.31		
17943	คาบเกี่ยว	10	0.3	11315	0.11		
17944	ราสส์	10	0.3	38889	speech-only		
17945	ลายน้ำ	10	0.3	24567	1.08		
17946	ตไว	10	0.3	39133	speech-only		
17947	ตัวสะกด	10	0.3	10699	0.10		
17948	แตกมัน	10	0.3	21914	0.67		
17949	รัฐบุรุษ	10	0.3	11201	0.11		
17950	ข้อกฎหมาย	10	0.3	6786	0.04		
17951	เลี้ยงต้อย	10	0.3	34591	speech-only		
17952	อิริยาบถ	10	0.3	5716	0.03		
17953	ตาสีตาสา	10	0.3		speech-only	offensive	
17954	สะอาดสะอ้าน	10	0.3	9556	0.08		
17955	แร่ง	10	0.3	27568	1.54		
17956	ปูนซีเมนต์	10	0.3	12309	0.13		
17957	ถุน	10	0.3	35016	speech-only		
17958	กระบอกสูบ	10	0.3	20897	0.60		
17959	ถาน	10	0.3	15419	0.24		
17960	ชัต	10	0.3	24150	0.98		
17961	น้ำกรด	10	0.3	14234	0.20		
17962	วัวร์	10	0.3	25623	1.20		
17963	มิ้นต์	10	0.3	29406	2.15		
17964	ต่่าง	10	0.3	39580	speech-only		
17965	เศา	10	0.3	12461	0.14		
17966	หน่อไม้	10	0.3	8305	0.06		
17967	อีโต้	10	0.3	16899	0.31		
17968	จั๊กจั่น	10	0.3	26211	1.35		
17969	ขอบข่าย	10	0.3	6909	0.04		
17970	โรคประจำตัว	10	0.3	10781	0.10		
17971	ปฏิภาณ	10	0.3	9104	0.07		
17972	เซลส์แมน	10	0.3	20145	0.51		
17973	ซาร์ต	10	0.3	21708	0.67		
17974	อุ้ยอ้าย	10	0.3	16563	0.29		
17975	สมถะ	10	0.3	9327	0.07		
17976	สารตั้งต้น	10	0.3		speech-only	slang	
17977	กลีเซอรีน	10	0.3	20965	0.60		
17978	ค่าครองชีพ	10	0.3	6760	0.04		
17979	ปุน	10	0.3	17035	0.32		
17980	แค่น	10	0.3	12248	0.13		
17981	ซ้า	10	0.3	19345	0.47		
17982	ส่งดอก	10	0.3	22801	0.77		
17983	กษาปณ์	10	0.3	15938	0.26		
17984	กลางค่ำ	10	0.3	21160	0.60		
17985	หทาร	10	0.3	25969	1.20		
17986	อาภัพ	10	0.3	10181	0.09		
17987	เข่	10	0.3	27204	1.54		
17988	สไควร์	10	0.3	30536	2.15		
17989	ศุ	10	0.3	8976	0.07		
17990	ปร้าง	10	0.3	18176	0.38		
17991	กะเกณฑ์	10	0.3	13579	0.17		
17992	บิกินี	10	0.3	14466	0.20		
17993	ฟิสต์	10	0.3	29192	2.15		
17994	ธุร	10	0.3	8730	0.06		
17995	ไลบีเรีย	10	0.3	21900	0.67		
17996	โลกีย์	10	0.3	15602	0.24		
17997	เอาะ	10	0.3	34101	speech-only		
17998	กูก	10	0.3	33676	speech-only		
17999	งอมแงม	10	0.3	15086	0.22		
18000	เต้นแร้งเต้นกา	10	0.3	18569	0.40		
18001	ประมวลกฎหมาย	10	0.3	2572	0.01		
18002	ลิบลิ่ว	10	0.3	14154	0.19		
18003	รว่ม	10	0.3	31136	speech-only		
18004	เล่ย	10	0.3	31307	speech-only		
18005	หินโสโครก	10	0.3	24324	0.98		
18006	บู้ต	10	0.3	32202	speech-only		
18007	ดักส์	10	0.3	22163	0.72		
18008	ชะโงก	10	0.3	5541	0.03		
18009	เฟล็ก	10	0.3	32488	speech-only		
18010	ฆ่าแกง	10	0.3		speech-only	colloquial	
18011	ตรึกตรอง	10	0.3	11306	0.11		
18012	ภาษาศาสตร์	10	0.3	4186	0.02		
18013	ล่ำลา	10	0.3	11097	0.11		
18014	ตลด	10	0.3	28457	1.79		
18015	เม้ม	10	0.3	8179	0.06		
18016	กินลม	10	0.3	16613	0.29		
18017	หวก	10	0.3	27530	1.54		
18018	อนุชา	10	0.3	8991	0.07		
18019	สำบัดสำนวน	10	0.3	23757	0.90		
18020	พระรอง	10	0.3	25530	1.20		
18021	ถมไป	10	0.3	13430	0.17		
18022	ภร	10	0.3	15121	0.23		
18023	สารสนเทศ	10	0.3	3092	0.01		
18024	ผ่าเหล่า	10	0.3	19529	0.47		
18025	เบริท	10	0.3	28982	1.79		
18026	โมเม	10	0.3	15993	0.26		
18027	เอกเทศ	10	0.3	7476	0.05		
18028	ก๋ากั่น	10	0.3	20071	0.51		
18029	ทึง	10	0.3	17980	0.37		
18030	มูมมาม	10	0.3	16410	0.28		
18031	หว่อ	10	0.3	31097	speech-only		
18032	ตั๋วเงิน	10	0.3	12757	0.15		
18033	สเต๊ค	10	0.3	35553	speech-only		
18034	สนุกเกอร์	10	0.3	13204	0.16		
18035	เยซูอิต	10	0.3	33611	speech-only		
18036	ปราม	10	0.3	6528	0.04		
18037	ยมา	10	0.3	17431	0.34		
18038	โด๊ก	10	0.3	38536	speech-only		
18039	คอนแวนต์	10	0.3	14928	0.22		
18040	มานน์	10	0.3	17872	0.36		
18041	กายวิภาคศาสตร์	10	0.3	18334	0.38		
18042	หลุก	10	0.3	39953	speech-only		
18043	ซิลิกอน	10	0.3	22076	0.72		
18044	เก็บออม	10	0.3	15792	0.26		
18045	ประชาคม	10	0.3	3918	0.02		
18046	เลื่อ	10	0.3	24835	1.08		
18047	แผ่นฟิล์ม	10	0.3	15574	0.24		
18048	สเก็ตซ์	10	0.3	27542	1.54		
18049	เทเบิล	10	0.3	17535	0.34		
18050	ไนโรบี	10	0.3	21287	0.63		
18051	เสือป่า	10	0.3	11893	0.13		
18052	พยุหเสนา	10	0.3	21994	0.72		
18053	ตีท้ายครัว	10	0.3	26159	1.35		
18054	เซ็บ	10	0.3	13879	0.18		
18055	ไชด์	10	0.3	37430	speech-only		
18056	จำนวนนับ	10	0.3	12552	0.14		
18057	ฉกชิง	10	0.3	18195	0.38		
18058	ทองใบ	10	0.3	10179	0.09		
18059	กษัตร	10	0.3	37979	speech-only		
18060	เจ็กท์	10	0.3	12278	0.13		
18061	เสตต์	10	0.3	39096	speech-only		
18062	ปาทาน	10	0.3	14019	0.19		
18063	รัสส์	9	0.3	39493	speech-only		
18064	คอบส์	9	0.3	39496	speech-only		
18065	เทอร์น	9	0.3	27271	1.38		
18066	หาาา	9	0.3	16667	0.27		
18067	วิงส์	9	0.3	37393	speech-only		
18068	วันทยหัตถ์	9	0.3	28778	1.61		
18069	คล็อด	9	0.3	31728	speech-only		
18070	พุทโธ่	9	0.3	16248	0.25		
18071	ออบรีย์	9	0.3	30343	1.94		
18072	ดักกลาส	9	0.3	32666	speech-only		
18073	จอร์จินา	9	0.3	30416	1.94		
18074	ดอว์ส	9	0.3	25459	1.08		
18075	ขาดตัว	9	0.3	18806	0.37		
18076	ปู้น	9	0.3	25164	0.97		
18077	ดเวย์น	9	0.3	30271	1.94		
18078	เหะ	9	0.3	27591	1.38		
18079	เฮเลนา	9	0.3	27474	1.38		
18080	อุ้บ	9	0.3	36541	speech-only		
18081	อเร้นจ์	9	0.3	22932	0.75		
18082	สันธาน	9	0.3	20553	0.51		
18083	เธ่	9	0.3	26282	1.21		
18084	เบอร์นีย์	9	0.3	19385	0.42		
18085	วานซ์	9	0.3	25120	0.97		
18086	อึ๊ย	9	0.3	29026	1.61		
18087	ฐะ	9	0.3	25798	1.08		
18088	สวิฟท์	9	0.3	31433	speech-only		
18089	กริ๊ก	9	0.3	14023	0.17		
18090	ชิณ	9	0.3	34530	speech-only		
18091	ฮ่าว	9	0.3	38143	speech-only		
18092	ฮันต์	9	0.3	38246	speech-only		
18093	กุ๊	9	0.3	36136	speech-only		
18094	นูล	9	0.3	28968	1.61		
18095	ลอดจ์	9	0.3	26116	1.21		
18096	เซบู	9	0.3	16893	0.28		
18097	เขตอำนาจศาล	9	0.3	19445	0.42		
18098	ไซปัน	9	0.3	34201	speech-only		
18099	ลิ้นหมา	9	0.3	27552	1.38		
18100	โอชา	9	0.3	9827	0.07		
18101	สเลต	9	0.3	36261	speech-only		
18102	สนัก	9	0.3	39846	speech-only		
18103	โลโล	9	0.3	26564	1.21		
18104	หล่าง	9	0.3	28171	1.61		
18105	ลอสต์	9	0.3	34095	speech-only		
18106	บัช	9	0.3	36001	speech-only		
18107	แพลนท์	9	0.3	26692	1.21		
18108	โอด	9	0.3	15156	0.21		
18109	เรกซ์	9	0.3	33146	speech-only		
18110	ก็แล้วไป	9	0.3	13792	0.16		
18111	พรึม	9	0.3	20434	0.48		
18112	เต็ง	9	0.3	7612	0.04		
18113	ดาวินชี	9	0.3	15608	0.22		
18114	โคซี่	9	0.3	32831	speech-only		
18115	แธค	9	0.3	36395	speech-only		
18116	ยยยยยยย	9	0.3	26378	1.21		
18117	ฟลักซ์	9	0.3	22666	0.69		
18118	ซีเคร็ท	9	0.3	29106	1.61		
18119	หริ่ง	9	0.3	19806	0.44		
18120	น้ำปลา	9	0.3	4678	0.02		y
18121	ลุยส์	9	0.3	32941	speech-only		
18122	ห่าว	9	0.3	37014	speech-only		
18123	เวอร์เนอร์	9	0.3	29047	1.61		
18124	สเตต	9	0.3	22433	0.69		
18125	มิสซูรี	9	0.3	26809	1.21		
18126	พรึ่บ	9	0.3	12448	0.13		
18127	อ็อบ	9	0.3	34165	speech-only		
18128	เอิร์ท	9	0.3	29516	1.94		
18129	คริสต์ศักราช	9	0.3	8708	0.06		
18130	กู๋	9	0.3	12812	0.13		
18131	ครึ่งต่อครึ่ง	9	0.3	17510	0.30		
18132	จัณฑาล	9	0.3	20142	0.46		
18133	ลิควิด	9	0.3	48624	speech-only	slang	
18134	พัฟฟ์	9	0.3	24449	0.88		
18135	โชะ	9	0.3	20829	0.51		
18136	กอดวิน	9	0.3	35249	speech-only		
18137	ดังค์	9	0.3	25977	1.08		
18138	ทือ	9	0.3	20991	0.54		
18139	อีมู	9	0.3	31518	speech-only		
18140	ประติมากร	9	0.3	13088	0.14		
18141	วิทยาศาสตร์ประยุกต์	9	0.3	27694	1.38		
18142	คชี่	9	0.3	34777	speech-only		
18143	คาร์ป	9	0.3	32898	speech-only		
18144	ทุค	9	0.3	35563	speech-only		
18145	เบสิค	9	0.3	20518	0.48		
18146	ขั้วบวก	9	0.3	28178	1.61		
18147	อายุรแพทย์	9	0.3	22768	0.69		
18148	ถอนสมอ	9	0.3	31321	speech-only		
18149	พู้	9	0.3	25167	0.97		
18150	เลาท์	9	0.3	34058	speech-only		
18151	บู๊ทส์	9	0.3	20963	0.54		
18152	ยัป	9	0.3	31260	speech-only		
18153	แค็ป	9	0.3	29155	1.61		
18154	บูลส์	9	0.3	27819	1.38		
18155	แฮนส์	9	0.3	36863	speech-only		
18156	ออร์แลนโด	9	0.3	19571	0.42		
18157	ทอรี	9	0.3	25128	0.97		
18158	ทเนอร์	9	0.3	38293	speech-only		
18159	แซลล์	9	0.3	30582	1.94		
18160	สลาตัน	9	0.3	27529	1.38		
18161	แฉลบ	9	0.3	15065	0.20		
18162	อ๊าาาาาาา	9	0.3	38557	speech-only		
18163	แซพ	9	0.3	20609	0.51		
18164	ล้มคว่ำ	9	0.3	15295	0.21		
18165	แชฟ	9	0.3	36840	speech-only		
18166	กระเต็น	9	0.3	18940	0.39		
18167	คูซ	9	0.3	22495	0.69		
18168	พันจ่า	9	0.3	21564	0.57		
18169	บอยคอต	9	0.3	20207	0.48		
18170	โจ๊ค	9	0.3	30260	1.94		
18171	ฟิกซ์	9	0.3	24808	0.97		
18172	ดุน	9	0.3	14344	0.18		
18173	รบรา	9	0.3	13543	0.15		
18174	จรรโลง	9	0.3	7474	0.04		
18175	โง่เง่าเต่าตุ่น	9	0.3		speech-only	offensive	
18176	เย้น	9	0.3	24889	0.97		
18177	ลป	9	0.3	16319	0.25		
18178	เมิล	9	0.3	32270	speech-only		
18179	พิษสุราเรื้อรัง	9	0.3	18611	0.37		
18180	ติดตลาด	9	0.3	14966	0.20		
18181	เบห์	9	0.3	31687	speech-only		
18182	ซึมซาบ	9	0.3	11013	0.09		
18183	ทวา	9	0.3	16372	0.25		
18184	ชิลลิง	9	0.3	30391	1.94		
18185	ดีซ่าน	9	0.3	18238	0.35		
18186	บวมน้ำ	9	0.3	22029	0.65		
18187	ไตรภาคี	9	0.3	16444	0.25		
18188	ปล่อยตัวปล่อยใจ	9	0.3	31025	speech-only		
18189	คล้อด	9	0.3	22914	0.75		
18190	ทอกซ์	9	0.3	24952	0.97		
18191	ลึง	9	0.3	20398	0.48		
18192	พร็อบ	9	0.3	38126	speech-only		
18193	เฮิรตซ์	9	0.3	21201	0.57		y
18194	สอบไล่	9	0.3	10604	0.09		
18195	ป่าทึบ	9	0.3	14455	0.18		
18196	อดส์	9	0.3	38868	speech-only		
18197	บรื๋อ	9	0.3	16859	0.28		
18198	ตรีศูล	9	0.3	28799	1.61		
18199	ตราย	9	0.3	24472	0.88		
18200	วันดับ	9	0.3	21161	0.54		
18201	กล้องถ่ายภาพ	9	0.3	17452	0.30		
18202	สรา	9	0.3	4928	0.02		
18203	รีเลย์	9	0.3	38261	speech-only		
18204	อ๊อบ	9	0.3	27490	1.38		
18205	มินส์	9	0.3	21561	0.57		
18206	ฟริตซ์	9	0.3	36214	speech-only		
18207	ทัศ	9	0.3	11517	0.10		
18208	เจตภูต	9	0.3	37135	speech-only		
18209	กะห์	9	0.3	39202	speech-only		
18210	เลขคณิต	9	0.3	17051	0.28		y
18211	พิเรนทร์	9	0.3		speech-only	slang	
18212	ร็อท	9	0.3	25413	1.08		
18213	อัยการศึก	9	0.3	15972	0.24		
18214	คล์	9	0.3	27218	1.38		
18215	จัญไร	9	0.3	15040	0.20	offensive	
18216	เฮ็ง	9	0.3	37240	speech-only		
18217	ดุด	9	0.3	24438	0.88		
18218	มองต์	9	0.3	20587	0.51		
18219	หล้ง	9	0.3	34932	speech-only		
18220	โก้งโค้ง	9	0.3	23981	0.88		
18221	ถักร้อย	9	0.3	15449	0.22		
18222	ฮาลอน	9	0.3	23898	0.81		
18223	ฟรีส	9	0.3	32424	speech-only		
18224	จส	9	0.3	26619	1.21		
18225	หน้าเกลียด	9	0.3		speech-only	offensive	
18226	ไฮดรอลิก	9	0.3	26865	1.21		
18227	เทมปุระ	9	0.3	17332	0.29		
18228	สแมน	9	0.3	36090	speech-only		
18229	กึกกือ	9	0.3	18866	0.39		
18230	ชุ่มชื่น	9	0.3	9218	0.07		
18231	กระยาหาร	9	0.3	12482	0.13		
18232	โกระ	9	0.3	30988	speech-only		
18233	ชัส	9	0.3	14242	0.18		
18234	อค์	9	0.3	29560	1.94		
18235	ฟิง	9	0.3	27603	1.38		
18236	ห้ค	9	0.3	32676	speech-only		
18237	โทรว์	9	0.3	38406	speech-only		
18238	คลอน	9	0.3	14285	0.18		
18239	เมถุน	9	0.3	11323	0.10		
18240	อัท	9	0.3	28100	1.61		
18241	ไนส์	9	0.3	18854	0.39		
18242	ไม่หยอก	9	0.3		speech-only	slang	
18243	ผุก	9	0.3	24739	0.97		
18244	เมโท	9	0.3	28327	1.61		
18245	โคโลนี	9	0.3	34678	speech-only		
18246	จุ๊ด	9	0.3	21631	0.61		
18247	เบร็น	9	0.3	39016	speech-only		
18248	ธำมรงค์	9	0.3	21047	0.54		
18249	หนัด	9	0.3	27344	1.38		
18250	คลืน	9	0.3	32185	speech-only		
18251	เครื่องเซ่น	9	0.3	13812	0.16		
18252	แวนด์	9	0.3	35961	speech-only		
18253	ติ๋ว	9	0.3	11951	0.11		
18254	เฉียว	9	0.3	16338	0.25		
18255	บ้น	9	0.3	20474	0.48		
18256	จำนวนเต็ม	9	0.3	13677	0.16		y
18257	เช่ย	9	0.3	33565	speech-only		
18258	มนัส	9	0.3	8229	0.05		
18259	ทอฟฟี่	9	0.3	13679	0.16		
18260	ดาดา	9	0.3	23769	0.81		
18261	คมคาย	9	0.3	7994	0.05		
18262	ฉอด	9	0.3	12581	0.13		
18263	เนง	9	0.3	36716	speech-only		
18264	พิสัย	9	0.3	9559	0.07		y
18265	วนด์	9	0.3	25350	1.08		
18266	เฟอะ	9	0.3	36479	speech-only		
18267	ท็อกซิน	9	0.3	20133	0.46		
18268	เถิก	9	0.3	21544	0.57		
18269	กช	9	0.3	13109	0.14		
18270	ไป้	9	0.3	35174	speech-only		
18271	ลุ่	9	0.3	25767	1.08		
18272	เสียม	9	0.3	12152	0.12		
18273	แดร๊ก	9	0.3	25891	1.08		
18274	เท็ล	9	0.3	34211	speech-only		
18275	ร่ำไป	9	0.3	10452	0.08		
18276	เกต์	9	0.3	19097	0.40		
18277	เชิ่ด	9	0.3	35599	speech-only		
18278	อิทธ	9	0.3	20679	0.51		
18279	แย้	9	0.3	13596	0.16		
18280	อเดิร์ฟ	9	0.3	26701	1.21		
18281	รถซิ่ง	9	0.3	28873	1.61		
18282	สกรัม	9	0.3	26001	1.08		
18283	ม้าก	9	0.3	23608	0.81		
18284	สรีรวิทยา	9	0.3	11920	0.11		
18285	กั้ง	9	0.3	10912	0.09		
18286	ทัศนา	9	0.3	12546	0.13		
18287	ปีบ	9	0.3	9712	0.07		
18288	อีหรอบ	9	0.3	18048	0.33		
18289	ชื่นมื่น	9	0.3	13312	0.15		
18290	ลั่ง	9	0.3	28280	1.61		
18291	สติงส์	9	0.3	31061	speech-only		
18292	มิ้ง	9	0.3	15771	0.23		
18293	เสื้อกล้าม	9	0.3	12789	0.13		
18294	ปณ	9	0.3	31123	speech-only		
18295	เอารส	9	0.3	24271	0.88		
18296	ผมม้า	9	0.3	14337	0.18		
18297	ยวง	9	0.3	15518	0.22		
18298	ดรอน	9	0.3	29762	1.94		
18299	แน็ค	9	0.3	24460	0.88		
18300	โกว	9	0.3	16227	0.25		
18301	เมิด	9	0.3	39227	speech-only		
18302	โพลีเอสเตอร์	9	0.3	24684	0.97		
18303	ลับแล	9	0.3	11653	0.11	slang	
18304	กล่าวขวัญ	9	0.3	10673	0.09		
18305	ทราล	9	0.3	35876	speech-only		
18306	บู่	9	0.3	12049	0.12		
18307	เส้นขนาน	9	0.3	5972	0.03		
18308	ริย์	9	0.3	11024	0.09		
18309	วืด	9	0.3	16926	0.28		
18310	ขึ้นฉ่าย	9	0.3	7653	0.05		
18311	ยาแดง	9	0.3	17032	0.28	colloquial	
18312	ทั่วหน้า	9	0.3	9149	0.06		
18313	พริง	9	0.3	33097	speech-only		
18314	ราษ	9	0.3	12206	0.12		
18315	ประทีป	9	0.3	7033	0.04		
18316	เวิ้ง	9	0.3	10398	0.08		
18317	ด่านหน้า	9	0.3		speech-only	colloquial	
18318	มหัศ	9	0.3	32273	speech-only		
18319	แขวนนวม	9	0.3	28978	1.61		
18320	ไข้เลือดออก	9	0.3	19380	0.42		
18321	ก้นกบ	9	0.3	13774	0.16		
18322	เลิฟซีน	9	0.3	19595	0.44		
18323	ต้ด	9	0.3	38543	speech-only		
18324	บังคลาเทศ	9	0.3	14675	0.19		
18325	วรรษ์	9	0.3	39046	speech-only		
18326	ถูกโฉลก	9	0.3	14484	0.18		
18327	วัดผล	9	0.3	9242	0.07		
18328	กีร์	9	0.3	22465	0.69		
18329	ปัจเจกบุคคล	9	0.3	3916	0.01		
18330	ณู	9	0.3	23813	0.81		
18331	มาสตร์	9	0.3	38910	speech-only		
18332	ซ่อ	9	0.3	22846	0.75		
18333	เล่นใหญ่	9	0.3		speech-only	slang	
18334	ตุ๊ต๊ะ	9	0.3	32122	speech-only		
18335	พบพาน	9	0.3	16069	0.24		
18336	ขื่นขม	9	0.3	19087	0.40		
18337	แสยะ	9	0.3	9516	0.07		
18338	ลโลว์	9	0.3	26255	1.21		
18339	ลำนำ	9	0.3	12338	0.12		
18340	วอต	9	0.3	30984	speech-only		
18341	โอ่ง	9	0.3	6857	0.04		
18342	ยาแรง	9	0.3		speech-only	slang	
18343	เพ่อ	9	0.3	10981	0.09		
18344	มอซอ	9	0.3	20141	0.46		
18345	กระดานชนวน	9	0.3	21483	0.57	slang	
18346	เหยาะแหยะ	9	0.3	27051	1.38		
18347	แก่กล้า	9	0.3	11853	0.11		
18348	ประเทือง	9	0.3	12692	0.13	offensive	
18349	อห	9	0.3	24236	0.88		
18350	เนรมิต	9	0.3	7603	0.04		
18351	ไฉไล	9	0.3	13435	0.15		
18352	ตัวเก็ง	9	0.3	16251	0.25		
18353	กลึง	9	0.3	10892	0.09		
18354	ถ่ายอุจจาระ	9	0.3	12474	0.13		
18355	บ่าน	9	0.3	32009	speech-only		
18356	หยึย	9	0.3	25964	1.08		
18357	เศส	9	0.3	21403	0.57		
18358	จันทรคติ	9	0.3	14224	0.17		
18359	สุขลักษณะ	9	0.3	9974	0.08		
18360	ปราศ	9	0.3	20387	0.48		
18361	นิ้ง	9	0.3	15730	0.23		
18362	มหัน	9	0.3	39169	speech-only		
18363	ชอร์ต	9	0.3	26293	1.21		
18364	ขนแมว	9	0.3	34240	speech-only		
18365	ทอดมัน	9	0.3	16821	0.28		
18366	เต้ม	9	0.3	26201	1.21		
18367	อุ่ม	9	0.3	21297	0.57		
18368	ฉัด	9	0.3	24425	0.88		
18369	บาญ	9	0.3	24537	0.88		
18370	เพร่	9	0.3	35813	speech-only		
18371	บ้านเกิดเมืองนอน	9	0.3	12181	0.12		
18372	บวบ	9	0.3	12522	0.13	slang	
18373	สาส	9	0.3	19975	0.46		
18374	กระโดน	9	0.3	15241	0.21		
18375	กิท	9	0.3	34668	speech-only		
18376	ปรินซ์	9	0.3	21429	0.57		
18377	ประเจิดประเจ้อ	9	0.3	15497	0.22		
18378	ปลาดาว	9	0.3	21938	0.61		
18379	ขี้ก้าง	9	0.3	34374	speech-only		
18380	โยธวาทิต	9	0.3	19098	0.40		
18381	ปีการศึกษา	9	0.3	5559	0.03		
18382	แนวป่า	9	0.3	29321	1.94		
18383	สารบบ	9	0.3	12409	0.12		
18384	โดเมน	9	0.3	8188	0.05		
18385	ทัศน	9	0.3	9532	0.07		
18386	เตี่ยว	9	0.3	19064	0.39		
18387	รุ่มร่าม	9	0.3	14067	0.17		
18388	ฐี	9	0.3	18561	0.36		
18389	ธุดงค์	9	0.3	10315	0.08		
18390	ปากกล้า	9	0.3	22181	0.65		
18391	ธรม	9	0.3	17467	0.30		
18392	ปัณ	9	0.3	17065	0.28		
18393	วมัน	9	0.3	37508	speech-only		
18394	ตึงตัง	9	0.3	15277	0.21		
18395	ป้าด	9	0.3	25337	1.08		
18396	ธาล	9	0.3	28910	1.61		
18397	วาร	9	0.3	9947	0.08		
18398	ปรี่	9	0.3	11265	0.10		
18399	ฉิ่ง	9	0.3	12861	0.14		
18400	ปลี้ม	9	0.3	28623	1.61		
18401	อ่านเล่น	9	0.3	13339	0.15		
18402	หงอยเหงา	9	0.3	13206	0.14		
18403	แค็ต	9	0.3	35984	speech-only		
18404	ตั้งไข่	9	0.3	22625	0.69		
18405	ไฮกุ	9	0.3	24596	0.97		
18406	แต๋	9	0.3	26697	1.21		
18407	นื้อ	9	0.3	30365	1.94		
18408	โรลส์	9	0.3	24496	0.88		
18409	ปลอ	9	0.3	34018	speech-only		
18410	แหนง	9	0.3	23706	0.81		
18411	เหนอ	9	0.3	24266	0.88		
18412	ตะแลงแกง	9	0.3	20731	0.51		
18413	โพด	9	0.3	25524	1.08		
18414	เกณท์	9	0.3	39558	speech-only		
18415	เชษฐา	9	0.3	9191	0.07		
18416	จักษุ	9	0.3	9633	0.07		
18417	ฆิ	9	0.3	27858	1.38		
18418	เอ้อระเหย	9	0.3	20948	0.54		
18419	หลอดฉีดยา	9	0.3	37533	speech-only		
18420	ใหล่	9	0.3	26990	1.38		
18421	น้อน	9	0.3	21779	0.61		
18422	ตั้งอกตั้งใจ	9	0.3	9478	0.07		
18423	ขาดมือ	9	0.3	16395	0.25		
18424	วินิจ	9	0.3	9267	0.07		
18425	นิร	9	0.3	4306	0.02		
18426	ผด	9	0.3	13846	0.16		
18427	ลุกลี้ลุกลน	9	0.3	14931	0.20		
18428	ใล	9	0.3	29571	1.94		
18429	มุสโสลินี	9	0.3	21313	0.57		
18430	แขง	9	0.3	23318	0.75		
18431	แป็น	9	0.3	21132	0.54		
18432	ค้ำฟ้า	9	0.3	20389	0.48		
18433	จรี	9	0.3	23220	0.75		
18434	ชาติพันธุ์	9	0.3	3707	0.01		
18435	เทคอนกรีต	9	0.3	30502	1.94		
18436	ยาเส้น	9	0.3	11003	0.09		
18437	พิฆเนศ	9	0.3	23339	0.75		
18438	ป่าย	9	0.3	12057	0.12		
18439	อารบิค	9	0.3	22397	0.65		
18440	เศรษ	9	0.3	10484	0.08		
18441	เกือน	9	0.3	34797	speech-only		
18442	เนชัน	9	0.3	20713	0.51		
18443	ก้าม	9	0.3	7463	0.04		
18444	ทอดสะพาน	9	0.3	21697	0.61		
18445	ท่อยาง	9	0.3	20950	0.54		
18446	ผิดนัก	9	0.3	14643	0.19		
18447	แคร่	9	0.3	9144	0.06		
18448	คงเส้นคงวา	9	0.3	11324	0.10		
18449	กฎหมายอาญา	9	0.3	10029	0.08		
18450	สนธิ	9	0.3	8899	0.06		
18451	ชอุ่ม	9	0.3	10245	0.08		
18452	มวยสากล	9	0.3	13472	0.15		
18453	ลำไพ่	9	0.3	24772	0.97		
18454	แรงผลัก	9	0.3	14054	0.17		
18455	ชิงชัย	9	0.3	9389	0.07		
18456	สไล	9	0.3	24866	0.97		
18457	ก๊อบปี้	9	0.3	17198	0.29		
18458	ยอชต์	9	0.3	33449	speech-only		
18459	ท้วง	9	0.3	10003	0.08		
18460	เผื่อแผ่	9	0.3	7262	0.04		
18461	ปค	9	0.3	34993	speech-only		
18462	จักร์	9	0.3	22024	0.65		
18463	พัธ	9	0.3	27384	1.38		
18464	เรื้อง	9	0.3	25892	1.08		
18465	หู้	9	0.3	28477	1.61		
18466	มือเติบ	9	0.3	26171	1.21		
18467	เปญจ์	9	0.3	36371	speech-only		
18468	ตริกซ์	9	0.3	28695	1.61		
18469	ฃ่วย	9	0.3	32735	speech-only		
18470	แว้ง	9	0.3	11757	0.11		
18471	คาญ	9	0.3	29671	1.94		
18472	ถัม	9	0.3	23165	0.75		
18473	หนื่ง	9	0.3	33044	speech-only		
18474	ใหย่	9	0.3	16958	0.28		
18475	เส้นผ่านศูนย์กลาง	9	0.3	10667	0.09		y
18476	สิงสาราสัตว์	9	0.3	18967	0.39		
18477	เชยชม	9	0.3	12764	0.13		
18478	วงเล็บ	9	0.3	7193	0.04		y
18479	วิทยาศาสตร	9	0.3	24710	0.97		
18480	กะทัดรัด	9	0.3	8671	0.06		
18481	หัวใหม่	9	0.3	20127	0.46		
18482	อพาร์เม้นท์	9	0.3	36676	speech-only		
18483	ใบรับ	9	0.3	8025	0.05		
18484	สารพัน	9	0.3	9765	0.07		
18485	ละม่อม	9	0.3	12051	0.12		
18486	เลต์	9	0.3	20237	0.48		
18487	โปร่งแสง	9	0.3	16042	0.24		
18488	ปลาสเตอร์	9	0.3	20108	0.46		
18489	นางรำ	9	0.3	17083	0.28		
18490	ถั่ง	9	0.3	17735	0.31		
18491	ศาลยุติธรรม	9	0.3	7646	0.05		
18492	แปรขบวน	9	0.3	34916	speech-only		
18493	แกรง	9	0.3	26800	1.21		
18494	เนื้อไม้	9	0.3	9573	0.07		
18495	มีม	9	0.3	7805	0.05		
18496	ซื้อหา	9	0.3	6426	0.03		
18497	พิพาท	9	0.3	5215	0.02		
18498	ล้อน	9	0.3	32829	speech-only		
18499	สันดาป	9	0.3	15564	0.22		
18500	ภาพพิมพ์	9	0.3	8559	0.06		
18501	นาฬิกาแดด	9	0.3	32218	speech-only		
18502	มากหน้าหลายตา	9	0.3	11844	0.11		
18503	ตกอกตกใจ	9	0.3	10717	0.09		
18504	ธารา	9	0.3	9145	0.06		
18505	ข้าวหลามตัด	9	0.3	23067	0.75		
18506	เจ่	9	0.3	28329	1.61		
18507	มูก	9	0.3	19333	0.40		
18508	โยนห่วง	9	0.3	27981	1.61		
18509	จ้ง	9	0.3	21116	0.54		
18510	อิ่มหนำ	9	0.3	12065	0.12		
18511	ถน	9	0.3	20094	0.46		
18512	ฝีดาษ	9	0.3	18494	0.36		
18513	สุกร	9	0.3	7048	0.04		
18514	อุ้มบุญ	9	0.3		speech-only	slang	
18515	โฟลเดอร์	9	0.3	37310	speech-only		
18516	ยุ่ย	9	0.3	14449	0.18		
18517	ร้อยหวาย	9	0.3	20177	0.46		
18518	มู่ลี่	9	0.3	19403	0.42		
18519	สิทธิ์ขาด	9	0.3	16752	0.27		
18520	งัก	9	0.3	14049	0.17		
18521	ภาษณ์	9	0.3	20437	0.48		
18522	ม่อต้อ	9	0.3	35272	speech-only		
18523	ขาดตอน	9	0.3	10996	0.09		
18524	เวิ่น	9	0.3	23094	0.75		
18525	จวนตัว	9	0.3	16357	0.25		
18526	เหย่	9	0.3	34712	speech-only		
18527	นู้	9	0.3	27408	1.38		
18528	นัดดา	9	0.3	6899	0.04		
18529	ชิงดีชิงเด่น	9	0.3	15179	0.21		
18530	กระเดือก	9	0.3	18273	0.35	colloquial	
18531	ชิญ	9	0.3	30672	speech-only		
18532	เฉพาะกาล	9	0.3	15284	0.21		
18533	สแตนส์	9	0.3	31704	speech-only		
18534	อยู่โยง	9	0.3	12195	0.12		
18535	หลาบ	9	0.3	12102	0.12		
18536	ตั๋ง	9	0.3	11083	0.10		
18537	เตี่ย	9	0.3	4665	0.02		
18538	บุพ	9	0.3	11333	0.10		
18539	ศักดิ	9	0.3	13864	0.16		
18540	เต๋	9	0.3	14798	0.19		
18541	นวย	9	0.3	17409	0.30		
18542	ดริฟ	9	0.3	37859	speech-only		
18543	ตีตั๋ว	9	0.3	17468	0.30		
18544	ตกกระทบ	9	0.3	8039	0.05		
18545	ตลาดเงิน	9	0.3	7416	0.04		
18546	กริบ	9	0.3	16212	0.25		
18547	ยืนยาม	9	0.3	22782	0.69		
18548	เง่	9	0.3	22552	0.69		
18549	เสี้ยมสอน	9	0.3	18108	0.33		
18550	ยัติ	9	0.3	22208	0.65		
18551	อมรรัตน์	9	0.3	21128	0.54		
18552	พยุหะ	9	0.3	34652	speech-only		
18553	บ้องตื้น	9	0.3	30251	1.94		
18554	คละ	9	0.3	12411	0.12		
18555	ลองจิจูด	9	0.3	12022	0.12		
18556	จั๊บ	9	0.3	20997	0.54		
18557	แม่เล้า	9	0.3		speech-only	slang	
18558	กลัดกลุ้ม	9	0.3	13910	0.16		
18559	ฟิศ	9	0.3	34856	speech-only		
18560	อสุนีบาต	9	0.3	29481	1.94		
18561	แบนโจ	9	0.3	39481	speech-only		
18562	ฉาด	9	0.3	13011	0.14		
18563	นับหน้าถือตา	9	0.3	18729	0.37		
18564	สิย	9	0.3	25752	1.08		
18565	ฟิมล์	9	0.3	25960	1.08		
18566	กระวาน	9	0.3	16157	0.24		
18567	ตาหยี	9	0.3	15794	0.23		
18568	กิจธุระ	9	0.3	15546	0.22		
18569	ปิโตรเคมี	9	0.3	12669	0.13		
18570	ลิทัวเนีย	9	0.3	25669	1.08		
18571	เฮโล	9	0.3	18055	0.33		
18572	โว้ก	9	0.3	22210	0.65		
18573	ลัคนา	9	0.3	14771	0.19		
18574	นิเวศวิทยา	9	0.3	8952	0.06		
18575	เบนด์	9	0.3	21590	0.61		
18576	เคียน	9	0.3	15738	0.23		
18577	หลาบจำ	9	0.3	25523	1.08		
18578	มิ้น	9	0.3	26390	1.21		
18579	ฮารด์ท	9	0.3	39837	speech-only		
18580	เล่ต์	9	0.3	28854	1.61		
18581	ปากน้ำ	9	0.3	7746	0.05		
18582	โญ่	9	0.3	11625	0.11		
18583	วันทยาวุธ	8	0.3	35635	speech-only		
18584	ปูล	8	0.3	30576	1.72		
18585	ฟรัน	8	0.3	19563	0.37		
18586	เอลท์	8	0.3	34547	speech-only		
18587	ดรอว์	8	0.3	25434	0.96		
18588	ฟิทช์	8	0.3	35362	speech-only		
18589	ฮื่ม	8	0.3	29035	1.44		
18590	แย็ป	8	0.3	33614	speech-only		
18591	เพียร์ส	8	0.3	29438	1.72		
18592	เอื๊อก	8	0.3	15129	0.18		
18593	เออน่ะ	8	0.3	23789	0.72		
18594	ไคย	8	0.3	38098	speech-only		
18595	ตนีย์	8	0.3	25187	0.86		
18596	ตเทิล	8	0.3	24813	0.86		
18597	ว้อท	8	0.3	39413	speech-only		
18598	คลินต์	8	0.3	38363	speech-only		
18599	เตซ	8	0.3	12091	0.10		
18600	แลนท์	8	0.3	28452	1.44		
18601	ซัลท์	8	0.3	33437	speech-only		
18602	เบคส์	8	0.3	20874	0.48		
18603	ซอลล์	8	0.3	36003	speech-only		
18604	ดิกเกนส์	8	0.3	37889	speech-only		
18605	ไม่ช้าไม่นาน	8	0.3	14624	0.17		
18606	เฮล์ม	8	0.3	36210	speech-only		
18607	อาเขต	8	0.3	22104	0.57		
18608	เฮส์	8	0.3	28877	1.44		
18609	สแตฟ	8	0.3	30129	1.72		
18610	เทรต	8	0.3	23255	0.66		
18611	อิว	8	0.3	7720	0.04		
18612	ทูเดย์	8	0.3	19319	0.36		
18613	ปี๊ด	8	0.3	16539	0.23		
18614	ดอดด์	8	0.3	35998	speech-only		
18615	ซ่อนกลิ่น	8	0.3	26437	1.08		
18616	ทวิสต์	8	0.3	29740	1.72		
18617	ฮิง	8	0.3	10074	0.07		
18618	พ่า	8	0.3	22046	0.57		
18619	ฟรีดแมน	8	0.3	27349	1.23		
18620	เบิร์ตส์	8	0.3	21712	0.54		
18621	แรนส์	8	0.3	37250	speech-only		
18622	ช็อพ	8	0.3	28772	1.44		
18623	เนือ	8	0.3	32649	speech-only		
18624	แคลอรี	8	0.3	9013	0.06		
18625	พ้ม	8	0.3	21420	0.51		
18626	เมนซ์	8	0.3	34760	speech-only		
18627	เบซ	8	0.3	16054	0.22		
18628	ธะ	8	0.3	11328	0.09		
18629	ริงส์	8	0.3	25994	0.96		
18630	เทร้าท์	8	0.3	39248	speech-only		
18631	เมษ	8	0.3	10353	0.07		
18632	ทรามวัย	8	0.3	24016	0.78		
18633	เมารี	8	0.3	18627	0.33		
18634	ไหน่	8	0.3	30320	1.72		
18635	เหมันต์	8	0.3	28856	1.44		
18636	เฮมิงเวย์	8	0.3	28644	1.44		
18637	บริล	8	0.3	37760	speech-only		
18638	พีเอช	8	0.3	18887	0.34		
18639	กูลด์	8	0.3	34402	speech-only		
18640	สเน็ค	8	0.3	31773	speech-only		
18641	ฟรานซ์	8	0.3	18990	0.34		
18642	แรนดอล์ฟ	8	0.3	18707	0.33		
18643	พาบ	8	0.3	34117	speech-only		
18644	ตีหน้าตาย	8	0.3	22980	0.66		
18645	หนังใหญ่	8	0.3	11021	0.08		
18646	เข้ากระดูกดำ	8	0.3	29615	1.72		
18647	โอเอส	8	0.3	22514	0.62		
18648	ยัญ	8	0.3	24288	0.78		
18649	ด้าว	8	0.3	20479	0.43		
18650	เอ็ย	8	0.3	38331	speech-only		
18651	เด๋อ	8	0.3	21126	0.48		
18652	แช้	8	0.3	38125	speech-only		
18653	ดุจดัง	8	0.3	12680	0.12		
18654	ฉัตร	8	0.3	4568	0.02		
18655	ตรัง	8	0.3	5709	0.02		
18656	ซ้ำร้าย	8	0.3	11370	0.09		
18657	ไมโครซอฟท์	8	0.3	13841	0.14		
18658	เมลวิลล์	8	0.3	34276	speech-only		
18659	ก๊าบ	8	0.3	32161	speech-only		
18660	เถ่า	8	0.3	21856	0.54		
18661	ยูโกสลาเวีย	8	0.3	16827	0.25		
18662	เคมพ์	8	0.3	32598	speech-only		
18663	คลื่นใต้น้ำ	8	0.3	25926	0.96		
18664	คลึง	8	0.3	11184	0.09		
18665	ลดเหลือ	8	0.3	12779	0.12		
18666	เบตา	8	0.3	15940	0.21		
18667	ฮินดี	8	0.3	13728	0.14		
18668	ล็อกดาวน์	8	0.3		speech-only	colloquial	
18669	พริท	8	0.3	29005	1.44		
18670	เบอร์ต	8	0.3	17727	0.28		
18671	ฝาง	8	0.3	11598	0.09		
18672	กันต์	8	0.3	14336	0.16		
18673	ตะโพก	8	0.3	14163	0.15		
18674	อิงค์	8	0.3	17876	0.29		
18675	เชก	8	0.3	24572	0.86		
18676	ฮุด	8	0.3	10819	0.08		
18677	เคลือบฟัน	8	0.3	23975	0.78		
18678	ฉู	8	0.3	26451	1.08		
18679	ฤทธา	8	0.3	18465	0.32		
18680	ปาขี้	8	0.3		speech-only	slang	
18681	เมรุ	8	0.3	5676	0.02		
18682	สัตต	8	0.3	14861	0.18		
18683	ฮิปโปโปเตมัส	8	0.3	28776	1.44		
18684	ลลล	8	0.3	34355	speech-only		
18685	บัดกรี	8	0.3	22368	0.57		
18686	ตินส์	8	0.3	29685	1.72		
18687	ฮูส	8	0.3	36690	speech-only		
18688	จูรา	8	0.3	21881	0.54		
18689	กรมอัยการ	8	0.3	14052	0.15		
18690	บร็องซ์	8	0.3	29387	1.72		
18691	อสัตย์	8	0.3	30969	speech-only		
18692	เค้าน์	8	0.3	37922	speech-only		
18693	บุ้ก	8	0.3	34507	speech-only		
18694	บาร์ส	8	0.3	34303	speech-only		
18695	จุงเบย	8	0.3		speech-only	slang	
18696	ดาวเรือง	8	0.3	9887	0.07		
18697	ระนาบ	8	0.3	3727	0.01		
18698	เบิลส์	8	0.3	26542	1.08		
18699	อ็อต	8	0.3	23089	0.66		
18700	แขม่ว	8	0.3	12597	0.11		
18701	ลำลอง	8	0.3	11720	0.10		
18702	ฟัต	8	0.3	27605	1.23		
18703	พิชัย	8	0.3	6625	0.03		
18704	สเบอร์ก	8	0.3	31125	speech-only		
18705	เช่าซื้อ	8	0.3	5283	0.02		
18706	ล็อกซ์	8	0.3	29926	1.72		
18707	ละตินอเมริกา	8	0.3	8570	0.05		
18708	รั่น	8	0.3	38431	speech-only		
18709	เดวิลส์	8	0.3	27023	1.23		
18710	คอวี	8	0.3	30130	1.72		
18711	อินโดจีน	8	0.3	6525	0.03		
18712	หฤโหด	8	0.3	21556	0.51		
18713	ตูริน	8	0.3	30065	1.72		
18714	แดนท์	8	0.3	28694	1.44		
18715	ซาลส์	8	0.3	34722	speech-only		
18716	ลูกปืนใหญ่	8	0.3	31791	speech-only		
18717	เกรต	8	0.3	18898	0.34		
18718	ต้าย	8	0.3	24250	0.78		
18719	เพาเวลล์	8	0.3	20409	0.43		
18720	แดนส์	8	0.3	36143	speech-only		
18721	เหือดหาย	8	0.3	16649	0.23		
18722	จย	8	0.3	12810	0.12		
18723	สุริยา	8	0.3	10460	0.07		
18724	แฟล็ต	8	0.3	9720	0.06		
18725	ยาดา	8	0.3	21657	0.54		
18726	จุดยุทธศาสตร์	8	0.3	18804	0.33		
18727	เนียร	8	0.3	32389	speech-only		
18728	กำลังภายใน	8	0.3	15543	0.20		
18729	สมวัย	8	0.3	14937	0.18		
18730	เตี้ยน	8	0.3	25688	0.96		
18731	สึง	8	0.3	25430	0.96		
18732	จุลชีพ	8	0.3	22064	0.57		
18733	แต๊ดแต๋	8	0.3	22264	0.57		
18734	นายประกัน	8	0.3	18811	0.33		
18735	ฟี้น	8	0.3	39099	speech-only		
18736	ระยับ	8	0.3	5785	0.02		
18737	เข้าเนื้อ	8	0.3	16018	0.21		
18738	นิพ	8	0.3	23572	0.72		
18739	โมรี	8	0.3	12716	0.12		
18740	สิร	8	0.3	24411	0.78		
18741	ไข้มาลาเรีย	8	0.3	19291	0.36		
18742	บิ๊ค	8	0.3	33016	speech-only		
18743	บ้านกลาง	8	0.3	14116	0.15		
18744	ลูฟ	8	0.3	32173	speech-only		
18745	พุก	8	0.3	14217	0.15		
18746	รีไทร์	8	0.3	14946	0.18		
18747	กกกกกกกกกกก	8	0.3	23375	0.72		
18748	ดมง	8	0.3	14887	0.18		
18749	สัตว์ครึ่งบกครึ่งน้ำ	8	0.3		speech-only	colloquial	y
18750	ไป๋	8	0.3	16951	0.25		
18751	บัวโนสไอเรส	8	0.3	26045	1.08		
18752	ปิล	8	0.3	27365	1.23		
18753	วอบ	8	0.3	24273	0.78		
18754	สุ่ย	8	0.3	19175	0.36		
18755	รูสเวลต์	8	0.3	38115	speech-only		
18756	เพณี	8	0.3	22574	0.62		
18757	ตริง	8	0.3	26773	1.08		
18758	แกด	8	0.3	25096	0.86		
18759	แคง	8	0.3	31216	speech-only		
18760	เวห์	8	0.3	39339	speech-only		
18761	เขียด	8	0.3	5389	0.02		
18762	ร็อง	8	0.3	30294	1.72		
18763	วาบหวาม	8	0.3	16356	0.23		
18764	เตย์	8	0.3	27088	1.23		
18765	ลืน	8	0.3	33081	speech-only		
18766	ฟังค์	8	0.3	28303	1.44		
18767	เซ็ส	8	0.3	20984	0.48		
18768	แจะ	8	0.3	11935	0.10		
18769	หุ่ง	8	0.3	24586	0.86		
18770	โน้ว	8	0.3	38469	speech-only		
18771	หนังกำพร้า	8	0.3	19518	0.37		
18772	มมมมมมม	8	0.3	39001	speech-only		
18773	สุขศึกษา	8	0.3	14857	0.18		
18774	หมากฮอส	8	0.3	21652	0.54		
18775	มาร์ต	8	0.3	22715	0.62		
18776	สิงค	8	0.3	23980	0.78		
18777	ทร็อต	8	0.3	30230	1.72		
18778	โท้	8	0.3	28216	1.44		
18779	เอบีซี	8	0.3	16671	0.24		
18780	แบดมินตัน	8	0.3	12018	0.10		
18781	ก๊าก	8	0.3	9851	0.07		
18782	เผยแผ่	8	0.3	8427	0.05		
18783	เงิย	8	0.3	34725	speech-only		
18784	ปรุ	8	0.3	16409	0.23		
18785	เส็ง	8	0.3	8755	0.05		
18786	ศาลแขวง	8	0.3	13239	0.13		
18787	ไม่ได้ศัพท์	8	0.3	15822	0.21		
18788	จิ้งเหลน	8	0.3	18361	0.31		
18789	แอนซ์	8	0.3	26056	1.08		
18790	ชีต	8	0.3	26665	1.08		
18791	จุดเดือด	8	0.3	19502	0.37		y
18792	กระดาษทราย	8	0.3	19855	0.39		
18793	บรัส	8	0.3	31910	speech-only		
18794	โอนกรรมสิทธิ์	8	0.3	9783	0.07		
18795	คลิส	8	0.3	39385	speech-only		
18796	โว่ย	8	0.3	35846	speech-only		
18797	จดหมายเหตุ	8	0.3	8432	0.05		
18798	ปั้บ	8	0.3	28064	1.44		
18799	แซกโซโฟน	8	0.3	22330	0.57		
18800	ทำได้ลงคอ	8	0.3	35524	speech-only		
18801	โยคี	8	0.3	10332	0.07		
18802	เธค	8	0.3	17114	0.25		
18803	นางบำเรอ	8	0.3	16632	0.23		
18804	ข้ง	8	0.3	25899	0.96		
18805	พวน	8	0.3	7157	0.04		
18806	หมดไส้หมดพุง	8	0.3	23864	0.72		
18807	พระราชกฤษฎีกา	8	0.3	3144	0.01		
18808	เจ้าอาวาส	8	0.3	6025	0.03		
18809	คิดเล็กคิดน้อย	8	0.3	17977	0.30		
18810	จั่น	8	0.3	10394	0.07		
18811	ชิปส์	8	0.3	37892	speech-only		
18812	จับเจ่า	8	0.3	17218	0.26		
18813	ฏร	8	0.3	13136	0.13		
18814	เหนาะ	8	0.3	18167	0.31		
18815	โบ๊ท	8	0.3	19857	0.39		
18816	เขียวหวาน	8	0.3	10875	0.08		
18817	ยั่น	8	0.3	21117	0.48		
18818	แจ่ว	8	0.3	13055	0.12		
18819	ตล	8	0.3	20050	0.41		
18820	เชิต	8	0.3	39107	speech-only		
18821	พื้อ	8	0.3	31038	speech-only		
18822	เธส	8	0.3	27536	1.23		
18823	แหล่งเสื่อมโทรม	8	0.3	12028	0.10		
18824	เดี่ยม	8	0.3	33751	speech-only		
18825	เหลื่อ	8	0.3	22818	0.62		
18826	ก้ำกึ่ง	8	0.3	13820	0.14		
18827	แอคทีฟ	8	0.3	20376	0.43		
18828	โยกโย้	8	0.3	21909	0.54		
18829	เวนต์	8	0.3	23120	0.66		
18830	รรร	8	0.3	37706	speech-only		
18831	เหียก	8	0.3	30644	speech-only		
18832	ร่มผ้า	8	0.3	17886	0.29		
18833	ลักเพศ	8	0.3	29003	1.44	offensive	
18834	ไวตามิน	8	0.3	20295	0.43		
18835	เค็ต	8	0.3	33692	speech-only		
18836	สูก	8	0.3	28355	1.44		
18837	หลาม	8	0.3	14105	0.15		
18838	ฟั่น	8	0.3	16496	0.23		
18839	ละเลียด	8	0.3	15289	0.19		
18840	หลอง	8	0.3	28971	1.44		
18841	ตะเอง	8	0.3		speech-only	slang	
18842	นลิน	8	0.3	4923	0.02		
18843	ตึ้บ	8	0.3	21041	0.48		
18844	ทะเลาะเบาะแว้ง	8	0.3	11042	0.08		
18845	มือตก	8	0.3	24487	0.78		
18846	ปรีดา	8	0.3	8714	0.05		
18847	ของหลวง	8	0.3	6170	0.03		
18848	พด	8	0.3	21645	0.54		
18849	ปรีดิ์	8	0.3	15623	0.20		
18850	ข้าราชการพลเรือน	8	0.3	6859	0.03		
18851	ประวิง	8	0.3	7822	0.04		
18852	ฮีด	8	0.3	30951	speech-only		
18853	ปรามาส	8	0.3	15171	0.18		
18854	แพร่ง	8	0.3	4413	0.02		
18855	ขิ้น	8	0.3	37544	speech-only		
18856	เอิญ	8	0.3	28176	1.44		
18857	ออดอ้อน	8	0.3	8405	0.05		
18858	ขุดลอก	8	0.3	14477	0.16		
18859	ฉวัดเฉวียน	8	0.3	15751	0.20		
18860	นรีเวชวิทยา	8	0.3	26170	1.08		
18861	แลนด์ส	8	0.3	36176	speech-only		
18862	กะโปโล	8	0.3	18686	0.33		
18863	ฟกช้ำดำเขียว	8	0.3	20663	0.45		
18864	อูม	8	0.3	14627	0.17		
18865	วิ่	8	0.3	28467	1.44		
18866	มองบน	8	0.3		speech-only	slang	
18867	ทัณ	8	0.3	31387	speech-only		
18868	เรืองอำนาจ	8	0.3	12250	0.11		
18869	ฝรัง	8	0.3	28852	1.44		
18870	ห้ง	8	0.3	25841	0.96		
18871	เขส	8	0.3	32054	speech-only		
18872	แด้	8	0.3	36901	speech-only		
18873	ตลิ่ง	8	0.3	5892	0.02		
18874	ใฝ	8	0.3	29988	1.72		
18875	เพธ	8	0.3	26019	1.08		
18876	เอนทรานซ์	8	0.3	14770	0.17		
18877	นิเวศน์	8	0.3	7564	0.04		
18878	ศัค	8	0.3	38368	speech-only		
18879	กษ์	8	0.3	35157	speech-only		
18880	อุทาหรณ์	8	0.3	9511	0.06		
18881	เพลี่ยงพล้ำ	8	0.3	13629	0.14		
18882	ญาติดีกัน	8	0.3	22171	0.57		
18883	ออสโล	8	0.3	24667	0.86		
18884	กรำ	8	0.3	12907	0.12		
18885	เปอะ	8	0.3	30058	1.72		
18886	ส่วนภูมิภาค	8	0.3	4853	0.02		
18887	ปวย	8	0.3	14182	0.15		
18888	อบายมุข	8	0.3	8502	0.05		
18889	แอ่	8	0.3	32365	speech-only		
18890	บุฟเฟ่	8	0.3	30961	speech-only		
18891	เข้ารูป	8	0.3	10533	0.08		
18892	กระต๊อบ	8	0.3	14502	0.16		
18893	นอกชาน	8	0.3	12897	0.12		
18894	บูรณาการ	8	0.3	3835	0.01		
18895	ปอร์ต	8	0.3	12711	0.12		
18896	โครเมี่ยม	8	0.3	20458	0.43		
18897	จู้	8	0.3	13223	0.13		
18898	ขาดดุล	8	0.3	4510	0.02		
18899	ห่อตัว	8	0.3	16406	0.23		
18900	เหือน	8	0.3	22765	0.62		
18901	คว้านท้อง	8	0.3	25805	0.96		
18902	ทัป	8	0.3	14083	0.15		
18903	ใจฝ่อ	8	0.3	22187	0.57		
18904	งูสวัด	8	0.3	13636	0.14		
18905	ไข่ตุ๋น	8	0.3	25385	0.96		
18906	เพลโต	8	0.3	10132	0.07		
18907	ณณ	8	0.3	30355	1.72		
18908	ตาเหล่	8	0.3	17594	0.28		
18909	ปถม	8	0.3	37999	speech-only		
18910	สุภา	8	0.3	8008	0.04		
18911	เคหะ	8	0.3	9777	0.07		
18912	ลงพุง	8	0.3	15795	0.21		
18913	โหระพา	8	0.3	12230	0.11		
18914	เปี้ย	8	0.3	23591	0.72		
18915	หนอก	8	0.3	15139	0.18		
18916	บาล์ม	8	0.3	23174	0.66		
18917	สีด	8	0.3	25863	0.96		
18918	ซิงก์	8	0.3	23283	0.66		
18919	น้อบ	8	0.3	28073	1.44		
18920	แล้น	8	0.3	19374	0.37		
18921	คำหยาบคาย	8	0.3		speech-only	offensive	
18922	ขนาก	8	0.3	22853	0.66		
18923	พั้งค์	8	0.3	24322	0.78		
18924	อร์ด	8	0.3	27838	1.23		
18925	โฆษ	8	0.3	14018	0.15		
18926	ถำ	8	0.3	30407	1.72		
18927	โคโรนา	8	0.3	24171	0.78		
18928	เล้ง	8	0.3	7373	0.04		
18929	ขัย	8	0.3	17898	0.29		
18930	มัลดีฟ	8	0.3	26231	1.08		
18931	มืดค่ำ	8	0.3	13748	0.14		
18932	ว้าง	8	0.3	21226	0.51		
18933	มาลัย	8	0.3	3336	0.01		
18934	ปากเปราะ	8	0.3	21601	0.54		
18935	หยักศก	8	0.3	14815	0.17		
18936	ชนาด	8	0.3	27959	1.44		
18937	ต่ล	8	0.3	36107	speech-only		
18938	ไฮโดรคาร์บอน	8	0.3	14312	0.16		
18939	ใช้เนื้อ	8	0.3	12400	0.11		
18940	เบญจ	8	0.3	10070	0.07		
18941	เอี้ยว	8	0.3	9586	0.06		
18942	วอเตอร์เกต	8	0.3	27113	1.23		
18943	เจ็บไข้	8	0.3	7877	0.04		
18944	เฮดจ์	8	0.3	26230	1.08		
18945	ประตูน้ำ	8	0.3	11629	0.09		
18946	ฉับไว	8	0.3	9551	0.06		
18947	ชราภาพ	8	0.3	12739	0.12		
18948	ฉุย	8	0.3	11258	0.09		
18949	ปราณ	8	0.3	10984	0.08		
18950	กล่าวชม	8	0.3	15554	0.20		
18951	หาเหตุ	8	0.3	14213	0.15		
18952	มเมอ	8	0.3	30047	1.72		
18953	ขยับขยาย	8	0.3	10362	0.07		
18954	ลูบคม	8	0.3	23850	0.72		
18955	เครื่องบน	8	0.3	21996	0.57		
18956	หย่อนก้น	8	0.3		speech-only	colloquial	
18957	ขาม	8	0.3	8208	0.05		
18958	งงงัน	8	0.3	15113	0.18		
18959	น้ำเหลือง	8	0.3	9502	0.06		
18960	ไส้แห้ง	8	0.3	20523	0.45	offensive	
18961	จามรี	8	0.3	22190	0.57		
18962	หงอน	8	0.3	18830	0.34		
18963	เงิบ	8	0.3	36803	speech-only	slang	
18964	ผ้าลูกไม้	8	0.3	15172	0.18		
18965	แกล้ว	8	0.3	13688	0.14		
18966	โรต์	8	0.3	27735	1.23		
18967	ตลอดรอดฝั่ง	8	0.3	15466	0.19		
18968	ลั่นวาจา	8	0.3	17907	0.29		
18969	ก้ามปู	8	0.3	14940	0.18		
18970	ตีขนาบ	8	0.3	24682	0.86		
18971	ประจัญ	8	0.3	29398	1.72		
18972	ผงขาว	8	0.3	24241	0.78		
18973	เรือนแพ	8	0.3	15581	0.20		
18974	แปลบ	8	0.3	7782	0.04		
18975	ซูบผอม	8	0.3	18749	0.33		
18976	หน้าเสีย	8	0.3	10007	0.07		
18977	เครื่องปั้น	8	0.3	20319	0.43		
18978	โวลท์	8	0.3	25828	0.96		
18979	คุต	8	0.3	20747	0.45		
18980	ตลึง	8	0.3	26344	1.08		
18981	สินสมรส	8	0.3	4856	0.02		
18982	เว่า	8	0.3	27362	1.23		
18983	พิเคราะห์	8	0.3	6558	0.03		
18984	พ่อน	8	0.3	38290	speech-only		
18985	พีก	8	0.3	31527	speech-only		
18986	ศาจ	8	0.3	39338	speech-only		
18987	อดิ	8	0.3	11949	0.10		
18988	บราน	8	0.3	39210	speech-only		
18989	ทะเล้น	8	0.3	11289	0.09		
18990	จระ	8	0.3	25026	0.86		
18991	จักรภพ	8	0.3	13971	0.15		
18992	เพิน	8	0.3	24907	0.86		
18993	กละ	8	0.3	25283	0.96		
18994	นึ้ง	8	0.3	18471	0.32		
18995	ขี้ปาก	8	0.3	18123	0.30		
18996	พย์	8	0.3	30176	1.72		
18997	จาการ์ตา	8	0.3	13739	0.14		
18998	เริ่ง	8	0.3	20880	0.48		
18999	ประนอม	8	0.3	4452	0.02		
19000	แฮนด์บอล	8	0.3	23893	0.72		
19001	ซิ่น	8	0.3	4339	0.01		
19002	รูซ์	8	0.3	27052	1.23		
19003	หยำ	8	0.3	31972	speech-only		
19004	ช้างน้ำ	8	0.3	20993	0.48	offensive	
19005	มูลฐาน	8	0.3	9729	0.06		
19006	หัวเรี่ยวหัวแรง	8	0.3	16965	0.25		
19007	เช่นใด	8	0.3	8951	0.05		
19008	ศรัท	8	0.3	23433	0.72		
19009	ซีร็อกซ์	8	0.3		speech-only	slang	
19010	ตริก	8	0.3	22411	0.62		
19011	เอฟเฟกต์	8	0.3	21204	0.51		
19012	ฮานอย	8	0.3	12892	0.12		
19013	ช้านาน	8	0.3	5853	0.02		
19014	ผลัดเปลี่ยน	8	0.3	8315	0.05		
19015	ชอร์ท	8	0.3	38587	speech-only		
19016	กรงทอง	8	0.3	24180	0.78		
19017	อิ่มใจ	8	0.3	11118	0.09		
19018	แต๊บ	8	0.3	29911	1.72		
19019	คอมเมนท์	8	0.3	20335	0.43		
19020	ทำไฟ	8	0.3	19573	0.37		
19021	ปิคอัพ	8	0.3	24491	0.78		
19022	อาร์เมเนีย	8	0.3	22941	0.66		
19023	หญิ่ง	8	0.3	34304	speech-only		
19024	ไม้สั้น	8	0.3	25462	0.96		
19025	ทมา	8	0.3	27356	1.23		
19026	แตกเนื้อหนุ่ม	8	0.3	19177	0.36		
19027	พิพม์	8	0.3	27350	1.23		
19028	คราญ	8	0.3	28219	1.44		
19029	ตรีโกณ	8	0.3	26420	1.08		
19030	จินตภาพ	8	0.3	8753	0.05		
19031	หน้าบาน	8	0.3	9702	0.06		
19032	ยี่หร่า	8	0.3	18617	0.33		
19033	บานประตู	8	0.3	7712	0.04		
19034	แฟรงค์เฟิร์ต	8	0.3	20264	0.43		
19035	หนับ	8	0.3	16007	0.21		
19036	ธึ่ม	8	0.3	29129	1.44		
19037	โกรก	8	0.3	10531	0.08		
19038	ศี	8	0.3	13950	0.15		
19039	เห็ย	8	0.3	32113	speech-only		
19040	เฑอ	8	0.3	38708	speech-only		
19041	โครเมียม	8	0.3	18107	0.30		
19042	สมูท	8	0.3	27854	1.23		
19043	ง่อนแง่น	8	0.3	17365	0.26		
19044	มเห	8	0.3	27462	1.23		
19045	วนิล	8	0.3	38844	speech-only		
19046	เฟ่ต์	8	0.3	34648	speech-only		
19047	ดิษ	8	0.3	16460	0.23		
19048	ดั๊น	8	0.3	19535	0.37		
19049	เดียด	8	0.3	28901	1.44		
19050	เลิน	8	0.3	22462	0.62		
19051	จะแนะ	8	0.3	21517	0.51		
19052	ทรีย	8	0.3	8932	0.05		
19053	ดิสโก	8	0.3	29012	1.44		
19054	กีดกั้น	8	0.3	14793	0.17		
19055	ฮึง	8	0.3	24101	0.78		
19056	สตังค์	8	0.3	31707	speech-only		
19057	หนำ	8	0.3	18314	0.31		
19058	เทียรี่	8	0.3	24756	0.86		
19059	จ้ำเบ้า	8	0.3	20033	0.41		
19060	หนก	8	0.3	23846	0.72		
19061	เนื้อความ	8	0.3	5494	0.02		
19062	ปื้น	8	0.3	12900	0.12		
19063	เดดซี	8	0.3	34111	speech-only		
19064	หน้าดิน	8	0.3	10187	0.07		
19065	ทกุ	8	0.3	30850	speech-only		
19066	อัดรูป	8	0.3	20974	0.48		
19067	ป๋ม	8	0.3	25519	0.96		
19068	ชโลม	8	0.3	13975	0.15		
19069	ร้อนตัว	8	0.3	15850	0.21		
19070	ประคำ	8	0.3	17350	0.26		
19071	เสียแต้ม	8	0.3	25310	0.96		
19072	ปัญญาชน	8	0.3	3757	0.01		
19073	สึกหรอ	8	0.3	12417	0.11		
19074	ประถมศึกษา	8	0.3	4155	0.01		
19075	ลูกปราย	8	0.3	31621	speech-only		
19076	พฤฒิ	8	0.3	19297	0.36		
19077	บ้ง	8	0.3	32286	speech-only	slang	
19078	วางตา	8	0.3	14062	0.15		
19079	ระกำ	8	0.3	11149	0.09		
19080	แฮมป์เชียร์	8	0.3	25074	0.86		
19081	มมือ	8	0.3	33934	speech-only		
19082	ชาวเขา	8	0.3	5279	0.02		
19083	คลุกเคล้า	8	0.3	10697	0.08		
19084	เพลาะ	8	0.3	26109	1.08		
19085	เถิดเทิง	8	0.3	13375	0.13		
19086	ขโมง	8	0.3	39989	speech-only		
19087	น้ำมันดิน	8	0.3	23091	0.66		
19088	เฟิสต์	8	0.3	36703	speech-only		
19089	กำลังวังชา	8	0.3	15881	0.21		
19090	น้ำใต้ดิน	8	0.3	11308	0.09		
19091	ก้ามกราม	8	0.3	17352	0.26		
19092	โช้ค	8	0.3	23025	0.66		
19093	ยุต	8	0.3	14602	0.17		
19094	ไรค์	8	0.3	27287	1.23		
19095	ทองหมั้น	8	0.3	18182	0.31		
19096	อาลักษณ์	8	0.3	16987	0.25		
19097	คาร์บ	8	0.3	35220	speech-only		
19098	ฝื้น	8	0.3	37991	speech-only		
19099	แฮ็ป	8	0.3	27018	1.23		
19100	เตหะราน	8	0.3	19729	0.39		
19101	รวงผึ้ง	8	0.3	23874	0.72		
19102	ยึง	8	0.3	29193	1.72		
19103	ขวัญหนี	8	0.3	26640	1.08		
19104	เครื่องตั้ง	8	0.3	27636	1.23		
19105	มาสก์	8	0.3	12340	0.11		
19106	ช้อนชา	8	0.3	7071	0.03		
19107	ประเดี๋ยวประด๋าว	8	0.3	18479	0.32		
19108	ภัน	8	0.3	26145	1.08		
19109	สะเทิน	8	0.3	22731	0.62		
19110	ซูป	8	0.3	23227	0.66		
19111	ตั๊กแตนตำข้าว	8	0.3	23939	0.72		
19112	ตึ๊บ	8	0.3	33974	speech-only		
19113	เทอร์มินัล	8	0.3	35123	speech-only		
19114	มหาเทพ	8	0.3	27683	1.23		
19115	ลงมีด	8	0.3	19765	0.39		
19116	ดราฟท์	8	0.3	31494	speech-only		
19117	โบแดง	8	0.3	21015	0.48		
19118	ถัน	8	0.3	16456	0.23		
19119	ษัติ	8	0.3	31895	speech-only		
19120	เขม	8	0.3	11421	0.09		
19121	จานเดียว	8	0.3	12879	0.12		
19122	เธียส	8	0.3	13135	0.13		
19123	ปริซึม	8	0.3	22391	0.57		
19124	เครื่องสูบน้ำ	8	0.3	6231	0.03		
19125	สินี	8	0.3	13201	0.13		
19126	สุหนัต	8	0.3	36357	speech-only		
19127	ตวง	8	0.3	8746	0.05		
19128	เครือจักรภพ	8	0.3	17655	0.28		
19129	กสับ	8	0.3	35473	speech-only		
19130	ฟาห์	8	0.3	14677	0.17		
19131	ก้อก	7	0.2	38254	speech-only		
19132	สตัม	7	0.2	26150	0.94		
19133	เอิ้ก	7	0.2	21290	0.44		
19134	โดมิงโก	7	0.2	34902	speech-only		
19135	อีม	7	0.2	38775	speech-only		
19136	คีย์ส	7	0.2	34380	speech-only		
19137	เท่อ	7	0.2	18735	0.29		
19138	ไดเออร์	7	0.2	31696	speech-only		
19139	ณญ	7	0.2	31623	speech-only		
19140	เอี้ยง	7	0.2	9466	0.05		
19141	ปิ๊ป	7	0.2	32781	speech-only		
19142	อ๋าาาา	7	0.2	38100	speech-only		
19143	เปี้ยว	7	0.2	29242	1.51		
19144	มารค์	7	0.2	35697	speech-only		
19145	ษิ	7	0.2	8067	0.04		
19146	แพ็กซ์	7	0.2	26900	0.94		
19147	มมมมมม	7	0.2	29250	1.51		
19148	บันช์	7	0.2	30494	1.51		
19149	เพย์น	7	0.2	29707	1.51		
19150	ปู้ด	7	0.2	32756	speech-only		
19151	ฮิคส์	7	0.2	31921	speech-only		
19152	ชุต	7	0.2	36322	speech-only		
19153	โต้ว	7	0.2	27355	1.08		
19154	วอร์ฟ	7	0.2	33705	speech-only		
19155	ซุฟ	7	0.2	25826	0.84		
19156	เชอร์ชิลล์	7	0.2	27674	1.08		
19157	วินด์เซอร์	7	0.2	13772	0.13		
19158	อีหอย	7	0.2		speech-only	offensive	
19159	เบียร์ส	7	0.2	19458	0.33		
19160	อีเหี้ย	7	0.2		speech-only	slang	
19161	เก็บเล็กผสมน้อย	7	0.2	17808	0.25		
19162	บลัม	7	0.2	36224	speech-only		
19163	เวบบ์	7	0.2	28174	1.26		
19164	รีวอลเวอร์	7	0.2	32507	speech-only		
19165	วิลเฮล์ม	7	0.2	32074	speech-only		
19166	ช้อยส์	7	0.2	27614	1.08		
19167	พันตา	7	0.2	17937	0.25		
19168	โฮ่ย	7	0.2	26299	0.94		
19169	ชาค	7	0.2	21774	0.47		
19170	พ่อแก้วแม่แก้ว	7	0.2		speech-only	slang	
19171	บรัช	7	0.2	28224	1.26		
19172	ทอมัส	7	0.2	20168	0.36		
19173	ป่อ	7	0.2	18134	0.26		
19174	เทย่า	7	0.2		speech-only	slang	
19175	ปุ้ง	7	0.2	25136	0.75		
19176	เอมอส	7	0.2	25004	0.75		
19177	ทีเอ็นที	7	0.2	30041	1.51		
19178	นามิเบีย	7	0.2	23948	0.69		
19179	ลัมป์	7	0.2	35532	speech-only		
19180	เบดฟอร์ด	7	0.2	39852	speech-only		
19181	คร่ะ	7	0.2	31888	speech-only		
19182	เวียร	7	0.2	38328	speech-only		
19183	ไอค์	7	0.2	2874	0.01		
19184	น้าาาาาา	7	0.2	25873	0.84		
19185	ภาษาต่างดาว	7	0.2		speech-only	slang	
19186	มาร์คอฟ	7	0.2	36956	speech-only		
19187	ตงฉิน	7	0.2	25340	0.84		
19188	บ๋าย	7	0.2	24846	0.75		
19189	เกิร์ลส์	7	0.2	21920	0.47		
19190	ชุบตัว	7	0.2	18629	0.29		
19191	โพธิ	7	0.2	6974	0.03		
19192	ซาร์ส	7	0.2	19853	0.34		
19193	เหยอ	7	0.2	29089	1.26		
19194	รียส์	7	0.2	38311	speech-only		
19195	ฟอนต์	7	0.2	31941	speech-only		
19196	อูด	7	0.2	17607	0.24		
19197	ฮีน	7	0.2	11079	0.07		
19198	ทั่วทุกสารทิศ	7	0.2	18666	0.29		
19199	ม่น	7	0.2	30538	1.51		
19200	ฟริต	7	0.2	21444	0.44		
19201	กอลล์	7	0.2	26278	0.94		
19202	ขั้วลบ	7	0.2	32276	speech-only		
19203	จอสส์	7	0.2	27065	1.08		
19204	นักพยาธิวิทยา	7	0.2	31286	speech-only		
19205	เอทิล	7	0.2	26251	0.94		
19206	ดำแดง	7	0.2	20725	0.40		
19207	พิทท์	7	0.2	27983	1.26		
19208	สาวเท้า	7	0.2	11006	0.07		
19209	ขิน	7	0.2	21129	0.42		
19210	มมมมมมมม	7	0.2	38356	speech-only		
19211	ฉง	7	0.2	18473	0.28		
19212	ลิมป์	7	0.2	22717	0.54		
19213	ชาห์	7	0.2	16571	0.20		
19214	ไลด์	7	0.2	29236	1.51		
19215	พะยูน	7	0.2	16270	0.19		
19216	เป๊ง	7	0.2	30746	speech-only		
19217	มาม่าซัง	7	0.2		speech-only	slang	
19218	แยล	7	0.2	25178	0.75		
19219	รัชนะ	7	0.2	33689	speech-only		
19220	แฟ่	7	0.2	25293	0.84		
19221	ปสัน	7	0.2	21980	0.50		
19222	สตั๊ด	7	0.2	22755	0.54		
19223	ร็อกซ์	7	0.2	21121	0.42		
19224	ทารุ	7	0.2	34129	speech-only		
19225	งงงงง	7	0.2	28162	1.26		
19226	คลัตช์	7	0.2	14288	0.14		
19227	รัมมี่	7	0.2	21889	0.47		
19228	กรอบแกรบ	7	0.2	15821	0.18		
19229	ซวน	7	0.2	21621	0.47		
19230	ใจยักษ์	7	0.2	22167	0.50		
19231	เฮียร์	7	0.2	37328	speech-only		
19232	ห้าย	7	0.2	27848	1.08		
19233	แล่ม	7	0.2	17110	0.22		
19234	คอว์	7	0.2	22144	0.50		
19235	ช่างทอง	7	0.2	7259	0.03		
19236	เดือนมืด	7	0.2	15423	0.17		
19237	เป็นฝั่งเป็นฝา	7	0.2	21539	0.44		
19238	แหน่	7	0.2	25988	0.84		
19239	กฤษ	7	0.2	7022	0.03		
19240	เพริศแพร้ว	7	0.2	23984	0.69		
19241	ลุต	7	0.2	24629	0.75		
19242	เก้ต	7	0.2	38852	speech-only		
19243	แตกดับ	7	0.2	12971	0.11		
19244	บรีส	7	0.2	32645	speech-only		
19245	มิ้งค์	7	0.2	27756	1.08		
19246	ปลาเค็ม	7	0.2	12891	0.11		
19247	น็อท	7	0.2	34054	speech-only		
19248	ฟรังก์	7	0.2	16099	0.19		
19249	เวลซ์	7	0.2	39389	speech-only		
19250	สินค้าออก	7	0.2	6404	0.03		
19251	อีแอบ	7	0.2		speech-only	colloquial	
19252	อลังการงานสร้าง	7	0.2		speech-only	slang	
19253	ใส่ไส้	7	0.2	18005	0.26		
19254	อาง	7	0.2	18642	0.29		
19255	ฮั้ว	7	0.2	10807	0.07	colloquial	
19256	ทรัมป์	7	0.2	15315	0.16		
19257	เจื่อน	7	0.2	7859	0.04		
19258	นีส์	7	0.2	28245	1.26		
19259	เซียร์รา	7	0.2	32511	speech-only		
19260	บ่อง	7	0.2	23967	0.69		
19261	ลูกประคำ	7	0.2	28621	1.26		
19262	หน้ากระดาน	7	0.2	22741	0.54		
19263	หวานเย็น	7	0.2		speech-only	slang	
19264	เรเดียม	7	0.2	29977	1.51		
19265	เฟล็กซ์	7	0.2	27878	1.08		
19266	บูรี	7	0.2	25603	0.84		
19267	พนักงานอัยการ	7	0.2	4561	0.01		
19268	บรัสเซลส์	7	0.2	14626	0.15		
19269	ทังสเตน	7	0.2	21864	0.47		
19270	สาวไส้	7	0.2	25301	0.84		
19271	ลิดจ์	7	0.2	30881	speech-only		
19272	มท	7	0.2	12501	0.10		
19273	เลาจน์	7	0.2	22314	0.50		
19274	เฟิร์ท	7	0.2	25795	0.84		
19275	นองหน้า	7	0.2	15342	0.16		
19276	ฟุ้งกระจาย	7	0.2	11672	0.08		
19277	กระหืดกระหอบ	7	0.2	13649	0.12		
19278	อลอง	7	0.2	18271	0.27		
19279	วีโต้	7	0.2	19770	0.34		
19280	แมดริกัล	7	0.2	23816	0.63		
19281	กระเถิบ	7	0.2	13782	0.13		
19282	ตื่นใจ	7	0.2	14155	0.13		
19283	ค้างปี	7	0.2	23725	0.63		
19284	ซอร์ส	7	0.2	26610	0.94		
19285	ประทวน	7	0.2	14141	0.13		
19286	รินท์	7	0.2	26386	0.94		
19287	มกุฎราชกุมาร	7	0.2	6992	0.03		
19288	เย็นฉ่ำ	7	0.2	12043	0.09		
19289	แป๋ว	7	0.2	8465	0.04		
19290	เคนยา	7	0.2	12974	0.11		
19291	จงอาง	7	0.2	16333	0.19		
19292	อับบาส	7	0.2	18874	0.30		
19293	กึ๋ย	7	0.2	29422	1.51		
19294	ปีมะโว้	7	0.2		speech-only	slang	
19295	ลิกเตนสไตน์	7	0.2	26861	0.94		
19296	ปรโลก	7	0.2	16602	0.20		
19297	เน่ต์	7	0.2	28536	1.26		
19298	อุปโภค	7	0.2	5027	0.02		
19299	แม้ว	7	0.2	8980	0.05		
19300	อออออ	7	0.2	22054	0.50		
19301	ปรด	7	0.2	32494	speech-only		
19302	โดค	7	0.2	36511	speech-only		
19303	เจ่ง	7	0.2	32184	speech-only		
19304	หน่ำ	7	0.2	23556	0.63		
19305	บอตสวานา	7	0.2	23862	0.63		
19306	เซ้าธ์	7	0.2	29092	1.26		
19307	รองบ่อน	7	0.2	27407	1.08		
19308	แปร้	7	0.2	27079	1.08		
19309	ลัมพ์	7	0.2	26101	0.94		
19310	เฮียบ	7	0.2	27759	1.08		
19311	ล้วงมือ	7	0.2	14764	0.15		
19312	นวดแป้ง	7	0.2	19782	0.34		
19313	เตี๊ย	7	0.2	37942	speech-only		
19314	วี่ส์	7	0.2	38059	speech-only		
19315	ถ่านไฟฉาย	7	0.2	13172	0.11		
19316	ถอนทุน	7	0.2	18834	0.30		
19317	กราวนด์	7	0.2	15386	0.17		
19318	บี๊ป	7	0.2	25775	0.84		
19319	ประคุณ	7	0.2	13195	0.11		
19320	กติ	7	0.2	19976	0.36		
19321	ชัวส์	7	0.2	28783	1.26		
19322	คูหา	7	0.2	9355	0.05		
19323	เญ	7	0.2	30986	speech-only		
19324	ลับสมอง	7	0.2	26163	0.94		
19325	ปทาวน์	7	0.2	17244	0.23		
19326	สเน	7	0.2	36074	speech-only		
19327	ปักษี	7	0.2	18469	0.28		
19328	ศาลอาญา	7	0.2	8871	0.05		
19329	เอ็ส	7	0.2	39824	speech-only		
19330	ขว้า	7	0.2	31674	speech-only		
19331	แมคเคอเรล	7	0.2	37024	speech-only		
19332	เพทุบาย	7	0.2	18403	0.28		
19333	นิพนธ์	7	0.2	3722	0.01		
19334	พระเกียรติ	7	0.2	3358	0.01		
19335	คเกอ	7	0.2	26410	0.94		
19336	เป็ง	7	0.2	14804	0.15		
19337	เดรท	7	0.2	25918	0.84		
19338	ลีดส์	7	0.2	18450	0.28		
19339	คุ้มดีคุ้มร้าย	7	0.2	26749	0.94		
19340	ระงม	7	0.2	9784	0.06		
19341	พิจารณ์	7	0.2	10505	0.07		
19342	ปากห่าง	7	0.2	8614	0.04		
19343	เปาะ	7	0.2	12648	0.10		
19344	สไตส์	7	0.2	22438	0.54		
19345	ไดม์	7	0.2	30036	1.51		
19346	วอตซ์	7	0.2	39341	speech-only		
19347	ตรึงตรา	7	0.2	21219	0.44		
19348	ขับขัน	7	0.2	33780	speech-only		
19349	ติดสอยห้อยตาม	7	0.2	17969	0.26		
19350	คอสท์	7	0.2	19890	0.36		
19351	ลันเตา	7	0.2	16657	0.20		
19352	กาซ	7	0.2	22546	0.54		
19353	ผู้ปฏิบัติงาน	7	0.2	5032	0.02		
19354	โชติ	7	0.2	3534	0.01		
19355	ปร๋อ	7	0.2	14834	0.15		
19356	ฟร้องซ์	7	0.2	24421	0.69		
19357	ดรุ	7	0.2	12877	0.11		
19358	ริน์	7	0.2	36494	speech-only		
19359	ทิวา	7	0.2	7587	0.03		
19360	วิไล	7	0.2	6541	0.03		
19361	ฟอร์เวิร์ด	7	0.2	16159	0.19		
19362	พลตรี	7	0.2	9945	0.06		
19363	กลิ้น	7	0.2	26633	0.94		
19364	เซลลูโลส	7	0.2	22137	0.50		
19365	หงส์หยก	7	0.2	27261	1.08		
19366	ไสตล์	7	0.2	28444	1.26		
19367	หมดรูป	7	0.2	22258	0.50		
19368	ประกาศิต	7	0.2	14177	0.13		
19369	พระอาจารย์	7	0.2	6947	0.03		
19370	ฉะฉาน	7	0.2	15958	0.18		
19371	เดินเหิน	7	0.2	13147	0.11		
19372	จิ๊ป	7	0.2	16690	0.21		
19373	ไชส์	7	0.2	30679	speech-only		
19374	จ๊อกกี้	7	0.2	38658	speech-only		
19375	จีง	7	0.2	19193	0.31		
19376	โทโส	7	0.2	18538	0.28		
19377	สเปส	7	0.2	37810	speech-only		
19378	เขลอะ	7	0.2	25693	0.84		
19379	หูฉลาม	7	0.2	11396	0.08		
19380	ถือบวช	7	0.2	28008	1.26		
19381	แม่ผัว	7	0.2	13824	0.13	offensive	
19382	ยิ้มแฉ่ง	7	0.2	17766	0.25		
19383	สวิลล์	7	0.2	38761	speech-only		
19384	นิชย์	7	0.2	17581	0.24		
19385	หนื่อ	7	0.2	29811	1.51		
19386	พนธ์	7	0.2	19304	0.31		
19387	เล่นสำนวน	7	0.2	33030	speech-only		
19388	บ็อค	7	0.2	38682	speech-only		
19389	คัค	7	0.2	20936	0.42		
19390	เฟร้นช์	7	0.2	25552	0.84		
19391	ใจจืด	7	0.2	24574	0.75		
19392	ตระบัดสัตย์	7	0.2	37057	speech-only		
19393	ไหว้วาน	7	0.2	15883	0.18		
19394	อัจฉริยภาพ	7	0.2	10488	0.07		
19395	กรีดกราย	7	0.2	16642	0.20		
19396	สัปหงก	7	0.2	18491	0.28		
19397	ภาพจริง	7	0.2	16316	0.19		
19398	เอ็กส์	7	0.2	33231	speech-only		
19399	แกรนิต	7	0.2	23263	0.58		
19400	กระจิด	7	0.2	35628	speech-only		
19401	อุ้มชู	7	0.2	15545	0.17		
19402	ตู้กระจก	7	0.2	10751	0.07		
19403	เต็มประดา	7	0.2	13941	0.13		
19404	ซองขาว	7	0.2		speech-only	slang	
19405	ขูดเลือด	7	0.2	32572	speech-only		
19406	ถอง	7	0.2	18911	0.30		
19407	ราดหน้า	7	0.2		speech-only	slang	
19408	อารัมภบท	7	0.2	14599	0.14		
19409	คาถาอาคม	7	0.2	15628	0.18		
19410	ตัวเงินตัวทอง	7	0.2		speech-only	slang	
19411	หน้างอ	7	0.2	11036	0.07		
19412	สะบักสะบอม	7	0.2	17289	0.23	colloquial	
19413	สตัฟฟ์	7	0.2	19316	0.31		
19414	ฟม	7	0.2	27599	1.08		
19415	เคล็บ	7	0.2	27124	1.08		
19416	ดอกฟ้า	7	0.2	14892	0.15		
19417	กินโต๊ะ	7	0.2	22912	0.58		
19418	เหวอะหวะ	7	0.2	22349	0.50		
19419	ชวนหัว	7	0.2	20462	0.38		
19420	โองการ	7	0.2	14572	0.14		
19421	วิกฤติการณ์	7	0.2	8238	0.04		
19422	กำหนัด	7	0.2	10491	0.07		
19423	เกรียวกราว	7	0.2	12761	0.10		
19424	โฟเบีย	7	0.2	31979	speech-only		
19425	ปกรณ์	7	0.2	7521	0.03		
19426	ท้น	7	0.2	13663	0.12		
19427	คิดตก	7	0.2	22833	0.54		
19428	เตด	7	0.2	16775	0.21		
19429	แว้น	7	0.2	17722	0.24	slang	
19430	ครรลอง	7	0.2	10235	0.06		
19431	ท่น	7	0.2	20360	0.38		
19432	พอกพูน	7	0.2	12265	0.09		
19433	น้าาาาา	7	0.2	33362	speech-only		
19434	กีย	7	0.2	8358	0.04		
19435	นุษย์	7	0.2	24726	0.75		
19436	ซีซัน	7	0.2	24298	0.69		
19437	เศรฐ	7	0.2	22442	0.54		
19438	เคลื่อ	7	0.2	26801	0.94		
19439	สตอก	7	0.2	31056	speech-only		
19440	ขนบ	7	0.2	7118	0.03		
19441	น้ำกลั่น	7	0.2	20643	0.40	colloquial	
19442	สนพระทัย	7	0.2	9473	0.05		
19443	ไตย	7	0.2	9126	0.05		
19444	สว่น	7	0.2	24773	0.75		
19445	บ๊ง	7	0.2	27881	1.08		
19446	เดย	7	0.2	34884	speech-only		
19447	ช้อค	7	0.2	36413	speech-only		
19448	นล	7	0.2	9979	0.06		
19449	หัวเทียน	7	0.2	24325	0.69		
19450	ปัดเศษ	7	0.2	19249	0.31		y
19451	พังเพย	7	0.2	10867	0.07		
19452	หลุ	7	0.2	26966	1.08		
19453	หมื่อ	7	0.2	28734	1.26		
19454	ลลิส	7	0.2	36970	speech-only		
19455	แท่	7	0.2	19637	0.34		
19456	ถ่ายภาพยนตร์	7	0.2	15176	0.16		
19457	นต	7	0.2	18704	0.29		
19458	เมร	7	0.2	38991	speech-only		
19459	ล้มลุกคลุกคลาน	7	0.2	16037	0.18		
19460	เสมอต้นเสมอปลาย	7	0.2	12031	0.09		
19461	เจี๊ย	7	0.2	24995	0.75		
19462	สารบัญ	7	0.2	18158	0.26		
19463	หนักมือ	7	0.2	18041	0.26		
19464	กัค	7	0.2	19741	0.34		
19465	คั่งแค้น	7	0.2	18802	0.29		
19466	สัตย	7	0.2	15513	0.17		
19467	ษร	7	0.2	9131	0.05		
19468	ไหย	7	0.2	29902	1.51		
19469	เปลี่ยนผัน	7	0.2	30205	1.51		
19470	เรื่อว	7	0.2	36337	speech-only		
19471	เบสิก	7	0.2	17950	0.26		
19472	ปรง	7	0.2	21239	0.44		
19473	ลูกบ้าน	7	0.2	10089	0.06		
19474	เฟลก	7	0.2	32765	speech-only		
19475	ดริฟท์	7	0.2	28830	1.26		
19476	ไครส์	7	0.2	23456	0.63		
19477	วารสารศาสตร์	7	0.2	16908	0.22		
19478	สแตนดาร์ด	7	0.2	14671	0.15		
19479	จั๊วะ	7	0.2	19289	0.31		
19480	กรมท่า	7	0.2	15598	0.17		
19481	บีส์	7	0.2	21684	0.47		
19482	เฉอะแฉะ	7	0.2	17267	0.23		
19483	ถ้วนถี่	7	0.2	13938	0.13		
19484	ส่าง	7	0.2	22638	0.54		
19485	ภัณฑ	7	0.2	25153	0.75		
19486	วิพากษ์	7	0.2	3268	0.01		
19487	นำสมัย	7	0.2	16816	0.22		
19488	หนวย	7	0.2	35214	speech-only		
19489	ซุม	7	0.2	33004	speech-only		
19490	ออโตเมติก	7	0.2	19235	0.31		
19491	รู้เท่าไม่ถึงการณ์	7	0.2	11364	0.08		
19492	พรากผู้เยาว์	7	0.2	17536	0.24		
19493	สังหาริมทรัพย์	7	0.2	9728	0.06		
19494	แว้	7	0.2	14447	0.14		
19495	เขยก	7	0.2	32312	speech-only		
19496	อนุโลม	7	0.2	3215	0.01		
19497	ซอบ	7	0.2	27909	1.08		
19498	มาบ	7	0.2	7841	0.04		
19499	ลื่อ	7	0.2	14684	0.15		
19500	เข้าฌาน	7	0.2	19399	0.33		
19501	วิจาร	7	0.2	18019	0.26		
19502	แคนาเดียน	7	0.2	27774	1.08		
19503	นายท่า	7	0.2	23804	0.63		
19504	เร็ล	7	0.2	31644	speech-only		
19505	วงรอบ	7	0.2	18696	0.29		
19506	ฮัลล์	7	0.2	13545	0.12		
19507	รีโมทคอนโทรล	7	0.2	19530	0.33		
19508	โซว์	7	0.2	31126	speech-only		
19509	โปรเตสแตนต์	7	0.2	16407	0.20		
19510	ยากแค้น	7	0.2	12610	0.10		
19511	ทุรกันดาร	7	0.2	10924	0.07		
19512	โขมง	7	0.2	14891	0.15		
19513	ถ้อยแถลง	7	0.2	14695	0.15		
19514	อัตต	7	0.2	16232	0.19		
19515	ญะ	7	0.2	11760	0.09		
19516	ตะกวด	7	0.2	15979	0.18		
19517	พร้อย	7	0.2	15988	0.18		
19518	ซู้ด	7	0.2	13865	0.13		
19519	กังกล	7	0.2	31334	speech-only		
19520	โมเมนตัม	7	0.2	25179	0.75		y
19521	พยาล	7	0.2	32771	speech-only		
19522	อรร	7	0.2	19384	0.33		
19523	สมเสร็จ	7	0.2	23746	0.63		
19524	พิมเสน	7	0.2	14971	0.15		
19525	หมาหัวเน่า	7	0.2		speech-only	offensive	
19526	ตัวทำละลาย	7	0.2	21254	0.44		y
19527	คลื่อ	7	0.2	26827	0.94		
19528	ประกอบอาหาร	7	0.2	9241	0.05		
19529	สิท	7	0.2	8711	0.05		
19530	ลึม	7	0.2	21986	0.50		
19531	เข้ารีต	7	0.2	16518	0.20		
19532	คอมมิสชั่น	7	0.2	31992	speech-only		
19533	ฟันด์	7	0.2	19246	0.31		
19534	วันแห่งความรัก	7	0.2		speech-only	colloquial	
19535	กาษ	7	0.2	26813	0.94		
19536	ผู้้	7	0.2	39725	speech-only		
19537	เอนท์	7	0.2	33896	speech-only		
19538	พราด	7	0.2	20964	0.42		
19539	เพ็ด	7	0.2	20873	0.42		
19540	ตาทวด	7	0.2	17230	0.23		
19541	ฤท	7	0.2	6305	0.02		
19542	ถ่ายยา	7	0.2	27913	1.08		
19543	มั่งคั่งร่ำรวย	7	0.2	20969	0.42		
19544	จะเกร็ง	7	0.2	20443	0.38		
19545	ลงกา	7	0.2	13716	0.12		
19546	ไกย	7	0.2	20769	0.40		
19547	ฟ่อง	7	0.2	16569	0.20		
19548	บาศ	7	0.2	22249	0.50		
19549	วาววับ	7	0.2	8911	0.05		
19550	สื่อสารมวลชน	7	0.2	3901	0.01		
19551	ซูร์	7	0.2	12920	0.11		
19552	เช้น	7	0.2	24076	0.69		
19553	ขีดเส้นตาย	7	0.2	20761	0.40		
19554	ล้าย	7	0.2	23844	0.63		
19555	เกี้ยวพาราสี	7	0.2	16098	0.19		
19556	บัดนั้น	7	0.2	10634	0.07		
19557	ถ้าม	7	0.2	35281	speech-only		
19558	กินหาง	7	0.2	21280	0.44		
19559	หูผึ่ง	7	0.2	14625	0.15		
19560	ประปราย	7	0.2	8939	0.05		
19561	คาซัคสถาน	7	0.2	20846	0.42		
19562	อ่ง	7	0.2	24775	0.75		
19563	ลลลลล	7	0.2	33415	speech-only		
19564	ตาตี่	7	0.2	23033	0.58		
19565	สินค้าเข้า	7	0.2	8845	0.05		
19566	มยัง	7	0.2	33713	speech-only		
19567	ปล่อยไก่	7	0.2		speech-only	colloquial	
19568	เหร่อ	7	0.2	19960	0.36		
19569	ม้วย	7	0.2	13323	0.11		
19570	ตกเบ็ด	7	0.2	25472	0.84	offensive	
19571	ข้าวสุก	7	0.2	12426	0.10		
19572	สตอค	7	0.2	32862	speech-only		
19573	โกงกาง	7	0.2	13630	0.12		
19574	ทำหน้าทำตา	7	0.2	18848	0.30		
19575	ทิ้ว	7	0.2	33628	speech-only		
19576	หัวเมือง	7	0.2	4237	0.01		
19577	เฒ่าทารก	7	0.2		speech-only	offensive	
19578	โคย	7	0.2	28817	1.26		
19579	อี๋อ๋อ	7	0.2	20155	0.36		
19580	ตุ้งติ้ง	7	0.2	14819	0.15	slang	
19581	ช้อบ	7	0.2	20539	0.40		
19582	ป้อแป้	7	0.2	21375	0.44		
19583	ตตัว	7	0.2	38053	speech-only		
19584	สตัง	7	0.2	23908	0.63		
19585	จาบจ้วง	7	0.2	17501	0.24		
19586	อนัน	7	0.2	12463	0.10		
19587	เกรียว	7	0.2	11564	0.08		
19588	กล่ม	7	0.2	20517	0.38		
19589	ขัว	7	0.2	20285	0.38		
19590	ภัม	7	0.2	29909	1.51		
19591	ทิต	7	0.2	13258	0.11		
19592	พรรดิ	7	0.2	19963	0.36		
19593	เล่นหูเล่นตา	7	0.2	24052	0.69		
19594	สแปน	7	0.2	27786	1.08		
19595	อวดรู้	7	0.2	18651	0.29		
19596	กระชอน	7	0.2	18342	0.27		
19597	คับคั่ง	7	0.2	7283	0.03		
19598	สันทัด	7	0.2	10317	0.06		
19599	กวัก	7	0.2	7959	0.04		
19600	มิดแลนด์	7	0.2	31049	speech-only		
19601	อหังการ	7	0.2	13963	0.13		
19602	กวาดต้อน	7	0.2	10939	0.07		
19603	เวอร์จิน	7	0.2	19940	0.36		
19604	รอนแรม	7	0.2	14126	0.13		
19605	ทำอนาจาร	7	0.2	20334	0.38		
19606	โรตารี่	7	0.2	24219	0.69		
19607	ประเด	7	0.2	17570	0.24		
19608	ฉิ้ง	7	0.2	23356	0.58		
19609	โซม	7	0.2	18277	0.27		
19610	ระวาง	7	0.2	2781	0.01		
19611	ฝีพาย	7	0.2	13667	0.12		
19612	หยุ่น	7	0.2	12074	0.09		
19613	บรัด	7	0.2	7684	0.04		
19614	ความเร่ง	7	0.2	19052	0.30		y
19615	บูคาเรสต์	7	0.2	35264	speech-only		
19616	หนืด	7	0.2	12691	0.10		
19617	ลงกลอน	7	0.2	14554	0.14		
19618	ดั๋ง	7	0.2	28545	1.26		
19619	หางเปีย	7	0.2	21304	0.44		
19620	พระธิดา	7	0.2	18566	0.28		
19621	รุ่นราวคราวเดียวกัน	7	0.2	14948	0.15		
19622	ว่ง	7	0.2	29274	1.51		
19623	ดาต้าเบส	7	0.2	32070	speech-only		
19624	หนุ่น	7	0.2	27945	1.26		
19625	คร่ำเคร่ง	7	0.2	12442	0.10		
19626	ม่ก	7	0.2	37947	speech-only		
19627	ถอก	7	0.2	30973	speech-only		
19628	กรรมวิธี	7	0.2	5858	0.02		
19629	อุตริ	7	0.2	13602	0.12		
19630	จุดศูนย์ถ่วง	7	0.2	25442	0.84		
19631	เทววิทยา	7	0.2	19866	0.34		
19632	ไซปรัส	7	0.2	19067	0.30		
19633	หัตถกรรม	7	0.2	5031	0.02		
19634	ติดสัด	7	0.2	28934	1.26		
19635	กอริลลา	7	0.2	13754	0.12		
19636	เจือ	7	0.2	5758	0.02		
19637	ทุส	7	0.2	25403	0.84		
19638	กฎบัตร	7	0.2	10805	0.07		
19639	ร่มรื่น	7	0.2	6549	0.03		
19640	ฟันหนู	7	0.2	30587	1.51		
19641	นิย	7	0.2	19339	0.33		
19642	เดอะเฟส	7	0.2		speech-only	slang	
19643	นุกซ์	7	0.2	26536	0.94		
19644	บือ	7	0.2	21286	0.44		
19645	ปิ๋ง	7	0.2	31848	speech-only		
19646	แค็ม	7	0.2	37808	speech-only		
19647	อาระ	7	0.2	25084	0.75		
19648	อาม	7	0.2	26651	0.94		
19649	มหด	7	0.2	32594	speech-only		
19650	มุมกลับ	7	0.2	15714	0.18		
19651	กระดูกงู	7	0.2	27602	1.08		
19652	วีต	7	0.2	23876	0.63		
19653	วิ่งรอก	7	0.2	20428	0.38		
19654	หนักอก	7	0.2	13850	0.13		
19655	พระเยาว์	7	0.2	12431	0.10		
19656	เคนเนท	7	0.2	29359	1.51		
19657	ชุบเลี้ยง	7	0.2	14838	0.15		
19658	จิ่ว	7	0.2	18138	0.26		
19659	พระวรกาย	7	0.2	9499	0.05		
19660	จอหนัง	7	0.2	17842	0.25		
19661	พหูพจน์	7	0.2	17870	0.25		
19662	ยึกยือ	7	0.2	23160	0.58		
19663	สเนอร์	7	0.2	36440	speech-only		
19664	บอกแขก	7	0.2	28382	1.26		
19665	ช่อน	7	0.2	26721	0.94		
19666	เต้าเสียบ	7	0.2	33196	speech-only		
19667	พุทธศาสนา	7	0.2	1413	0.00		
19668	นิติบุคคล	7	0.2	2651	0.01		
19669	ขนลุกขนพอง	7	0.2	16866	0.22		
19670	คอนส์	7	0.2	31100	speech-only		
19671	ญี	7	0.2	12815	0.10		
19672	อัลตราไวโอเลต	7	0.2	17411	0.24		
19673	มนุษยศาสตร์	7	0.2	9832	0.06		
19674	สช	7	0.2	23029	0.58		
19675	ฮวบฮาบ	7	0.2	15555	0.17		
19676	เยี้ย	7	0.2	36231	speech-only		
19677	บู้บี้	7	0.2	13443	0.12		
19678	พัศ	7	0.2	24380	0.69		
19679	อนุสัญญา	7	0.2	2405	0.01		
19680	ญู่	7	0.2	38847	speech-only		
19681	นสค์	7	0.2	37019	speech-only		
19682	บาร์เบโดส	7	0.2	34560	speech-only		
19683	กจ	7	0.2	25770	0.84		
19684	นานนม	7	0.2	17450	0.24		
19685	คงขาด	7	0.2	23661	0.63		
19686	โปส	7	0.2	30347	1.51		
19687	ซัวร์	7	0.2	27834	1.08		
19688	เยียด	7	0.2	34628	speech-only		
19689	หน่ง	7	0.2	26500	0.94		
19690	ทนโท่	7	0.2	23420	0.63		
19691	เทษ	7	0.2	22811	0.54		
19692	ตีปีก	7	0.2	19505	0.33		
19693	บังกา	7	0.2	20708	0.40		
19694	ดุม	7	0.2	17100	0.22		
19695	ลมร้อน	7	0.2	12495	0.10		
19696	นิษ	7	0.2	34881	speech-only		
19697	อนินทรีย์	7	0.2	16528	0.20		
19698	ไอเซนฮาวร์	7	0.2	28102	1.26		
19699	กระเดื่อง	7	0.2	15074	0.16		
19700	โกธิค	7	0.2	25223	0.75		
19701	น้อยหน้า	7	0.2	8686	0.04		
19702	อิ่น	7	0.2	38893	speech-only		
19703	เปลี่ยง	7	0.2	32090	speech-only		
19704	หมวกแก๊ป	7	0.2	16207	0.19		
19705	เข่น	7	0.2	14938	0.15		
19706	หย่านม	7	0.2	20070	0.36		
19707	ปลาช่อน	7	0.2	8170	0.04		
19708	งาร	7	0.2	23678	0.63		
19709	สติกส์	7	0.2	27477	1.08		
19710	มารดร	7	0.2	24415	0.69		
19711	เยรูซาเลม	7	0.2	20970	0.42		
19712	หอจดหมายเหตุ	7	0.2	12967	0.11		
19713	ฃี	7	0.2	32415	speech-only		
19714	พรีเซนเตอร์	7	0.2	19952	0.36		
19715	บริเตน	7	0.2	25112	0.75		
19716	โอ่โถง	7	0.2	15090	0.16		
19717	ประสม	7	0.2	7392	0.03		
19718	มัจฉา	7	0.2	11195	0.08		
19719	ไฮโดรเจนซัลไฟด์	7	0.2	23314	0.58		
19720	แอลกฮอล์	7	0.2	34900	speech-only		
19721	ระห์	7	0.2	25539	0.84		
19722	แน่นขนัด	7	0.2	11811	0.09		
19723	นีท	7	0.2	17788	0.25		
19724	กุบ	7	0.2	17362	0.23		
19725	พีร	7	0.2	5406	0.02		
19726	เนสต์	7	0.2	29283	1.51		
19727	ฮ่องกงฟุต	7	0.2		speech-only	colloquial	
19728	ถั่วแระ	7	0.2	34433	speech-only		
19729	ป็อด	7	0.2	33960	speech-only		
19730	ออออออออ	7	0.2	38427	speech-only		
19731	ฐิษ	7	0.2	35655	speech-only		
19732	คววร	7	0.2	38329	speech-only		
19733	พฤติการณ์	7	0.2	3632	0.01		
19734	เหมือย	7	0.2	29162	1.51		
19735	เสียวซ่าน	7	0.2	25263	0.84		
19736	เลขนะ	7	0.2	33446	speech-only		
19737	เฮี้ย	7	0.2	24899	0.75		
19738	ฮุสเซน	7	0.2	15763	0.18		
19739	บัดดล	7	0.2	13058	0.11		
19740	ทุ้ม	7	0.2	6321	0.02		
19741	สวามิ	7	0.2	35164	speech-only		
19742	ขัดตา	7	0.2	15332	0.16		
19743	ยิงฟัน	7	0.2	15465	0.17		
19744	แทะโลม	7	0.2	21728	0.47		
19745	มายอ	7	0.2	24223	0.69		
19746	เมหือน	7	0.2	34737	speech-only		
19747	ศึ	7	0.2	16467	0.20		
19748	กระจุยกระจาย	7	0.2	18262	0.27		
19749	เหลอ	7	0.2	14757	0.15		
19750	เนื้อตาย	7	0.2	26673	0.94		
19751	สไลเดอร์	7	0.2	25443	0.84		
19752	ไอ้เข้	7	0.2		speech-only	offensive	
19753	ลูกรอก	7	0.2	20391	0.38		
19754	เกื้อ	7	0.2	4446	0.01		
19755	เหลื่อม	7	0.2	5275	0.02		
19756	เย้ง	7	0.2	38185	speech-only		
19757	ข่อย	7	0.2	14430	0.14		
19758	เสียกำลังใจ	7	0.2	22486	0.54		
19759	จับกัง	7	0.2	20687	0.40	colloquial	
19760	เหี้ยมาก	7	0.2		speech-only	offensive	
19761	เยย	7	0.2	31833	speech-only		
19762	ตูร์	7	0.2	12025	0.09		
19763	หมอนข้าง	7	0.2	14957	0.15		
19764	ฑะ	7	0.2	16788	0.21		
19765	จีโนม	7	0.2	34309	speech-only		
19766	ตะพาบ	7	0.2	20476	0.38		
19767	สุรเสียง	7	0.2	9923	0.06		
19768	ควินิน	7	0.2	21307	0.44		
19769	กระบือ	7	0.2	8763	0.05	slang	
19770	ซู้	7	0.2	19520	0.33		
19771	ถร	7	0.2	27016	1.08		
19772	รมภ์	7	0.2	25135	0.75		
19773	ธภัณฑ์	7	0.2	35651	speech-only		
19774	ธยม	7	0.2	36077	speech-only		
19775	หน้าขา	7	0.2	19219	0.31		
19776	มนู	7	0.2	11392	0.08		
19777	ไซลอน	7	0.2	21643	0.47		
19778	อกไก่	7	0.2	15618	0.17		
19779	คร้าน	7	0.2	10365	0.06		
19780	โคนม	7	0.2	11239	0.08		
19781	ดักต์	7	0.2	27955	1.26		
19782	เฉ่า	7	0.2	26751	0.94		
19783	เซ็ตต์	7	0.2	30302	1.51		
19784	น้ำมนตร์	7	0.2	34660	speech-only		
19785	ระเหิด	7	0.2	18511	0.28		
19786	เอนก	7	0.2	8540	0.04		
19787	ไหล่ทาง	7	0.2	18467	0.28		
19788	ธริ	7	0.2	37984	speech-only		
19789	พีต	6	0.2	19879	0.29		
19790	เมห์	6	0.2	22385	0.43		
19791	เยห์	6	0.2	36060	speech-only		
19792	ไอ้หยา	6	0.2		speech-only	colloquial	
19793	แอกซ์	6	0.2	21317	0.38		
19794	กลิช	6	0.2	30420	1.29		
19795	สาวแส้	6	0.2	30584	1.29		
19796	ดิลล์	6	0.2	35972	speech-only		
19797	โย้ว	6	0.2	36271	speech-only		
19798	ป๊าด	6	0.2	34173	speech-only		
19799	ดัมส์	6	0.2	22248	0.43		
19800	แค็บ	6	0.2	24770	0.65		
19801	กาญจนา	6	0.2	8291	0.04		
19802	คร่อ	6	0.2	27430	0.92		
19803	ฮอตดอก	6	0.2	28771	1.08		
19804	ชอมสกี	6	0.2	21524	0.38		
19805	พต	6	0.2	20788	0.34		
19806	ทราฟ	6	0.2	7845	0.03		
19807	แม็ตต์	6	0.2	34006	speech-only		
19808	พจ	6	0.2	18007	0.22		
19809	เบนิโต	6	0.2	34780	speech-only		
19810	ไอ้ถ่อย	6	0.2		speech-only	offensive	
19811	ธัช	6	0.2	11789	0.07		
19812	ริคก์	6	0.2	38071	speech-only		
19813	แลคเกอร์	6	0.2	29027	1.08		
19814	กิฟต์	6	0.2	22048	0.43		
19815	โต้ด	6	0.2	37172	speech-only		
19816	เวจมรรค	6	0.2	39192	speech-only		
19817	ฮู่ว	6	0.2	30875	speech-only		
19818	วรรณ	6	0.2	2362	0.00		
19819	โป๊ง	6	0.2	26892	0.81		
19820	หย้า	6	0.2	24209	0.59		
19821	ทั้งนี้ทั้งนั้น	6	0.2	17533	0.20		
19822	อินดัสเทรียล	6	0.2	31402	speech-only		
19823	หว้า	6	0.2	10125	0.05		
19824	ภักดิ์	6	0.2	11850	0.07		
19825	วิลลี	6	0.2	29115	1.08		
19826	เบอร์ค	6	0.2	21831	0.40		
19827	วิระ	6	0.2	27527	0.92		
19828	กะปิ	6	0.2	6057	0.02		
19829	คราเมอร์	6	0.2	34106	speech-only		
19830	เนียง	6	0.2	20299	0.32		
19831	อั้ก	6	0.2	18056	0.22		
19832	เง็น	6	0.2	30830	speech-only		
19833	ประดิษฐกรรม	6	0.2	12054	0.08		
19834	นันด์	6	0.2	19772	0.29		
19835	ฮัดชิ้ว	6	0.2		speech-only	colloquial	
19836	รำวง	6	0.2	12462	0.08		
19837	แฟรงก์เฟิร์ต	6	0.2	25411	0.72		
19838	เสวียน	6	0.2	39031	speech-only		
19839	จั้ง	6	0.2	21781	0.40		
19840	ไดนาไมต์	6	0.2	37041	speech-only		
19841	เฮฟเวน	6	0.2	37734	speech-only		
19842	เซตต์	6	0.2	30882	speech-only		
19843	คเนอร์	6	0.2	33873	speech-only		
19844	น้ำค้างแข็ง	6	0.2	25399	0.72		
19845	หลังยาว	6	0.2	21016	0.36		
19846	เบลย์	6	0.2	33364	speech-only		
19847	เฟอร์ดินานด์	6	0.2	15185	0.14		
19848	เป็ท	6	0.2	32337	speech-only		
19849	แลซ	6	0.2	25389	0.72		
19850	เน่อ	6	0.2	18340	0.23		
19851	ไวต์	6	0.2	25628	0.72		
19852	โพธิสัตว์	6	0.2	4108	0.01		
19853	เมียม	6	0.2	30971	speech-only		
19854	ควาก	6	0.2	36846	speech-only		
19855	เส้นลวด	6	0.2	9820	0.05		
19856	อ้อมแอ้ม	6	0.2	12561	0.09		
19857	กระบาล	6	0.2	32129	speech-only		
19858	ชีร์	6	0.2	31203	speech-only		
19859	พระองค์เจ้า	6	0.2	3487	0.01		
19860	ล่าย	6	0.2	24753	0.65		
19861	พระบรม	6	0.2	1832	0.00		
19862	มหาบพิตร	6	0.2	26650	0.81		
19863	อเลค	6	0.2	33310	speech-only		
19864	วค	6	0.2	37059	speech-only		
19865	บั๊กส์	6	0.2	30055	1.29		
19866	กีร	6	0.2	32700	speech-only		
19867	เก๋าเจ้ง	6	0.2		speech-only	offensive	
19868	เบลเกรด	6	0.2	32641	speech-only		
19869	เทอะ	6	0.2	14885	0.13		
19870	มอยส์	6	0.2	14814	0.13		
19871	โช้	6	0.2	31343	speech-only		
19872	อวี่	6	0.2	29851	1.29		
19873	เปลี่ยม	6	0.2	33754	speech-only		
19874	สโตนส์	6	0.2	30921	speech-only		
19875	เซซิล	6	0.2	33305	speech-only		
19876	ฟลัวร์	6	0.2	35908	speech-only		
19877	วอล์ช	6	0.2	22538	0.46		
19878	พิ้งค์	6	0.2	9792	0.05		
19879	ตูย	6	0.2	37455	speech-only		
19880	จั๊ว	6	0.2	19734	0.29		
19881	ซิสเต็ม	6	0.2	24632	0.65		
19882	แฮรี	6	0.2	23418	0.54		
19883	อื๋อ	6	0.2	18673	0.25		
19884	ตรีโกณมิติ	6	0.2	25051	0.65		y
19885	ใบตอง	6	0.2	7993	0.03		
19886	เบรชท์	6	0.2	35668	speech-only		
19887	เอาที่สบายใจ	6	0.2		speech-only	slang	
19888	หาวนอน	6	0.2	22911	0.50		
19889	ชส	6	0.2	38227	speech-only		
19890	ยอช	6	0.2	33232	speech-only		
19891	ติล	6	0.2	20281	0.32		
19892	ซิงห์	6	0.2	15743	0.15		
19893	โมดิฟาย	6	0.2	32001	speech-only		
19894	นายเรือ	6	0.2	10998	0.06		
19895	มัจ	6	0.2	21080	0.36		
19896	วัฒน์	6	0.2	2703	0.01		
19897	แทรน	6	0.2	37798	speech-only		
19898	โทง	6	0.2	17573	0.21		
19899	ซานต์	6	0.2	37658	speech-only		
19900	ดิกส์	6	0.2	38466	speech-only		
19901	ดริน	6	0.2	26799	0.81		
19902	อิสต์	6	0.2	16879	0.18		
19903	อเร่ย์	6	0.2	39950	speech-only		
19904	แกรก	6	0.2	11358	0.07		
19905	ทน์	6	0.2	22477	0.46		
19906	เหนียม	6	0.2	17669	0.21		
19907	ซ้น	6	0.2	28713	1.08		
19908	เบ๊ะ	6	0.2	17672	0.21		
19909	เฝ่า	6	0.2	29538	1.29		
19910	กั้ว	6	0.2	31188	speech-only		
19911	กิ้งกือ	6	0.2	19585	0.28		
19912	ค็อช	6	0.2	37474	speech-only		
19913	งืม	6	0.2	23454	0.54		
19914	ธรรมเนียมประเพณี	6	0.2	21525	0.38		
19915	สัปดน	6	0.2	15150	0.14		
19916	อสิ	6	0.2	16154	0.16		
19917	เนจ	6	0.2	17103	0.19		
19918	เบิร์กลีย์	6	0.2	28310	1.08		
19919	ไทย์	6	0.2	25018	0.65		
19920	สคะ	6	0.2	36850	speech-only		
19921	จั๊ด	6	0.2	28465	1.08		
19922	ซากดึกดำบรรพ์	6	0.2	12583	0.09		
19923	ดาวนิง	6	0.2	32584	speech-only		
19924	ดินส์	6	0.2	34330	speech-only		
19925	โอร์	6	0.2	35500	speech-only		
19926	ออยส์	6	0.2	27826	0.92		
19927	ไรช์	6	0.2	33746	speech-only		
19928	ภาษีเงินได้	6	0.2	4144	0.01		
19929	ทอดสายตา	6	0.2	9667	0.05		
19930	แง่ง	6	0.2	16361	0.17	colloquial	
19931	โกท	6	0.2	34069	speech-only		
19932	แยร์	6	0.2	14783	0.13		
19933	วววว์	6	0.2	35948	speech-only		
19934	เคิร์ฟ	6	0.2	32307	speech-only		
19935	ตุม	6	0.2	17089	0.19		
19936	ออช	6	0.2	39190	speech-only		
19937	ธัมบ์	6	0.2	30481	1.29		
19938	ปุก	6	0.2	14164	0.12		
19939	กกกกกก	6	0.2	20226	0.32		
19940	ฟิลส์	6	0.2	28333	1.08		
19941	สปาเกตตี	6	0.2	21365	0.38		
19942	ภาษาใบ้	6	0.2		speech-only	offensive	
19943	ริธ	6	0.2	27809	0.92		
19944	เผ็ง	6	0.2	31138	speech-only		
19945	ซีแลนด์	6	0.2	31253	speech-only		
19946	วริ	6	0.2	18876	0.26		
19947	นอด	6	0.2	24582	0.65		
19948	จอว์	6	0.2	33964	speech-only		
19949	แว้ก	6	0.2	10356	0.06		
19950	มิ่งส์	6	0.2	33688	speech-only		
19951	กรมป่าไม้	6	0.2	7383	0.03		
19952	มัธยัสถ์	6	0.2	16019	0.16		
19953	น้อยหน่า	6	0.2	15725	0.15	slang	
19954	ขอพระราชทาน	6	0.2	7645	0.03		
19955	ฮาท	6	0.2	25590	0.72		
19956	หมาบ	6	0.2	38901	speech-only		
19957	ศัลย	6	0.2	30385	1.29		
19958	พระกรุณาธิคุณ	6	0.2	14435	0.12		
19959	โมร็อกโก	6	0.2	7285	0.03		
19960	นาทาล	6	0.2	18442	0.24		
19961	ฟิล์	6	0.2	24585	0.65		
19962	สังฆ	6	0.2	11680	0.07		
19963	คิ่น	6	0.2	34203	speech-only		
19964	ห้าแต้ม	6	0.2	25741	0.72		
19965	โรบ	6	0.2	36380	speech-only		
19966	ศิลปกรรม	6	0.2	5694	0.02		
19967	ปากคีบ	6	0.2	26551	0.81		
19968	ซุ่	6	0.2	34582	speech-only		
19969	สปอท	6	0.2	32977	speech-only		
19970	เซฮร์	6	0.2	29330	1.29		
19971	เม่นทะเล	6	0.2	12151	0.08		
19972	เมสเซนเจอร์	6	0.2	18117	0.22		
19973	ช้อง	6	0.2	21795	0.40		
19974	ฮีส์	6	0.2	39780	speech-only		
19975	ธารณะ	6	0.2	35453	speech-only		
19976	โอดโอย	6	0.2	14817	0.13		
19977	ไดฟ์	6	0.2	23752	0.54		
19978	ยูเรนัส	6	0.2	12725	0.09		
19979	สป็อต	6	0.2	36106	speech-only		
19980	องท์	6	0.2	38915	speech-only		
19981	เวิน	6	0.2	17094	0.19		
19982	จอแจ	6	0.2	11592	0.07		
19983	อัมพา	6	0.2	25384	0.72		
19984	เฟรเซอร์	6	0.2	20894	0.36		
19985	สกิด	6	0.2	31624	speech-only		
19986	งงงงงงงง	6	0.2	31648	speech-only		
19987	แบ็ง	6	0.2	27309	0.92		
19988	เครื่องคำนวณ	6	0.2	23121	0.50		
19989	ก่อง	6	0.2	14166	0.12		
19990	หุก	6	0.2	29555	1.29		
19991	หกคะเมน	6	0.2	17084	0.19		
19992	ลิศ	6	0.2	15173	0.14		
19993	กกหู	6	0.2	21813	0.40		
19994	ชาร์ลสตัน	6	0.2	25764	0.72		
19995	กะเพรา	6	0.2	12745	0.09	colloquial	
19996	กือ	6	0.2	16133	0.16		
19997	ไวย์	6	0.2	33929	speech-only		
19998	บุพเพสันนิวาส	6	0.2	17250	0.20		
19999	ฟุ่ง	6	0.2	26058	0.81		
20000	ดอกไม้ทะเล	6	0.2	8752	0.04		
20001	เพรสไบทีเรียน	6	0.2	38371	speech-only		
20002	นัป	6	0.2	27807	0.92		
20003	ซูด	6	0.2	38986	speech-only		
20004	มะคะ	6	0.2	32480	speech-only		
20005	เผือ	6	0.2	22406	0.46		
20006	ฮิด	6	0.2	13015	0.09		
20007	แบ๊ะ	6	0.2	30222	1.29		
20008	แชบ	6	0.2	36513	speech-only		
20009	กุมภ์	6	0.2	11131	0.06		
20010	ทรงเจ้า	6	0.2	15594	0.15		
20011	นมข้น	6	0.2	15810	0.15		
20012	ยูธ	6	0.2	13175	0.09		
20013	ตกล	6	0.2	36805	speech-only		
20014	ยาส	6	0.2	19974	0.31		
20015	เซทท์	6	0.2	39704	speech-only		
20016	ล้มสลาย	6	0.2	29402	1.29		
20017	ฮอร์ก	6	0.2	21428	0.38		
20018	กรูม	6	0.2	28917	1.08		
20019	ตวจ	6	0.2	30754	speech-only		
20020	ปวก	6	0.2	33511	speech-only		
20021	เฟม	6	0.2	22369	0.43		
20022	ชาก	6	0.2	22788	0.46		
20023	เครง	6	0.2	30175	1.29		
20024	สุร	6	0.2	2536	0.00		
20025	ลั้น	6	0.2	21735	0.40		
20026	ฟิลด์ส	6	0.2	29663	1.29		
20027	พระครู	6	0.2	8698	0.04		
20028	ทัปเปอร์แวร์	6	0.2	26326	0.81		
20029	นาฮ์	6	0.2	19396	0.28		
20030	ขยุกขยิก	6	0.2	15647	0.15		
20031	มีร์	6	0.2	19212	0.27		
20032	จ๊ก	6	0.2	14289	0.12		
20033	โชส	6	0.2	33386	speech-only		
20034	สเตก	6	0.2	33589	speech-only		
20035	ฑิ	6	0.2	13881	0.11		
20036	สจวต	6	0.2	39847	speech-only		
20037	วาที	6	0.2	9653	0.05		
20038	สเดล	6	0.2	36416	speech-only		
20039	อัฐ	6	0.2	13999	0.11	colloquial	
20040	หัวหมู	6	0.2	16811	0.18		
20041	เปลื่อง	6	0.2	39605	speech-only		
20042	ไดอะตอม	6	0.2	26936	0.92		
20043	อาหร	6	0.2	18614	0.25		
20044	ตาห	6	0.2	29478	1.29		
20045	อันตรา	6	0.2	21202	0.38		
20046	อาถรรพณ์	6	0.2	16062	0.16		
20047	ฟุ่ม	6	0.2	30398	1.29		
20048	หลุย์	6	0.2	37209	speech-only		
20049	กระบุง	6	0.2	9993	0.05		
20050	ฟื้ด	6	0.2	29383	1.29		
20051	อรหันต์	6	0.2	5412	0.02		
20052	ชี่ส์	6	0.2	26063	0.81		
20053	ปล่อยเนื้อปล่อยตัว	6	0.2	21046	0.36		
20054	ส่วห	6	0.2	30905	speech-only		
20055	ว่น	6	0.2	30197	1.29		
20056	เงาะ	6	0.2	7481	0.03	offensive	
20057	งน	6	0.2	19919	0.31		
20058	น้ำหน้า	6	0.2	13743	0.11		
20059	ขู่ขวัญ	6	0.2	28627	1.08		
20060	บรมวงศานุวงศ์	6	0.2	9661	0.05		
20061	ภัก	6	0.2	19190	0.27		
20062	แด่ว	6	0.2	23588	0.54		
20063	คียส์	6	0.2	37327	speech-only		
20064	เครื่องทำความเย็น	6	0.2	20711	0.34		
20065	แมทซ์	6	0.2	25186	0.65		
20066	สรรค	6	0.2	21861	0.40		
20067	กุ๋ย	6	0.2	32773	speech-only		
20068	เผ็น	6	0.2	25335	0.72		
20069	หมดเนื้อหมดตัว	6	0.2	15720	0.15		
20070	โกส์	6	0.2	32678	speech-only		
20071	ไข้ใจ	6	0.2	26050	0.81		
20072	ครุบ	6	0.2	34003	speech-only		
20073	ซังกะตาย	6	0.2	18296	0.23		
20074	ษณี	6	0.2	24812	0.65		
20075	เข้ารูปเข้ารอย	6	0.2	29043	1.08		
20076	ออกหน้าออกตา	6	0.2	16622	0.17		
20077	เก็ตส์	6	0.2	29660	1.29		
20078	ทรรศ	6	0.2	23497	0.54		
20079	รีว	6	0.2	20595	0.34		
20080	อัลไล	6	0.2		speech-only	slang	
20081	คละคลุ้ง	6	0.2	14393	0.12		
20082	สูบเลือดสูบเนื้อ	6	0.2	32690	speech-only		
20083	แคล้ว	6	0.2	11253	0.07		
20084	หน้อย	6	0.2	19907	0.31		
20085	ปรับแก้	6	0.2	8824	0.04		
20086	ระหองระแหง	6	0.2	19478	0.28		
20087	เดบิต	6	0.2	20018	0.31		
20088	บำเรอ	6	0.2	12374	0.08		
20089	ทอล์ก	6	0.2	22707	0.46		
20090	ปลาศ	6	0.2	36841	speech-only		
20091	ผู้ใหญ่บ้าน	6	0.2	4622	0.01		
20092	ฟุ้งเฟ้อ	6	0.2	13184	0.10		
20093	ล้างไพ่	6	0.2	31577	speech-only		
20094	ยุทธภัณฑ์	6	0.2	11172	0.07		
20095	นักถ่ายภาพ	6	0.2	27383	0.92		
20096	ท้องพระคลัง	6	0.2	21416	0.38		
20097	การร์	6	0.2	32138	speech-only		
20098	ขิก	6	0.2	27459	0.92		
20099	ปันผล	6	0.2	17513	0.20		
20100	สูติแพทย์	6	0.2	17824	0.22		
20101	มึด	6	0.2	28946	1.08		
20102	ลิ้นปี่	6	0.2	17210	0.20		
20103	ตบยุง	6	0.2	17317	0.20		
20104	ครวบ	6	0.2	38674	speech-only		
20105	จัดแสง	6	0.2	15357	0.14		
20106	ลูง	6	0.2	30652	speech-only		
20107	โทป	6	0.2	23721	0.54		
20108	ชบ	6	0.2	23905	0.54		
20109	ห้องแถว	6	0.2	8150	0.03		
20110	อนุเคราะห์	6	0.2	8922	0.04		
20111	มรณ์	6	0.2	21567	0.38		
20112	ทัย	6	0.2	5861	0.02		
20113	บีย์	6	0.2	30974	speech-only		
20114	วิสามัญฆาตกรรม	6	0.2	20034	0.31		
20115	เชบ	6	0.2	33332	speech-only		
20116	แก็ต	6	0.2	28383	1.08		
20117	ตั๊ว	6	0.2	22145	0.43		
20118	ขาดตลาด	6	0.2	14592	0.12		
20119	นิสัยใจคอ	6	0.2	18040	0.22		
20120	โมลี	6	0.2	21205	0.38		
20121	รัญจวน	6	0.2	13397	0.10		
20122	กว๊ะ	6	0.2	33548	speech-only		
20123	สกูป	6	0.2	27556	0.92		
20124	ขู	6	0.2	37083	speech-only		
20125	ม่ช	6	0.2	25500	0.72		
20126	โลญ	6	0.2	25757	0.72		
20127	ก่น	6	0.2	17125	0.19		
20128	สอดแทรก	6	0.2	6502	0.02		
20129	แธมป์	6	0.2	34084	speech-only		
20130	ก่นด่า	6	0.2	15024	0.13		
20131	ฉลองพระองค์	6	0.2	9803	0.05		
20132	สเตส	6	0.2	24731	0.65		
20133	กูร์	6	0.2	16794	0.18		
20134	เทียง	6	0.2	18675	0.25		
20135	ราชาศัพท์	6	0.2	10433	0.06		
20136	ลิ่น	6	0.2	16002	0.16		
20137	ใบบันทึก	6	0.2	31382	speech-only		
20138	เฉ่ง	6	0.2	20405	0.32	slang	
20139	พลอ	6	0.2	16732	0.18		
20140	จวด	6	0.2	20534	0.34		
20141	เจิ่ง	6	0.2	15860	0.15		
20142	ขึ้ง	6	0.2	16736	0.18		
20143	สุ้ม	6	0.2	19379	0.28		
20144	ซีเตอร์	6	0.2	31675	speech-only		
20145	สฟอร์	6	0.2	18025	0.22		
20146	จ่าง	6	0.2	13601	0.10		
20147	เรือพ่วง	6	0.2	24953	0.65		
20148	น่าย	6	0.2	27723	0.92		
20149	ขัดหู	6	0.2	13969	0.11		
20150	ตรั้ง	6	0.2	25376	0.72		
20151	บลัส	6	0.2	36159	speech-only		
20152	สเม	6	0.2	34702	speech-only		
20153	ซีพ	6	0.2	31275	speech-only		
20154	ซึก	6	0.2	22022	0.43		
20155	เนื้อทราย	6	0.2	21588	0.40		
20156	ฟูฟ่อง	6	0.2	17033	0.19		
20157	เสื้อฝน	6	0.2	21552	0.38		
20158	เรือด	6	0.2	23511	0.54		
20159	วางก้าม	6	0.2	23614	0.54		
20160	เปิดเปิง	6	0.2	14923	0.13		
20161	สายอากาศ	6	0.2	3877	0.01		
20162	เจดีย์	6	0.2	3640	0.01		y
20163	เสิน	6	0.2	26506	0.81		
20164	รัญ	6	0.2	14884	0.13		
20165	ทบวง	6	0.2	4628	0.01		
20166	กินเมือง	6	0.2	13729	0.11		
20167	ก่ง	6	0.2	22661	0.46		
20168	ตุ๊กตุ่น	6	0.2	20938	0.36		
20169	ไสย์	6	0.2	25173	0.65		
20170	สตีม	6	0.2	27046	0.92		
20171	ขอก	6	0.2	22151	0.43		
20172	ดต	6	0.2	20498	0.32		
20173	โมร	6	0.2	39764	speech-only		
20174	คริปตอน	6	0.2	37882	speech-only		
20175	เงื่อ	6	0.2	25869	0.72		
20176	พาราโบลา	6	0.2	28440	1.08		
20177	ฟอยด์	6	0.2	35001	speech-only		
20178	สุย	6	0.2	17643	0.21		
20179	แต็ม	6	0.2	33667	speech-only		
20180	แมลงภู่	6	0.2	14013	0.11		
20181	จับไข้	6	0.2	16516	0.17		
20182	เหลือแหล่	6	0.2	28235	1.08		
20183	ปุ๊บปั๊บ	6	0.2	20915	0.36		
20184	หัวหน้าพรรค	6	0.2	3587	0.01		
20185	ลบาร์ด	6	0.2	35959	speech-only		
20186	แยด	6	0.2	38300	speech-only		
20187	อภิปรัชญา	6	0.2	13939	0.11		
20188	เหรียง	6	0.2	37871	speech-only		
20189	สดุด	6	0.2	30655	speech-only		
20190	เท่าทุน	6	0.2	22593	0.46		
20191	ตามิน	6	0.2	32267	speech-only		
20192	วดี	6	0.2	3819	0.01		
20193	รัจ	6	0.2	21397	0.38		
20194	แอมโมเนียม	6	0.2	34776	speech-only		
20195	เราท์	6	0.2	39355	speech-only		
20196	กระเตื้อง	6	0.2	12007	0.08		
20197	บบบบบ	6	0.2	34004	speech-only		
20198	โบลด์	6	0.2	24173	0.59		
20199	ทนี่	6	0.2	35512	speech-only		
20200	ศาสต์	6	0.2	28251	1.08		
20201	สนาน	6	0.2	13916	0.11		
20202	ผู้หญิงต่ำ	6	0.2		speech-only	slang	
20203	เวเฟอร์	6	0.2	36557	speech-only		
20204	ทรุ	6	0.2	17458	0.20		
20205	พิจาร	6	0.2	16902	0.18		
20206	ไอระเหย	6	0.2	24068	0.59		
20207	เศรษฐ	6	0.2	5961	0.02		
20208	ศพท์	6	0.2	35762	speech-only		
20209	เซ้ง	6	0.2	10691	0.06		
20210	ถื่น	6	0.2	29346	1.29		
20211	ปริ่ม	6	0.2	11873	0.08		
20212	รอมชอม	6	0.2	14929	0.13		
20213	ละมุนละไม	6	0.2	14441	0.12		
20214	พรั่งพร้อม	6	0.2	11116	0.06		
20215	พันลำ	6	0.2	36101	speech-only		
20216	โมฮัมหมัด	6	0.2	15523	0.15		
20217	ลัษณ์	6	0.2	23112	0.50		
20218	รุกขชาติ	6	0.2	23576	0.54		
20219	ริอ่าน	6	0.2	16872	0.18		
20220	ไฟร	6	0.2	27240	0.92		
20221	ตั้งเค้า	6	0.2	16321	0.17		
20222	ง้อง	6	0.2	27716	0.92		
20223	หรรม	6	0.2		speech-only	slang	
20224	อิ่มเอิบ	6	0.2	8016	0.03		
20225	แรฟ	6	0.2	33237	speech-only		
20226	ฮาร์น	6	0.2	18312	0.23		
20227	เยง	6	0.2	7472	0.03		
20228	ลลิสต์	6	0.2	31002	speech-only		
20229	ถว	6	0.2	39677	speech-only		
20230	กล่าง	6	0.2	16380	0.17		
20231	หน้าตั้ง	6	0.2	8168	0.03		
20232	คดีแพ่ง	6	0.2	8282	0.04		
20233	อโยธ	6	0.2	12705	0.09		
20234	รุต	6	0.2	22034	0.43		
20235	แคลง	6	0.2	24820	0.65		
20236	คีส์	6	0.2	29045	1.08		
20237	ใจเสีย	6	0.2	11241	0.07		
20238	หง่าว	6	0.2	17315	0.20		
20239	กลั้วคอ	6	0.2	23605	0.54		
20240	เป็นตุเป็นตะ	6	0.2	34862	speech-only		
20241	โคต	6	0.2	20048	0.31		
20242	เหวี่ยงแห	6	0.2	19638	0.29		
20243	เฮ้ง	6	0.2	11786	0.07		
20244	ซีพียู	6	0.2	30866	speech-only		
20245	แชมเปียน	6	0.2	20350	0.32		
20246	หมั่นเพียร	6	0.2	10767	0.06		
20247	เว่	6	0.2	21064	0.36		
20248	อัปเดต	6	0.2		speech-only	colloquial	
20249	ยิต	6	0.2	26898	0.81		
20250	ศีลมหาสนิท	6	0.2	37700	speech-only		
20251	สาระแน	6	0.2	17263	0.20	offensive	
20252	เนเจอร์	6	0.2	15351	0.14		
20253	ขุ่นแค้น	6	0.2	32205	speech-only		
20254	กรมธรรม์ประกันภัย	6	0.2	12723	0.09		
20255	เล่นหัว	6	0.2	14043	0.11		
20256	คอนกรีตเสริมเหล็ก	6	0.2	17826	0.22		
20257	ปึงปัง	6	0.2	15512	0.15		
20258	จุดเยือกแข็ง	6	0.2	26962	0.92		y
20259	มนา	6	0.2	15732	0.15		
20260	ข้าวสวย	6	0.2	8906	0.04		
20261	รณีย์	6	0.2	28185	1.08		
20262	หรัย	6	0.2	34462	speech-only		
20263	สืบราชสมบัติ	6	0.2	20526	0.34		
20264	มโห	6	0.2	22825	0.46		
20265	นอกตำรา	6	0.2	24688	0.65		
20266	ขอไปที	6	0.2	16834	0.18		
20267	หยิบผิด	6	0.2	26315	0.81		
20268	จท	6	0.2	32602	speech-only		
20269	ศาสน	6	0.2	9086	0.04		
20270	หมางใจ	6	0.2	23570	0.54		
20271	นริ	6	0.2	16505	0.17		
20272	ดีย	6	0.2	27345	0.92		
20273	บุกบั่น	6	0.2	21801	0.40		
20274	ปกปักรักษา	6	0.2	12288	0.08		
20275	อาคันตุกะ	6	0.2	13836	0.11		
20276	พากเพียร	6	0.2	10572	0.06		
20277	ผ่อนส่ง	6	0.2	14033	0.11		
20278	ขึด	6	0.2	22372	0.43		
20279	ลมจับ	6	0.2	21987	0.43	colloquial	
20280	งัวเงีย	6	0.2	10099	0.05		
20281	กฤ	6	0.2	6848	0.02		
20282	เผิง	6	0.2	11390	0.07		
20283	เบอะ	6	0.2	22016	0.43		
20284	อาชีวะ	6	0.2	9642	0.05		
20285	กัลปาวสาน	6	0.2	24531	0.59		
20286	วิรัติ	6	0.2	27161	0.92		
20287	เพซ	6	0.2	38269	speech-only		
20288	ปลุกผี	6	0.2	21919	0.40		
20289	จุใจ	6	0.2	13854	0.11		
20290	ปุด	6	0.2	13018	0.09		
20291	เชิงอรรถ	6	0.2	10968	0.06		
20292	ผ่อนตาม	6	0.2	16455	0.17		
20293	พ็อค	6	0.2	14606	0.12		
20294	แพลทินัม	6	0.2	16635	0.17		
20295	ตาหลุด	6	0.2		speech-only	slang	
20296	จุนเจือ	6	0.2	12559	0.09		
20297	มัณฑนา	6	0.2	15398	0.14		
20298	คอรัล	6	0.2	38404	speech-only		
20299	พจน์	6	0.2	4180	0.01		y
20300	ฟอนท์	6	0.2	14024	0.11		
20301	มีเธน	6	0.2	28011	1.08		
20302	เติ่ม	6	0.2	32363	speech-only		
20303	ไบน์	6	0.2	25211	0.65		
20304	ดีเดือด	6	0.2	35344	speech-only		
20305	สี่เหลี่ยมจัตุรัส	6	0.2	12202	0.08		y
20306	เทอด	6	0.2	17781	0.22		
20307	เรือโดยสาร	6	0.2	16403	0.17		
20308	ขณะหนึ่ง	6	0.2	12167	0.08		
20309	ใก	6	0.2	22903	0.50		
20310	ผรั่ง	6	0.2	30661	speech-only		
20311	แค็ตตาล็อก	6	0.2	20805	0.34		
20312	เส็ด	6	0.2	22415	0.46		
20313	ป้าน	6	0.2	14874	0.13		
20314	เอิล	6	0.2	36384	speech-only		
20315	ชูโรง	6	0.2	21237	0.38		
20316	มักใหญ่	6	0.2	18902	0.26		
20317	หฤ	6	0.2	29054	1.08		
20318	ครึ้ง	6	0.2	33368	speech-only		
20319	ปลาด	6	0.2	23590	0.54		
20320	หญืง	6	0.2	36647	speech-only		
20321	ซีเซียม	6	0.2	36714	speech-only		
20322	ขับเคี่ยว	6	0.2	13499	0.10		
20323	ข้ามหน้าข้ามตา	6	0.2	26166	0.81		
20324	มนะ	6	0.2	23287	0.50		
20325	ลอยส์	6	0.2	37344	speech-only		
20326	กิฟท์	6	0.2	6703	0.02		
20327	กระซิก	6	0.2	12307	0.08		
20328	ซามัว	6	0.2	21387	0.38		
20329	เสิรฟ์	6	0.2	37471	speech-only		
20330	ยุแหย่	6	0.2	20253	0.32		
20331	แอนิเมชั่น	6	0.2	15861	0.15		
20332	อรรถรส	6	0.2	11812	0.07		
20333	ม่พ	6	0.2	36247	speech-only		
20334	มีอันจะกิน	6	0.2	11569	0.07		
20335	กรุ๊ง	6	0.2	20852	0.36		
20336	ต้อหิน	6	0.2	10637	0.06		
20337	เฟธ	6	0.2	28798	1.08		
20338	สวบ	6	0.2	15840	0.15		
20339	เป็นฟืนเป็นไฟ	6	0.2	18327	0.23		
20340	ถมถืด	6	0.2	27659	0.92		
20341	เพริด	6	0.2	14534	0.12		
20342	ขลับ	6	0.2	10497	0.06		
20343	หรุห	6	0.2	35643	speech-only		
20344	กลอก	6	0.2	9618	0.05		
20345	ทาวน์เฮาส์	6	0.2	18427	0.24		
20346	สมูต	6	0.2	37392	speech-only		
20347	ราชอิสริยาภรณ์	6	0.2	27519	0.92		
20348	แลล้ว	6	0.2	36589	speech-only		
20349	ดิ๊ว	6	0.2	31811	speech-only		
20350	โกลน	6	0.2	18586	0.24		
20351	สปรัง	6	0.2	39547	speech-only		
20352	ติดจรวด	6	0.2		speech-only	slang	
20353	กระชัง	6	0.2	9686	0.05		
20354	เพรียง	6	0.2	17017	0.19		
20355	วาดเส้น	6	0.2	15603	0.15		
20356	เต็มปากเต็มคำ	6	0.2	12796	0.09		
20357	ตราส์	6	0.2	36490	speech-only		
20358	ราชบุตร	6	0.2	5979	0.02		
20359	พระราชโอรส	6	0.2	8086	0.03		
20360	พระญาติ	6	0.2	11931	0.08		
20361	กั๋ว	6	0.2	14260	0.12		
20362	ผู้แทนราษฎร	6	0.2	8320	0.04		
20363	ติ่น	6	0.2	31497	speech-only		
20364	ฤๅ	6	0.2	14342	0.12	colloquial	
20365	นิป	6	0.2	22923	0.50		
20366	เครื่องใหญ่	6	0.2	18198	0.23		
20367	ไวย	6	0.2	10836	0.06		
20368	สืบพยาน	6	0.2	10051	0.05		
20369	สาละวน	6	0.2	11922	0.08		
20370	บอลติก	6	0.2	28491	1.08		
20371	ทุย	6	0.2	12077	0.08	offensive	
20372	ความหวังใหม่	6	0.2	12286	0.08		
20373	แรงดูด	6	0.2	19982	0.31		
20374	ไม้ลอย	6	0.2	23856	0.54		
20375	ขึ้นอืด	6	0.2		speech-only	offensive	
20376	รีบรุด	6	0.2	18803	0.25		
20377	ก๊อง	6	0.2	23271	0.50		
20378	ดินแดง	6	0.2	9008	0.04		
20379	เพลต	6	0.2	30472	1.29		
20380	ผีน้อย	6	0.2		speech-only	offensive	
20381	นักยิงปืน	6	0.2	28097	1.08		
20382	ป้อยอ	6	0.2	24485	0.59		
20383	ออฟติค	6	0.2	38003	speech-only		
20384	บิ้ง	6	0.2	28358	1.08		
20385	เดอน	6	0.2	36696	speech-only		
20386	หงิม	6	0.2	21000	0.36		
20387	ค่าป่วยการ	6	0.2	15962	0.16		
20388	ตุก	6	0.2	18814	0.25		
20389	ตีฉิ่ง	6	0.2		speech-only	slang	
20390	ฟูม	6	0.2	20675	0.34		
20391	สมัท	6	0.2	38647	speech-only		
20392	โอส์	6	0.2	32304	speech-only		
20393	สติ้ก	6	0.2	35931	speech-only		
20394	ชาวเน็ต	6	0.2		speech-only	slang	
20395	ธน	6	0.2	3005	0.01		
20396	รัศ	6	0.2	15619	0.15		
20397	ขึงพืด	6	0.2	28595	1.08		
20398	พลังลม	6	0.2	19810	0.29		
20399	ข้อบัญญัติ	6	0.2	10229	0.05		
20400	โหวง	6	0.2	16247	0.17		
20401	โลกันตร์	6	0.2	28062	1.08		
20402	ผึ่งผาย	6	0.2	13805	0.11		
20403	รหับ	6	0.2	27352	0.92		
20404	จวก	6	0.2	12349	0.08		
20405	อั๋น	6	0.2	14593	0.12		
20406	นัติ	6	0.2	33270	speech-only		
20407	จอมทัพ	6	0.2	13625	0.10		
20408	ฑัณฑ์	6	0.2	27942	1.08		
20409	เท่ง	6	0.2	10340	0.06		
20410	ชีฟอง	6	0.2	17504	0.20		
20411	พัทธ	6	0.2	5074	0.01		
20412	กงจักร	6	0.2	18541	0.24		
20413	วันนั้นของเดือน	6	0.2		speech-only	slang	
20414	นักภาษาศาสตร์	6	0.2	20016	0.31		
20415	ปฐมฤกษ์	6	0.2	15652	0.15		
20416	อตีด	6	0.2	37369	speech-only		
20417	สิ้นไร้ไม้ตอก	6	0.2	21359	0.38		
20418	มานุษ	6	0.2	30478	1.29		
20419	สำอาง	6	0.2	11296	0.07		
20420	บุฟ	6	0.2	23057	0.50		
20421	สมณะ	6	0.2	9221	0.04		
20422	ราคี	6	0.2	21713	0.40		
20423	จานเสียง	6	0.2	22319	0.43		
20424	ดื้น	6	0.2	30401	1.29		
20425	เฮล์	6	0.2	34107	speech-only		
20426	กรอซ	6	0.2	36774	speech-only		
20427	โตรก	6	0.2	19602	0.29		
20428	ชย	6	0.2	14487	0.12		
20429	มองต์บ	6	0.2	30002	1.29		
20430	เย้อ	6	0.2	38216	speech-only		
20431	อีโน	6	0.2	31841	speech-only		
20432	พอไปได้	6	0.2	20926	0.36		
20433	ไคลแมกซ์	6	0.2	23134	0.50		
20434	มัธยมศึกษา	6	0.2	3824	0.01		
20435	ร่างแห	6	0.2	32164	speech-only		
20436	น้ำแตก	6	0.2		speech-only	slang	
20437	ภ้า	6	0.2	36538	speech-only		
20438	แกรบ	6	0.2	29693	1.29		
20439	วาทยกร	6	0.2	19691	0.29		
20440	ป่อย	6	0.2	22136	0.43		
20441	หางเครื่อง	6	0.2	15069	0.13		
20442	เกรอะ	6	0.2	13674	0.10		
20443	เด้า	6	0.2	30645	speech-only	colloquial	
20444	เท็จจริง	6	0.2	14765	0.13		
20445	เกรอะกรัง	6	0.2	17665	0.21		
20446	เชลลีย์	6	0.2	29048	1.08		
20447	อิฉัน	6	0.2	6560	0.02		
20448	ทแยง	6	0.2	15291	0.14		
20449	พันตัน	6	0.2	21102	0.36		
20450	อารยชน	6	0.2	19604	0.29		
20451	อน่าง	6	0.2	24792	0.65		
20452	วัฒน	6	0.2	6775	0.02		
20453	มนุยษ์	6	0.2	33412	speech-only		
20454	อินทผลัม	6	0.2	18657	0.25		
20455	เนอร์ท	6	0.2	38532	speech-only		
20456	ร่มเย็น	6	0.2	7090	0.03		
20457	ตะปุ่มตะป่ำ	6	0.2	17686	0.21		
20458	เย็บเล่ม	6	0.2	21258	0.38		
20459	เวเบอร์	6	0.2	15931	0.16		
20460	ตนา	6	0.2	9462	0.05		
20461	แจ่ง	6	0.2	24196	0.59		
20462	ปเปล	6	0.2	31630	speech-only		
20463	แสะ	6	0.2	20419	0.32		
20464	หุน	6	0.2	19146	0.27		
20465	อวัย	6	0.2	31338	speech-only		
20466	จู๊บ	6	0.2	34399	speech-only		
20467	มุ่น	6	0.2	9837	0.05		
20468	เส็จ	6	0.2	32501	speech-only		
20469	แสม	6	0.2	12710	0.09		
20470	เร้ก	6	0.2	35732	speech-only		
20471	ตอส	6	0.2	29433	1.29		
20472	เสต็ป	6	0.2	37510	speech-only		
20473	เขตเลือกตั้ง	6	0.2	7860	0.03		
20474	สตาร์ต	6	0.2	13870	0.11		
20475	เพบ	6	0.2	31218	speech-only		
20476	ศาลเยาวชนและครอบครัว	6	0.2	10466	0.06		
20477	ส่ม	6	0.2	30170	1.29		
20478	มดดำ	6	0.2	19906	0.31		
20479	ปลุกปล้ำ	6	0.2	17341	0.20		
20480	เบ็ดเตล็ด	6	0.2	13368	0.10		
20481	เตรียน	6	0.2	32156	speech-only		
20482	ดินน้ำมัน	6	0.2	17713	0.21		
20483	สมาส	6	0.2	17146	0.19		
20484	อาเพศ	6	0.2	18317	0.23		
20485	ซีสต์	6	0.2	15473	0.14		
20486	อิ่มอกอิ่มใจ	6	0.2	18147	0.22		
20487	หุต	6	0.2	27685	0.92		
20488	โบลีเวีย	6	0.2	35800	speech-only		
20489	ปาร์ม	6	0.2	38008	speech-only		
20490	ละวาง	6	0.2	15577	0.15		
20491	ลุฟท์	6	0.2	26307	0.81		
20492	รัชกาล	6	0.2	1332	0.00		
20493	ตารางสอน	6	0.2	19349	0.28		
20494	องต์	6	0.2	36345	speech-only		
20495	โยต์	6	0.2	22238	0.43		
20496	น้ำพริก	6	0.2	4178	0.01		
20497	สูทธิ์	6	0.2	37116	speech-only		
20498	ตอยด์	6	0.2	18329	0.23		
20499	สฟู้ด	6	0.2	37710	speech-only		
20500	ซ่ก	6	0.2	24049	0.59		
20501	อั้ว	6	0.2	13943	0.11		
20502	บรีซ	6	0.2	38609	speech-only		
20503	สี่เหลี่ยมผืนผ้า	6	0.2	8940	0.04		y
20504	เส็ค	6	0.2	33127	speech-only		
20505	แอลเบเนีย	6	0.2	28661	1.08		
20506	ตำตา	6	0.2	24387	0.59		
20507	กรีธาทัพ	6	0.2	28929	1.08		
20508	ฑุ	6	0.2	12425	0.08		
20509	ดราฟต์	6	0.2	24475	0.59		
20510	สาห์	6	0.2	24146	0.59		
20511	เข้าชื่อ	6	0.2	12318	0.08		
20512	เอกเขนก	6	0.2	15146	0.14		
20513	ปทิสต์	6	0.2	31967	speech-only		
20514	วาต์	6	0.2	14226	0.12		
20515	บานเกล็ด	6	0.2	24551	0.59		
20516	หยิบยืม	6	0.2	11446	0.07		
20517	ลออ	6	0.2	13233	0.10		
20518	เฮี้ยว	6	0.2	18900	0.26		
20519	สำมะโนประชากร	6	0.2	27478	0.92		
20520	เตจ	6	0.2	33346	speech-only		
20521	บูรพา	6	0.2	4433	0.01		
20522	แบ็บ	6	0.2	30132	1.29		
20523	โหวงเหวง	6	0.2	20021	0.31		
20524	อากาศธาตุ	6	0.2	14245	0.12		
20525	ดาษดื่น	6	0.2	12668	0.09		
20526	ยูเทิร์น	6	0.2		speech-only	colloquial	
20527	ลูกวัด	6	0.2	19973	0.31		
20528	ลช	6	0.2	27229	0.92		
20529	ฝืดเคือง	6	0.2	13707	0.11		
20530	กีฎ	6	0.2	32927	speech-only		
20531	คาวปลา	6	0.2	36837	speech-only		
20532	หลบมุม	6	0.2	15302	0.14		
20533	ผ้าลาย	6	0.2	12566	0.09		
20534	สำมะโนครัว	6	0.2	17182	0.20		
20535	อุปโลกน์	6	0.2	17658	0.21		
20536	ลั้ว	6	0.2	31095	speech-only		
20537	จันทร	6	0.2	7135	0.03		
20538	ศาลโลก	6	0.2	17779	0.22		
20539	ลกู	6	0.2	27118	0.92		
20540	ธม	6	0.2	15056	0.13		
20541	ฮึ้ย	5	0.2	21241	0.32		
20542	อ๊ายยย	5	0.2	33155	speech-only		
20543	แสงเงินแสงทอง	5	0.2	25570	0.60		
20544	อุ่ย	5	0.2	22216	0.36		
20545	อาจิน	5	0.2	32213	speech-only		
20546	อ๋าาา	5	0.2	25407	0.60		
20547	โมช	5	0.2	27132	0.77		
20548	ยิ้มแหย	5	0.2	9795	0.04		
20549	ละแม	5	0.2	38073	speech-only		
20550	มักร	5	0.2	36732	speech-only		
20551	ชาวสีรุ้ง	5	0.2		speech-only	slang	
20552	พีส	5	0.2	36859	speech-only		
20553	นอฟฟ์	5	0.2	31676	speech-only		
20554	ยอนด์	5	0.2	33801	speech-only		
20555	ชนา	5	0.2	12440	0.07		
20556	นูย	5	0.2	31876	speech-only		
20557	แมสส์	5	0.2	34308	speech-only		
20558	นันท์	5	0.2	3283	0.01		
20559	สสาจ	5	0.2	37681	speech-only		
20560	พาจ	5	0.2	39406	speech-only		
20561	เอ๊อ	5	0.2	22317	0.36		
20562	ปัม	5	0.2	20061	0.26		
20563	หามิได้	5	0.2	12794	0.07		
20564	กะต๊าก	5	0.2	33946	speech-only		
20565	บรู๊ช	5	0.2	35929	speech-only		
20566	อั้ม	5	0.2	7976	0.03		
20567	แอนดรูวส์	5	0.2	31544	speech-only		
20568	ทัจ	5	0.2	33029	speech-only		
20569	นรา	5	0.2	8840	0.03		
20570	เพล้ง	5	0.2	17730	0.17		
20571	จุฟ	5	0.2	33816	speech-only		
20572	ทิพ	5	0.2	3875	0.01		
20573	เอ๋า	5	0.2	28878	0.90		
20574	จัท	5	0.2	29023	0.90		
20575	กแบง	5	0.2	16100	0.13		
20576	ครอลล์	5	0.2	39944	speech-only		
20577	ซอคเกอร์	5	0.2	21827	0.34		
20578	แมกซ์เวลล์	5	0.2	20330	0.27		
20579	โถ่ว	5	0.2	36072	speech-only		
20580	หูย	5	0.2	28374	0.90	colloquial	
20581	อู๊บ	5	0.2	26426	0.67		
20582	กริ๊ด	5	0.2	39180	speech-only		
20583	ลิลิต	5	0.2	7122	0.02		
20584	ชิลเลอร์	5	0.2	28431	0.90		
20585	ปู๊	5	0.2	39362	speech-only		
20586	อยุ่ร	5	0.2	38302	speech-only		
20587	เมตริกตัน	5	0.2	26887	0.67		
20588	ปากเป็ด	5	0.2	27728	0.77		
20589	ไหวติง	5	0.2	16254	0.14		
20590	อนิซ	5	0.2	35917	speech-only		
20591	อึ้ย	5	0.2	29691	1.08		
20592	ขุนทอง	5	0.2	11426	0.06		
20593	ยวบยาบ	5	0.2	27174	0.77		
20594	ไบด์	5	0.2	30772	speech-only		
20595	ตกฟาก	5	0.2	17601	0.17		
20596	ควอท	5	0.2	31084	speech-only		
20597	แทรนด์	5	0.2	31010	speech-only		
20598	เอชเอ็ม	5	0.2	33749	speech-only		
20599	ต๋อม	5	0.2	13198	0.08		
20600	บารอนเนส	5	0.2	38584	speech-only		
20601	อาร์ชี	5	0.2	17309	0.16		
20602	สตรัย	5	0.2	27752	0.77		
20603	ขอเดชะ	5	0.2	12357	0.07		
20604	เฟิน	5	0.2	14769	0.11		
20605	พริมโรส	5	0.2	30966	speech-only		
20606	มาทาดอร์	5	0.2	33779	speech-only		
20607	เหม่	5	0.2	26544	0.67		
20608	แก้วแดง	5	0.2	29974	1.08		
20609	ตเน	5	0.2	37418	speech-only		
20610	ไลท์เวท	5	0.2	38476	speech-only		
20611	ขันติ	5	0.2	10258	0.05		
20612	แอ๊น	5	0.2	5583	0.01		
20613	โจท	5	0.2	29667	1.08		
20614	ดมัว	5	0.2	37784	speech-only		
20615	บริกรรม	5	0.2	32395	speech-only		
20616	ทูลส์	5	0.2	36173	speech-only		
20617	ยอร์น	5	0.2	23164	0.41		
20618	แตรรถยนต์	5	0.2	39567	speech-only		
20619	ซิกมันด์	5	0.2	20171	0.26		
20620	โคห์	5	0.2	26374	0.67		
20621	อ๊ากกกกกก	5	0.2	39223	speech-only		
20622	เบเนดิกต์	5	0.2	24089	0.49		
20623	ฟรองค์	5	0.2	27930	0.90		
20624	จร้า	5	0.2		speech-only	slang	
20625	นาลี	5	0.2	39067	speech-only		
20626	แมคโคร	5	0.2	31479	speech-only		
20627	อะห์	5	0.2	23854	0.45		
20628	วิชาโท	5	0.2	26029	0.67		
20629	ปรี้	5	0.2	30200	1.08		
20630	เซียล	5	0.2	30493	1.08		
20631	ฟาดแข้ง	5	0.2		speech-only	slang	
20632	กระโน้น	5	0.2	14577	0.10		
20633	รอลส์	5	0.2	32484	speech-only		
20634	สาคู	5	0.2	12198	0.07		
20635	แกร๊ก	5	0.2	16962	0.15		
20636	กิจจะ	5	0.2	15482	0.12		
20637	ขี้เท่อ	5	0.2	30300	1.08		
20638	หัวหงอก	5	0.2	16264	0.14		
20639	ชไวท์	5	0.2	39835	speech-only		
20640	ญัติ	5	0.2	16887	0.15		
20641	หนักข้อ	5	0.2	14317	0.10		
20642	ไดท์	5	0.2	39610	speech-only		
20643	ข้าวเหนียว	5	0.2	4954	0.01	colloquial	
20644	ไมโตคอนเดรีย	5	0.2	15355	0.12		
20645	ธรีน	5	0.2	37764	speech-only		
20646	สามเหลี่ยมด้านเท่า	5	0.2	22361	0.36		
20647	ถึงไหนถึงกัน	5	0.2	22183	0.36		
20648	ปรวนแปร	5	0.2	15975	0.13		
20649	กลางดิน	5	0.2	17646	0.17		
20650	เมส์	5	0.2	30893	speech-only		
20651	ชาร์พ	5	0.2	37451	speech-only		
20652	แคลช	5	0.2	26165	0.67		
20653	ดิวส์	5	0.2	23128	0.41		
20654	น้ำข้าว	5	0.2	12388	0.07		
20655	ปที	5	0.2	31964	speech-only		
20656	ร่ก	5	0.2	21574	0.32		
20657	แจ๋ม	5	0.2	29532	1.08		
20658	หมาต๋า	5	0.2		speech-only	offensive	
20659	เด้นส์	5	0.2	21998	0.36		
20660	เนิล	5	0.2	27997	0.90		
20661	เหลือหลอ	5	0.2	21789	0.34		
20662	สเสจ	5	0.2	22805	0.38		
20663	โรตา	5	0.2	22125	0.36		
20664	วาซ	5	0.2	17175	0.16		
20665	สคัพ	5	0.2	18125	0.19		
20666	ตะหลิว	5	0.2	13784	0.09		
20667	เทมเปอร์	5	0.2	36487	speech-only		
20668	แปรญัตติ	5	0.2	8260	0.03		
20669	ซุกไซ้	5	0.2	17631	0.17		
20670	ตู๊ด	5	0.2	17486	0.17		
20671	จื๊อ	5	0.2	10514	0.05		
20672	แท้น	5	0.2	25409	0.60		
20673	หางจระเข้	5	0.2	16507	0.15		
20674	อ๊อส	5	0.2	28737	0.90		
20675	สัตววิทยา	5	0.2	21892	0.34		
20676	เกจ์	5	0.2	38568	speech-only		
20677	จับแพะชนแกะ	5	0.2	21060	0.30		
20678	แพ็ด	5	0.2	31884	speech-only		
20679	ไทท์	5	0.2	24164	0.49		
20680	โกบ	5	0.2	35717	speech-only		
20681	เมธานอล	5	0.2	33213	speech-only		
20682	สเก	5	0.2	36215	speech-only		
20683	ดริงค์	5	0.2	37531	speech-only		
20684	รึ่ง	5	0.2	30202	1.08		
20685	สกีน้ำ	5	0.2	24379	0.49		
20686	หน้าจั่ว	5	0.2	19431	0.23		
20687	ตแตก	5	0.2	34033	speech-only		
20688	จ้าาาาา	5	0.2	35276	speech-only		
20689	ทรานซิสเตอร์	5	0.2	17413	0.17		
20690	ตีเส้น	5	0.2	21915	0.34		
20691	เยียบ	5	0.2	13789	0.09		
20692	ตะละ	5	0.2	11093	0.05		
20693	สแก	5	0.2	39207	speech-only		
20694	มูลฝอย	5	0.2	2903	0.00		
20695	คอยล์	5	0.2	29817	1.08		
20696	เคล์	5	0.2	39009	speech-only		
20697	เปิก	5	0.2	15677	0.13		
20698	ใน่	5	0.2	22766	0.38		
20699	ฟีนอล	5	0.2	17864	0.18		
20700	ปรู๊ดปร๊าด	5	0.2	21681	0.34		
20701	เบรซ	5	0.2	36741	speech-only		
20702	สอาด	5	0.2	23519	0.45		
20703	อิจ	5	0.2	30945	speech-only		
20704	หัวก๊อก	5	0.2	34307	speech-only		
20705	โบลต์	5	0.2	25000	0.54		
20706	สแปร	5	0.2	27001	0.77		
20707	จินดา	5	0.2	6046	0.02		
20708	เด็ง	5	0.2	24399	0.49		
20709	ชั้ง	5	0.2	22597	0.38		
20710	แมล	5	0.2	29395	1.08		
20711	บรื้อ	5	0.2	35838	speech-only		
20712	ฟรองซ์	5	0.2	20885	0.30		
20713	ทั้งผอง	5	0.2	19688	0.24		
20714	สโกว์	5	0.2	20247	0.27		
20715	แอ้ก	5	0.2	26081	0.67		
20716	สะบัดมือ	5	0.2	15095	0.11		
20717	เปาะแปะ	5	0.2	16754	0.15		
20718	บรัท	5	0.2	29337	1.08		
20719	ผิวเรียบ	5	0.2	18175	0.19		
20720	ตลา	5	0.2	26638	0.67		
20721	ชั่ย	5	0.2	38123	speech-only		
20722	นเวลล์	5	0.2	39929	speech-only		
20723	เซาเทิร์น	5	0.2	28927	0.90		
20724	เมศ	5	0.2	18740	0.21		
20725	ลีร์	5	0.2	21669	0.34		
20726	ค้าาา	5	0.2	25359	0.60		
20727	ลาดเท	5	0.2	15195	0.11		
20728	สตอย	5	0.2	27234	0.77		
20729	ผมบ๊อบ	5	0.2	25020	0.54		
20730	ตึ๊ง	5	0.2	12878	0.08	colloquial	
20731	อุฟ	5	0.2	25414	0.60		
20732	เยียน	5	0.2	22121	0.36		
20733	สติส	5	0.2	28900	0.90		
20734	รูบ	5	0.2	29354	1.08		
20735	คราฟต์	5	0.2	32237	speech-only		
20736	ไมล์ทะเล	5	0.2	18285	0.19		
20737	ร่วมค้า	5	0.2	13922	0.09		
20738	กระสือ	5	0.2	9986	0.04		
20739	ลิกส์	5	0.2	34946	speech-only		
20740	ทฤษฎีบท	5	0.2	16292	0.14		y
20741	ประทิน	5	0.2	16885	0.15		
20742	ประภาส	5	0.2	4581	0.01		
20743	บาฮามา	5	0.2	29721	1.08		
20744	วัช	5	0.2	7491	0.02		
20745	น้ำครำ	5	0.2	15209	0.12		
20746	กระดาษแก้ว	5	0.2	12513	0.07		
20747	โนช	5	0.2	14275	0.10		
20748	พีอี	5	0.2	39266	speech-only		
20749	มารค	5	0.2	18656	0.21		
20750	เดลตา	5	0.2	19558	0.23		
20751	ไฮโล	5	0.2	19313	0.22		
20752	จิตเวชศาสตร์	5	0.2	21607	0.34		
20753	ซอกเกอร์	5	0.2	33583	speech-only		
20754	น้าง	5	0.2	26690	0.67		
20755	ปลงตก	5	0.2	15201	0.11		
20756	อสุ	5	0.2	20958	0.30		
20757	เกือ	5	0.2	31470	speech-only		
20758	สาธุชน	5	0.2	19702	0.24		
20759	ดำรัส	5	0.2	8823	0.03		
20760	ปปา	5	0.2	24561	0.54		
20761	เอโซ	5	0.2	37985	speech-only		
20762	แชมพ์	5	0.2	37916	speech-only		
20763	จีย	5	0.2	36317	speech-only		
20764	หทัย	5	0.2	8903	0.03		
20765	แข็ม	5	0.2	38169	speech-only		
20766	เกิย	5	0.2	39539	speech-only		
20767	เบี้ยหวัด	5	0.2	17028	0.16		
20768	โบ๊	5	0.2	20420	0.27		
20769	คาร์ต	5	0.2	16746	0.15		
20770	ชาตะ	5	0.2	24354	0.49		
20771	ชมา	5	0.2	17616	0.17		
20772	บันลือ	5	0.2	18315	0.19		
20773	ธอมป์	5	0.2	32783	speech-only		
20774	กริ้ง	5	0.2	36283	speech-only		
20775	กายน์	5	0.2	30842	speech-only		
20776	ตตาย	5	0.2	38814	speech-only		
20777	ปกติวิสัย	5	0.2	18071	0.19		
20778	รู้แกว	5	0.2	22529	0.38		
20779	แฟม	5	0.2	22925	0.41		
20780	ซูท	5	0.2	33206	speech-only		
20781	โคส์	5	0.2	30916	speech-only		
20782	โลเม	5	0.2	32099	speech-only		
20783	ไข้เหลือง	5	0.2	34439	speech-only		
20784	โกซ	5	0.2	36651	speech-only		
20785	หนง	5	0.2	21862	0.34		
20786	ขายฝัน	5	0.2	29039	0.90		
20787	นั่บ	5	0.2	37732	speech-only		
20788	เย็นใจ	5	0.2	15379	0.12		
20789	ฉะนี้	5	0.2	9570	0.04		
20790	ผิน	5	0.2	9681	0.04		
20791	ยยยยยยยยยย	5	0.2	35904	speech-only		
20792	เบือก	5	0.2	32332	speech-only		
20793	ตัวตืด	5	0.2	25277	0.60		
20794	จยอน	5	0.2	39923	speech-only		
20795	เสนียด	5	0.2	18596	0.20	offensive	
20796	แตล	5	0.2	25584	0.60		
20797	เบ๊นซ์	5	0.2	16855	0.15		
20798	เปียร์ส	5	0.2	24861	0.54		
20799	เหรีย	5	0.2	32881	speech-only		
20800	อิริยา	5	0.2	17098	0.16		
20801	ศิลปการ	5	0.2	24405	0.49		
20802	หลังไมค์	5	0.2		speech-only	slang	
20803	จันทรคราส	5	0.2		speech-only	colloquial	
20804	ปาลี	5	0.2	16188	0.13		
20805	ทม	5	0.2	11636	0.06		
20806	ไท้	5	0.2	7621	0.02		
20807	โหยง	5	0.2	11457	0.06		
20808	งู้	5	0.2	17457	0.17		
20809	ความถี่วิทยุ	5	0.2	20726	0.28		
20810	คะมำ	5	0.2	13528	0.09		
20811	เปลียก	5	0.2	34886	speech-only		
20812	แบ่งสันปันส่วน	5	0.2	17258	0.16		
20813	ไม่เต็มเต็ง	5	0.2		speech-only	offensive	
20814	เบิกพยาน	5	0.2	37127	speech-only		
20815	หัวเดียวกระเทียมลีบ	5	0.2	20887	0.30		
20816	แช็ท	5	0.2	38211	speech-only		
20817	เหว่	5	0.2	22328	0.36		
20818	ใจปลาซิว	5	0.2	31153	speech-only		
20819	เชกสเปียร์	5	0.2	25155	0.54		
20820	พาราฟิน	5	0.2	16405	0.14		
20821	ห่อย	5	0.2	34719	speech-only		
20822	กรึ่ม	5	0.2	31351	speech-only		
20823	ยุทธิ์	5	0.2	32041	speech-only		
20824	หยอย	5	0.2	19261	0.22		
20825	อ้ม	5	0.2	24018	0.49		
20826	เฟต์	5	0.2	32023	speech-only		
20827	นักบริหาร	5	0.2	6869	0.02		
20828	เจ้าพายุ	5	0.2	17534	0.17		
20829	จิ้มลิ้ม	5	0.2	14150	0.10		
20830	ไข่หวาน	5	0.2	22827	0.38		
20831	เคือ	5	0.2	37905	speech-only		
20832	โคลัมโบ	5	0.2	14702	0.11		
20833	อัดอั้นตันใจ	5	0.2	14941	0.11		
20834	ปมประสาท	5	0.2	26339	0.67		
20835	โลคัส	5	0.2	38102	speech-only		
20836	เนติก	5	0.2	25295	0.60		
20837	สะเต๊ะ	5	0.2	11660	0.06		
20838	ถึว	5	0.2	33941	speech-only		
20839	รักษ	5	0.2	14428	0.10		
20840	เชิงซ้อน	5	0.2	10694	0.05		
20841	โทษทางวินัย	5	0.2	15481	0.12		
20842	เป็ดง่อย	5	0.2		speech-only	colloquial	
20843	อดาม	5	0.2	25496	0.60		
20844	ครั่นคร้าม	5	0.2	17416	0.17		
20845	เจ่า	5	0.2	25057	0.54		
20846	มาร์กซ์	5	0.2	9700	0.04		
20847	การขี้	5	0.2		speech-only	offensive	
20848	ดิจิทัล	5	0.2	7444	0.02		
20849	กมลา	5	0.2	16577	0.15		
20850	โยบ	5	0.2	39783	speech-only		
20851	ตีตรวน	5	0.2	27971	0.90		
20852	บ้าน้ำลาย	5	0.2	35602	speech-only		
20853	เจ็บแค้น	5	0.2	13927	0.09		
20854	เบอร์ด	5	0.2	37464	speech-only		
20855	รายงานการประชุม	5	0.2	25455	0.60		
20856	คุ้ยเขี่ย	5	0.2	21138	0.30		
20857	กินดิบ	5	0.2	18421	0.20		
20858	เหลี่ยน	5	0.2	26742	0.67		
20859	เจ้าคณะ	5	0.2	13889	0.09		
20860	อ้อนแอ้น	5	0.2	16005	0.13		
20861	ปูเสฉวน	5	0.2	15945	0.13		
20862	จำยอม	5	0.2	9109	0.04		
20863	อุดมศึกษา	5	0.2	1914	0.00		
20864	ขลาดกลัว	5	0.2	19644	0.24		
20865	ลอสแอนเจลีส	5	0.2	29405	1.08		
20866	มดยอบ	5	0.2	28780	0.90		
20867	รัธ	5	0.2	32787	speech-only		
20868	ตละ	5	0.2	34149	speech-only		
20869	เลี่ยว	5	0.2	21830	0.34		
20870	ลักณ์	5	0.2	35883	speech-only		
20871	ชี้ฟ้า	5	0.2	10251	0.04		
20872	กิตติคุณ	5	0.2	19137	0.22		
20873	ขุก	5	0.2	25297	0.60		
20874	มหรสพ	5	0.2	5478	0.01		
20875	ดื้อแพ่ง	5	0.2	17412	0.17		
20876	ฉ้อราษฎร์บังหลวง	5	0.2	12827	0.07		
20877	ปองท์	5	0.2	34918	speech-only		
20878	ทีล	5	0.2	21614	0.34		
20879	มอลต้า	5	0.2	35141	speech-only		
20880	จั๊มป์	5	0.2	35459	speech-only		
20881	เจือก	5	0.2	34595	speech-only		
20882	โค่ว	5	0.2	24455	0.49		
20883	หนุง	5	0.2	21489	0.32		
20884	อิ๋ว	5	0.2	17732	0.17		
20885	อนาต	5	0.2	30970	speech-only		
20886	ดดดดดดดด	5	0.2	16151	0.13		
20887	เท้าแขน	5	0.2	16108	0.13		
20888	ปู่เจ้า	5	0.2	10574	0.05		
20889	เสลี่ยง	5	0.2	18325	0.19		
20890	สแตป	5	0.2	39816	speech-only		
20891	เครื่องอุปกรณ์	5	0.2	15565	0.12		
20892	ซาวอย	5	0.2	26552	0.67		
20893	ซีฟู้ด	5	0.2		speech-only	colloquial	
20894	โกด	5	0.2	28819	0.90		
20895	ยั้วะ	5	0.2	34738	speech-only		
20896	ยุท	5	0.2	18077	0.19		
20897	กลิ่ง	5	0.2	24578	0.54		
20898	ปลก	5	0.2	17817	0.18		
20899	เถือก	5	0.2	15939	0.13		
20900	วงกบ	5	0.2	25016	0.54		
20901	สืบสาย	5	0.2	9691	0.04		
20902	มีผ	5	0.2	35039	speech-only		
20903	ไม่ฟังเสียง	5	0.2	15119	0.11		
20904	ทะยานอยาก	5	0.2	16116	0.13		
20905	เบียดเบียน	5	0.2	4861	0.01		
20906	สภากาชาด	5	0.2	15750	0.13		
20907	สับปลับ	5	0.2	34326	speech-only		
20908	งงงงงงงงงง	5	0.2	29144	0.90		
20909	ดอกเล็ก	5	0.2	14323	0.10		
20910	ตุ้น	5	0.2	6890	0.02		
20911	มนี	5	0.2	30079	1.08		
20912	แผ่ซ่าน	5	0.2	13465	0.08		
20913	ช้างเผือก	5	0.2	8995	0.03	slang	
20914	เฟ้อ	5	0.2	13905	0.09		
20915	บนบาน	5	0.2	13676	0.09		
20916	เจ้อ	5	0.2	29156	0.90		
20917	สบัด	5	0.2	24579	0.54		
20918	ภูเก็ต	5	0.2	3664	0.01		
20919	เปะปะ	5	0.2	14607	0.10		
20920	ไคล้	5	0.2	31050	speech-only		
20921	ฮีส	5	0.2	25827	0.60		
20922	ส่น	5	0.2	19880	0.24		
20923	เชอราตัน	5	0.2	20468	0.27		
20924	ศรีม	5	0.2	32836	speech-only		
20925	พิบัติ	5	0.2	17885	0.18		
20926	เสาเข็ม	5	0.2	16113	0.13		
20927	ดีฟ	5	0.2	37253	speech-only		
20928	แข็งกล้า	5	0.2	21103	0.30		
20929	ยยยยยยยยยยย	5	0.2	32384	speech-only		
20930	เกลื้อน	5	0.2	17295	0.16		
20931	ทิปส์	5	0.2	34155	speech-only		
20932	กกกกกกก	5	0.2	25077	0.54		
20933	พวงหรีด	5	0.2	14207	0.10		
20934	เต้ง	5	0.2	23200	0.41		
20935	ผลบุญ	5	0.2	10501	0.05		
20936	บทบรรณาธิการ	5	0.2	12444	0.07		
20937	นีย	5	0.2	19925	0.26		
20938	กว้า	5	0.2	21018	0.30		
20939	นิ้ม	5	0.2	37157	speech-only		
20940	ตาเข	5	0.2	9932	0.04		
20941	คอตก	5	0.2	12791	0.07		
20942	คอนโดมิเนียม	5	0.2	10236	0.04		
20943	กุ๊น	5	0.2	14707	0.11		
20944	มั่นเหมาะ	5	0.2	18279	0.19		
20945	ดุลย์	5	0.2	13162	0.08		
20946	อิริเดียม	5	0.2	22323	0.36		
20947	ดัชต์	5	0.2	26008	0.60		
20948	อัดฉีด	5	0.2	10304	0.05		
20949	นิสม์	5	0.2	14189	0.10		
20950	ครำ	5	0.2	32997	speech-only		
20951	หัญ	5	0.2	32814	speech-only		
20952	กอดอก	5	0.2	7003	0.02		
20953	รายทาง	5	0.2	14320	0.10		
20954	ตัต	5	0.2	23771	0.45		
20955	วิสัญญี	5	0.2	27673	0.77		
20956	รุ้น	5	0.2	24129	0.49		
20957	เหวียง	5	0.2	29976	1.08		
20958	แร็ต	5	0.2	35626	speech-only		
20959	ล่วย	5	0.2	31439	speech-only		
20960	เก็บตก	5	0.2	19943	0.26		
20961	โขลง	5	0.2	15263	0.12		
20962	ฮ้อท	5	0.2	30675	speech-only		
20963	ยูริค	5	0.2	22573	0.38		
20964	โยน์	5	0.2	29644	1.08		
20965	พนักงานสอบสวน	5	0.2	2908	0.00		
20966	อเบอ	5	0.2	38369	speech-only		
20967	เป็ต	5	0.2	38833	speech-only		
20968	ซักไซร้	5	0.2	26851	0.67		
20969	จิตร	5	0.2	5047	0.01		
20970	งอหาย	5	0.2	17773	0.18		
20971	ปุยฝ้าย	5	0.2	14878	0.11		
20972	ก่อกรรมทำเข็ญ	5	0.2	22192	0.36		
20973	กวีนิพนธ์	5	0.2	8534	0.03		
20974	ข้าทาส	5	0.2	12059	0.06		
20975	ระเบิดเพลิง	5	0.2	22588	0.38		
20976	สมัยพระเจ้าเหา	5	0.2		speech-only	slang	
20977	นอบ	5	0.2	22955	0.41		
20978	จั๊มพ์	5	0.2	33126	speech-only		
20979	เพ็ง	5	0.2	10024	0.04		
20980	ซอร์ฟ	5	0.2	30822	speech-only		
20981	เลขลำดับ	5	0.2	28923	0.90		
20982	ชะงัด	5	0.2	11610	0.06		
20983	ขวัญหนีดีฝ่อ	5	0.2	22448	0.38		
20984	ลองภูมิ	5	0.2	23266	0.41		
20985	ปิ๋ว	5	0.2	19329	0.22		
20986	ตามเนื้อผ้า	5	0.2	23615	0.45		
20987	ส่าน	5	0.2	19624	0.24		
20988	เจี๋ยมเจี้ยม	5	0.2	23261	0.41		
20989	ทหารเลว	5	0.2	23803	0.45		
20990	มีต	5	0.2	21289	0.32		
20991	เหง่า	5	0.2	34537	speech-only		
20992	กายบริหาร	5	0.2	15823	0.13		
20993	ตัดทอน	5	0.2	9120	0.04		
20994	คห	5	0.2	16229	0.14		
20995	เคห	5	0.2	23194	0.41		
20996	ทอล์กโชว์	5	0.2	18597	0.20		
20997	โรมรัน	5	0.2	19483	0.23		
20998	ออตโตมัน	5	0.2	23629	0.45		
20999	พงศ์	5	0.2	2617	0.00		
21000	ระตู	5	0.2	31927	speech-only		
21001	อาระเบีย	5	0.2	10383	0.05		
21002	ครีต	5	0.2	28504	0.90		
21003	สุ่มตัวอย่าง	5	0.2	8607	0.03		
21004	รศ	5	0.2	17956	0.19		
21005	ซิมบับเว	5	0.2	15798	0.13		
21006	สมร	5	0.2	11908	0.06		
21007	โตงเตง	5	0.2	19717	0.24		
21008	หวู	5	0.2	18364	0.19		
21009	ดรุณี	5	0.2	4654	0.01		
21010	ชะง่อน	5	0.2	18710	0.21		
21011	เพิร์ธ	5	0.2	17855	0.18		
21012	สังคัง	5	0.2		speech-only	colloquial	
21013	ลพ	5	0.2	18628	0.21		
21014	ห้อยโหน	5	0.2	17034	0.16		
21015	ช้อก	5	0.2	29449	1.08		
21016	ไม้จริง	5	0.2	22447	0.38		
21017	บัพ	5	0.2	35099	speech-only		
21018	นิรโทษ	5	0.2	20695	0.28		
21019	ละเม็ด	5	0.2	17126	0.16		
21020	สกอล	5	0.2	36786	speech-only		
21021	ตุด	5	0.2	20697	0.28		
21022	ปารากวัย	5	0.2	20185	0.27		
21023	ซ่อนรูป	5	0.2	21252	0.32		
21024	กวาดตา	5	0.2	9391	0.04		
21025	เมมโมรี	5	0.2	33670	speech-only		
21026	ซิสต์	5	0.2	6872	0.02		
21027	ตกสะเก็ด	5	0.2	20216	0.27		
21028	ปีนเกลียว	5	0.2	21332	0.32		
21029	โหงว	5	0.2	10440	0.05		
21030	โพเดียม	5	0.2	28160	0.90		
21031	ข่มใจ	5	0.2	12801	0.07		
21032	คิสต์	5	0.2	27905	0.77		
21033	ขี้นก	5	0.2	18950	0.22	offensive	
21034	กึ้ก	5	0.2	29743	1.08		
21035	สนเท่ห์	5	0.2	16224	0.14		
21036	สองจิตสองใจ	5	0.2	18852	0.22		
21037	เปรา	5	0.2	38746	speech-only		
21038	ไล่เบี้ย	5	0.2	15726	0.13		
21039	ทกัน	5	0.2	34294	speech-only		
21040	ยุว	5	0.2	8655	0.03		
21041	เอเอ็ม	5	0.2	24466	0.49		
21042	โจ๋งครึ่ม	5	0.2	23867	0.45		
21043	เรือบิน	5	0.2		speech-only	colloquial	
21044	ลายไม้	5	0.2	21560	0.32		
21045	เฟกซ์	5	0.2	31432	speech-only		
21046	แผงคอ	5	0.2	24516	0.49		
21047	ชวิน	5	0.2	29349	1.08		
21048	มาร์ล	5	0.2	31220	speech-only		
21049	ยูนิเซฟ	5	0.2	17948	0.18		
21050	อีโหน่อีเหน่	5	0.2	15339	0.12		
21051	ด้วค	5	0.2	33517	speech-only		
21052	มหาบัณฑิต	5	0.2	10686	0.05		
21053	จริต	5	0.2	6439	0.02	offensive	
21054	จุดทศนิยม	5	0.2	17990	0.19		
21055	สนุบ	5	0.2	38894	speech-only		
21056	แผย	5	0.2	29855	1.08		
21057	กระดาษซับ	5	0.2	19871	0.24		
21058	เรือนเบี้ย	5	0.2	26073	0.67		
21059	พรายน้ำ	5	0.2	20995	0.30		
21060	ท็อบ	5	0.2	27682	0.77		
21061	กรุ้มกริ่ม	5	0.2	15073	0.11		
21062	นวจ	5	0.2	39332	speech-only		
21063	ขมิบ	5	0.2	10112	0.04		
21064	ใจเจ็บ	5	0.2		speech-only	slang	
21065	ดะห์	5	0.2	17147	0.16		
21066	ซ้าน	5	0.2	27442	0.77		
21067	รมัน	5	0.2	30852	speech-only		
21068	ปลิ	5	0.2	32827	speech-only		
21069	ขวัญแขวน	5	0.2	17143	0.16		
21070	ภูมิลำเนา	5	0.2	4520	0.01		
21071	มือไม่ถึง	5	0.2	29123	0.90		
21072	โหนก	5	0.2	10989	0.05		
21073	ลุ่น	5	0.2	15255	0.12		
21074	มิดฟิลด์	5	0.2	16305	0.14		
21075	หงวน	5	0.2	12639	0.07		
21076	ยิ่ม	5	0.2	25484	0.60		
21077	เศษเล็บ	5	0.2		speech-only	slang	
21078	ทรีล	5	0.2	37358	speech-only		
21079	ฟอร์แมท	5	0.2	35619	speech-only		
21080	บากหน้า	5	0.2	16538	0.15		
21081	ลค	5	0.2	36354	speech-only		
21082	ต้าง	5	0.2	23149	0.41		
21083	มกา	5	0.2	31906	speech-only		
21084	กากหมู	5	0.2	17285	0.16		
21085	ลูกปลา	5	0.2	10644	0.05		
21086	ใหห้	5	0.2	35119	speech-only		
21087	ยอท	5	0.2	34253	speech-only		
21088	กลื่น	5	0.2	33152	speech-only		
21089	เต็ก	5	0.2	6470	0.02		
21090	เลส์	5	0.2	27885	0.77		
21091	กินข้าวแดง	5	0.2		speech-only	slang	
21092	ยวด	5	0.2	22387	0.36		
21093	ซอกซอน	5	0.2	16650	0.15		
21094	พระราชฐาน	5	0.2	11608	0.06		
21095	เป็นงานเป็นการ	5	0.2	15722	0.13		
21096	เซี้ยว	5	0.2	22282	0.36		
21097	สวรรค์ชั้นเจ็ด	5	0.2		speech-only	slang	
21098	หางเลข	5	0.2	20947	0.30		
21099	แทนนิน	5	0.2	31699	speech-only		
21100	ย่าย	5	0.2	21940	0.34		
21101	สบับ	5	0.2	24872	0.54		
21102	หลาว	5	0.2	18727	0.21		
21103	แวส	5	0.2	38565	speech-only		
21104	คำทาย	5	0.2	22780	0.38		
21105	เฮลท์	5	0.2	25758	0.60		
21106	สำมะเลเทเมา	5	0.2	25622	0.60		
21107	เฝือ	5	0.2	19205	0.22		
21108	เปรื้อน	5	0.2	39101	speech-only		
21109	สเท	5	0.2	34982	speech-only		
21110	ศุข	5	0.2	7390	0.02		
21111	ข้าวกล้อง	5	0.2	8028	0.03		
21112	พระบาท	5	0.2	5090	0.01		
21113	ชร	5	0.2	17716	0.17		
21114	ตีโต้	5	0.2	28484	0.90		
21115	ไทยมุง	5	0.2	16715	0.15	slang	
21116	ตเทอร์	5	0.2	38292	speech-only		
21117	เล่นชู้	5	0.2	25717	0.60		
21118	จึ้น	5	0.2	24925	0.54		
21119	ดีอกดีใจ	5	0.2	12525	0.07		
21120	ตาหมากรุก	5	0.2	22626	0.38		
21121	ห้างร้าน	5	0.2	9174	0.04		
21122	พลเรือตรี	5	0.2	16379	0.14		
21123	หัวโขน	5	0.2	11745	0.06		
21124	ฟื้นฝอย	5	0.2	26574	0.67		
21125	ฟัซ	5	0.2	11240	0.05		
21126	สวิชต์	5	0.2	33572	speech-only		
21127	เพียน	5	0.2	21390	0.32		
21128	คีรีบูน	5	0.2	27455	0.77		
21129	ต็อง	5	0.2	33479	speech-only		
21130	โพรเจสเตอโรน	5	0.2	28588	0.90		
21131	อิดออด	5	0.2	13153	0.08		
21132	หลอดไฟฟ้า	5	0.2	19215	0.22		
21133	โบด์	5	0.2	23186	0.41		
21134	เตี๊ยว	5	0.2	28673	0.90		
21135	สเปช	5	0.2	31208	speech-only		
21136	โบรไมด์	5	0.2	28347	0.90		
21137	อหัง	5	0.2	27256	0.77		
21138	ลูม	5	0.2	39399	speech-only		
21139	โพลาร์	5	0.2	18038	0.19		
21140	กังฉิน	5	0.2	21156	0.30		
21141	หลีง	5	0.2	29369	1.08		
21142	โบ้ท	5	0.2	28488	0.90		
21143	บูติค	5	0.2	13665	0.09		
21144	ลอฟท์	5	0.2	21826	0.34		
21145	จิ่น	5	0.2	15435	0.12		
21146	ดวก	5	0.2	29404	1.08		
21147	สิ้นฤทธิ์	5	0.2	18734	0.21		
21148	ควิม	5	0.2	28416	0.90		
21149	ธรรมนูญ	5	0.2	7089	0.02		
21150	เสียงสระ	5	0.2	10367	0.05		
21151	วก่า	5	0.2	36218	speech-only		
21152	พ้าย	5	0.2	33222	speech-only		
21153	ตัวบท	5	0.2	5270	0.01		
21154	เจาะไข่แดง	5	0.2		speech-only	colloquial	
21155	เหลือรับ	5	0.2	21718	0.34		
21156	ทูนส์	5	0.2	38845	speech-only		
21157	เตี้ยว	5	0.2	39312	speech-only		
21158	ส่วนได้ส่วนเสีย	5	0.2	22025	0.36		
21159	ลงแป้ง	5	0.2	23002	0.41		
21160	ทรีซ	5	0.2	37719	speech-only		
21161	กษัต	5	0.2	17337	0.16		
21162	กำลังกาย	5	0.2	8909	0.03		
21163	เป็ห	5	0.2	31805	speech-only		
21164	พระภิกษุ	5	0.2	4646	0.01		
21165	ญุ	5	0.2	20793	0.28		
21166	วอร์ซอ	5	0.2	26309	0.67		
21167	ฒิ	5	0.2	15414	0.12		
21168	หยดย้อย	5	0.2	19836	0.24		
21169	ปั่นฝ้าย	5	0.2	20120	0.26		
21170	ต้อม	5	0.2	7756	0.03		
21171	ปรักหักพัง	5	0.2	20209	0.27		
21172	แฮ่ะ	5	0.2	17299	0.16		
21173	ตีตื้น	5	0.2	22105	0.36		
21174	สมัครพรรคพวก	5	0.2	14531	0.10		
21175	ปัญญ	5	0.2	21134	0.30		
21176	เงิร	5	0.2	37295	speech-only		
21177	ม่อย	5	0.2	19296	0.22		
21178	ข่วง	5	0.2	13780	0.09		
21179	ระกา	5	0.2	12480	0.07		
21180	หน่วยก้าน	5	0.2	18351	0.19		
21181	ญุ่	5	0.2	23994	0.49		
21182	จาริก	5	0.2	13065	0.08		
21183	ล้อง	5	0.2	21699	0.34		
21184	ทันฑ์	5	0.2	31403	speech-only		
21185	เพด	5	0.2	21882	0.34		
21186	เหง้า	5	0.2	10415	0.05		
21187	หนนะ	5	0.2	31223	speech-only		
21188	ปักหลั่น	5	0.2	23666	0.45		
21189	สายัณห์	5	0.2	14231	0.10		
21190	เต้อง	5	0.2	35181	speech-only		
21191	ปัจเจก	5	0.2	3991	0.01		
21192	เหยิง	5	0.2	34177	speech-only		
21193	ตีนเป็ด	5	0.2	23606	0.45		
21194	เรขา	5	0.2	19597	0.24		
21195	บิกส์	5	0.2	16641	0.15		
21196	คอมมูน	5	0.2	9283	0.04		
21197	คล่อม	5	0.2	31999	speech-only		
21198	ลูฟร์	5	0.2	23616	0.45		
21199	เทกระจาด	5	0.2	28552	0.90	slang	
21200	ปรก	5	0.2	10441	0.05		
21201	สริ	5	0.2	19104	0.22		
21202	ชนัก	5	0.2	17037	0.16		
21203	วงษ์	5	0.2	4998	0.01		
21204	ต้มยำ	5	0.2	7327	0.02		y
21205	ลัญจกร	5	0.2	23245	0.41		
21206	ราชบัณฑิต	5	0.2	13251	0.08	colloquial	
21207	สถาม	5	0.2	29955	1.08		
21208	เขื่อง	5	0.2	11416	0.06		
21209	ดีย์	5	0.2	32838	speech-only		
21210	จาห	5	0.2	33171	speech-only		
21211	หมายอาญา	5	0.2	23441	0.45		
21212	สี่เหลี่ยมคางหมู	5	0.2	18762	0.21		
21213	มีแก่ใจ	5	0.2	13415	0.08		
21214	เหน้า	5	0.2	28666	0.90		
21215	คราใด	5	0.2	14958	0.11		
21216	จ๋อง	5	0.2	20648	0.28		
21217	พัช	5	0.2	5103	0.01		
21218	สดุ	5	0.2	28022	0.90		
21219	แช็ก	5	0.2	32498	speech-only		
21220	ประหัตประหาร	5	0.2	16929	0.15		
21221	แดป	5	0.2	29942	1.08		
21222	ฮฮฮ	5	0.2	34711	speech-only		
21223	คูฟ	5	0.2	34655	speech-only		
21224	คุฟ	5	0.2	37948	speech-only		
21225	กระหนาบ	5	0.2	19016	0.22		
21226	เศร	5	0.2	34390	speech-only		
21227	ฟุ้ม	5	0.2	32530	speech-only		
21228	เฟือย	5	0.2	33096	speech-only		
21229	ตึ้ง	5	0.2	16934	0.15		
21230	อเร็ก	5	0.2	31475	speech-only		
21231	ยั่วเย้า	5	0.2	14187	0.10		
21232	ตรรกศาสตร์	5	0.2	24605	0.54		y
21233	ลูกคอ	5	0.2	21351	0.32		
21234	ยาสั่ง	5	0.2	25029	0.54		
21235	มณ์	5	0.2	35702	speech-only		
21236	ตลุย	5	0.2	37504	speech-only		
21237	เกื้อกูล	5	0.2	4498	0.01		
21238	คู่เคียง	5	0.2	16599	0.15		
21239	ชัญ	5	0.2	9505	0.04		
21240	นักปกครอง	5	0.2	16598	0.15		
21241	เพล็กซ์	5	0.2	14907	0.11		
21242	พิร	5	0.2	28044	0.90		
21243	เอกพจน์	5	0.2	20041	0.26		
21244	ภอ	5	0.2	25924	0.60		
21245	ลลี่ย์	5	0.2	39425	speech-only		
21246	เยิ่นเย้อ	5	0.2	14124	0.10		
21247	นครบาล	5	0.2	16137	0.13		
21248	สตาร์ด	5	0.2	34217	speech-only		
21249	วี่วัน	5	0.2	18440	0.20		
21250	ปัจฉิม	5	0.2	19776	0.24		
21251	แสควร์	5	0.2	20916	0.30		
21252	เอือ	5	0.2	18292	0.19		
21253	ผี่	5	0.2	32812	speech-only		
21254	ชะเง้อ	5	0.2	8863	0.03		
21255	ผึง	5	0.2	15145	0.11		
21256	ขวัญตา	5	0.2	22229	0.36		
21257	แพ้พ่าย	5	0.2	23667	0.45		
21258	ท็อฟ	5	0.2	28277	0.90		
21259	ลูซอน	5	0.2	12361	0.07		
21260	ชะลูด	5	0.2	15456	0.12		
21261	ใช้กรรม	5	0.2	13353	0.08		
21262	แทย	5	0.2	27290	0.77		
21263	อุบัติภัย	5	0.2	7974	0.03		
21264	แก้ลำ	5	0.2	25030	0.54		
21265	พังงา	5	0.2	7611	0.02		
21266	โคบอลต์	5	0.2	20564	0.28		
21267	ขาจร	5	0.2	20151	0.26		
21268	วาณิช	5	0.2	12819	0.07		
21269	กาเหว่า	5	0.2	23494	0.45		
21270	จุดยอด	5	0.2	20682	0.28		
21271	อาเฮีย	5	0.2	10062	0.04		
21272	ถ่วงดุล	5	0.2	8804	0.03		
21273	อตีต	5	0.2	37109	speech-only		
21274	อินส์	5	0.2	32058	speech-only		
21275	เฟียน	5	0.2	36689	speech-only		
21276	คาร์ฟ	5	0.2	22077	0.36		
21277	อีสาน	5	0.2	2473	0.00		
21278	ด้วว	5	0.2	30611	1.08		
21279	รีอา	5	0.2	30505	1.08		
21280	ทรัพย	5	0.2	17771	0.18		
21281	ปราด	5	0.2	6928	0.02		
21282	ณีย	5	0.2	24058	0.49		
21283	เจลาติน	5	0.2	18400	0.20		
21284	เครื่องเหล็ก	5	0.2	27597	0.77		
21285	โดร์	5	0.2	31062	speech-only		
21286	กราบเรือ	5	0.2	16510	0.15		
21287	ทุพพลภาพ	5	0.2	7326	0.02		
21288	ตลาดสด	5	0.2	7696	0.03		
21289	ณำ	5	0.2	31931	speech-only		
21290	ทิย์	5	0.2	37601	speech-only		
21291	กองทุนรวม	5	0.2	10814	0.05		
21292	เก่งแต่ปาก	5	0.2	39520	speech-only		
21293	กรู๊ป	5	0.2	35854	speech-only		
21294	กัดแทะ	5	0.2	22244	0.36		
21295	กามกิจ	5	0.2	21957	0.34		
21296	ดินร่วน	5	0.2	19864	0.24		
21297	กราส์	5	0.2	23798	0.45		
21298	ครัวซ์	5	0.2	23985	0.49		
21299	สมุห์	5	0.2	18512	0.20		
21300	ป่าละเมาะ	5	0.2	14203	0.10		
21301	อ่อนช้อย	5	0.2	10806	0.05		
21302	ถีบจักรยาน	5	0.2	14269	0.10		
21303	โอเพน	5	0.2	18430	0.20		
21304	ยุวชน	5	0.2	14233	0.10		
21305	หลังเต่า	5	0.2	24758	0.54		
21306	หลุง	5	0.2	24743	0.54		
21307	ธีส	5	0.2	25055	0.54		
21308	เหีย	5	0.2	27082	0.77		
21309	ลัดเลาะ	5	0.2	8986	0.03		
21310	เตร์	5	0.2	26336	0.67		
21311	พระนางเจ้า	5	0.2	4852	0.01		
21312	สกด	5	0.2	38020	speech-only		
21313	คอลัมนิสต์	5	0.2	9984	0.04		
21314	เชษฐ์	5	0.2	10757	0.05		
21315	เอกซ์เรย์	5	0.2	33245	speech-only		
21316	ตรีม	5	0.2	25148	0.54		
21317	ชะมด	5	0.2	17638	0.17		
21318	จีป	5	0.2	28262	0.90		
21319	หวิด	5	0.2	15683	0.13		
21320	กิ๊ง	5	0.2	18389	0.20		
21321	หบ	5	0.2	23398	0.45		
21322	อายุวัฒนะ	5	0.2	11559	0.06		
21323	เภสัชศาสตร์	5	0.2	10850	0.05		
21324	ก้ส	5	0.2	27061	0.77		
21325	เฮฟวี่เวท	5	0.2	27950	0.90		
21326	นูร์	5	0.2	21548	0.32		
21327	คูลา	5	0.2	26745	0.67		
21328	เสิร์ต	5	0.2	32445	speech-only		
21329	สำมะโน	5	0.2	18826	0.21		
21330	ต่าน	5	0.2	35730	speech-only		
21331	เหงือ	5	0.2	30220	1.08		
21332	ระทวย	5	0.2	15454	0.12		
21333	กฤษฎีกา	5	0.2	6380	0.02	colloquial	
21334	ร่วน	5	0.2	9587	0.04		
21335	รูล	5	0.2	28747	0.90		
21336	ตะกรัน	5	0.2	17879	0.18		
21337	เต้นกินรำกิน	5	0.2	27096	0.77		
21338	ตึงตัว	5	0.2	15230	0.12		
21339	ไฟเบอร์กลาส	5	0.2	19283	0.22		
21340	ถึงพริกถึงขิง	5	0.2	18453	0.20		
21341	แรงยึดเหนี่ยว	5	0.2	29883	1.08		
21342	เปิดการ์ด	5	0.2		speech-only	slang	
21343	ใฟ้	5	0.2	27330	0.77		
21344	แม็ทช์	5	0.2	26285	0.67		
21345	วัห	5	0.2	32583	speech-only		
21346	หมากเก็บ	5	0.2	23357	0.41		
21347	อรุ	5	0.2	13467	0.08		
21348	ทำเวร	5	0.2	20956	0.30		
21349	กระพุ้ง	5	0.2	29133	0.90		
21350	สรุ	5	0.2	23129	0.41		
21351	เอญ	5	0.2	32901	speech-only		
21352	เฟริ์	5	0.2	34067	speech-only		
21353	ควาว	5	0.2	29830	1.08		
21354	เนือย	5	0.2	11052	0.05		
21355	ลากอส	5	0.2	19359	0.23		
21356	เสาเอก	5	0.2	21688	0.34		
21357	ขวาม	5	0.2	38239	speech-only		
21358	ปัย	5	0.2	15354	0.12		
21359	คราน	5	0.2	34422	speech-only		
21360	บุ้ง	5	0.2	15549	0.12		
21361	เคิร์ล	5	0.2	33650	speech-only		
21362	อนุศาสนาจารย์	5	0.2	9340	0.04		
21363	กระพุ้งแก้ม	5	0.2	17737	0.17		
21364	พิทช์	5	0.2	33400	speech-only		
21365	หลังเท้า	5	0.2	18504	0.20		
21366	สะพานไฟ	5	0.2	26151	0.67		
21367	อุซเบกิสถาน	5	0.2	19628	0.24		
21368	บริษัทจำกัด	5	0.2	12866	0.08		
21369	ฤต	5	0.2	13422	0.08		
21370	ฟอร์โมซา	5	0.2	27657	0.77		
21371	บีต	5	0.2	35809	speech-only		
21372	ยัส	5	0.2	24599	0.54		
21373	เศล	5	0.2	29897	1.08		
21374	แพรค	5	0.2	28950	0.90		
21375	พัทธ์	5	0.2	9889	0.04		
21376	คละเคล้า	5	0.2	13720	0.09		
21377	ช็อกโกเลต	5	0.2	30367	1.08		
21378	ฑี	5	0.2	15769	0.13		
21379	กะบังลม	5	0.2	22311	0.36		
21380	ดัดจริต	5	0.2	12743	0.07	offensive	
21381	โคลว์	5	0.2	26946	0.77		
21382	สรวม	5	0.2	9176	0.04		
21383	จ็อง	4	0.1	36303	speech-only		
21384	มะรุ	4	0.1		speech-only	slang	
21385	เวิร์ดส์	4	0.1	29702	0.86		
21386	ตุล	4	0.1	7208	0.02		
21387	เกียล	4	0.1	25604	0.48		
21388	ดรุง	4	0.1	23352	0.33		
21389	พักษ์	4	0.1	38738	speech-only		
21390	โนรี	4	0.1	19807	0.20		
21391	ปี๊น	4	0.1	21850	0.27		
21392	แหมม	4	0.1	37545	speech-only		
21393	ฮัย	4	0.1	39594	speech-only		
21394	ปัทม	4	0.1	16550	0.12		
21395	มาตร์	4	0.1	24962	0.43		
21396	สโตรมา	4	0.1	35841	speech-only		
21397	แฟล็ค	4	0.1	37691	speech-only		
21398	พะเยิบ	4	0.1	26375	0.54		
21399	อีแรด	4	0.1		speech-only	offensive	
21400	ก๊าน	4	0.1	26162	0.54		
21401	เชนจ์	4	0.1	31004	speech-only		
21402	ยิ้ว	4	0.1	31443	speech-only		
21403	โอ๊ป	4	0.1	38498	speech-only		
21404	เคร้ง	4	0.1	18018	0.15		
21405	อัตตะ	4	0.1	20664	0.23		
21406	คัจ	4	0.1	27426	0.62		
21407	ควิสต์	4	0.1	26664	0.54		
21408	เขี้ย	4	0.1	32963	speech-only		
21409	ก๊าว	4	0.1	24427	0.39		
21410	โหยว	4	0.1	16583	0.12		
21411	เซ็ทท์	4	0.1	36366	speech-only		
21412	พรั่ง	4	0.1	21939	0.27		
21413	หวาาาา	4	0.1	37223	speech-only		
21414	แสนงอน	4	0.1	15897	0.10		
21415	เอ็ล	4	0.1	29972	0.86		
21416	เป็นปากเสียง	4	0.1	21480	0.25		
21417	สาลี่	4	0.1	18635	0.17		
21418	ผู้ด้อยโอกาส	4	0.1	8293	0.02		
21419	ซอลส์	4	0.1	38104	speech-only		
21420	ซิลค์	4	0.1	23913	0.36		
21421	แอย	4	0.1	39906	speech-only		
21422	เพนส์	4	0.1	25270	0.48		
21423	กร๊อบ	4	0.1	20952	0.24		
21424	จัดด์	4	0.1	28565	0.72		
21425	บ่องตง	4	0.1		speech-only	slang	
21426	มิตซูบิชิ	4	0.1	14079	0.08		
21427	กอฟฟ์	4	0.1	37079	speech-only		
21428	ยาซู	4	0.1	23834	0.36		
21429	แฮ้ม	4	0.1	35100	speech-only		
21430	ชาร์ฟ	4	0.1	36543	speech-only		
21431	กระเจิดกระเจิง	4	0.1	14753	0.09		
21432	จีฟ	4	0.1	20227	0.22		
21433	ฟรียส์	4	0.1	39934	speech-only		
21434	จุฬาลงกรณ์	4	0.1	2705	0.00		
21435	โซปราโน	4	0.1	8054	0.02		
21436	ชมิดต์	4	0.1	25511	0.48		
21437	โต๊ส	4	0.1	39890	speech-only		
21438	สกอช	4	0.1	37456	speech-only		
21439	คาโรไลน์	4	0.1	33690	speech-only		
21440	เดปป์	4	0.1	30490	0.86		
21441	บุษบา	4	0.1	7459	0.02		
21442	เคลย์ส	4	0.1	27847	0.62		
21443	วินเนอร์	4	0.1	17856	0.14		
21444	กุดัง	4	0.1		speech-only	colloquial	
21445	ประสาร	4	0.1	12331	0.05		
21446	โสน	4	0.1	13813	0.07		
21447	เบ๋า	4	0.1	35299	speech-only		
21448	กร๊าก	4	0.1	13953	0.07		
21449	หงส์ทอง	4	0.1	22299	0.29		
21450	อ็อฟ	4	0.1	34684	speech-only		
21451	มาโคร	4	0.1	23977	0.39		
21452	ทิพา	4	0.1	17437	0.13		
21453	แคเมรอน	4	0.1	37422	speech-only		
21454	เอาร์	4	0.1	34144	speech-only		
21455	วเรย์	4	0.1	39593	speech-only		
21456	ลุซ	4	0.1	28847	0.72		
21457	ฮืด	4	0.1	39376	speech-only		
21458	บลาง	4	0.1	31526	speech-only		
21459	ตปท	4	0.1		speech-only	colloquial	
21460	เหี่ย	4	0.1	33246	speech-only		
21461	เกรา	4	0.1	27473	0.62		
21462	ธอเรียม	4	0.1	30836	speech-only		
21463	น้ำพระทัย	4	0.1	15503	0.10		
21464	คอร์เนลล์	4	0.1	23933	0.36		
21465	รวนเร	4	0.1	16387	0.11		
21466	กุ๊บ	4	0.1	24857	0.43		
21467	ปกเกล้า	4	0.1	6614	0.02		
21468	นุ่งห่ม	4	0.1	7581	0.02		
21469	ปุล	4	0.1	26314	0.54		
21470	ซอนด์	4	0.1	28896	0.72		
21471	เพนนินซูล่า	4	0.1	14663	0.08		
21472	ดักท์	4	0.1	17738	0.14		
21473	ปีกค้างคาว	4	0.1	30591	0.86		
21474	สุจิ	4	0.1	23354	0.33		
21475	ทรัสท์	4	0.1	26126	0.54		
21476	เส็ก	4	0.1	27970	0.72		
21477	ออยเลอร์	4	0.1	38289	speech-only		
21478	แป่	4	0.1	21451	0.25		
21479	เฌอ	4	0.1	15994	0.11		
21480	เกวซ	4	0.1	31946	speech-only		
21481	นายทวาร	4	0.1		speech-only	slang	
21482	หมดอาลัย	4	0.1	24133	0.39		
21483	โผน	4	0.1	14942	0.09		
21484	สิกส์	4	0.1	36612	speech-only		
21485	กิกะ	4	0.1	19891	0.21		
21486	อืท	4	0.1	29843	0.86		
21487	ป๋อ	4	0.1	12787	0.06		
21488	เข็ญใจ	4	0.1	16630	0.12		
21489	สิ้ว	4	0.1	38342	speech-only		
21490	ชุมสายโทรศัพท์	4	0.1	20780	0.23		
21491	สุนทรียศาสตร์	4	0.1	13753	0.07		
21492	ทรายขาว	4	0.1	14756	0.09		
21493	เกี้ยมไฉ่	4	0.1	25691	0.48		
21494	ชาติหน้าตอนบ่าย	4	0.1		speech-only	slang	
21495	สตัท	4	0.1	33228	speech-only		
21496	สดำ	4	0.1	30876	speech-only		
21497	มันสำปะหลัง	4	0.1	6801	0.02		
21498	สัสดี	4	0.1	17918	0.14		
21499	เปค	4	0.1	9231	0.03		
21500	ซอร์ท	4	0.1	26679	0.54		
21501	ชลิต	4	0.1	13732	0.07		
21502	เฌ	4	0.1	28837	0.72		
21503	หาาาา	4	0.1	34835	speech-only		
21504	ต้ำ	4	0.1	31414	speech-only		
21505	ซิช	4	0.1	26998	0.62		
21506	เซ็ทส์	4	0.1	34061	speech-only		
21507	เคาน์เตส	4	0.1	37838	speech-only		
21508	จลา	4	0.1	32738	speech-only		
21509	แตกฝูง	4	0.1	29367	0.86		
21510	ไทฟอยด์	4	0.1	19013	0.17		
21511	ว้อน	4	0.1	33679	speech-only		
21512	คุป	4	0.1	22958	0.33		
21513	เร็ซ	4	0.1	32254	speech-only		
21514	ยุแยง	4	0.1	25256	0.48		
21515	น้ำมันสน	4	0.1	13638	0.07		
21516	วอกซ์	4	0.1	35657	speech-only		
21517	กรุ๊บ	4	0.1	31219	speech-only		
21518	เคว็ท	4	0.1	38640	speech-only		
21519	ริดด์	4	0.1	34990	speech-only		
21520	นอลด์	4	0.1	35175	speech-only		
21521	กีโย	4	0.1	28179	0.72		
21522	เครื่องแกง	4	0.1	11057	0.04		
21523	เติน	4	0.1	26643	0.54		
21524	เอ็ช	4	0.1	35010	speech-only		
21525	ข้าวเปลือก	4	0.1	6020	0.01		
21526	ฝก	4	0.1	39026	speech-only		
21527	นันทนาการ	4	0.1	3939	0.01		
21528	นาร์ส	4	0.1	37151	speech-only		
21529	ฉันใด	4	0.1	7340	0.02		
21530	ปักษา	4	0.1	25304	0.48		
21531	คอลส์	4	0.1	29873	0.86		
21532	บุ๋น	4	0.1	23045	0.33		
21533	หยูกยา	4	0.1	15995	0.11		
21534	ยยยยยยยยยยยยยยยยย	4	0.1	32799	speech-only		
21535	อัปเปหิ	4	0.1		speech-only	colloquial	
21536	พ็อก	4	0.1	27225	0.62		
21537	โล๊ะ	4	0.1	35932	speech-only		
21538	แซนต์	4	0.1	35227	speech-only		
21539	จนแล้วจนรอด	4	0.1	10469	0.04		
21540	ครอบจักรวาล	4	0.1	16262	0.11		
21541	พค	4	0.1	39728	speech-only		
21542	สารถี	4	0.1	12984	0.06		
21543	วิศว	4	0.1	12737	0.06		
21544	หยาน	4	0.1	31874	speech-only		
21545	เรตส์	4	0.1	29559	0.86		
21546	จ่ำ	4	0.1	36873	speech-only		
21547	ม่ำ	4	0.1	29175	0.86		
21548	ทัดทาน	4	0.1	10810	0.04		
21549	ลลา	4	0.1	38807	speech-only		
21550	บั้ม	4	0.1	28485	0.72		
21551	สเลย์	4	0.1	26573	0.54		
21552	เบ่า	4	0.1	29188	0.86		
21553	แอ็ง	4	0.1	30163	0.86		
21554	วิคส์	4	0.1	34845	speech-only		
21555	ลิ้นจี่	4	0.1	11684	0.05		
21556	เซ็บต์	4	0.1	36891	speech-only		
21557	ยาจ	4	0.1	26210	0.54		
21558	พยัคฆ	4	0.1	25278	0.48		
21559	ไพร์ด	4	0.1	24935	0.43		
21560	โฟลว์	4	0.1	16070	0.11		
21561	เซอร์กิต	4	0.1	23516	0.36		
21562	ปื้ด	4	0.1	20646	0.23		
21563	ยพ	4	0.1	18516	0.16		
21564	ครุ่น	4	0.1	19777	0.20		
21565	ปรอด	4	0.1	20109	0.21		
21566	แมกไม้	4	0.1	13650	0.07		
21567	ถึงแก่กรรม	4	0.1	5327	0.01		
21568	สาธุการ	4	0.1	21336	0.25		
21569	มะระ	4	0.1	14644	0.08		
21570	กกกกกกกกกก	4	0.1	26442	0.54		
21571	รัทเทอร์ฟอร์ด	4	0.1	34014	speech-only		
21572	ลูกหาบ	4	0.1	18459	0.16		
21573	เจี๊ยก	4	0.1	31170	speech-only	colloquial	
21574	บาเรียน	4	0.1	33748	speech-only		
21575	เอ้น	4	0.1	32928	speech-only		
21576	สโร	4	0.1	20438	0.22		
21577	เร้นท์	4	0.1	37196	speech-only		
21578	บวชชี	4	0.1	18598	0.16		
21579	อ็อท	4	0.1	38266	speech-only		
21580	สทีน	4	0.1	33588	speech-only		
21581	สเปญ	4	0.1	23073	0.33		
21582	ปลอดทหาร	4	0.1	26783	0.54		
21583	หิม	4	0.1	30712	speech-only		
21584	แครี	4	0.1	29833	0.86		
21585	นิปปอน	4	0.1	35752	speech-only		
21586	ฝิ	4	0.1	33393	speech-only		
21587	มฤ	4	0.1	14835	0.09		
21588	ยานี	4	0.1	9266	0.03		
21589	รมณี	4	0.1	20538	0.23		
21590	ยีส์	4	0.1	35673	speech-only		
21591	ธนาณัติ	4	0.1	12665	0.06		
21592	พฤกษ์	4	0.1	10148	0.04		
21593	ฟืด	4	0.1	18339	0.15		
21594	เมย์นาร์ด	4	0.1	29882	0.86		
21595	ต๋ง	4	0.1	18644	0.17		
21596	เชิย	4	0.1	32512	speech-only		
21597	เช้ย	4	0.1	23169	0.33		
21598	บัดเดี๋ยว	4	0.1	16343	0.11		
21599	เบซิล	4	0.1	31900	speech-only		
21600	อันห์	4	0.1	26560	0.54		
21601	บวร์	4	0.1	21122	0.24		
21602	แวด	4	0.1	15109	0.09		
21603	อีโมชั่น	4	0.1	34419	speech-only		
21604	สมิทธิ์	4	0.1	23739	0.36		
21605	คริค	4	0.1	22184	0.29		
21606	ขุนแผน	4	0.1	5186	0.01		
21607	อุ๋ย	4	0.1	10534	0.04		
21608	เข้าพรรษา	4	0.1	12697	0.06		
21609	ฟลุก	4	0.1	19068	0.17		
21610	จอห์นสตัน	4	0.1	26681	0.54		
21611	ซวบ	4	0.1	29664	0.86		
21612	เก้อร์	4	0.1	24937	0.43		
21613	ยุ่บ	4	0.1	21271	0.25		
21614	ยั่บ	4	0.1	21079	0.24		
21615	ปริง	4	0.1	30454	0.86		
21616	มาตราส่วน	4	0.1	5461	0.01		
21617	รสส	4	0.1	36133	speech-only		
21618	ขุ่นแม่	4	0.1		speech-only	slang	
21619	เน่ท์	4	0.1	19664	0.20		
21620	ทาจิกิสถาน	4	0.1	35294	speech-only		
21621	พีง	4	0.1	36673	speech-only		
21622	กระดุกกระดิก	4	0.1	15632	0.10		
21623	แล่ง	4	0.1	17663	0.14		
21624	ษฏร์	4	0.1	15593	0.10		
21625	วณ	4	0.1	26671	0.54		
21626	หดหาย	4	0.1	11794	0.05		
21627	โรธ	4	0.1	27929	0.72		
21628	เฟรเดอริก	4	0.1	25360	0.48		
21629	เออร์เนสต์	4	0.1	31619	speech-only		
21630	แชลล์	4	0.1	33862	speech-only		
21631	ดีหมี	4	0.1	23348	0.33		
21632	อิสลามาบัด	4	0.1	18736	0.17		
21633	ปิตา	4	0.1	21633	0.27		
21634	ชีลา	4	0.1	31047	speech-only		
21635	หย่าง	4	0.1	18659	0.17		
21636	ควอตซ์	4	0.1	18575	0.16		
21637	อโน	4	0.1	16304	0.11		
21638	โยล	4	0.1	30726	speech-only		
21639	ไกลโคเจน	4	0.1	24368	0.39		
21640	คัช	4	0.1	30406	0.86		
21641	เกียร	4	0.1	24552	0.39		
21642	พรึบ	4	0.1	13040	0.06		
21643	คูม	4	0.1		speech-only	slang	
21644	ผ่น	4	0.1	18873	0.17		
21645	มะรุม	4	0.1	27107	0.62		
21646	ชอบปิ้ง	4	0.1	37487	speech-only		
21647	วุท	4	0.1	26212	0.54		
21648	เหลียม	4	0.1	30846	speech-only		
21649	สร้าย	4	0.1	35608	speech-only		
21650	กฎแห่งกรรม	4	0.1	8960	0.03		
21651	โมก	4	0.1	10422	0.04		
21652	สะลึมสะลือ	4	0.1	15960	0.11		
21653	ลูกฝาแฝด	4	0.1	26784	0.54		
21654	ตะกลาม	4	0.1	22078	0.29		
21655	เก๊ท	4	0.1	33105	speech-only		
21656	งึ	4	0.1	29741	0.86		
21657	แบรด์	4	0.1	29630	0.86		
21658	ข้างขึ้น	4	0.1	10527	0.04		y
21659	ข้างแรม	4	0.1	13089	0.06		y
21660	วอลโด	4	0.1	33551	speech-only		
21661	พอยน์	4	0.1	29856	0.86		
21662	เลี้ยงลา	4	0.1	21907	0.27		
21663	รองคอ	4	0.1	37831	speech-only		
21664	สิ่น	4	0.1	25196	0.43		
21665	เครียส	4	0.1	30386	0.86		
21666	จรร	4	0.1	20987	0.24		
21667	เครื่องเพศ	4	0.1	26256	0.54		
21668	แค็ก	4	0.1	38435	speech-only		
21669	ปฏิญญา	4	0.1	9542	0.03		
21670	จันทน์	4	0.1	5554	0.01		
21671	ผ่อนชำระ	4	0.1	7406	0.02		
21672	โทรด	4	0.1	37870	speech-only		
21673	สร้างเสริม	4	0.1	6917	0.02		
21674	เซิร์ช	4	0.1	31708	speech-only		
21675	เจ้าเนื้อ	4	0.1	19600	0.20		
21676	ค้อม	4	0.1	12279	0.05		
21677	ชญา	4	0.1	16817	0.12		
21678	เนืองแน่น	4	0.1	12477	0.06		
21679	ปิโตร	4	0.1	23744	0.36		
21680	ถื่อ	4	0.1	36430	speech-only		
21681	เจ็ง	4	0.1	12771	0.06		
21682	มูบ	4	0.1	20055	0.21		
21683	อาวรณ์	4	0.1	10298	0.04		
21684	ชิฟต์	4	0.1	32524	speech-only		
21685	แน้	4	0.1	18643	0.17		
21686	แคลมป์	4	0.1	23830	0.36		
21687	ซันนี	4	0.1	30114	0.86		
21688	เดจ	4	0.1	20367	0.22		
21689	เพนต์	4	0.1	24555	0.39		
21690	เดิร์ฟ	4	0.1	38657	speech-only		
21691	ตุ๊ย	4	0.1	15174	0.09		
21692	ตาลอย	4	0.1	17095	0.13		
21693	ต่อยหอย	4	0.1	22161	0.29		
21694	ปริ้นซ์	4	0.1	25934	0.48		
21695	ภึง	4	0.1	33752	speech-only		
21696	ให้สัตยาบัน	4	0.1	5660	0.01		
21697	สาสตร์	4	0.1	20465	0.22		
21698	หนุด	4	0.1	32661	speech-only		
21699	แกงจืด	4	0.1	10210	0.04		
21700	สหา	4	0.1	27284	0.62		
21701	เทสท์	4	0.1	34171	speech-only		
21702	พุทธศาสนิกชน	4	0.1	8955	0.03		
21703	กี๋	4	0.1	7791	0.02		
21704	หมูแฮม	4	0.1	16283	0.11		
21705	เลือง	4	0.1	17449	0.13		
21706	เม้าธ์	4	0.1	28388	0.72		
21707	ศอ	4	0.1	13468	0.07		
21708	แร็กเกต	4	0.1	27244	0.62		
21709	ครั้ว	4	0.1	27333	0.62		
21710	สมุทรศาสตร์	4	0.1	22410	0.31		
21711	เทอญ	4	0.1	12918	0.06		
21712	ล่ำสัน	4	0.1	11902	0.05		
21713	หนิด	4	0.1	27360	0.62		
21714	ภุ	4	0.1	18690	0.17		
21715	ผอมโซ	4	0.1	20015	0.21		
21716	เต็มประตู	4	0.1	24909	0.43		
21717	วรรณะ	4	0.1	6174	0.01		
21718	สก็อตส์	4	0.1	34443	speech-only		
21719	ทมี่	4	0.1	39021	speech-only		
21720	ฉ่าว	4	0.1	32028	speech-only		
21721	แค้นฝังหุ่น	4	0.1		speech-only	slang	
21722	เฟร้ย	4	0.1	20979	0.24		
21723	โฟล์ก	4	0.1	22283	0.29		
21724	สนีย์	4	0.1	25169	0.43		
21725	กระดี๊กระด๊า	4	0.1	12570	0.06		
21726	สสิค	4	0.1	26644	0.54		
21727	แขวง	4	0.1	5140	0.01		
21728	เลนต์	4	0.1	29844	0.86		
21729	ทืบ	4	0.1	33462	speech-only		
21730	สะเหล่อ	4	0.1		speech-only	offensive	
21731	สมองฝ่อ	4	0.1	24335	0.39	offensive	
21732	ป้วย	4	0.1	26597	0.54		
21733	เลือกเฟ้น	4	0.1	11114	0.04		
21734	ผงฟู	4	0.1	27171	0.62		
21735	เจ้าขา	4	0.1	19785	0.20		
21736	นิติกรรม	4	0.1	750	0.00		
21737	โดก	4	0.1	36042	speech-only		
21738	ใจ่	4	0.1	23284	0.33		
21739	ชูคอ	4	0.1	16884	0.12		
21740	เกาต์	4	0.1	16214	0.11		
21741	แผ่อำนาจ	4	0.1	19048	0.17		
21742	หมิ่นเหม่	4	0.1	15370	0.10		
21743	โผล	4	0.1	29828	0.86		
21744	กั่น	4	0.1	24831	0.43		
21745	เอาการเอางาน	4	0.1	28696	0.72		
21746	ปั้นปึ่ง	4	0.1	19230	0.18		
21747	ทาษ	4	0.1	19186	0.18		
21748	อักษะ	4	0.1	20343	0.22		
21749	โสมแดง	4	0.1		speech-only	slang	
21750	ไอแดด	4	0.1	20156	0.21		
21751	งงงงงง	4	0.1	32515	speech-only		
21752	บ่อเกิด	4	0.1	8374	0.02		
21753	โทศ	4	0.1	30522	0.86		
21754	โชน์	4	0.1	30128	0.86		
21755	กระพรวน	4	0.1	25630	0.48		
21756	ช่ำ	4	0.1	23587	0.36		
21757	แถง	4	0.1	17000	0.13		
21758	ไนด์	4	0.1	26365	0.54		
21759	สะดุดใจ	4	0.1	11719	0.05		
21760	แพลตินัม	4	0.1	35450	speech-only		
21761	ซัย	4	0.1	18466	0.16		
21762	เสอน	4	0.1	27368	0.62		
21763	พร้อ	4	0.1	27876	0.62		
21764	งอม	4	0.1	12946	0.06		
21765	กลิ้งเกลือก	4	0.1	21262	0.25		
21766	พลิกฟื้น	4	0.1	13250	0.06		
21767	ผงชูรส	4	0.1	12438	0.06		y
21768	รุท	4	0.1	12398	0.06		
21769	กระฉอก	4	0.1	16597	0.12	colloquial	
21770	แอ้ง	4	0.1	17113	0.13		
21771	เหล่อน	4	0.1	30650	speech-only		
21772	สึ่ง	4	0.1	36644	speech-only		
21773	คำนำหน้า	4	0.1	27387	0.62		
21774	พุงปลา	4	0.1	20406	0.22		
21775	ต้มยำกุ้ง	4	0.1		speech-only	slang	
21776	เค่า	4	0.1	35922	speech-only		
21777	จ๋าา	4	0.1	38236	speech-only		
21778	คอเป็นเอ็น	4	0.1	23782	0.36		
21779	ภมิ	4	0.1	32468	speech-only		
21780	ขิม	4	0.1	20899	0.24		
21781	เหลย	4	0.1	22169	0.29		
21782	ค้าว	4	0.1	25088	0.43		
21783	คล่ำ	4	0.1	25804	0.48		
21784	เทิ้ม	4	0.1	17575	0.14		
21785	หมองใจ	4	0.1	24295	0.39		
21786	เบรลล์	4	0.1	22441	0.31		
21787	ตุ๊บป่อง	4	0.1	25005	0.43		
21788	แทงก์	4	0.1	27348	0.62		
21789	วัยวุฒิ	4	0.1	13766	0.07		
21790	ฮาง	4	0.1	26674	0.54		
21791	เทิง	4	0.1	16334	0.11		
21792	กลับกลอก	4	0.1	22723	0.31		
21793	ล้มทั้งยืน	4	0.1	18860	0.17		
21794	บางกอก	4	0.1	4591	0.01	colloquial	
21795	แตร็ค	4	0.1	30403	0.86		
21796	ออสโมซิส	4	0.1	31724	speech-only		
21797	เส้นตื้น	4	0.1	27154	0.62		
21798	กระดาษกาว	4	0.1	30930	speech-only		
21799	ไตเติล	4	0.1	35287	speech-only		
21800	หยากไย่	4	0.1	19490	0.19		
21801	เนกซ์	4	0.1	31755	speech-only		
21802	ฟุก	4	0.1	31641	speech-only		
21803	ชั่วแล่น	4	0.1	21935	0.27		
21804	แน่นท้อง	4	0.1	17292	0.13		
21805	ปริน	4	0.1	38581	speech-only		
21806	ปบ	4	0.1	30595	0.86		
21807	วองซ์	4	0.1	32566	speech-only		
21808	ไง้	4	0.1	21206	0.25		
21809	เทรียม	4	0.1	26905	0.54		
21810	ดบ	4	0.1	18266	0.15		
21811	จ้ด	4	0.1	34600	speech-only		
21812	ถิน	4	0.1	27382	0.62		
21813	มนต	4	0.1	31122	speech-only		
21814	ประชาสงเคราะห์	4	0.1	19780	0.20		
21815	ควาร	4	0.1	25654	0.48		
21816	เยิง	4	0.1	27008	0.62		
21817	ตับเป็ด	4	0.1	23152	0.33		
21818	ศูยน์	4	0.1	34926	speech-only		
21819	เข้าเกณฑ์	4	0.1	19272	0.18		
21820	เต็มตื้น	4	0.1	14711	0.08		
21821	บบบบบบ	4	0.1	37572	speech-only		
21822	เกี่ยวข้าว	4	0.1	11386	0.05		
21823	เกิก	4	0.1	35393	speech-only		
21824	โบล์ท	4	0.1	34851	speech-only		
21825	สีญ	4	0.1	33074	speech-only		
21826	โอ้โลม	4	0.1	20978	0.24		
21827	จ๋ง	4	0.1	27185	0.62		
21828	รัข	4	0.1	38192	speech-only		
21829	กัพ	4	0.1	33773	speech-only		
21830	นจ	4	0.1	28705	0.72		
21831	เสริญ	4	0.1	26982	0.62		
21832	วัวตัวผู้	4	0.1	30547	0.86		
21833	หมดเขต	4	0.1	20485	0.22		
21834	นัมเบอร์วัน	4	0.1	18206	0.15		
21835	เมธา	4	0.1	10801	0.04		
21836	ครีพ	4	0.1	18357	0.15		
21837	ซัพพอร์ต	4	0.1	22108	0.29		
21838	กรมศุลกากร	4	0.1	6261	0.01		
21839	ผู้สอบ	4	0.1	4910	0.01		
21840	ภว	4	0.1	11182	0.04		
21841	ลายมือชื่อ	4	0.1	3967	0.01		
21842	ช้าว	4	0.1	28909	0.72		
21843	ลอการิทึม	4	0.1	31189	speech-only		y
21844	เสี้ยง	4	0.1	23324	0.33		
21845	คญ	4	0.1	29183	0.86		
21846	เตียร์	4	0.1	27169	0.62		
21847	บาวน์	4	0.1	34802	speech-only		
21848	ยุ่ม	4	0.1	31516	speech-only		
21849	เหยิบ	4	0.1	37591	speech-only		
21850	เลื้อ	4	0.1	31205	speech-only		
21851	โรงเรือน	4	0.1	8135	0.02		
21852	เชี้ยว	4	0.1	37761	speech-only		
21853	เมธี	4	0.1	5936	0.01		
21854	เช่าช่วง	4	0.1	17523	0.13		
21855	ต้นเสียง	4	0.1	9629	0.03		
21856	เล่นเพื่อน	4	0.1	39798	speech-only	slang	
21857	อเลซ	4	0.1	30371	0.86		
21858	ฟล่อน	4	0.1	35293	speech-only		
21859	กลัดหนอง	4	0.1	24137	0.39		
21860	คลาง	4	0.1	39901	speech-only		
21861	ธำรง	4	0.1	6179	0.01		
21862	ลหุโทษ	4	0.1	8522	0.02		
21863	กุศโลบาย	4	0.1	13381	0.07		
21864	เปิป	4	0.1	39323	speech-only		
21865	สิคส์	4	0.1	33159	speech-only		
21866	พอฟ	4	0.1	38907	speech-only		
21867	พรินท์	4	0.1	22584	0.31		
21868	เชียร	4	0.1	11664	0.05		
21869	รุจ	4	0.1	15294	0.09		
21870	แม่เรือน	4	0.1	17714	0.14		
21871	วิสาหกิจ	4	0.1	6066	0.01		
21872	องค์ประชุม	4	0.1	7547	0.02		
21873	ลาเท็กซ์	4	0.1	23897	0.36		
21874	หมุนเงิน	4	0.1	18975	0.17		
21875	อ้ำอึ้ง	4	0.1	11300	0.04		
21876	ด็อง	4	0.1	28229	0.72		
21877	คอลลาเจน	4	0.1	11189	0.04		
21878	เป็นปี่เป็นขลุ่ย	4	0.1	20449	0.22		
21879	บุชเชล	4	0.1	39186	speech-only		
21880	อินทร์	4	0.1	4880	0.01		
21881	ลักษมณ์	4	0.1	15755	0.10		
21882	เกลี้ย	4	0.1	36717	speech-only		
21883	ขวัก	4	0.1	28774	0.72		
21884	หันต	4	0.1	20374	0.22		
21885	เอเชียน	4	0.1	10612	0.04		
21886	สูตรเคมี	4	0.1	24473	0.39		y
21887	ฟร้อน	4	0.1	31713	speech-only		
21888	ท้าง	4	0.1	26973	0.62		
21889	ทรพี	4	0.1	24784	0.43	offensive	
21890	ยภาพ	4	0.1	27323	0.62		
21891	ทบิลิซี	4	0.1	36081	speech-only		
21892	ไม้สูง	4	0.1	15904	0.10		
21893	พนา	4	0.1	10385	0.04		
21894	ต๋า	4	0.1	22775	0.31		
21895	หูตาสว่าง	4	0.1	23246	0.33		
21896	เงอะ	4	0.1	24402	0.39		
21897	ศาลชั้นต้น	4	0.1	9333	0.03		
21898	ง่อน	4	0.1	15306	0.09		
21899	เยิร	4	0.1	28841	0.72		
21900	ทุกเมื่อเชื่อวัน	4	0.1	14970	0.09		
21901	พลั้งปาก	4	0.1	15777	0.10		
21902	ปริ๊นเตอร์	4	0.1		speech-only	colloquial	
21903	เซอะ	4	0.1	20064	0.21		
21904	มีย์	4	0.1	13564	0.07		
21905	วัฒนา	4	0.1	3660	0.01		
21906	ผ้ายาง	4	0.1	25581	0.48		
21907	โนลต์	4	0.1	34500	speech-only		
21908	ไม้นวม	4	0.1	22660	0.31		
21909	กลศึก	4	0.1	22721	0.31		
21910	ทำลายขวัญ	4	0.1	26371	0.54		
21911	จิ๋น	4	0.1	14673	0.08		
21912	กินลึก	4	0.1	24287	0.39		
21913	สนามไฟฟ้า	4	0.1	10191	0.04		
21914	ตะบึง	4	0.1	15848	0.10		
21915	ตึบ	4	0.1	33466	speech-only		
21916	แบ๊ง	4	0.1	34785	speech-only		
21917	ชิมลาง	4	0.1	21265	0.25		
21918	จรย์	4	0.1	35151	speech-only		
21919	เดิก	4	0.1	32659	speech-only		
21920	สปีค	4	0.1	26558	0.54		
21921	ขวนขวาย	4	0.1	8456	0.02		
21922	กลัดมัน	4	0.1	31761	speech-only		
21923	เชโรกี	4	0.1	36781	speech-only		
21924	มาเรียนา	4	0.1	35522	speech-only		
21925	วิษณุ	4	0.1	4758	0.01		
21926	พฤกษา	4	0.1	11035	0.04		
21927	ครีโอล	4	0.1	27182	0.62		
21928	ห่อง	4	0.1	33742	speech-only		
21929	บลัน	4	0.1	30985	speech-only		
21930	โขลก	4	0.1	8011	0.02		
21931	ตส	4	0.1	29723	0.86		
21932	เวี่ย	4	0.1	28577	0.72		
21933	ยื่อ	4	0.1	28078	0.72		
21934	เหว้ย	4	0.1	39918	speech-only		
21935	หยาก	4	0.1	27253	0.62		
21936	นิพพาน	4	0.1	4667	0.01		
21937	องศ์	4	0.1	23437	0.36		
21938	หักหาญ	4	0.1	19116	0.18		
21939	โก่	4	0.1	39265	speech-only		
21940	เผ่	4	0.1	35644	speech-only		
21941	เหลี่ยง	4	0.1	16784	0.12		
21942	สัตยาบัน	4	0.1	12371	0.06		
21943	นกกระทุง	4	0.1	32443	speech-only		
21944	มังสะ	4	0.1	31378	speech-only		
21945	มันแกว	4	0.1	4226	0.01		
21946	ฟันม้า	4	0.1	31366	speech-only		
21947	กึง	4	0.1	18827	0.17		
21948	ลิธัวเนีย	4	0.1	26156	0.54		
21949	สเซล	4	0.1	39619	speech-only		
21950	แกลส	4	0.1	35162	speech-only		
21951	เดือ	4	0.1	27800	0.62		
21952	เอชีย	4	0.1	32465	speech-only		
21953	นวอลล์	4	0.1	38347	speech-only		
21954	คีต	4	0.1	11849	0.05		
21955	อีเธอร์	4	0.1	33961	speech-only		
21956	นัลส์	4	0.1	19077	0.17		
21957	คอมโบ	4	0.1	32619	speech-only		
21958	ลมพิษ	4	0.1	8398	0.02		
21959	โญ	4	0.1	9335	0.03		
21960	นักสวด	4	0.1	12274	0.05		
21961	แกร็ง	4	0.1	25731	0.48		
21962	ฤทธ์	4	0.1	22858	0.33		
21963	ชักเย่อ	4	0.1	23010	0.33		
21964	สังคมศาสตร์	4	0.1	4583	0.01		
21965	เซิร์จ	4	0.1	33744	speech-only		
21966	ฆราวาส	4	0.1	7333	0.02		
21967	สเปรด	4	0.1	21536	0.25		
21968	รืน	4	0.1	38170	speech-only		
21969	รูก	4	0.1	39032	speech-only		
21970	เดินแต้ม	4	0.1	31892	speech-only		
21971	ห้ส	4	0.1	38297	speech-only		
21972	โสก	4	0.1	13583	0.07		
21973	โณ	4	0.1	5920	0.01		
21974	ใจเพชร	4	0.1	28323	0.72		
21975	เท็ป	4	0.1	28042	0.72		
21976	เรี่ยราย	4	0.1	23490	0.36		
21977	ปรวน	4	0.1	30792	speech-only		
21978	เฟื่อ	4	0.1	31135	speech-only		
21979	กาฟ	4	0.1	34985	speech-only		
21980	แอลฟา	4	0.1	13702	0.07		
21981	แน็บ	4	0.1	30236	0.86		
21982	อึ่ง	4	0.1	15309	0.09		
21983	สัมประสิทธิ์	4	0.1	11965	0.05		y
21984	กระด้ง	4	0.1	14387	0.08		
21985	หยี่	4	0.1	29036	0.72		
21986	ติดไม้ติดมือ	4	0.1	17694	0.14		
21987	แคตาล็อก	4	0.1	33037	speech-only		
21988	พะรุงพะรัง	4	0.1	12298	0.05		
21989	ลิตส์	4	0.1	35128	speech-only		
21990	ไปล่	4	0.1	38489	speech-only		
21991	สคอน	4	0.1	30686	speech-only		
21992	เพชรกลับ	4	0.1	27766	0.62		
21993	กีรติ	4	0.1	7832	0.02		
21994	ฟอล์ย	4	0.1	30111	0.86		
21995	ภันฑ์	4	0.1	36199	speech-only		
21996	กษัตริ์	4	0.1	39204	speech-only		
21997	เมรัย	4	0.1	15969	0.11		
21998	รังสีความร้อน	4	0.1	25025	0.43		
21999	จนะ	4	0.1	10738	0.04		
22000	อะลุ่มอล่วย	4	0.1	23429	0.36		
22001	บ้องหู	4	0.1	27779	0.62		
22002	ขนพอง	4	0.1	21146	0.24		
22003	ยุ้ย	4	0.1	4968	0.01		
22004	ดั้งจมูก	4	0.1	16625	0.12		
22005	ษย	4	0.1	24608	0.43		
22006	ลาดยาง	4	0.1	20252	0.22		
22007	หูไวตาไว	4	0.1	32618	speech-only		
22008	พระตำหนัก	4	0.1	5597	0.01		
22009	พระมหากรุณาธิคุณ	4	0.1	5970	0.01		
22010	หน้าม่อ	4	0.1		speech-only	offensive	
22011	แค็ท	4	0.1	22300	0.29		
22012	พัลส์	4	0.1	22956	0.33		
22013	โอฟ	4	0.1	37766	speech-only		
22014	เปลญวน	4	0.1	24384	0.39		
22015	สุจ	4	0.1	19471	0.19		
22016	งิด	4	0.1	27015	0.62		
22017	เฮ้ว	4	0.1	27099	0.62		
22018	ท่าม	4	0.1	18698	0.17		
22019	อนึ่ง	4	0.1	3108	0.00		
22020	ดอกจัน	4	0.1	16557	0.12		
22021	หยิม	4	0.1	23364	0.36		
22022	ชัชวาล	4	0.1	8885	0.03		
22023	ช่ง	4	0.1	19654	0.20		
22024	เทื่อ	4	0.1	22493	0.31		
22025	ช็อบ	4	0.1	29838	0.86		
22026	ลันท์	4	0.1	18286	0.15		
22027	นักคอมพิวเตอร์	4	0.1	31880	speech-only		
22028	สเนล	4	0.1	28700	0.72		
22029	แม็ช	4	0.1	35414	speech-only		
22030	ฮิทช์	4	0.1	32624	speech-only		
22031	คีด	4	0.1	29275	0.86		
22032	ฟลูออไรด์	4	0.1	15698	0.10		
22033	อาณาบริเวณ	4	0.1	23401	0.36		
22034	ทูม	4	0.1	29185	0.86		
22035	เป้าประสงค์	4	0.1	14636	0.08		
22036	หิ้วปีก	4	0.1	20855	0.24	colloquial	
22037	แซร์	4	0.1	20703	0.23		
22038	หมายมั่น	4	0.1	15920	0.10		
22039	นิสต์	4	0.1	8679	0.03		
22040	ปริก	4	0.1	9611	0.03		
22041	ปโป๊	4	0.1	33150	speech-only		
22042	กีฏวิทยา	4	0.1	15180	0.09		
22043	สโต๊ค	4	0.1	35420	speech-only		
22044	แกว่งไกว	4	0.1	14398	0.08		
22045	เจตคติ	4	0.1	11008	0.04		
22046	กำพืด	4	0.1	19231	0.18		
22047	เสาวนีย์	4	0.1	13501	0.07		
22048	ประสิทธิผล	4	0.1	9545	0.03		
22049	ระเบียบวาระ	4	0.1	8026	0.02		
22050	หน้ง	4	0.1	32043	speech-only		
22051	จังไร	4	0.1	28396	0.72		
22052	โคง	4	0.1	31682	speech-only		
22053	แน้ว	4	0.1	34952	speech-only		
22054	ทิ่	4	0.1	25099	0.43		
22055	พระราชประสงค์	4	0.1	8757	0.03		
22056	เถลิง	4	0.1	5900	0.01		
22057	จรู้	4	0.1	35474	speech-only		
22058	ค้ม	4	0.1	27092	0.62		
22059	ไรล์	4	0.1	38244	speech-only		
22060	เลขาคณิต	4	0.1	34306	speech-only		
22061	ซุปเปอร์ไวเซอร์	4	0.1	37709	speech-only		
22062	ปัญหาโลกแตก	4	0.1		speech-only	slang	
22063	วัฏฏะ	4	0.1	20762	0.23		
22064	อลเวง	4	0.1	16389	0.11	colloquial	
22065	ม่อม	4	0.1	27003	0.62		
22066	เสื่อน้ำมัน	4	0.1	34748	speech-only		
22067	ปึ๊ก	4	0.1	20453	0.22		
22068	ดืน	4	0.1	37398	speech-only		
22069	เอี๋ยง	4	0.1	25464	0.48		
22070	เข้านอกออกใน	4	0.1	37802	speech-only		
22071	ซ็อกเกอร์	4	0.1	35567	speech-only		
22072	ดงค	4	0.1	31363	speech-only		
22073	พศ	4	0.1	23946	0.39		
22074	ลแล็ค	4	0.1	29612	0.86		
22075	ขี้แมว	4	0.1	37202	speech-only		
22076	แอบอิง	4	0.1	23607	0.36		
22077	ดู่	4	0.1	19569	0.19		
22078	จัล	4	0.1	32311	speech-only		
22079	ปลาบ	4	0.1	11004	0.04		
22080	นนนนนนนน	4	0.1	29877	0.86		
22081	เจ็คต์	4	0.1	27048	0.62		
22082	ประโคม	4	0.1	13536	0.07		
22083	วรร	4	0.1	6597	0.02		
22084	แพลงก์ตอน	4	0.1	9416	0.03		
22085	วรรค์	4	0.1	34445	speech-only		
22086	โฮร์	4	0.1	39669	speech-only		
22087	ฝู	4	0.1	17912	0.14		
22088	ชิ่น	4	0.1	33852	speech-only		
22089	ปรัง	4	0.1	27840	0.62		
22090	เคง	4	0.1	33655	speech-only		
22091	คะเยอ	4	0.1	20218	0.22		
22092	คึน	4	0.1	20366	0.22		
22093	ตาตั้ง	4	0.1	17451	0.13		
22094	มะม่วงหิมพานต์	4	0.1	16850	0.12		
22095	แมะ	4	0.1	13044	0.06		
22096	ภาม	4	0.1	22162	0.29		
22097	สภาวการณ์	4	0.1	6902	0.02		
22098	กลอนสด	4	0.1	34893	speech-only		
22099	ซิสม์	4	0.1	25034	0.43		
22100	ชารี	4	0.1	37281	speech-only		
22101	ฌน	4	0.1	33720	speech-only		
22102	ร้อยแก้ว	4	0.1	7513	0.02		
22103	จุดอิ่มตัว	4	0.1	15384	0.10		
22104	กานพลู	4	0.1	18825	0.17		
22105	กลัก	4	0.1	17161	0.13		
22106	คณะมนตรี	4	0.1	6955	0.02		
22107	ทรย์	4	0.1	39111	speech-only		
22108	ขัก	4	0.1	33843	speech-only		
22109	โค้น	4	0.1	39880	speech-only		
22110	เร้จ	4	0.1	29074	0.72		
22111	ชวัญ	4	0.1	39864	speech-only		
22112	อุ้มน้ำ	4	0.1	18156	0.15		
22113	ยกพื้น	4	0.1	10330	0.04		
22114	สอบซ้อม	4	0.1	31249	speech-only		
22115	สุนทรี	4	0.1	11458	0.05		
22116	เทปูน	4	0.1	21335	0.25		
22117	เคาน์ตี	4	0.1	34697	speech-only		
22118	สรวล	4	0.1	8597	0.03		
22119	ไพล่	4	0.1	15588	0.10		
22120	ตาแมว	4	0.1	23548	0.36		
22121	ตูนีเซีย	4	0.1	27594	0.62		
22122	ควันหลง	4	0.1	21666	0.27	slang	
22123	ซิกห์	4	0.1	36249	speech-only		
22124	เหยเก	4	0.1	15592	0.10		
22125	หวือ	4	0.1	8877	0.03		
22126	เสม	4	0.1	15163	0.09		
22127	ล็อฟ	4	0.1	39962	speech-only		
22128	ตะล่อม	4	0.1	12667	0.06		
22129	บุด	4	0.1	15700	0.10		
22130	เงี้ยะ	4	0.1	36125	speech-only		
22131	หัดเยอรมัน	4	0.1	21576	0.25		
22132	คำนำ	4	0.1	6103	0.01		
22133	พระราชพิธี	4	0.1	4617	0.01		
22134	สินไหม	4	0.1	14981	0.09		
22135	โภช	4	0.1	12591	0.06		
22136	ควาท	4	0.1	34733	speech-only		
22137	ลุคส์	4	0.1	21848	0.27		
22138	นิวกินี	4	0.1	17662	0.14		
22139	สุขภัณฑ์	4	0.1	8040	0.02		
22140	ละเอียดลออ	4	0.1	9954	0.03		
22141	เต็บ	4	0.1	27510	0.62		
22142	ฮาร์พ	4	0.1	21159	0.24		
22143	อ้วย	4	0.1	28507	0.72		
22144	เซลแมน	4	0.1	24714	0.43		
22145	เขี่ยน	4	0.1	36071	speech-only		
22146	เต็มเหยียด	4	0.1	25285	0.48		
22147	กระด้างกระเดื่อง	4	0.1	16426	0.11		
22148	โหย่ว	4	0.1	18849	0.17		
22149	ประจิม	4	0.1	25992	0.48		
22150	เสียรูป	4	0.1	19012	0.17		
22151	เซิ่ง	4	0.1	28991	0.72		
22152	โมเด็ม	4	0.1	22973	0.33		
22153	กรรมเวร	4	0.1	23299	0.33		
22154	เอี๊ยง	4	0.1	18514	0.16		
22155	ฝ่น	4	0.1	39200	speech-only		
22156	คอนญัค	4	0.1	26637	0.54		
22157	โฮฟ	4	0.1	29476	0.86		
22158	ปรือ	4	0.1	9042	0.03		
22159	คนไข้นอก	4	0.1	26393	0.54		
22160	ประชาราษฎร์	4	0.1	12296	0.05		
22161	กินเปล่า	4	0.1	19108	0.18		
22162	ขมุกขมัว	4	0.1	15839	0.10		
22163	อัลตราซาวนด์	4	0.1	19414	0.19		
22164	สมาพันธรัฐ	4	0.1	10857	0.04		
22165	เปลื่อย	4	0.1	39926	speech-only		
22166	กันต	4	0.1	7823	0.02		
22167	เทศบัญญัติ	4	0.1	22156	0.29		
22168	ยยยยยยยยยยยย	4	0.1	39784	speech-only		
22169	เมธิล	4	0.1	26922	0.62		
22170	อาร์เอฟ	4	0.1	27168	0.62		
22171	ถัมถ์	4	0.1	34068	speech-only		
22172	นอธ	4	0.1	36896	speech-only		
22173	จาฟ	4	0.1	31055	speech-only		
22174	ข้ด	4	0.1	29756	0.86		
22175	อาร์มิเนีย	4	0.1	32906	speech-only		
22176	สีง	4	0.1	39877	speech-only		
22177	เอี่ยน	4	0.1	21727	0.27		
22178	ออดิโอ	4	0.1	23540	0.36		
22179	ฝูก	4	0.1	39518	speech-only		
22180	จอมปลวก	4	0.1	16665	0.12		
22181	ถ่อง	4	0.1	24640	0.43		
22182	เอาเถิด	4	0.1	15340	0.09		
22183	ลัมน์	4	0.1	29919	0.86		
22184	คอนวอย	4	0.1	27295	0.62		
22185	เงินฝืด	4	0.1	16608	0.12		
22186	วิงก์	4	0.1	33302	speech-only		
22187	เงือน	4	0.1	26621	0.54		
22188	สุขารมณ์	4	0.1	26680	0.54		
22189	น่อ	4	0.1	33982	speech-only		
22190	สัทธา	4	0.1	19699	0.20		
22191	ลำคลอง	4	0.1	7558	0.02		
22192	เลช	4	0.1	22135	0.29		
22193	ปริภูมิ	4	0.1	15151	0.09		
22194	ออกท่า	4	0.1	16520	0.12		
22195	โปรเซสเซอร์	4	0.1	39586	speech-only		
22196	ป้าส	4	0.1	28716	0.72		
22197	จัตวา	4	0.1	10821	0.04		
22198	เค้าลาง	4	0.1	22185	0.29		
22199	บิดร	4	0.1	20337	0.22		
22200	พะอืดพะอม	4	0.1	14762	0.09		
22201	ขัดเคือง	4	0.1	11500	0.05		
22202	จังก้า	4	0.1	14739	0.09		
22203	บันยัน	4	0.1	28195	0.72		
22204	บันดา	4	0.1	21322	0.25		
22205	ดช	4	0.1	25936	0.48		
22206	เก็ม	4	0.1	34338	speech-only		
22207	ชุกชุม	4	0.1	10147	0.04		
22208	เจ่อ	4	0.1	16125	0.11		
22209	ยาบ	4	0.1	24799	0.43		
22210	ทักษ์	4	0.1	7297	0.02		
22211	มันเขี้ยว	4	0.1		speech-only	slang	
22212	เรี่ยว	4	0.1	17216	0.13		
22213	เวกเตอร์	4	0.1	8083	0.02		y
22214	โฟลท	4	0.1	36313	speech-only		
22215	วี้ด	4	0.1	9888	0.03		
22216	อนุมูล	4	0.1	6186	0.01		
22217	เต๊ก	4	0.1	16631	0.12		
22218	จาคส์	4	0.1	29234	0.86		
22219	ยูโรปา	4	0.1	24814	0.43		
22220	อุตลุด	4	0.1	13714	0.07		
22221	ซ่อย	4	0.1	31595	speech-only		
22222	วอลเลย์	4	0.1	22148	0.29		
22223	บั้ง	4	0.1	9052	0.03		
22224	พอร์ด	4	0.1	37707	speech-only		
22225	ดีดีที	4	0.1	18426	0.16		
22226	เชี่ยง	4	0.1	25093	0.43		
22227	เกือย	4	0.1	23195	0.33		
22228	ขระ	4	0.1	17517	0.13		
22229	เกศา	4	0.1	11787	0.05		
22230	เครื่อน	4	0.1	36456	speech-only		
22231	ทุ้ง	4	0.1	26896	0.54		
22232	บราม	4	0.1	29293	0.86		
22233	ศิลาฤกษ์	4	0.1	16468	0.11		
22234	เฟ็กซ์	4	0.1	25728	0.48		
22235	ตัวจี๊ด	4	0.1	19454	0.19		
22236	เหยง	4	0.1	19472	0.19		
22237	พรากเด็ก	4	0.1	20802	0.23		
22238	บุพบท	4	0.1	16015	0.11		
22239	ขาดสาย	4	0.1	7647	0.02		
22240	รดี	4	0.1	13597	0.07		
22241	เก้นส์	4	0.1	31840	speech-only		
22242	มุมแหลม	4	0.1	23775	0.36		
22243	เท็กส์	4	0.1	26066	0.54		
22244	สเตริโอ	4	0.1	24968	0.43		
22245	ไลน์แมน	4	0.1	35711	speech-only		
22246	น่าง	4	0.1	26055	0.54		
22247	น้าาาา	4	0.1	38092	speech-only		
22248	จ่อม	4	0.1	16354	0.11		
22249	บังโคลน	4	0.1	34454	speech-only		
22250	อ้าซ่า	4	0.1	34640	speech-only		
22251	เคาว์	4	0.1	36180	speech-only		
22252	ฟิม	4	0.1	39998	speech-only		
22253	ผิดหูผิดตา	4	0.1	18447	0.16		
22254	เข้าโลง	4	0.1		speech-only	offensive	
22255	จ้อกแจ้ก	4	0.1	17340	0.13		
22256	ป้าง	4	0.1	23076	0.33		
22257	ฒา	4	0.1	17619	0.14		
22258	ดาษ	4	0.1	14283	0.08		
22259	ก้ช	4	0.1	30542	0.86		
22260	เผละ	4	0.1	22424	0.31		
22261	ระเบิดน้ำตา	4	0.1	34093	speech-only		
22262	กลัวลาน	4	0.1	36055	speech-only		
22263	พเจ้า	4	0.1	38810	speech-only		
22264	กระเบนเหน็บ	4	0.1	27385	0.62		
22265	ซานน์	4	0.1	10476	0.04		
22266	อุปาทาน	4	0.1	7945	0.02		
22267	ซอยผม	4	0.1	22119	0.29		
22268	แรส	4	0.1	30743	speech-only		
22269	คลัก	4	0.1	24972	0.43		
22270	จตะ	4	0.1	25883	0.48		
22271	ฟันแท้	4	0.1	21678	0.27		
22272	ข่มขืนกระทำชำเรา	4	0.1	9222	0.03		
22273	ล่ำซำ	4	0.1		speech-only	slang	
22274	เหี้ยมหาญ	4	0.1	23506	0.36		
22275	มนุษ์	4	0.1	31488	speech-only		
22276	ชิคส์	4	0.1	36387	speech-only		
22277	ปัตร	4	0.1	27236	0.62		
22278	จับฉ่าย	4	0.1	16708	0.12	colloquial	
22279	เกวย	4	0.1	34594	speech-only		
22280	อักษรศาสตร์	4	0.1	7880	0.02		
22281	ตลบตะแลง	4	0.1	21425	0.25		
22282	ตุ่ย	4	0.1	18354	0.15		
22283	ยื่ง	4	0.1	28497	0.72		
22284	ตีฟ	4	0.1	12751	0.06		
22285	แรดคลิฟฟ์	4	0.1	31719	speech-only		
22286	คอเรสเตอรอล	4	0.1	30539	0.86		
22287	ดีต	4	0.1	36495	speech-only		
22288	ขอบทาง	4	0.1	21968	0.29		
22289	เภอ	4	0.1	27561	0.62		
22290	เจ๊ะ	4	0.1	11996	0.05		
22291	โขง	4	0.1	4398	0.01		
22292	พักต์	4	0.1	28336	0.72		
22293	หมอย	4	0.1	37245	speech-only	offensive	
22294	แคร็บ	4	0.1	33694	speech-only		
22295	หมูสามชั้น	4	0.1	14628	0.08		
22296	แล็ด	4	0.1	33858	speech-only		
22297	ธรรม์	4	0.1	16916	0.12		
22298	จับจิต	4	0.1	14961	0.09		
22299	ยุทธจักร	4	0.1	14911	0.09		
22300	ไปก้	4	0.1	22692	0.31		
22301	ข่าวประจำวัน	4	0.1	28206	0.72		
22302	จักจั่น	4	0.1	16059	0.11		
22303	กราก	4	0.1	10713	0.04		
22304	เค่อ	4	0.1	39119	speech-only		
22305	ฟอกหนัง	4	0.1	18788	0.17		
22306	เณ	4	0.1	23370	0.36		
22307	ดาไลลามะ	4	0.1	9579	0.03		
22308	ยวะ	4	0.1	34752	speech-only		
22309	พาณิช	4	0.1	12959	0.06		
22310	ยางสน	4	0.1	18672	0.17		
22311	สเกตช์	4	0.1	15855	0.10		
22312	หูหนู	4	0.1	22608	0.31		
22313	ไฟด์	4	0.1	26793	0.54		
22314	เปป็น	4	0.1	32550	speech-only		
22315	บาบิโลเนีย	4	0.1	30633	speech-only		
22316	อำไพ	4	0.1	10724	0.04		
22317	ท่ง	4	0.1	17272	0.13		
22318	ยินร้าย	4	0.1	12145	0.05		
22319	จึ๋ง	4	0.1	25723	0.48		
22320	คนกรุง	4	0.1		speech-only	slang	
22321	ระโยง	4	0.1	25736	0.48		
22322	อีนุงตุงนัง	4	0.1	22907	0.33		
22323	แอนดีส	4	0.1	17532	0.13		
22324	แองโกล	4	0.1	17514	0.13		
22325	กินดอก	4	0.1	27221	0.62		
22326	พุทรา	4	0.1	10877	0.04		
22327	ดึ๊บ	4	0.1	22836	0.31		
22328	ยูกันดา	4	0.1	31968	speech-only		
22329	พิ่ม	4	0.1	27764	0.62		
22330	คลาคล่ำ	4	0.1	17359	0.13		
22331	พลั้งเผลอ	4	0.1	16847	0.12		
22332	ล้มครืน	4	0.1	21010	0.24		
22333	กัลล์	4	0.1	21048	0.24		
22334	ถ้อยความ	4	0.1	13150	0.06		
22335	ย่อมเยา	4	0.1	14315	0.08		
22336	นัทส์	4	0.1	26708	0.54		
22337	ดอยซ์	4	0.1	33005	speech-only		
22338	พาร	4	0.1	33012	speech-only		
22339	นิการากัว	4	0.1	22056	0.29		
22340	เกียรติประวัติ	4	0.1	16402	0.11		
22341	เรยอน	4	0.1	35585	speech-only		
22342	ฌาน	4	0.1	6509	0.01		
22343	กรรมฐาน	4	0.1	4779	0.01		
22344	เคียร์	4	0.1	38069	speech-only		
22345	ฟิลเตอร์	4	0.1	23748	0.36		
22346	ปล่อยปละ	4	0.1	21362	0.25		
22347	ชูรส	4	0.1	18663	0.17		
22348	ครื้น	4	0.1	22575	0.31		
22349	สไลด์หนอน	4	0.1		speech-only	slang	
22350	ก๊าช	4	0.1	24724	0.43		
22351	โพรเซส	4	0.1	26319	0.54		
22352	ลักษมี	4	0.1	15601	0.10		
22353	หุ่ม	4	0.1	27380	0.62		
22354	ภท	4	0.1	34666	speech-only		
22355	สาลิกา	4	0.1	8153	0.02		
22356	ปู้ยี่ปู้ยำ	4	0.1	22576	0.31		
22357	โกต์	4	0.1	10445	0.04		
22358	ตุ๊กตาล้มลุก	4	0.1	29797	0.86		
22359	สายชู	4	0.1	36790	speech-only		
22360	สะเทิ้น	4	0.1	23044	0.33		
22361	ไหว้เจ้า	4	0.1	7916	0.02		
22362	สิเน่หา	4	0.1	26737	0.54		
22363	เส้นสเปกตรัม	4	0.1	33049	speech-only		
22364	ลบเหลี่ยม	4	0.1	25705	0.48		
22365	ดิษฐ์	4	0.1	11620	0.05		
22366	สมุย	4	0.1	10348	0.04		
22367	ชุค	4	0.1	28289	0.72		
22368	สวาง	4	0.1	23148	0.33		
22369	แมชีน	4	0.1	29421	0.86		
22370	ช้างใหญ่	4	0.1	21278	0.25		
22371	ผิม	4	0.1	39857	speech-only		
22372	เภท	4	0.1	11263	0.04		
22373	เพียม	4	0.1	39447	speech-only		
22374	เควย์	4	0.1	33541	speech-only		
22375	เขยื้อน	4	0.1	19965	0.21		
22376	หัวป่า	4	0.1	28867	0.72		
22377	ญง	4	0.1	33899	speech-only		
22378	ค็อบส์	4	0.1	19924	0.21		
22379	จันท์	4	0.1	12381	0.06		
22380	ปุปะ	4	0.1	20229	0.22		
22381	ผู้สัมภาษณ์	4	0.1	9034	0.03		
22382	บาวด์	4	0.1	17238	0.13		
22383	ณาน	4	0.1	23716	0.36		
22384	นิเทศ	4	0.1	7434	0.02		
22385	งุบงิบ	4	0.1	19109	0.18		
22386	ตุลย์	4	0.1	12067	0.05		
22387	ก้านยาว	4	0.1	18335	0.15		
22388	นั้นแล	4	0.1	11999	0.05		
22389	หุบผา	4	0.1	29087	0.72		
22390	โม้ก	4	0.1		speech-only	slang	
22391	อินท	4	0.1	8272	0.02		
22392	พับลิค	4	0.1	26785	0.54		
22393	ลอดช่อง	4	0.1	18098	0.15		
22394	รุ้งกินน้ำ	4	0.1	19797	0.20		
22395	แหนว	4	0.1	26167	0.54		
22396	กริ๋ง	4	0.1	19578	0.19		
22397	วณิพก	4	0.1	17964	0.15		
22398	ถอ	4	0.1	25651	0.48		
22399	ถอยหลังเข้าคลอง	4	0.1	21281	0.25		
22400	เบ็นซ์	4	0.1	33334	speech-only		
22401	เจ็บช้ำน้ำใจ	4	0.1	17862	0.14		
22402	ตึด	4	0.1	31539	speech-only		
22403	วัจ	4	0.1	11781	0.05		
22404	ทหา	4	0.1	33881	speech-only		
22405	มาติกา	4	0.1	27031	0.62		
22406	นีม	4	0.1	25095	0.43		
22407	เรคคอร์ด	4	0.1	22377	0.29		
22408	มัลดีฟส์	4	0.1	14963	0.09		
22409	เฟิ้ม	4	0.1	19376	0.19		
22410	ส่วนท้องถิ่น	4	0.1	3133	0.00		
22411	สแทนต์	4	0.1	28782	0.72		
22412	โภคภัณฑ์	4	0.1	11798	0.05		
22413	เย่ร์	4	0.1	21808	0.27		
22414	พริ้นท์	4	0.1	22289	0.29		
22415	ลาน์	4	0.1	30310	0.86		
22416	ควงสว่าน	4	0.1	34989	speech-only		
22417	กอลส์	4	0.1	38420	speech-only		
22418	สะระแหน่	4	0.1	16226	0.11		
22419	กระบวนทัศน์	4	0.1	17518	0.13		
22420	ยูโนแคล	4	0.1	22432	0.31		
22421	แท่ม	4	0.1	36593	speech-only		
22422	พหุ	4	0.1	7499	0.02		
22423	ไพพ์	4	0.1	39038	speech-only		
22424	แน๊ต	4	0.1	23335	0.33		
22425	ตูนิเซีย	4	0.1	22652	0.31		
22426	โภค	4	0.1	18114	0.15		
22427	ว่ค	4	0.1	36326	speech-only		
22428	ใจไม้ไส้ระกำ	4	0.1	26348	0.54		
22429	พาร์ม	4	0.1	37704	speech-only		
22430	ยั้ว	4	0.1	36776	speech-only		
22431	หลักลอย	4	0.1	32431	speech-only		
22432	ค็อด	4	0.1	33124	speech-only		
22433	กรุงเก่า	4	0.1	10853	0.04		
22434	เบิร์ส	4	0.1	29401	0.86		
22435	ลูกขนไก่	4	0.1	20883	0.24		
22436	ถวายพระพร	4	0.1	6619	0.02	colloquial	
22437	ชิโกกุ	4	0.1	21376	0.25		
22438	ลิฟฟ์	4	0.1	31936	speech-only		
22439	เจอร์เมเนียม	4	0.1	35620	speech-only		
22440	เหมื่อ	4	0.1	34870	speech-only		
22441	ธัมมะ	4	0.1	28479	0.72		
22442	ลพา	4	0.1	35936	speech-only		
22443	แทพย์	4	0.1	23689	0.36		
22444	แย็ก	3	0.1	31878	speech-only		
22445	เง้อ	3	0.1	30651	speech-only		
22446	เอ๊อะ	3	0.1	37234	speech-only		
22447	แธช	3	0.1	34685	speech-only		
22448	อันโตนีโอ	3	0.1	33536	speech-only		
22449	นัซ	3	0.1	30480	0.65		
22450	จ็อบส์	3	0.1	19348	0.14		
22451	ปุจฉา	3	0.1	13856	0.05		
22452	เคร้าช์	3	0.1	23052	0.25		
22453	สเติร์ด	3	0.1	37982	speech-only		
22454	แต๋ม	3	0.1	21926	0.20		
22455	ท่วงที	3	0.1	15345	0.07		
22456	จอบส์	3	0.1	33535	speech-only		
22457	อ๊าาาาาา	3	0.1	25735	0.36		
22458	ซุ่น	3	0.1	19632	0.15		
22459	เชทท์	3	0.1	39471	speech-only		
22460	ยาส์	3	0.1	21865	0.20		
22461	กระนั้นก็ตาม	3	0.1	9613	0.02		
22462	แอลเบิร์ต	3	0.1	39555	speech-only		
22463	โอ๋ย	3	0.1	26281	0.40		
22464	ณัฐ	3	0.1	4985	0.01		
22465	พุฒ	3	0.1	17654	0.10		
22466	ฉื่อ	3	0.1	34643	speech-only		
22467	เอดิท	3	0.1	27810	0.46		
22468	สเล็ต	3	0.1	33300	speech-only		
22469	ซินน์	3	0.1	39468	speech-only		
22470	วัตส์	3	0.1	34523	speech-only		
22471	หยุย	3	0.1	28959	0.54		
22472	เซกเตอร์	3	0.1	34552	speech-only		
22473	ฮอล์ล	3	0.1	37539	speech-only		
22474	เร้าส์	3	0.1	29498	0.65		
22475	อุเหม่	3	0.1	28500	0.54		
22476	รัตนากร	3	0.1	21624	0.20		
22477	อเช่	3	0.1	29103	0.54		
22478	นิวรอน	3	0.1	29862	0.65		
22479	มาร์ควิส	3	0.1	33943	speech-only		
22480	แมคอินทอช	3	0.1	19285	0.13		
22481	ซล็อต	3	0.1	29062	0.54		
22482	ปิ๊น	3	0.1	20677	0.17		
22483	เคิท	3	0.1	37419	speech-only		
22484	โอเมกา	3	0.1	27533	0.46		
22485	เรศ	3	0.1	6920	0.01		
22486	เมี่ย	3	0.1	18022	0.11		
22487	กุ้งนาง	3	0.1	21415	0.19		
22488	เฮียน	3	0.1	20311	0.16		
22489	ยิ้มแห้ง	3	0.1	11871	0.04		
22490	ปลาแดง	3	0.1	27054	0.46		
22491	แง่ม	3	0.1	31638	speech-only		
22492	ออร์ด	3	0.1	39375	speech-only		
22493	อดตาหลับขับตานอน	3	0.1	23512	0.27		
22494	ปราช	3	0.1	39012	speech-only		
22495	เทเลสโคป	3	0.1	32476	speech-only		
22496	กระบวร	3	0.1	26123	0.40		
22497	ตั้งเข็ม	3	0.1	29196	0.65		
22498	มั่ม	3	0.1	26844	0.40		
22499	จ้าน	3	0.1	26434	0.40		
22500	เรนน์	3	0.1	39127	speech-only		
22501	งั่ม	3	0.1	26273	0.40		
22502	ไม้เอก	3	0.1	17558	0.10		
22503	คอสต์	3	0.1	26287	0.40		
22504	ใบอนุญาตขับขี่	3	0.1	26710	0.40		
22505	หยอ	3	0.1	32844	speech-only		
22506	ลีล	3	0.1	18574	0.12		
22507	นาจา	3	0.1		speech-only	slang	
22508	โมบายล์	3	0.1	25253	0.36		
22509	พลับพลา	3	0.1	8090	0.02		
22510	โฮง	3	0.1	28845	0.54		
22511	โรธ์	3	0.1	38237	speech-only		
22512	สัญญาบัตร	3	0.1	11251	0.03		
22513	ไทส์	3	0.1	39658	speech-only		
22514	นมสาว	3	0.1	29119	0.54		
22515	ดวิกค์	3	0.1	29488	0.65		
22516	เออร์เน	3	0.1	34579	speech-only		
22517	ยากส์	3	0.1	22781	0.23		
22518	แน่ว	3	0.1	13717	0.05		
22519	ตะเข้	3	0.1	20383	0.16		
22520	สวิก	3	0.1	37376	speech-only		
22521	มูง	3	0.1	31490	speech-only		
22522	แนด	3	0.1	39839	speech-only		
22523	รไดท์	3	0.1	35789	speech-only		
22524	เจคอบส์	3	0.1	27282	0.46		
22525	เหร่	3	0.1	34487	speech-only		
22526	สเตรส	3	0.1	39673	speech-only		
22527	เส้นหมี่	3	0.1	11417	0.03		
22528	หัวเด็ดตีนขาด	3	0.1	18813	0.12		
22529	เขิง	3	0.1	31862	speech-only		
22530	เควท	3	0.1	23942	0.27		
22531	วากะ	3	0.1	34198	speech-only		
22532	แคลเซียมคาร์บอเนต	3	0.1	30563	0.65		
22533	หงุ	3	0.1	36499	speech-only		
22534	เย็นเยียบ	3	0.1	15827	0.08		
22535	ฎา	3	0.1	14983	0.07		
22536	กร๊า	3	0.1	20529	0.17		
22537	สวีดัด	3	0.1		speech-only	slang	
22538	วินฟรีย์	3	0.1	19042	0.13		
22539	อมร	3	0.1	6397	0.01		
22540	อมแล้วดูด	3	0.1		speech-only	slang	
22541	พรอค	3	0.1	30517	0.65		
22542	ง้าว	3	0.1	22877	0.25		
22543	นเร	3	0.1	31217	speech-only		
22544	ปลี้	3	0.1	19305	0.13		
22545	ผัดผ่อน	3	0.1	19565	0.14		
22546	จอยส์	3	0.1	34100	speech-only		
22547	พัมพ์	3	0.1	27422	0.46		
22548	ขั้ง	3	0.1	37062	speech-only		
22549	การันต์	3	0.1	10453	0.03		
22550	เร็นจ์	3	0.1	38287	speech-only		
22551	ทิพย	3	0.1	13286	0.05		
22552	ซิสท์	3	0.1	30250	0.65		
22553	กว๊อ	3	0.1	32509	speech-only		
22554	คลักซ์	3	0.1	38921	speech-only		
22555	ตค	3	0.1	30097	0.65		
22556	หุล	3	0.1	23764	0.27		
22557	สคัล	3	0.1	39832	speech-only		
22558	กำนัน	3	0.1	4231	0.01		
22559	ติ๊บ	3	0.1	22694	0.23		
22560	รุธ	3	0.1	22809	0.23		
22561	เง้น	3	0.1	39456	speech-only		
22562	เตช	3	0.1	13609	0.05		
22563	ฌ็อง	3	0.1	25663	0.36		
22564	เครสต์	3	0.1	35314	speech-only		
22565	หม่ง	3	0.1	33506	speech-only		
22566	แพ้นท์	3	0.1	33360	speech-only		
22567	พ่องตาย	3	0.1		speech-only	offensive	
22568	อื้น	3	0.1	28760	0.54		
22569	พืด	3	0.1	18113	0.11		
22570	ยัวร์	3	0.1	27117	0.46		
22571	อื๊อ	3	0.1	29763	0.65		
22572	ชิงหมาเกิด	3	0.1		speech-only	offensive	
22573	สุขาวดี	3	0.1	14123	0.06		
22574	ไดนาโม	3	0.1	20001	0.15		
22575	วิภาส	3	0.1	23695	0.27		
22576	กิจจะลักษณะ	3	0.1	21141	0.18		
22577	โนด	3	0.1	6119	0.01		
22578	ละลาน	3	0.1	12557	0.04		
22579	บอนน์	3	0.1	17070	0.09		
22580	อิหม่าม	3	0.1	24661	0.32		
22581	กระเจียว	3	0.1	23600	0.27		
22582	กระดาษคาร์บอน	3	0.1	35977	speech-only		
22583	อียู	3	0.1		speech-only	colloquial	
22584	เว้าวอน	3	0.1	15445	0.07		
22585	บลันท์	3	0.1	38353	speech-only		
22586	ศาน	3	0.1	29944	0.65		
22587	ชาตรี	3	0.1	9438	0.02		
22588	สัจจ	3	0.1	11803	0.04		
22589	หุด	3	0.1	30307	0.65		
22590	ได๋	3	0.1	21686	0.20		
22591	สรป	3	0.1	39936	speech-only		
22592	กนั่ม	3	0.1	36640	speech-only		
22593	บิสซิเนส	3	0.1	34275	speech-only		
22594	ข้าวพอง	3	0.1	20382	0.16		
22595	ฟู่ว	3	0.1	37030	speech-only		
22596	ฟึด	3	0.1	20301	0.16		
22597	อาฆาตมาดร้าย	3	0.1	19542	0.14		
22598	อรชุน	3	0.1	14055	0.06		
22599	โทะ	3	0.1	11208	0.03		
22600	ทป	3	0.1	26534	0.40		
22601	ฟอล์ก	3	0.1	37923	speech-only		
22602	เปียนส์	3	0.1	19703	0.15		
22603	เพี้ย	3	0.1	27021	0.46		
22604	นาถ	3	0.1	3641	0.00		
22605	ขี้ริ้ว	3	0.1	12634	0.04		
22606	กิ๊ว	3	0.1	23070	0.25		
22607	ซูเปอร์สโตร์	3	0.1	29099	0.54		
22608	เบ็ญ	3	0.1	23928	0.27		
22609	ตระกอง	3	0.1	20555	0.17		
22610	แผละ	3	0.1	19489	0.14		
22611	เทาเวอร์	3	0.1	26448	0.40		
22612	ซิกข์	3	0.1	21514	0.19		
22613	ฆวน	3	0.1	25368	0.36		
22614	วคุง	3	0.1	21385	0.19		
22615	สปุต	3	0.1	25887	0.36		
22616	กองเกียรติยศ	3	0.1	20975	0.18		
22617	ฮอลส์	3	0.1	31868	speech-only		
22618	บริกก์	3	0.1	37874	speech-only		
22619	สมิธส์	3	0.1	36626	speech-only		
22620	อาขยาน	3	0.1	21757	0.20		
22621	นิบาต	3	0.1	12722	0.04		
22622	บาร์โทโลมิว	3	0.1	34644	speech-only		
22623	ไธม์	3	0.1	27539	0.46		
22624	ยุ่งยิ่ง	3	0.1	27268	0.46		
22625	ฉือ	3	0.1	13549	0.05		
22626	จุ๊น	3	0.1	16063	0.08		
22627	หมองมัว	3	0.1	23329	0.25		
22628	หลุบ	3	0.1	12359	0.04		
22629	เฟื่อย	3	0.1	30926	speech-only		
22630	ตาลปัตร	3	0.1	20831	0.17		
22631	คื้น	3	0.1	35423	speech-only		
22632	งี๊ด	3	0.1	35537	speech-only		
22633	อ่าวไทย	3	0.1	5942	0.01		
22634	ขนน	3	0.1	32189	speech-only		
22635	หมวกนิรภัย	3	0.1	20749	0.17		
22636	คู่คี่	3	0.1	31250	speech-only		
22637	กร๊ป	3	0.1	39044	speech-only		
22638	เฝื่อน	3	0.1	15666	0.08		
22639	ขุ้น	3	0.1	32135	speech-only		
22640	เกล็นน์	3	0.1	35667	speech-only		
22641	พอพ	3	0.1	35979	speech-only		
22642	มุ้งลวด	3	0.1	17321	0.10		
22643	ผิวบาง	3	0.1	16481	0.08		
22644	มาร์ดิ	3	0.1	34298	speech-only		
22645	การบูร	3	0.1	16575	0.09		
22646	โรป	3	0.1	29205	0.65		
22647	เน้นหนัก	3	0.1	6453	0.01		
22648	พลั่ง	3	0.1	29041	0.54		
22649	นาปี	3	0.1	18031	0.11		
22650	พฤติ	3	0.1	28481	0.54		
22651	ปาม	3	0.1	22213	0.22		
22652	วื้อ	3	0.1	25498	0.36		
22653	แพช	3	0.1	33608	speech-only		
22654	เกษ	3	0.1	4612	0.01		
22655	แมตซ์	3	0.1	32673	speech-only		
22656	ฝีไม้ลายมือ	3	0.1	17344	0.10		
22657	แผล็บ	3	0.1	12155	0.04		
22658	ดำนา	3	0.1	17360	0.10		
22659	หยิบหย่ง	3	0.1	37711	speech-only		
22660	เชียะ	3	0.1	25725	0.36		
22661	บาดหู	3	0.1	21457	0.19		
22662	พสกนิกร	3	0.1	7119	0.01		
22663	มือลิง	3	0.1	32101	speech-only		
22664	เปรี้ยวปาก	3	0.1	21829	0.20		
22665	คางทูม	3	0.1	26311	0.40		
22666	จีเอ็มโอ	3	0.1	16057	0.08		
22667	แปล้	3	0.1	16612	0.09		
22668	ก๋า	3	0.1	25329	0.36		
22669	กุต	3	0.1	24360	0.29		
22670	ถนนลาดยาง	3	0.1	16033	0.08		
22671	คณาธิปไตย	3	0.1	25267	0.36		
22672	แคสต์	3	0.1	22083	0.22		
22673	กิลด์	3	0.1	26054	0.40		
22674	เฮดโฟน	3	0.1	28922	0.54		
22675	แอสพารากัส	3	0.1	31907	speech-only		
22676	ระนาว	3	0.1	20326	0.16		
22677	ค้างเติ่ง	3	0.1	16165	0.08		
22678	ว่างเว้น	3	0.1	13205	0.05		
22679	หักใจ	3	0.1	18269	0.12		
22680	วุ้นเส้น	3	0.1	11916	0.04		
22681	ยางค์	3	0.1	20340	0.16		
22682	แตนต์	3	0.1	28075	0.54		
22683	รสต์	3	0.1	24305	0.29		
22684	ไปรเวท	3	0.1	22218	0.22		
22685	มาการีน	3	0.1	32519	speech-only		
22686	ปทุม	3	0.1	3484	0.00	colloquial	
22687	สะคราญ	3	0.1	24559	0.32		
22688	ข้าวหลาม	3	0.1	15900	0.08		
22689	โษ	3	0.1	34180	speech-only		
22690	โน้มนำ	3	0.1	17377	0.10		
22691	นิรา	3	0.1	16051	0.08		
22692	ปนา	3	0.1	18601	0.12		
22693	โจษ	3	0.1	20650	0.17		
22694	ค้ง	3	0.1	32656	speech-only		
22695	ชะเลย	3	0.1	33342	speech-only		
22696	ตุ๋ม	3	0.1	23922	0.27		
22697	เหลือแสน	3	0.1	16579	0.09		
22698	สัตร	3	0.1	30877	speech-only		
22699	หรัส	3	0.1	33914	speech-only		
22700	ค่ายเยาวชน	3	0.1	15824	0.08		
22701	เป็พ	3	0.1	34351	speech-only		
22702	เบาโหวง	3	0.1	23638	0.27		
22703	มัจจุ	3	0.1	31759	speech-only		
22704	รำไร	3	0.1	10384	0.03		
22705	ปรน	3	0.1	23213	0.25		
22706	สถึง	3	0.1	31702	speech-only		
22707	เจนเทิลแมน	3	0.1	39018	speech-only		
22708	กระดานหก	3	0.1	24233	0.29		
22709	โกเมน	3	0.1	18606	0.12		
22710	กฎหมายระหว่างประเทศ	3	0.1	14934	0.07		
22711	สานุศิษย์	3	0.1	15806	0.08		
22712	เงอ	3	0.1	29303	0.65		
22713	เปล้า	3	0.1	25714	0.36		
22714	ท้องหมู	3	0.1	38158	speech-only		
22715	ประกบตัว	3	0.1	27797	0.46		
22716	ออกดอกออกผล	3	0.1	18185	0.12		
22717	คิดอ่าน	3	0.1	10976	0.03		
22718	คิปลิง	3	0.1	30333	0.65		
22719	เนร	3	0.1	26568	0.40		
22720	เฃ่น	3	0.1	34814	speech-only		
22721	นาฟ	3	0.1	21732	0.20		
22722	เยือก	3	0.1	16778	0.09		
22723	ฟอร์มัลดีไฮด์	3	0.1	29067	0.54		
22724	กีนี	3	0.1	25540	0.36		
22725	ดินดำ	3	0.1	26940	0.46		
22726	วยาม	3	0.1	36129	speech-only		
22727	เราะร้าย	3	0.1	30821	speech-only		
22728	สุล	3	0.1	27134	0.46		
22729	อินเนอร์	3	0.1		speech-only	slang	
22730	ฟาสท์	3	0.1	31616	speech-only		
22731	เงี้ยว	3	0.1	11372	0.03	offensive	
22732	กล๊าส	3	0.1	21087	0.18		
22733	ลัทธ์	3	0.1	31738	speech-only		
22734	พันต์	3	0.1	35290	speech-only		
22735	ศว	3	0.1	16364	0.08		
22736	ติ้ก	3	0.1	38305	speech-only		
22737	โสหุ้ย	3	0.1	22569	0.23		
22738	ต้อกระจก	3	0.1	8943	0.02		
22739	จุ๊ย	3	0.1	20296	0.16		
22740	ฉ่าย	3	0.1	18360	0.12		
22741	ผึ	3	0.1	36492	speech-only		
22742	ปลายข้าว	3	0.1	25529	0.36		
22743	เฮิร์น	3	0.1	35912	speech-only		
22744	ม็อป	3	0.1	37246	speech-only		
22745	ปฏิบัติธรรม	3	0.1	4781	0.01		
22746	ตวรรษ	3	0.1	30804	speech-only		
22747	มิน่าเล่า	3	0.1	13725	0.05		
22748	โลโก	3	0.1	22107	0.22		
22749	เดอลุกซ์	3	0.1	31901	speech-only		
22750	เมืองผู้ดี	3	0.1		speech-only	slang	
22751	สเดย์	3	0.1	32540	speech-only		
22752	แฮพ	3	0.1	36899	speech-only		
22753	จงดี	3	0.1	20771	0.17		
22754	โหญ่	3	0.1	36386	speech-only		
22755	ถาร	3	0.1	38698	speech-only		
22756	เส้อ	3	0.1	28589	0.54		
22757	ตรุ	3	0.1	25904	0.36		
22758	คุดคู้	3	0.1	15690	0.08		
22759	พร้อมพรั่ง	3	0.1	18186	0.12		
22760	พุม	3	0.1	21608	0.20		
22761	บรณ์	3	0.1	35213	speech-only		
22762	มธุรส	3	0.1	19742	0.15		
22763	นนนนนนนนนน	3	0.1	31350	speech-only		
22764	เสียน้ำใจ	3	0.1	19234	0.13		
22765	กระทบกระเทียบ	3	0.1	18332	0.12		
22766	หลวงจีน	3	0.1	17577	0.10		
22767	อ่วน	3	0.1	28585	0.54		
22768	สักแต่ว่า	3	0.1	11144	0.03		
22769	คอนสแตนติโนเปิล	3	0.1	23514	0.27		
22770	แชนแนล	3	0.1	25162	0.32		
22771	คลึ้ม	3	0.1	34460	speech-only		
22772	ซิลิเกต	3	0.1	22616	0.23		
22773	เสาวรส	3	0.1	18343	0.12		
22774	สังกะตัง	3	0.1	35859	speech-only		
22775	แพนท์	3	0.1	32699	speech-only		
22776	ซิ้น	3	0.1	30336	0.65		
22777	ผั่ง	3	0.1	37617	speech-only		
22778	มักน้อย	3	0.1	15865	0.08		
22779	ย้าง	3	0.1	31158	speech-only		
22780	แครต	3	0.1	11255	0.03		
22781	บริสเบน	3	0.1	20204	0.16		
22782	วัยดึก	3	0.1		speech-only	slang	
22783	สกรรม	3	0.1	22141	0.22		
22784	ลุ้ม	3	0.1	25575	0.36		
22785	งัง	3	0.1	24340	0.29		
22786	ช้างร้อง	3	0.1	23201	0.25		
22787	ปุ๋ยคอก	3	0.1	24755	0.32		
22788	สานต์	3	0.1	25265	0.36		
22789	หญอง	3	0.1	38355	speech-only		
22790	เปช	3	0.1	36980	speech-only		
22791	แนลด์	3	0.1	25355	0.36		
22792	บ้าาาาาา	3	0.1	38284	speech-only		
22793	พราม	3	0.1	31829	speech-only		
22794	พลศึกษา	3	0.1	9367	0.02		
22795	ว่ส	3	0.1	29492	0.65		
22796	แจ็ซ	3	0.1	36597	speech-only		
22797	ป่วยการ	3	0.1	13589	0.05		
22798	คอล์น	3	0.1	38995	speech-only		
22799	เฮิร์ทซ์	3	0.1	37622	speech-only		
22800	น้าาาาาาาา	3	0.1	35492	speech-only		
22801	มอลตา	3	0.1	25065	0.32		
22802	พริ้ม	3	0.1	9495	0.02		
22803	ติ้น	3	0.1	12191	0.04		
22804	ครองชีพ	3	0.1	8217	0.02		
22805	สวรร	3	0.1	24853	0.32		
22806	ฃ่วง	3	0.1	38715	speech-only		
22807	รีดเดอร์	3	0.1	30159	0.65		
22808	ลิจ	3	0.1	15635	0.08		
22809	แป้งฝุ่น	3	0.1	19408	0.14		
22810	แพทย์ศาสตร์	3	0.1	13014	0.05		
22811	น้ำพักน้ำแรง	3	0.1	15007	0.07		
22812	ไดรด์	3	0.1	37722	speech-only		
22813	ย่อหย่อน	3	0.1	20249	0.16		
22814	เอมมานูเอล	3	0.1	26380	0.40		
22815	กัร	3	0.1	32777	speech-only		
22816	หน้าส้นตีน	3	0.1		speech-only	offensive	
22817	ฟันแล้วทิ้ง	3	0.1		speech-only	slang	
22818	ซีโอดี	3	0.1	34118	speech-only		
22819	เฉพ	3	0.1	38817	speech-only		
22820	คลื่นเหียน	3	0.1	17740	0.10		
22821	ยียวน	3	0.1	11600	0.04		
22822	ชลี	3	0.1	16907	0.09		
22823	ปรุโปร่ง	3	0.1	23902	0.27		
22824	ตลิด	3	0.1	30273	0.65		
22825	ปราส	3	0.1	23031	0.25		
22826	ลูห	3	0.1	36011	speech-only		
22827	สาแหรก	3	0.1	16211	0.08		
22828	สตรี้	3	0.1	22324	0.22		
22829	แล้ม	3	0.1	38222	speech-only		
22830	วังหลัง	3	0.1	14755	0.06		
22831	อะร้าอร่าม	3	0.1	28285	0.54		
22832	กัณฑ์	3	0.1	13762	0.05		
22833	ขาดตกบกพร่อง	3	0.1	12377	0.04		
22834	เข้ส	3	0.1	30634	speech-only		
22835	ปรื๋อ	3	0.1	16983	0.09		
22836	กระแสตรง	3	0.1	21230	0.19		
22837	ยาดห์	3	0.1	32712	speech-only		
22838	ร้ำ	3	0.1	32454	speech-only		
22839	ข้าวยำ	3	0.1	28720	0.54		
22840	หมูหัน	3	0.1	18543	0.12		
22841	มดี	3	0.1	17252	0.10		
22842	เมลานิน	3	0.1	19167	0.13		
22843	แซทเทิร์น	3	0.1	28868	0.54		
22844	สมภพ	3	0.1	9560	0.02		
22845	พรรษา	3	0.1	4432	0.01		
22846	ฝากครรภ์	3	0.1	15866	0.08		
22847	มีดหมอ	3	0.1	23173	0.25		
22848	ลู้	3	0.1	22480	0.23		
22849	ชนก	3	0.1	7568	0.01		
22850	โซซัดโซเซ	3	0.1	18562	0.12		
22851	จวง	3	0.1	16812	0.09		
22852	ยอส	3	0.1	27862	0.46		
22853	ทัศนูปกรณ์	3	0.1	15957	0.08		
22854	รากษส	3	0.1	16237	0.08		
22855	เตะจมูก	3	0.1	20606	0.17		
22856	บีร์	3	0.1	13867	0.05		
22857	ตี้ง	3	0.1	27080	0.46		
22858	ทระ	3	0.1	28153	0.54		
22859	ครุม	3	0.1	34976	speech-only		
22860	เอชพี	3	0.1	22095	0.22		
22861	สปีล	3	0.1	27785	0.46		
22862	อัตราเร็ว	3	0.1	15786	0.08		
22863	ตื๋อ	3	0.1	18966	0.13		
22864	ใจชื้น	3	0.1	12958	0.05		
22865	องคาพยพ	3	0.1	13635	0.05		
22866	ดรัมเมเยอร์	3	0.1	37701	speech-only		
22867	ปุ๋ง	3	0.1	23665	0.27		
22868	ใจหมา	3	0.1		speech-only	offensive	
22869	โปรโมเตอร์	3	0.1	18076	0.11		
22870	โยช์	3	0.1	29715	0.65		
22871	ทรชน	3	0.1	30326	0.65		
22872	เป๋ว	3	0.1	37749	speech-only		
22873	หน้าจ๋อย	3	0.1	14975	0.07		
22874	ดีต่อใจ	3	0.1		speech-only	slang	
22875	เพ็ชร	3	0.1	11183	0.03		
22876	บรอส	3	0.1	32278	speech-only		
22877	เบอร์มิวดา	3	0.1	27395	0.46		
22878	กีส์	3	0.1	35107	speech-only		
22879	สเต็น	3	0.1	38541	speech-only		
22880	ทนะ	3	0.1	21388	0.19		
22881	ขณ	3	0.1	24676	0.32		
22882	แสนกล	3	0.1	27200	0.46		
22883	เครื่องราช	3	0.1	10410	0.03		
22884	คลุกคลาน	3	0.1	39598	speech-only		
22885	วงศา	3	0.1	11127	0.03		
22886	ลำลึก	3	0.1	33921	speech-only		
22887	เหลือบ่ากว่าแรง	3	0.1	18081	0.11		
22888	กรมประชาสัมพันธ์	3	0.1	10526	0.03		
22889	เดิบ	3	0.1	36154	speech-only		
22890	งันงก	3	0.1	21806	0.20		
22891	เพล็ก	3	0.1	28169	0.54		
22892	กะดี	3	0.1	23754	0.27		
22893	เห็นแก่หน้า	3	0.1	20100	0.15		
22894	รถรา	3	0.1	12287	0.04		
22895	กุ่ม	3	0.1	15595	0.07		
22896	แคมเปอร์	3	0.1	21547	0.19		
22897	ปุยนุ่น	3	0.1	21085	0.18		
22898	ขุย	3	0.1	12344	0.04		
22899	ซาลูน	3	0.1	27993	0.54		
22900	กระจัง	3	0.1	16549	0.09		
22901	วิลัย	3	0.1	14542	0.06		
22902	ซับมัน	3	0.1	32421	speech-only		
22903	โทงเทง	3	0.1	30280	0.65		
22904	ฟล็อป	3	0.1	38796	speech-only		
22905	เครื่องว่าง	3	0.1	18637	0.12		
22906	บรูไน	3	0.1	7226	0.01		
22907	แครอต	3	0.1	22203	0.22		
22908	ผิดฝาผิดตัว	3	0.1	20863	0.18		
22909	งศ์	3	0.1	30778	speech-only		
22910	สมบุกสมบัน	3	0.1	19582	0.14		
22911	วลิน	3	0.1	17940	0.11		
22912	ยวดยาน	3	0.1	14855	0.07		
22913	เต้ารับ	3	0.1	30158	0.65		
22914	กล่อน	3	0.1	25260	0.36		
22915	กระวน	3	0.1	27126	0.46		
22916	ปำ	3	0.1	30301	0.65		
22917	เงื้อม	3	0.1	17421	0.10		
22918	กาบหอย	3	0.1	35375	speech-only		
22919	เท้งเต้ง	3	0.1	20735	0.17		
22920	ษุ	3	0.1	30899	speech-only		
22921	หั้ย	3	0.1	35080	speech-only		
22922	ลูกครอก	3	0.1	19639	0.15		
22923	ชึ้ง	3	0.1	34478	speech-only		
22924	ปริญ	3	0.1	23772	0.27		
22925	ธโรว์	3	0.1	36821	speech-only		
22926	นิตส์	3	0.1	26993	0.46		
22927	วิญญูชน	3	0.1	14632	0.06		
22928	เฉพะ	3	0.1	25134	0.32		
22929	กลือ	3	0.1	31006	speech-only		
22930	ผ้าแดง	3	0.1	14425	0.06		
22931	ค้นคิด	3	0.1	14352	0.06		
22932	ความจำนง	3	0.1	9809	0.02		
22933	ครีเตเชียส	3	0.1	37940	speech-only		
22934	ฬ่า	3	0.1	35374	speech-only		
22935	อายุรเวช	3	0.1	17552	0.10		
22936	หมายมั่นปั้นมือ	3	0.1	18877	0.13		
22937	สวรค์	3	0.1	33891	speech-only		
22938	ลตัน	3	0.1	30617	speech-only		
22939	เจมส์ทาวน์	3	0.1	39785	speech-only		
22940	กราฟิค	3	0.1	39559	speech-only		
22941	สมำ	3	0.1	34239	speech-only		
22942	ยวบ	3	0.1	15264	0.07		
22943	หวัน	3	0.1	10652	0.03		
22944	ไดโนเสาร์เต่าล้านปี	3	0.1		speech-only	offensive	
22945	กุลี	3	0.1	10816	0.03		
22946	แรงส์	3	0.1	20875	0.18		
22947	ฏะ	3	0.1	16860	0.09		
22948	พรึ่ง	3	0.1	35715	speech-only		
22949	ลีกส์	3	0.1	27948	0.54		
22950	เมาน์	3	0.1	33103	speech-only		
22951	งาด	3	0.1	34569	speech-only		
22952	บทพากย์	3	0.1	20400	0.16		
22953	บูรณ์	3	0.1	11622	0.04		
22954	ลูฟว์	3	0.1	11399	0.03		
22955	ระโยงระยาง	3	0.1	16960	0.09		
22956	ละล่ำละลัก	3	0.1	9272	0.02		
22957	ถ้วยตวง	3	0.1	11724	0.04		
22958	ไอย	3	0.1	13822	0.05		
22959	ถูง	3	0.1	36217	speech-only		
22960	เอียก	3	0.1	29386	0.65		
22961	วัตร	3	0.1	6534	0.01		
22962	ถูฏ	3	0.1	30374	0.65		
22963	กานดา	3	0.1	16582	0.09		
22964	ไยดี	3	0.1	8695	0.02		
22965	ทำเนียม	3	0.1	27044	0.46		
22966	รัษ	3	0.1	24261	0.29		
22967	ปล้อง	3	0.1	7229	0.01		
22968	คาร์บอนมอนอกไซด์	3	0.1	15877	0.08		
22969	ละม้าย	3	0.1	9853	0.03		
22970	เคระห์	3	0.1	24774	0.32		
22971	คนเก่าคนแก่	3	0.1	23907	0.27		
22972	สปะ	3	0.1	17376	0.10		
22973	ตรายาง	3	0.1	18646	0.12		
22974	เครื่องบูชา	3	0.1	16942	0.09		
22975	อิ่ง	3	0.1	13994	0.06		
22976	ข่ง	3	0.1	25220	0.32		
22977	ขี้ผง	3	0.1	18415	0.12		
22978	อะคริลิก	3	0.1	24523	0.29		
22979	หล่อง	3	0.1	30560	0.65		
22980	ค่่า	3	0.1	38046	speech-only		
22981	แล้ป	3	0.1	21617	0.20		
22982	นี้ด	3	0.1	23487	0.27		
22983	เยื่อน	3	0.1	31515	speech-only		
22984	ม้ง	3	0.1	9855	0.03		
22985	อั๋ง	3	0.1	17419	0.10		
22986	ไม้หน้า	3	0.1	16221	0.08		
22987	ปฐมวัย	3	0.1	11440	0.03		
22988	โหน่ง	3	0.1	3345	0.00		
22989	วสันต์	3	0.1	11750	0.04		
22990	ลงแขก	3	0.1	14225	0.06	slang	
22991	แบบพิมพ์	3	0.1	12423	0.04		
22992	ลเล่	3	0.1	26178	0.40		
22993	สวาส	3	0.1	33117	speech-only		
22994	กริต	3	0.1	37238	speech-only		
22995	เซรามิกส์	3	0.1	29551	0.65		
22996	เจ้ายศ	3	0.1	21312	0.19		
22997	เจ้าพระยา	3	0.1	2700	0.00		
22998	ชืน	3	0.1	32828	speech-only		
22999	โทมนัส	3	0.1	13642	0.05		
23000	เดนต์	3	0.1	25879	0.36		
23001	กรัก	3	0.1	25738	0.36		
23002	เสิ่ง	3	0.1	28685	0.54		
23003	สมัต	3	0.1	39475	speech-only		
23004	ฮำ	3	0.1	25365	0.36		
23005	ซาร์ดิเนีย	3	0.1	33933	speech-only		
23006	ผ่อย	3	0.1	32721	speech-only		
23007	แยกสลาย	3	0.1	26013	0.40		
23008	ต้วมเตี้ยม	3	0.1	19762	0.15		
23009	หรอย	3	0.1	29564	0.65		
23010	ฑา	3	0.1	17597	0.10		
23011	พงศาวดาร	3	0.1	4382	0.01		
23012	นาฏกรรม	3	0.1	16198	0.08		
23013	เน็จ	3	0.1	32225	speech-only		
23014	กรรณ	3	0.1	3634	0.00		
23015	ทุข์	3	0.1	33071	speech-only		
23016	เคี่ยน	3	0.1	27958	0.54		
23017	เรือนหอ	3	0.1	11994	0.04		
23018	เรียด	3	0.1	30713	speech-only		
23019	ทัร	3	0.1	29480	0.65		
23020	เนิบนาบ	3	0.1	17398	0.10		
23021	หน้อง	3	0.1	31412	speech-only		
23022	อาหรับเอมิเรตส์	3	0.1	14142	0.06		
23023	ผ้าผ่อน	3	0.1	20221	0.16		
23024	เทสโทสเตอโรน	3	0.1	24637	0.32		
23025	อู่น้ำ	3	0.1	21722	0.20		
23026	เถะ	3	0.1	33925	speech-only		
23027	ดิฟฟ์	3	0.1	24432	0.29		
23028	สำรวย	3	0.1	12774	0.04		
23029	แร้น	3	0.1	31924	speech-only		
23030	เสียงแข็ง	3	0.1	7780	0.02		
23031	สบัน	3	0.1	19996	0.15		
23032	เมิร์ค	3	0.1	35914	speech-only		
23033	เกช	3	0.1	20173	0.15		
23034	เจ้าคารม	3	0.1	39608	speech-only		
23035	ม้อง	3	0.1	31201	speech-only		
23036	รัร	3	0.1	32775	speech-only		
23037	แอ๊ด	3	0.1	8451	0.02		
23038	เลลย	3	0.1	31117	speech-only		
23039	หัตถการ	3	0.1	22663	0.23		
23040	เศวต	3	0.1	14790	0.06		
23041	เจสต์	3	0.1	36598	speech-only		
23042	ผ้าสำลี	3	0.1	38871	speech-only		
23043	ก่อร่างสร้างตัว	3	0.1	19743	0.15		
23044	อ้น	3	0.1	4059	0.00		
23045	บรีฟ	3	0.1	21703	0.20		
23046	กระพือข่าว	3	0.1	24357	0.29		
23047	พีร์	3	0.1	4776	0.01		
23048	สูน์	3	0.1	35741	speech-only		
23049	กาตาร์	3	0.1	12619	0.04		
23050	แกว	3	0.1	16935	0.09	offensive	
23051	ทวิก	3	0.1	33258	speech-only		
23052	ฉู่	3	0.1	13166	0.05		
23053	มิ้ลค์	3	0.1	33032	speech-only		
23054	ซ่าง	3	0.1	18337	0.12		
23055	เดิร์น	3	0.1	26953	0.46		
23056	อรรถ	3	0.1	6262	0.01		
23057	พุ่งหลาว	3	0.1	26502	0.40		
23058	สตัด	3	0.1	33910	speech-only		
23059	บาดคอ	3	0.1	23612	0.27		
23060	เซทส์	3	0.1	31039	speech-only		
23061	เฮดเดอร์	3	0.1	8344	0.02		
23062	หูดับตับไหม้	3	0.1	23968	0.29		
23063	ไค้	3	0.1	27699	0.46		
23064	อรอล	3	0.1	35319	speech-only		
23065	ถอดสี	3	0.1	16176	0.08		
23066	ไต่ถาม	3	0.1	9576	0.02		
23067	กร๊อก	3	0.1	31248	speech-only		
23068	ใหย	3	0.1	31375	speech-only		
23069	ทราง	3	0.1	18032	0.11		
23070	ดุษฎี	3	0.1	14325	0.06		
23071	ก่าง	3	0.1	35811	speech-only		
23072	ข้นแค้น	3	0.1	14734	0.06		
23073	แกนด์	3	0.1	35144	speech-only		
23074	อีเดียท	3	0.1	39449	speech-only		
23075	ซีบีเอส	3	0.1	19092	0.13		
23076	ปลอมปน	3	0.1	14659	0.06		
23077	เจิ้น	3	0.1	17363	0.10		
23078	ดูร	3	0.1	32321	speech-only		
23079	อารมณ์เปลี่ยว	3	0.1		speech-only	slang	
23080	ตีคู่	3	0.1	17368	0.10		
23081	อีเห็น	3	0.1	19819	0.15		
23082	เผชิญภัย	3	0.1	18785	0.12		
23083	ซันส์	3	0.1	18885	0.13		
23084	คุถ	3	0.1	30444	0.65		
23085	กอก	3	0.1	17166	0.09		
23086	ทัดดอกไม้	3	0.1	29781	0.65		
23087	ลาไน	3	0.1	34747	speech-only		
23088	ข้าราชสำนัก	3	0.1	19950	0.15		
23089	ก่วง	3	0.1	29910	0.65		
23090	แค้ว	3	0.1	38321	speech-only		
23091	โพสิทีฟ	3	0.1	28740	0.54		
23092	นนนนนนนนนนน	3	0.1	33503	speech-only		
23093	คอมเพลน	3	0.1	32378	speech-only		
23094	แอ็พ	3	0.1	35562	speech-only		
23095	สันดอน	3	0.1	16401	0.08		
23096	เอาท์พุท	3	0.1	29379	0.65		
23097	พระเครื่อง	3	0.1	8910	0.02		
23098	รังดุม	3	0.1	25660	0.36		
23099	บุพการี	3	0.1	7082	0.01		
23100	จต้อง	3	0.1	27721	0.46		
23101	หัวหาด	3	0.1	26985	0.46		
23102	จ่อง	3	0.1	31098	speech-only		
23103	กล้อ	3	0.1	29010	0.54		
23104	ควาด	3	0.1	36835	speech-only		
23105	นั่งกินนอนกิน	3	0.1	24064	0.29		
23106	คิดคด	3	0.1	22623	0.23		
23107	ตริน	3	0.1	31760	speech-only		
23108	ออกบวช	3	0.1	12069	0.04		
23109	จัต	3	0.1	26247	0.40		
23110	ฉล	3	0.1	34202	speech-only		
23111	รยะ	3	0.1	19758	0.15		
23112	ยิ้น	3	0.1	23593	0.27		
23113	อชา	3	0.1	38306	speech-only		
23114	ล้มลุก	3	0.1	19869	0.15		
23115	ตึ่ง	3	0.1	20052	0.15		
23116	โณง	3	0.1	36109	speech-only		
23117	เข้าฝัก	3	0.1	22357	0.22		
23118	หง่าง	3	0.1	24228	0.29		
23119	แอโรบิก	3	0.1	11535	0.04		
23120	เกลียจ	3	0.1	33640	speech-only		
23121	เหน็ด	3	0.1	21883	0.20		
23122	เฮิร์ซ	3	0.1	35774	speech-only		
23123	ฝื่น	3	0.1	31180	speech-only		
23124	ทะนาน	3	0.1	16511	0.09		
23125	เอ๊ง	3	0.1	25062	0.32		
23126	ชาลา	3	0.1	16856	0.09		
23127	เอ็กซ์ค	3	0.1	18928	0.13		
23128	บทคัดย่อ	3	0.1	19693	0.15		
23129	ตายอดตายอยาก	3	0.1	27717	0.46		
23130	ทะลุกลางปล้อง	3	0.1	24967	0.32		
23131	ฝ้น	3	0.1	35761	speech-only		
23132	กระเตง	3	0.1	15483	0.07		
23133	ปร่า	3	0.1	16058	0.08		
23134	ธวา	3	0.1	23871	0.27		
23135	เหี้ยมเกรียม	3	0.1	14710	0.06		
23136	โหวก	3	0.1	27178	0.46		
23137	บาช	3	0.1	33174	speech-only		
23138	ปลาโอ	3	0.1	28470	0.54		
23139	วนา	3	0.1	11259	0.03		
23140	เขยื่อน	3	0.1	33936	speech-only		
23141	ตรัว	3	0.1	31779	speech-only		
23142	ปาท่องโก๋	3	0.1	7899	0.02	slang	
23143	ฟูง	3	0.1	33979	speech-only		
23144	หมืน	3	0.1	29946	0.65		
23145	บูลล์	3	0.1	29573	0.65		
23146	พะเน้าพะนอ	3	0.1	22457	0.23		
23147	ลากูน	3	0.1	25991	0.36		
23148	โครก	3	0.1	19090	0.13		
23149	ด่าว	3	0.1	26115	0.40		
23150	ขนา	3	0.1	23407	0.27		
23151	หยับ	3	0.1	18039	0.11		
23152	บวง	3	0.1	23926	0.27		
23153	ผุกร่อน	3	0.1	15731	0.08		
23154	สารส้ม	3	0.1	13895	0.05		
23155	ปวดแสบปวดร้อน	3	0.1	14200	0.06		
23156	กระดานลื่น	3	0.1	27620	0.46		
23157	ปาสเตอร์	3	0.1	23887	0.27		
23158	คู่ความ	3	0.1	7458	0.01		
23159	ทแยงมุม	3	0.1	15937	0.08		
23160	ฮอลิค	3	0.1	35103	speech-only		
23161	เบรธ	3	0.1	37653	speech-only		
23162	สตาร์ส	3	0.1	35747	speech-only		
23163	ทรีส์	3	0.1	35270	speech-only		
23164	สมัค	3	0.1	24093	0.29		
23165	อายุรเวท	3	0.1	17903	0.11		
23166	พ่าน	3	0.1	21253	0.19		
23167	สกล	3	0.1	6022	0.01		
23168	ท็อม	3	0.1	39868	speech-only		
23169	สลักเกลียว	3	0.1	28516	0.54		
23170	เนียก	3	0.1	30527	0.65		
23171	ซอพ	3	0.1	35743	speech-only		
23172	ห้ามล้อ	3	0.1	19802	0.15		
23173	เนอน	3	0.1	30708	speech-only		
23174	ขจอง	3	0.1	30526	0.65		
23175	วุฒิบัตร	3	0.1	12486	0.04		
23176	อเรสท์	3	0.1	38987	speech-only		
23177	จับจด	3	0.1	21038	0.18		
23178	ตะเบ็ง	3	0.1	12575	0.04		
23179	โด่เด่	3	0.1	19920	0.15		
23180	ทะเลหลวง	3	0.1	20812	0.17		
23181	ตี๊ด	3	0.1	20447	0.16		
23182	เส้นลึก	3	0.1	36827	speech-only		
23183	ยัฟ	3	0.1	29695	0.65		
23184	สะดุดหู	3	0.1	17001	0.09		
23185	เยลลี	3	0.1	39851	speech-only		
23186	ปรัสเซีย	3	0.1	23619	0.27		
23187	ลอฮ์	3	0.1	22857	0.25		
23188	ทสุ	3	0.1	37669	speech-only		
23189	แพรว	3	0.1	12899	0.05		
23190	หมาไม่แดก	3	0.1		speech-only	offensive	
23191	ดร็อก	3	0.1	15218	0.07		
23192	แครท	3	0.1	20211	0.16		
23193	ขยุ้ม	3	0.1	14074	0.06		
23194	คอห่าน	3	0.1	24092	0.29		
23195	หรรษ	3	0.1	34715	speech-only		
23196	พระพุทธศาสนา	3	0.1	1999	0.00		
23197	ขร	3	0.1	18533	0.12		
23198	ขจร	3	0.1	5766	0.01		
23199	ง้ำ	3	0.1	14044	0.06		
23200	ลาตินอเมริกา	3	0.1	11326	0.03		
23201	ค่น	3	0.1	23048	0.25		
23202	ชาววัง	3	0.1	10980	0.03		
23203	คู่ชีพ	3	0.1	17715	0.10		
23204	ตีย์	3	0.1	37067	speech-only		
23205	ครู่ใหญ่	3	0.1	8488	0.02		
23206	ชนนี	3	0.1	7660	0.02		
23207	ทั้งเนื้อทั้งตัว	3	0.1	17512	0.10		
23208	กะได	3	0.1	24958	0.32		
23209	รีเวอร์ส	3	0.1	39228	speech-only		
23210	รุซ	3	0.1	33526	speech-only		
23211	แพย์	3	0.1	33154	speech-only		
23212	เฟือน	3	0.1	26431	0.40		
23213	บังกลาเทศ	3	0.1	11101	0.03		
23214	ความโน้มถ่วง	3	0.1	20269	0.16		
23215	บัตต์	3	0.1	39141	speech-only		
23216	นู่	3	0.1	28241	0.54		
23217	แคล้วคลาด	3	0.1	14000	0.06		
23218	เจิร์ก	3	0.1	25157	0.32		
23219	ฃน	3	0.1	38997	speech-only		
23220	โมเสก	3	0.1	16660	0.09		
23221	สะบ้าหัวเข่า	3	0.1	27843	0.46		
23222	สังคายนา	3	0.1	12783	0.04	colloquial	
23223	ทฏ	3	0.1	32647	speech-only		
23224	เฮสส์	3	0.1	29950	0.65		
23225	ขนิด	3	0.1	29256	0.65		
23226	ผส	3	0.1	36574	speech-only		
23227	กญ	3	0.1	32964	speech-only		
23228	ยี่ปั๊ว	3	0.1		speech-only	colloquial	
23229	อดีค	3	0.1	35947	speech-only		
23230	หัวต่อ	3	0.1	18742	0.12		
23231	ทำหูทวนลม	3	0.1	22235	0.22		
23232	ผุ่น	3	0.1	29736	0.65		
23233	น้ง	3	0.1	25319	0.36		
23234	จัทร์	3	0.1	33880	speech-only		
23235	โอ๊ด	3	0.1	24735	0.32		
23236	ราชินีนาถ	3	0.1	10333	0.03		
23237	ไม้ไล่	3	0.1	27883	0.46		
23238	ตาคม	3	0.1	9860	0.03		
23239	ล้วม	3	0.1	33497	speech-only		
23240	ยอช์ท	3	0.1	28732	0.54		
23241	กลัป	3	0.1	37469	speech-only		
23242	แทมพอน	3	0.1		speech-only	colloquial	
23243	โจก	3	0.1	35316	speech-only		
23244	บ่ายหน้า	3	0.1	14888	0.07		
23245	แควร์	3	0.1	29730	0.65		
23246	สิงห	3	0.1	11718	0.04		
23247	ปาสกาล	3	0.1	27222	0.46		y
23248	วนอุทยาน	3	0.1	11257	0.03		
23249	อติ	3	0.1	12432	0.04		
23250	ลูกฟูก	3	0.1	19845	0.15		
23251	พุทธะ	3	0.1	14523	0.06		
23252	จัดเจน	3	0.1	15688	0.08		
23253	โยธาธิการ	3	0.1	11033	0.03		
23254	พายัพ	3	0.1	12272	0.04		
23255	อาร์กิวเมนต์	3	0.1	14688	0.06		
23256	ณีย์	3	0.1	25059	0.32		
23257	สิรี	3	0.1	13935	0.06		
23258	แง้	3	0.1	8276	0.02		
23259	บ๋อ	3	0.1	28468	0.54		
23260	พวิ	3	0.1	22219	0.22		
23261	น้ำนอง	3	0.1	23413	0.27		
23262	ยิ้มละไม	3	0.1	14787	0.06		
23263	วูส	3	0.1	37629	speech-only		
23264	มิวนิก	3	0.1	14196	0.06		
23265	โพรเซสเซอร์	3	0.1	29842	0.65		
23266	ศีร	3	0.1	26033	0.40		
23267	นามกร	3	0.1	24156	0.29		
23268	ป่าวร้อง	3	0.1	18577	0.12		
23269	งามงอน	3	0.1	26765	0.40		
23270	มอก	3	0.1	22992	0.25		
23271	เหม็นเขียว	3	0.1	20658	0.17		
23272	แผ้วพาน	3	0.1	19198	0.13		
23273	ถีบตัว	3	0.1	14192	0.06		
23274	ยี่น	3	0.1	36712	speech-only		
23275	เกลือสินเธาว์	3	0.1	26087	0.40		
23276	ไนเจอร์	3	0.1	20261	0.16		
23277	เคลท์	3	0.1	37351	speech-only		
23278	เซ็งแซ่	3	0.1	11681	0.04		
23279	โทม	3	0.1	35738	speech-only		
23280	กลางใจเมือง	3	0.1	24408	0.29		
23281	ธัญญาหาร	3	0.1	14032	0.06		
23282	ฬ่อ	3	0.1	23832	0.27		
23283	เซอร์เรย์	3	0.1	30604	0.65		
23284	กาพย์กลอน	3	0.1	18092	0.11		
23285	ไนย์	3	0.1	26853	0.40		
23286	อรชร	3	0.1	17726	0.10		
23287	บุย	3	0.1		speech-only	slang	
23288	หน้าปัทม์	3	0.1	33051	speech-only		
23289	ซีเมนส์	3	0.1	24615	0.32		
23290	ริร์ฟ	3	0.1	28196	0.54		
23291	ลเบอร์ก	3	0.1	22296	0.22		
23292	ปากปลาร้า	3	0.1		speech-only	offensive	
23293	นัยต์	3	0.1	30325	0.65		
23294	นิตินัย	3	0.1	15100	0.07		
23295	ไก่ป่า	3	0.1	18234	0.12		
23296	บาสค์	3	0.1	36148	speech-only		
23297	ลับล่อ	3	0.1	28300	0.54		
23298	โต๊ด	3	0.1	13857	0.05		
23299	ดื้ม	3	0.1	38224	speech-only		
23300	กระแต	3	0.1	17273	0.10		
23301	หลำ	3	0.1	31817	speech-only		
23302	เลกเชอร์	3	0.1	29380	0.65		
23303	โกร๋น	3	0.1	19363	0.14		
23304	ยูริก	3	0.1	14112	0.06		
23305	คร่ำคร่า	3	0.1	15002	0.07		
23306	ปีด	3	0.1	39132	speech-only		
23307	วอยส์	3	0.1	26195	0.40		
23308	มุ่งมาด	3	0.1	19441	0.14		
23309	หวาม	3	0.1	18207	0.12		
23310	กาญ	3	0.1	7386	0.01		
23311	สลอง	3	0.1	27753	0.46		
23312	ฟิเดล	3	0.1	17664	0.10		
23313	ชค	3	0.1	26790	0.40		
23314	ต้มข่า	3	0.1	20582	0.17		
23315	สิระ	3	0.1	9345	0.02		
23316	คดิ	3	0.1	37236	speech-only		
23317	เตท	3	0.1	16874	0.09		
23318	ปลิ่ง	3	0.1	37348	speech-only		
23319	ขต	3	0.1	28096	0.54		
23320	วินท์	3	0.1	33056	speech-only		
23321	ปีงบประมาณ	3	0.1	2812	0.00		
23322	เนื้อเค็ม	3	0.1	16146	0.08		
23323	เจนจัด	3	0.1	16526	0.09		
23324	เซเชลส์	3	0.1	34580	speech-only		
23325	ต้นขั้ว	3	0.1	30313	0.65		
23326	สเทต	3	0.1	34623	speech-only		
23327	อีต	3	0.1	31128	speech-only		
23328	พนิ	3	0.1	25692	0.36		
23329	พลาย	3	0.1	8278	0.02		
23330	ลูกยาง	3	0.1	20785	0.17		
23331	จีด	3	0.1	26341	0.40		
23332	หลัด	3	0.1	18144	0.11		
23333	ดริ้ง	3	0.1	36032	speech-only		
23334	กุฎ	3	0.1	22733	0.23		
23335	ดรัก	3	0.1	19237	0.13		
23336	แฮร์โรว์	3	0.1	28232	0.54		
23337	หรบ	3	0.1	22021	0.22		
23338	ตลอ	3	0.1	32549	speech-only		
23339	คชา	3	0.1	13289	0.05		
23340	ฉัพ	3	0.1	24188	0.29		
23341	เจ้ากรรมนายเวร	3	0.1	26686	0.40		
23342	ขี้ควาย	3	0.1	20957	0.18		
23343	เปี่ยน	3	0.1	13876	0.05		
23344	ก้างปลา	3	0.1	15389	0.07		
23345	เกาเหลา	3	0.1	13974	0.06	offensive	
23346	บางตา	3	0.1	15710	0.08		
23347	ปฏิกูล	3	0.1	19127	0.13		
23348	ซินซินเนติ	3	0.1	25013	0.32		
23349	บอล์ท	3	0.1	38165	speech-only		
23350	ลวย	3	0.1	34371	speech-only		
23351	ตลิน	3	0.1	25920	0.36		
23352	โฮจิมินห์	3	0.1	17425	0.10		
23353	อิทธิ	3	0.1	9654	0.02		
23354	มะขาม	3	0.1	6641	0.01	slang	
23355	ชารด์	3	0.1	34438	speech-only		
23356	คาสท์	3	0.1	37377	speech-only		
23357	ป้น	3	0.1	31671	speech-only		
23358	ศีลอด	3	0.1	19915	0.15		
23359	กะวะ	3	0.1	30351	0.65		
23360	ข้อน	3	0.1	21439	0.19		
23361	เสี้ยม	3	0.1	21049	0.18		
23362	ขุ่นข้อง	3	0.1	17428	0.10		
23363	เครื่องกรองอากาศ	3	0.1	36341	speech-only		
23364	ฮาก	3	0.1	24342	0.29		
23365	เขิญ	3	0.1	38025	speech-only		
23366	จนาด	3	0.1	32732	speech-only		
23367	เหย่า	3	0.1	22796	0.23		
23368	เขือ	3	0.1	25543	0.36		
23369	เลยป้าย	3	0.1		speech-only	slang	
23370	ตัวตั้งตัวตี	3	0.1	28668	0.54		
23371	ฟอร์มาลดีไฮด์	3	0.1	29246	0.65		
23372	เหม็นเบื่อ	3	0.1	25897	0.36		
23373	บถ	3	0.1	20792	0.17		
23374	เมาะ	3	0.1	10769	0.03		
23375	อ่ม	3	0.1	27581	0.46		
23376	ฮอนชู	3	0.1	19653	0.15		
23377	ขวย	3	0.1	23767	0.27		
23378	ปั๊ก	3	0.1	20132	0.15		
23379	ดุ๊	3	0.1	29766	0.65		
23380	คำนำหน้าชื่อ	3	0.1	30990	speech-only		
23381	กูม	3	0.1	35390	speech-only		
23382	ปริบ	3	0.1	7904	0.02		
23383	เซเล็บ	3	0.1		speech-only	colloquial	
23384	น่ง	3	0.1	28596	0.54		
23385	โจกท์	3	0.1	33296	speech-only		
23386	เทิม	3	0.1	18183	0.12		
23387	แขต	3	0.1	39915	speech-only		
23388	โกลล์	3	0.1	34619	speech-only		
23389	สนท	3	0.1	35986	speech-only		
23390	ไตรลักษณ์	3	0.1	11634	0.04		
23391	แตกระแหง	3	0.1	20045	0.15		
23392	นขา	3	0.1	31330	speech-only		
23393	ประโคมข่าว	3	0.1	20054	0.15		
23394	โฒ	3	0.1	38468	speech-only		
23395	ไวล์เดอร์	3	0.1	33739	speech-only		
23396	จุต	3	0.1	31278	speech-only		
23397	พำ	3	0.1	22943	0.25		
23398	วกา	3	0.1	34705	speech-only		
23399	เด็ห	3	0.1	38499	speech-only		
23400	สาละ	3	0.1	13042	0.05		
23401	เจี๊ยะ	3	0.1	12305	0.04	colloquial	
23402	กึ๊ก	3	0.1	28501	0.54		
23403	สตาฟฟ์	3	0.1	14795	0.06		
23404	เบียบ	3	0.1	26648	0.40		
23405	ระดู	3	0.1	12009	0.04		
23406	นกแก้วนกขุนทอง	3	0.1		speech-only	offensive	
23407	เทอน	3	0.1	36320	speech-only		
23408	ย้อง	3	0.1	29773	0.65		
23409	บึน	3	0.1	28105	0.54		
23410	โชต	3	0.1	23604	0.27		
23411	ระเกะระกะ	3	0.1	12173	0.04		
23412	ก๊าซไข่เน่า	3	0.1	24725	0.32		
23413	นัฟ	3	0.1	20246	0.16		
23414	คู่ทุกข์คู่ยาก	3	0.1	22710	0.23		
23415	คันชัก	3	0.1	23849	0.27		
23416	หางปลา	3	0.1	20630	0.17		
23417	อุกฤษฏ์	3	0.1	29090	0.54		
23418	ถอยฉาก	3	0.1	29802	0.65		
23419	ง่น	3	0.1	36020	speech-only		
23420	ทตย์	3	0.1	33787	speech-only		
23421	สอ่ง	3	0.1	34105	speech-only		
23422	สาวดุ้น	3	0.1		speech-only	slang	
23423	กลางบ้าน	3	0.1	14277	0.06		
23424	ลูกโยน	3	0.1	33115	speech-only		
23425	ป่าดิบ	3	0.1	15148	0.07		
23426	ปุ้ย	3	0.1	11343	0.03		
23427	ฃาย	3	0.1	22865	0.25		
23428	กร่น	3	0.1	33260	speech-only		
23429	เทียร	3	0.1	20981	0.18		
23430	น้ำอ้อย	3	0.1	9313	0.02		
23431	ชำนะ	3	0.1	18035	0.11		
23432	อภิบาล	3	0.1	12174	0.04		
23433	ตี้ส์	3	0.1	20243	0.16		
23434	สตีด	3	0.1	23681	0.27		
23435	งงงงงงงงงงง	3	0.1	37877	speech-only		
23436	แสป	3	0.1	38937	speech-only		
23437	อากัปกิริยา	3	0.1	8414	0.02		
23438	เอธานอล	3	0.1	29165	0.65		
23439	เหนิด	3	0.1	26615	0.40		
23440	คีซ	3	0.1	7575	0.01		
23441	รางค์	3	0.1	16771	0.09		
23442	คำเติม	3	0.1	14831	0.06		
23443	นุ่	3	0.1	31816	speech-only		
23444	รู้ตื้นลึกหนาบาง	3	0.1	22222	0.22		
23445	ดีดดิ้น	3	0.1	21382	0.19		
23446	กษัตย์	3	0.1	38637	speech-only		
23447	ตูดงอน	3	0.1	38171	speech-only		
23448	แมลงวันหัวเขียว	3	0.1	28615	0.54		
23449	รูเบิล	3	0.1	25040	0.32		
23450	ฆาร	3	0.1	26074	0.40		
23451	เสือกไส	3	0.1	27465	0.46		
23452	สท้าน	3	0.1	39199	speech-only		
23453	ฉู่ฉี่	3	0.1	24183	0.29		
23454	นริดจ์	3	0.1	37603	speech-only		
23455	คนมีสี	3	0.1		speech-only	slang	
23456	ระบือ	3	0.1	17215	0.10		
23457	ศุลการักษ์	3	0.1	30016	0.65		
23458	อัญชัน	3	0.1	18248	0.12		
23459	ฝึกปรือ	3	0.1	16480	0.08		
23460	เดียดฉันท์	3	0.1	14883	0.07		
23461	แซยิด	3	0.1	16141	0.08		
23462	ฟาวน์	3	0.1	24736	0.32		
23463	กระแสนิยม	3	0.1	15169	0.07		
23464	หร้อ	3	0.1	27453	0.46		
23465	จวัก	3	0.1	17372	0.10		
23466	อิริก	3	0.1	39585	speech-only		
23467	โรจ	3	0.1	21654	0.20		
23468	เทลส์	3	0.1	21109	0.18		
23469	ชเย	3	0.1	34961	speech-only		
23470	นิมนต์	3	0.1	8180	0.02	colloquial	
23471	โอช	3	0.1	32595	speech-only		
23472	ทันกิน	3	0.1	26555	0.40		
23473	หนัว	3	0.1	36235	speech-only		
23474	คลับคล้าย	3	0.1	19553	0.14		
23475	อเนล	3	0.1	20744	0.17		
23476	ราณ	3	0.1	11158	0.03		
23477	สดมภ์	3	0.1	14307	0.06		
23478	สลึม	3	0.1	28184	0.54		
23479	เค้ม	3	0.1	28727	0.54		
23480	สปิด	3	0.1	36711	speech-only		
23481	ธณ	3	0.1	30918	speech-only		
23482	ถงึ	3	0.1	28295	0.54		
23483	เกียบ	3	0.1	17689	0.10		
23484	ตามด	3	0.1	27578	0.46		
23485	เร้ซ	3	0.1	39763	speech-only		
23486	บิดขี้เกียจ	3	0.1	15696	0.08		
23487	แคมเบรียน	3	0.1	23172	0.25		
23488	วายชนม์	3	0.1	19433	0.14		
23489	ด่ำ	3	0.1	22157	0.22		
23490	ดุริยางคศิลป์	3	0.1	17076	0.09		
23491	ฟิกส์	3	0.1	34988	speech-only		
23492	เม้มปาก	3	0.1	9170	0.02		
23493	รุกข	3	0.1	23712	0.27		
23494	เด็กแนว	3	0.1		speech-only	colloquial	
23495	เชิดหน้าชูตา	3	0.1	17327	0.10		
23496	เคนต์	3	0.1	36883	speech-only		
23497	เลี้ย	3	0.1	24526	0.29		
23498	เปิน	3	0.1	24795	0.32		
23499	กาฐ	3	0.1	13237	0.05		
23500	จีเอ็ม	3	0.1	10046	0.03		
23501	ฟอว์	3	0.1	32672	speech-only		
23502	วานูอาตู	3	0.1	30485	0.65		
23503	อัมพฤกษ์	3	0.1	12529	0.04		
23504	โพลาไรซ์	3	0.1	33303	speech-only		
23505	อีร์	3	0.1	33968	speech-only		
23506	ออร์แกนิก	3	0.1	14984	0.07		
23507	กีด	3	0.1	16060	0.08		
23508	พิรุณ	3	0.1	19621	0.15		
23509	อุทัย	3	0.1	5969	0.01	colloquial	
23510	ตะกราม	3	0.1	27037	0.46		
23511	ไจโร	3	0.1	30991	speech-only		
23512	ค่าภาคหลวง	3	0.1	17290	0.10		
23513	ตูนิส	3	0.1	32779	speech-only		
23514	วัฏ	3	0.1	15559	0.07		
23515	ปลายน้ำ	3	0.1	12729	0.04		
23516	แตกเนื้อสาว	3	0.1	19917	0.15		
23517	เยล์	3	0.1	39081	speech-only		
23518	กักขฬะ	3	0.1	22502	0.23	offensive	
23519	ฟังก์ชัน	3	0.1	3427	0.00		y
23520	ษมา	3	0.1	31424	speech-only		
23521	เริล	3	0.1	36437	speech-only		
23522	ยอร์จ	3	0.1	20386	0.16		
23523	ศัลยศาสตร์	3	0.1	18953	0.13		
23524	ภิรมย์	3	0.1	5828	0.01		
23525	คาก	3	0.1	18645	0.12		
23526	หรุ	3	0.1	31776	speech-only		
23527	อั้งยี่	3	0.1	11804	0.04		
23528	ปาดี	3	0.1	18908	0.13		
23529	นีลส์	3	0.1	34694	speech-only		
23530	ฉุยฉาย	3	0.1	16766	0.09		
23531	จาล	3	0.1	22693	0.23		
23532	ดะฮ์	3	0.1	33733	speech-only		
23533	เปลี้ย	3	0.1	16314	0.08		
23534	กระแด่ว	3	0.1	20411	0.16		
23535	ฟิวชัน	3	0.1	23761	0.27		
23536	วจี	3	0.1	13498	0.05		
23537	เทิ่ง	3	0.1	16912	0.09		
23538	รเชต์	3	0.1	31401	speech-only		
23539	ลลง	3	0.1	37069	speech-only		
23540	จุลทรรศน์	3	0.1	30414	0.65		
23541	งิ้ว	3	0.1	7117	0.01		
23542	สะบัดก้น	3	0.1	21859	0.20		
23543	น้ำมันหอย	3	0.1		speech-only	colloquial	
23544	สลบไสล	3	0.1	16897	0.09		
23545	คร่ำเครียด	3	0.1	20572	0.17		
23546	จเร	3	0.1	16633	0.09		
23547	เนือง	3	0.1	6933	0.01		
23548	ลิเทียม	3	0.1	22928	0.25		
23549	โควตา	3	0.1	7592	0.01		
23550	เงีย	3	0.1	30720	speech-only		
23551	อาเซียน	3	0.1	1722	0.00		
23552	หัวปี	3	0.1	16573	0.09		
23553	หม้อแกง	3	0.1	11572	0.04		
23554	บาลานซ์	3	0.1	17642	0.10		
23555	ทำนบ	3	0.1	14909	0.07		
23556	ไคร่	3	0.1	23465	0.27		
23557	ลิกนิน	3	0.1	39109	speech-only		
23558	วันพระ	3	0.1	9892	0.03		
23559	อ๊อกซ์	3	0.1	18880	0.13		
23560	แข็งค่า	3	0.1	7589	0.01		
23561	เครื่องยนต์ไอพ่น	3	0.1	39836	speech-only		
23562	อัลกุรอาน	3	0.1	27623	0.46		
23563	วิศวกรรมศาสตร์	3	0.1	8525	0.02		
23564	ธิต	3	0.1	14703	0.06		
23565	สนนราคา	3	0.1	13791	0.05		
23566	แฟด	3	0.1	37824	speech-only		
23567	ด้ก	3	0.1	36246	speech-only		
23568	ดัคท์	3	0.1	16787	0.09		
23569	ถด	3	0.1	25608	0.36		
23570	ทรูท	3	0.1	28250	0.54		
23571	ส่าหรี	3	0.1	19415	0.14		
23572	ญอล	3	0.1	26040	0.40		
23573	ฌาคส์	3	0.1	28803	0.54		
23574	อาบัติ	3	0.1	16568	0.09		
23575	ลูกน้ำ	3	0.1	16470	0.08	colloquial	
23576	บูโร	3	0.1	20728	0.17		
23577	ตัวกล้อง	3	0.1	23221	0.25		
23578	ลูกเต้า	3	0.1	10309	0.03		
23579	หรืด	3	0.1	33598	speech-only		
23580	สเวต	3	0.1	35297	speech-only		
23581	ว่านน้ำ	3	0.1	28391	0.54		
23582	หนุบหนับ	3	0.1	29320	0.65		
23583	เดซิลิตร	3	0.1	14944	0.07		
23584	แฟ็ต	3	0.1	30568	0.65		
23585	สติตช์	3	0.1	34844	speech-only		
23586	ห้น	3	0.1	36836	speech-only		
23587	เลนจ์	3	0.1	21327	0.19		
23588	เขาะ	3	0.1	33514	speech-only		
23589	ตริย์	3	0.1	36084	speech-only		
23590	ยิ่น	3	0.1	24252	0.29		
23591	ฐิติ	3	0.1	11234	0.03		
23592	โตก	3	0.1	19671	0.15		
23593	หนังไก่	3	0.1	24963	0.32		
23594	ก่าร	3	0.1	31192	speech-only		
23595	ภัตร	3	0.1	21775	0.20		
23596	ภี	3	0.1	7576	0.01		
23597	วอแว	3	0.1	20478	0.16	colloquial	
23598	กอตต์	3	0.1	38376	speech-only		
23599	ศูณย์	3	0.1	39433	speech-only		
23600	เนื้ออ่อน	3	0.1	16446	0.08		
23601	พาต	3	0.1	34305	speech-only		
23602	เป๋อ	3	0.1	21512	0.19		
23603	ฟีดแบค	3	0.1	34810	speech-only		
23604	คับอกคับใจ	3	0.1	28173	0.54		
23605	เอ็ดตะโร	3	0.1	14985	0.07		
23606	พกลม	3	0.1	26459	0.40		
23607	ปาซ	3	0.1	27743	0.46		
23608	เต็มไม้เต็มมือ	3	0.1	27655	0.46		
23609	เกริก	3	0.1	7025	0.01		
23610	ชวาร์	3	0.1	24824	0.32		
23611	เมทิล	3	0.1	30146	0.65		
23612	เทกระเป๋า	3	0.1	30812	speech-only		
23613	แห้	3	0.1	25089	0.32		
23614	นิติเวชศาสตร์	3	0.1	15540	0.07		
23615	ขะมักเขม้น	3	0.1	10766	0.03		
23616	ฤษี	3	0.1	8674	0.02		
23617	ผู้เรียน	3	0.1	5034	0.01		
23618	พัวร์	3	0.1	36576	speech-only		
23619	ด่อน	3	0.1	22015	0.22		
23620	ฝักฝ่าย	3	0.1	16336	0.08		
23621	อตา	3	0.1	26487	0.40		
23622	วสาน	3	0.1	24255	0.29		
23623	หัวโปก	3	0.1		speech-only	slang	
23624	กุ้งยิง	3	0.1	12337	0.04		
23625	เกี๊ยะ	3	0.1	15780	0.08		
23626	น้ำตาเทียน	3	0.1	26413	0.40		
23627	จำกัดจำเขี่ย	3	0.1	20442	0.16		
23628	จั๊กกะแร้	3	0.1		speech-only	colloquial	
23629	กสท	3	0.1	9755	0.02		
23630	วหา	3	0.1	30941	speech-only		
23631	รำแพน	3	0.1	24607	0.32		
23632	ภาน	3	0.1	30317	0.65		
23633	โพธ์	3	0.1	31462	speech-only		
23634	มุบมิบ	3	0.1	29536	0.65		
23635	เต็มเต็ง	3	0.1	23701	0.27		
23636	เซวา	3	0.1	34143	speech-only		
23637	สัค	3	0.1	21609	0.20		
23638	สากกะเบือ	3	0.1	23892	0.27		
23639	เยบ	3	0.1	32111	speech-only		
23640	พังพาบ	3	0.1	20073	0.15		
23641	แอสฟัลต์	3	0.1	25657	0.36		
23642	หน้าเตา	3	0.1	16896	0.09		
23643	ซายส์	3	0.1	14145	0.06		
23644	บาซ	3	0.1	30492	0.65		
23645	วรรดิ	3	0.1	23390	0.27		
23646	ดำริ	3	0.1	7008	0.01		
23647	เฮ้น	3	0.1	29040	0.54		
23648	ศค	3	0.1	33354	speech-only		
23649	กรุ๋ง	3	0.1	21031	0.18		
23650	บาห์เรน	3	0.1	13474	0.05		
23651	จึก	3	0.1	21458	0.19		
23652	ษต	3	0.1	33704	speech-only		
23653	ถึ่ง	3	0.1	28411	0.54		
23654	เมียล	3	0.1	26432	0.40		
23655	เกร่อ	3	0.1	17609	0.10		
23656	ธนะ	3	0.1	7042	0.01		
23657	ชันสูตรพลิกศพ	3	0.1	5579	0.01		
23658	สาร์ต	3	0.1	12171	0.04		
23659	เลิส	3	0.1	30725	speech-only		
23660	ตังค	3	0.1	34473	speech-only		
23661	ศานติ	3	0.1	13547	0.05		
23662	โอละพ่อ	3	0.1	35911	speech-only		
23663	หิด	3	0.1	15394	0.07		
23664	สลอท	3	0.1	26223	0.40		
23665	ทะมัดทะแมง	3	0.1	10006	0.03		
23666	เยว	3	0.1	23958	0.29		
23667	ผ่อ	3	0.1	11904	0.04		
23668	ปลาตะเพียน	3	0.1	12701	0.04		
23669	เบิ่ม	3	0.1	37366	speech-only		
23670	สัญญะ	3	0.1	6143	0.01		
23671	วัถ	3	0.1	37458	speech-only		
23672	ขันต่อ	3	0.1	12893	0.05		
23673	กรู๊	3	0.1	38346	speech-only		
23674	แอนส์	3	0.1	34625	speech-only		
23675	จุดสว่าง	3	0.1	18115	0.11		
23676	นมหนู	3	0.1	33750	speech-only		
23677	ซันติอาโก	3	0.1	29642	0.65		
23678	พัลวัน	3	0.1	10974	0.03		
23679	ฟ่าน	3	0.1	29424	0.65		
23680	น้อยเนื้อต่ำใจ	3	0.1	13481	0.05		
23681	ลีนน์	3	0.1	36498	speech-only		
23682	ไอกรน	3	0.1	30598	0.65		
23683	แง้ง	3	0.1	22067	0.22		
23684	ซานตาครูซ	3	0.1	28699	0.54		
23685	มาร์ดิกราส์	3	0.1	36023	speech-only		
23686	ผัวะ	3	0.1	11534	0.04	colloquial	
23687	เข้าตำรา	3	0.1	19149	0.13		
23688	โลห	3	0.1	21101	0.18		
23689	ชอเซอร์	3	0.1	28046	0.54		
23690	ดอกเห็ด	3	0.1	13389	0.05		
23691	อโลน	3	0.1	34317	speech-only		
23692	โทรมหญิง	3	0.1	17848	0.11		
23693	หยุกหยิก	3	0.1	24103	0.29		
23694	ยันตร์	3	0.1	38579	speech-only		
23695	เสตส์	3	0.1	24279	0.29		
23696	วงศ์วาน	3	0.1	11822	0.04		
23697	ขริบ	3	0.1	15097	0.07		
23698	เปรียญ	3	0.1	14580	0.06		
23699	หาค่ามิได้	3	0.1	24936	0.32		
23700	ฝุง	3	0.1	31356	speech-only		
23701	ออสเตรเลียน	3	0.1	12545	0.04		
23702	มดเท็จ	3	0.1	23408	0.27		
23703	ขวับ	3	0.1	5278	0.01		
23704	สร้อยทอง	3	0.1	15312	0.07		
23705	ตบะ	3	0.1	13370	0.05		
23706	เต็ท	3	0.1	14585	0.06		
23707	อมาตย์	3	0.1	15655	0.08		
23708	ลูฟวร์	3	0.1	33619	speech-only		
23709	ถึบ	3	0.1	38862	speech-only		
23710	ปริต	3	0.1	18441	0.12		
23711	มาเซีย	3	0.1	28795	0.54		
23712	บึ้บ	3	0.1	29722	0.65		
23713	กนัง	3	0.1	34750	speech-only		
23714	ไดย	3	0.1	37497	speech-only		
23715	ขนุน	3	0.1	7192	0.01		
23716	วินห์	3	0.1	31094	speech-only		
23717	เตร๊าส์	3	0.1	30412	0.65		
23718	เฟรต	3	0.1	35556	speech-only		
23719	สูต	3	0.1	17391	0.10		
23720	กาเฟอีน	3	0.1	16765	0.09		
23721	พุ่งพรวด	3	0.1	15014	0.07		
23722	เชิล	3	0.1	22716	0.23		
23723	ปลือ	3	0.1	35591	speech-only		
23724	ลิงลม	3	0.1	19941	0.15		
23725	ผู้ใช้งาน	3	0.1	12098	0.04		
23726	ทายาด	3	0.1	27505	0.46		
23727	มันปู	3	0.1	26367	0.40		
23728	ฟูร์	3	0.1	17438	0.10		
23729	หลด	3	0.1	15787	0.08		
23730	พระคลัง	3	0.1	8404	0.02		
23731	กระดาษอัด	3	0.1	21981	0.22		
23732	เมาน์เทน	3	0.1	33419	speech-only		
23733	ระโหย	3	0.1	14165	0.06		
23734	อุรุ	3	0.1	13615	0.05		
23735	ดุษฎีบัณฑิต	3	0.1	12676	0.04		
23736	ฟิสท์	3	0.1	17712	0.10		
23737	มนตรี	3	0.1	5045	0.01		
23738	คุซ	3	0.1	35191	speech-only		
23739	ฟอล์กแลนด์	3	0.1	38838	speech-only		
23740	แลว้	3	0.1	35482	speech-only		
23741	ค่ค	3	0.1	33059	speech-only		
23742	จุ่ย	3	0.1	28590	0.54		
23743	เวตาล	3	0.1	14392	0.06		
23744	มมอง	3	0.1	38043	speech-only		
23745	ไดอะแกรม	3	0.1	20146	0.15		
23746	ทรอต	3	0.1	20791	0.17		
23747	จะเข้	3	0.1	22658	0.23		
23748	สาตร์	3	0.1	28564	0.54		
23749	สมาชิกภาพ	3	0.1	9273	0.02		
23750	ค้อฟ	3	0.1	32459	speech-only		
23751	เซิร์บ	3	0.1	18801	0.12		
23752	ผาก	3	0.1	21815	0.20		
23753	ทบวงการ	3	0.1	21498	0.19		
23754	หนุ่ย	3	0.1	11501	0.03		
23755	มอดูล	3	0.1	25342	0.36		
23756	เม้าท์แตก	3	0.1		speech-only	slang	
23757	ตราชู	3	0.1	27866	0.46		
23758	ม้าเทศ	3	0.1	34809	speech-only		
23759	ผู้เลี้ยงดู	3	0.1	14516	0.06		
23760	ออนส์	3	0.1	21863	0.20		
23761	ฉลุ	3	0.1	12064	0.04		
23762	ทูลกระหม่อม	3	0.1	8113	0.02	colloquial	
23763	สถูป	3	0.1	8634	0.02		
23764	ไรมส์	3	0.1	37843	speech-only		
23765	อมพะนำ	3	0.1	21448	0.19		
23766	เหวง	3	0.1	19145	0.13		
23767	แทมป์	3	0.1	35777	speech-only		
23768	อัตน	2	0.1	35332	speech-only		
23769	มะห์	2	0.1	32221	speech-only		
23770	โฉมยง	2	0.1	24025	0.20		
23771	บูบ	2	0.1	25232	0.22		
23772	ตาลาน	2	0.1	25982	0.24		
23773	เล็กช์	2	0.1	36403	speech-only		
23774	เมิร์ส	2	0.1	35550	speech-only		
23775	สุดา	2	0.1	5305	0.01		
23776	ชิงพลบ	2	0.1	33811	speech-only		
23777	อูวว์	2	0.1	35187	speech-only		
23778	โอล์ด	2	0.1	37382	speech-only		
23779	ทแกล้ว	2	0.1	26334	0.27		
23780	อกุสต์	2	0.1	30561	0.43		
23781	แมบ	2	0.1	33021	speech-only		
23782	เคลส์	2	0.1	32349	speech-only		
23783	เอาท์ดอร์	2	0.1	33147	speech-only		
23784	ง้า	2	0.1	23239	0.17		
23785	ยันห์	2	0.1	37563	speech-only		
23786	ปิตุฆาต	2	0.1	29676	0.43		
23787	ปริทัศน์	2	0.1	12554	0.03		
23788	ปราฟ	2	0.1	27040	0.31		
23789	อูยส์	2	0.1	28722	0.36		
23790	จุ่น	2	0.1	20673	0.11		
23791	ออดแอด	2	0.1	18247	0.08		
23792	โลภโมโทสัน	2	0.1	23824	0.18		
23793	รเมศ	2	0.1	25599	0.24		
23794	แมลงวันสเปน	2	0.1	34480	speech-only		
23795	คอแร้ง	2	0.1	24751	0.22		
23796	ไตร๊ค์	2	0.1	29597	0.43		
23797	เครซี	2	0.1	36908	speech-only		
23798	ครีน	2	0.1	36266	speech-only		
23799	สตุส	2	0.1	34243	speech-only		
23800	ขนมจีน	2	0.1	7169	0.01		
23801	ขุนค้อน	2	0.1		speech-only	slang	
23802	บรอธ	2	0.1	33175	speech-only		
23803	เลวิซ	2	0.1	34220	speech-only		
23804	มาร์เก็ตติ้ง	2	0.1	10577	0.02		
23805	แอดวานซ์	2	0.1	17064	0.06		
23806	รานห์	2	0.1	37842	speech-only		
23807	ฑล	2	0.1	24036	0.20		
23808	คลัว	2	0.1	37807	speech-only		
23809	เปาบุ้นจิ้น	2	0.1		speech-only	slang	
23810	วสันต	2	0.1	23555	0.18		
23811	พาร์ตเนอร์	2	0.1	25968	0.24		
23812	เคิร์ช	2	0.1	18652	0.08		
23813	สลุด	2	0.1	38407	speech-only		
23814	อ้าม	2	0.1	37129	speech-only		
23815	แถ่น	2	0.1	23592	0.18		
23816	เซอน	2	0.1	33755	speech-only		
23817	สรัท	2	0.1	6053	0.01		
23818	สตรีพ	2	0.1	32046	speech-only		
23819	เถาะ	2	0.1	8138	0.01		
23820	มินทร์	2	0.1	8758	0.01		
23821	แพรด	2	0.1	27304	0.31		
23822	ตริสต์	2	0.1	39604	speech-only		
23823	ศาลหลวง	2	0.1	25378	0.24		
23824	กรี๊ดดด	2	0.1	36347	speech-only		
23825	คอร์รี	2	0.1	38296	speech-only		
23826	บ๊อพ	2	0.1	31093	speech-only		
23827	ทวิช	2	0.1	23127	0.17		
23828	อีกอร์	2	0.1	39616	speech-only		
23829	ไพโอเนียร์	2	0.1	15591	0.05		
23830	ไอโอตา	2	0.1	31315	speech-only		
23831	ปิม	2	0.1	29230	0.43		
23832	ไอออนิค	2	0.1	27220	0.31		
23833	ไฟล้	2	0.1	37936	speech-only		
23834	สเตมส์	2	0.1	36892	speech-only		
23835	ป่วยการเมือง	2	0.1		speech-only	slang	
23836	ยุบยับ	2	0.1	22507	0.15		
23837	งุบ	2	0.1	38505	speech-only		
23838	คิวบิก	2	0.1	24845	0.22		
23839	ร็อกก์	2	0.1	33293	speech-only		
23840	ภรณ์	2	0.1	4313	0.00		
23841	เอ๊ว	2	0.1	33119	speech-only		
23842	โดกเดก	2	0.1	37527	speech-only		
23843	ดิ๊ด	2	0.1	30878	speech-only		
23844	อินเดียม	2	0.1	29568	0.43		
23845	เย้ว	2	0.1	26591	0.27		
23846	พัสถาน	2	0.1	20552	0.11		
23847	ขัค	2	0.1	21308	0.13		
23848	คอนญัก	2	0.1	23182	0.17		
23849	ฮิสตามีน	2	0.1	21799	0.13		
23850	จุ๋ม	2	0.1	5310	0.01		
23851	ยโก	2	0.1	22815	0.15		
23852	รุษย์	2	0.1	38502	speech-only		
23853	ทรุส	2	0.1	32181	speech-only		
23854	เปตอง	2	0.1	21445	0.13		
23855	อึ๊ก	2	0.1	32503	speech-only		
23856	เมี้ย	2	0.1	18228	0.08		
23857	เมกะเฮิรตซ์	2	0.1	26205	0.27		
23858	แคทซ์	2	0.1	23409	0.18		
23859	ศกุน	2	0.1	21490	0.13		
23860	ชัฏ	2	0.1	26335	0.27		
23861	อัลล์	2	0.1	35139	speech-only		
23862	ตนี่ย์	2	0.1	31602	speech-only		
23863	สลาด	2	0.1	29345	0.43		
23864	เทเลกราฟ	2	0.1	24912	0.22		
23865	ขอรับกระผม	2	0.1	31680	speech-only		
23866	อาโป	2	0.1	17698	0.07		
23867	ชาฮ์	2	0.1	35205	speech-only		
23868	ตราส	2	0.1	33761	speech-only		
23869	ฮินดูกูช	2	0.1	39340	speech-only		
23870	เปอร์ส	2	0.1	24847	0.22		
23871	เลียมส์	2	0.1	30716	speech-only		
23872	ฮ้อป	2	0.1		speech-only	slang	
23873	เคล็น	2	0.1	27610	0.31		
23874	อะเล็ก	2	0.1	29515	0.43		
23875	ดีฝ่อ	2	0.1	27281	0.31		
23876	เกลือจืด	2	0.1	31891	speech-only		
23877	พิทูร	2	0.1	20797	0.11		
23878	ใบฎีกา	2	0.1	32198	speech-only		
23879	รีฟส์	2	0.1	14465	0.04		
23880	แป๋	2	0.1	33157	speech-only		
23881	ป๊าว	2	0.1	28111	0.36		
23882	กเพก	2	0.1	37414	speech-only		
23883	บรึ๋ย	2	0.1	29890	0.43		
23884	ไถ่ถาม	2	0.1	15460	0.05		
23885	ย้อนยอก	2	0.1	33818	speech-only		
23886	ฮิวจ์ส	2	0.1	15227	0.05		
23887	จาฮ์	2	0.1	39499	speech-only		
23888	บร็อก	2	0.1	28814	0.36		
23889	อ้าน	2	0.1	24790	0.22		
23890	ร้วง	2	0.1	39708	speech-only		
23891	รื้น	2	0.1	12941	0.03		
23892	มื่น	2	0.1	36756	speech-only		
23893	สกอย	2	0.1	36903	speech-only		
23894	วพ	2	0.1	29567	0.43		
23895	ริยาด	2	0.1	17975	0.07		
23896	ไมโครกรัม	2	0.1	12157	0.03		
23897	คัฟฟ์	2	0.1	33774	speech-only		
23898	หนีง	2	0.1	33432	speech-only		
23899	ฮ้าน	2	0.1	28036	0.36		
23900	ลิ้นมังกร	2	0.1	35968	speech-only		
23901	แดดิ้น	2	0.1	26067	0.27		
23902	แคบหมู	2	0.1	21395	0.13		
23903	เหนือง	2	0.1	33568	speech-only		
23904	สเลนเดอร์	2	0.1	23819	0.18		
23905	มาดอนนา	2	0.1	20026	0.10		
23906	รพิน	2	0.1	18366	0.08		
23907	ผู้ดีตีนแดง	2	0.1		speech-only	offensive	
23908	ซิลส์	2	0.1	28254	0.36		
23909	เกนต์	2	0.1	36021	speech-only		
23910	ฝะ	2	0.1	31353	speech-only		
23911	ดดดดดดดดดด	2	0.1	28538	0.36		
23912	วรัตน์	2	0.1	17269	0.07		
23913	เบอร์เจส	2	0.1	34110	speech-only		
23914	อาร์โรโย	2	0.1	12481	0.03		
23915	รู้ธ	2	0.1	35033	speech-only		
23916	สรรพางค์	2	0.1	19045	0.09		
23917	เนตส์	2	0.1	21668	0.13		
23918	ยายี	2	0.1	38430	speech-only		
23919	ปกา	2	0.1	20459	0.11		
23920	ทองนพคุณ	2	0.1	37021	speech-only		
23921	กระบัง	2	0.1	11034	0.02		
23922	แน้น	2	0.1	32408	speech-only		
23923	วงเดือน	2	0.1	26488	0.27		
23924	ทุกช์	2	0.1	35915	speech-only		
23925	ก๋อ	2	0.1	26576	0.27		
23926	ซูบซีด	2	0.1	19661	0.10		
23927	ผลิค	2	0.1	38857	speech-only		
23928	กระท่อนกระแท่น	2	0.1	14649	0.04		
23929	เพลิด	2	0.1	20575	0.11		
23930	แบรค	2	0.1	29351	0.43		
23931	พระยา	2	0.1	1643	0.00		
23932	หัวระแหง	2	0.1	31854	speech-only		
23933	เช็นต์	2	0.1	38004	speech-only		
23934	พิมพ์ใจ	2	0.1	18660	0.08		
23935	จูนส์	2	0.1	38088	speech-only		
23936	แชตต์	2	0.1	39047	speech-only		
23937	เม้ด	2	0.1	24240	0.20		
23938	ยิ้มย่อง	2	0.1	16911	0.06		
23939	ฮูม	2	0.1	23316	0.17		
23940	เดียส์	2	0.1	34142	speech-only		
23941	เงินเชื่อ	2	0.1	22453	0.15		
23942	เทิ่น	2	0.1	25640	0.24		
23943	ฟอร์มอล	2	0.1	36766	speech-only		
23944	เตรท	2	0.1	32466	speech-only		
23945	สันตติ	2	0.1	16218	0.06		
23946	จึ๊ก	2	0.1	17949	0.07		
23947	ดึ๋ย	2	0.1	29425	0.43		
23948	สินแร่	2	0.1	23388	0.18		
23949	นวยนาด	2	0.1	19697	0.10		
23950	เป็ส	2	0.1	27791	0.31		
23951	เซิ้ง	2	0.1	15115	0.05		
23952	พัย	2	0.1	32793	speech-only		
23953	หน่าว	2	0.1	38739	speech-only		
23954	เวลเตอร์เวท	2	0.1	33981	speech-only		
23955	หมั่ม	2	0.1	31683	speech-only		
23956	วาทกรรม	2	0.1	4627	0.00		
23957	กระแทกกระทั้น	2	0.1	14772	0.04		
23958	ตุ้บตั้บ	2	0.1	24794	0.22		
23959	แผลบ	2	0.1	31697	speech-only		
23960	ทุล	2	0.1	39053	speech-only		
23961	พ้า	2	0.1	26705	0.27		
23962	อุซ	2	0.1	24249	0.20		
23963	โซลูชัน	2	0.1	29414	0.43		
23964	กิโลวัตต์	2	0.1	14223	0.04		
23965	ละเมียดละไม	2	0.1	12816	0.03		
23966	ชีสต์	2	0.1	19328	0.09		
23967	สโลเวเนีย	2	0.1	39484	speech-only		
23968	คลั่ก	2	0.1	16500	0.06		
23969	ดานูบ	2	0.1	19991	0.10		
23970	ใจแป้ว	2	0.1	20192	0.11		
23971	สะท้อนใจ	2	0.1	16756	0.06		
23972	กล้ำกราย	2	0.1	20283	0.11		
23973	ปฐมภูมิ	2	0.1	7307	0.01		
23974	ทูด	2	0.1	39646	speech-only		
23975	สูจิบัตร	2	0.1	15362	0.05		
23976	จาเมกา	2	0.1	19577	0.09		
23977	อะแลสกา	2	0.1	30057	0.43		
23978	เกรกอรี	2	0.1	31438	speech-only		
23979	พริ้งพราย	2	0.1	24014	0.20		
23980	สะระตะ	2	0.1	20662	0.11		
23981	กันส์	2	0.1	34572	speech-only		
23982	ใม้	2	0.1	37921	speech-only		
23983	ก้ำ	2	0.1	19386	0.09		
23984	กล้ำ	2	0.1	10852	0.02		
23985	เงื่อนเวลา	2	0.1	7781	0.01		
23986	ร้อยกรอง	2	0.1	6605	0.01		
23987	ข้าวตัง	2	0.1	12284	0.03		
23988	ตำแย	2	0.1	24512	0.20		
23989	พลาน	2	0.1	37553	speech-only		
23990	สถน	2	0.1	27985	0.36		
23991	ครัด	2	0.1	37502	speech-only		
23992	กสิกรรม	2	0.1	10120	0.02		
23993	ณงค์	2	0.1	29867	0.43		
23994	ถ่วงล้อ	2	0.1	33253	speech-only		
23995	เภสัชวิทยา	2	0.1	22265	0.14		
23996	ข้าวข้า	2	0.1	32679	speech-only		
23997	ปราญช์	2	0.1	29510	0.43		
23998	เวย์ส	2	0.1	21435	0.13		
23999	ทักษา	2	0.1	17691	0.07		
24000	หร้า	2	0.1	38415	speech-only		
24001	แปลงสัญชาติ	2	0.1	21550	0.13		
24002	ฝ่ายเสนอ	2	0.1	12387	0.03		
24003	หร่าน	2	0.1	29609	0.43		
24004	หัวร้อน	2	0.1		speech-only	slang	
24005	พะเยิบพะยาบ	2	0.1	24557	0.22		
24006	เพรง	2	0.1	23565	0.18		
24007	กน้า	2	0.1	25779	0.24		
24008	แก๊ต	2	0.1	29744	0.43		
24009	โจน์	2	0.1	36562	speech-only		
24010	ไดส์	2	0.1	28862	0.36		
24011	มณู	2	0.1	35408	speech-only		
24012	พยพ	2	0.1	31572	speech-only		
24013	กฎหมายนานาชาติ	2	0.1	39575	speech-only		
24014	หนาตา	2	0.1	14490	0.04		
24015	หลงหูหลงตา	2	0.1	25975	0.24		
24016	เกรียง	2	0.1	10943	0.02		
24017	ผ่องใส	2	0.1	6889	0.01		
24018	ปลายมือ	2	0.1	15682	0.05		
24019	ร่วย	2	0.1	37025	speech-only		
24020	ลือชา	2	0.1	15425	0.05		
24021	งุ่ม	2	0.1	38107	speech-only		
24022	ครุยส์	2	0.1	32915	speech-only		
24023	เนนท์	2	0.1	33421	speech-only		
24024	ครึก	2	0.1	25802	0.24		
24025	ขัดตาทัพ	2	0.1	23159	0.17		
24026	แตช	2	0.1	34820	speech-only		
24027	สมัครสมาน	2	0.1	14758	0.04		
24028	สถานณ์	2	0.1	31524	speech-only		
24029	โต่	2	0.1	25236	0.22		
24030	กี๊ค	2	0.1	31068	speech-only		
24031	โต้คารม	2	0.1	19771	0.10		
24032	เหยียว	2	0.1	34920	speech-only		
24033	ผีเสื้อราตรี	2	0.1		speech-only	slang	
24034	เจิร์ม	2	0.1	28263	0.36		
24035	คองคอร์ด	2	0.1	19833	0.10		
24036	ไฮไฟ	2	0.1	31875	speech-only		
24037	กระตุ้งกระติ้ง	2	0.1	27980	0.36		
24038	รอดหูรอดตา	2	0.1	26106	0.27		
24039	เกี๊ยม	2	0.1	20573	0.11		
24040	อิ๋ม	2	0.1	13790	0.04		
24041	ฃั่ว	2	0.1	36800	speech-only		
24042	ฟรีเซ็กซ์	2	0.1	32010	speech-only		
24043	แพนเตอร์	2	0.1	30209	0.43		
24044	ทุนจดทะเบียน	2	0.1	14714	0.04		
24045	สกิม	2	0.1	33850	speech-only		
24046	เบียดบัง	2	0.1	14698	0.04		
24047	แม็ทท์	2	0.1	35896	speech-only		
24048	ทราช	2	0.1	27142	0.31		
24049	ข้ามหน้า	2	0.1	25487	0.24		
24050	ชัดลึก	2	0.1	20123	0.10		
24051	ฟ่าง	2	0.1	29079	0.36		
24052	ก้ต	2	0.1	29954	0.43		
24053	พลอต	2	0.1	23598	0.18		
24054	ปลิน	2	0.1	27431	0.31		
24055	ขิญ	2	0.1	38249	speech-only		
24056	แจ๊ด	2	0.1	17381	0.07		
24057	ระเนระนาด	2	0.1	15705	0.05		
24058	ทีท	2	0.1	28524	0.36		
24059	คลินส์	2	0.1	32877	speech-only		
24060	เทรี่ยม	2	0.1	34865	speech-only		
24061	รรค์	2	0.1	29254	0.43		
24062	โหลน	2	0.1	22725	0.15		
24063	วิปัสสนา	2	0.1	4659	0.00		
24064	ตึงเปรี๊ยะ	2	0.1	25240	0.22		
24065	น้ำมันพราย	2	0.1	24392	0.20		
24066	อุแว้	2	0.1	23659	0.18		
24067	ดุ่ย	2	0.1	25742	0.24		
24068	ละเมียด	2	0.1	18655	0.08		
24069	พงศา	2	0.1	17982	0.07		
24070	ขีดคั่น	2	0.1	22758	0.15		
24071	ด๊ะ	2	0.1	33758	speech-only		
24072	ออกซิเดชัน	2	0.1	32149	speech-only		
24073	แบร์ก	2	0.1	20119	0.10		
24074	เนยเทียม	2	0.1	31413	speech-only		
24075	หางนกยูง	2	0.1	15536	0.05		
24076	ระเรื่อ	2	0.1	8738	0.01		
24077	เลิร์น	2	0.1	25395	0.24		
24078	พีเรียด	2	0.1	26174	0.27	colloquial	
24079	น้ำขาว	2	0.1	16615	0.06		
24080	เจ๊อะ	2	0.1	32152	speech-only		
24081	ทำลิง	2	0.1	28921	0.36		
24082	เทรท	2	0.1	24332	0.20		
24083	นโย	2	0.1	16466	0.06		
24084	ตะไคร้	2	0.1	5984	0.01		y
24085	ษท	2	0.1	39284	speech-only		
24086	ง้าย	2	0.1	21043	0.12		
24087	ยิมเนเซียม	2	0.1	21454	0.13		
24088	แปลช	2	0.1	36582	speech-only		
24089	จักรยานยนต์	2	0.1	11384	0.02		
24090	กุ้	2	0.1	28417	0.36		
24091	ฉัจ	2	0.1	39701	speech-only		
24092	ด้ำ	2	0.1	20599	0.11		
24093	เอเจนซี	2	0.1	21210	0.13		
24094	กระบวนความ	2	0.1	20953	0.12		
24095	จ้ำจี้จ้ำไช	2	0.1	20076	0.10		
24096	จาจ	2	0.1	38789	speech-only		
24097	เผอ	2	0.1	26991	0.31		
24098	รเนต	2	0.1	37967	speech-only		
24099	ตองกา	2	0.1	22093	0.14		
24100	เทรป	2	0.1	33411	speech-only		
24101	มอยซ์	2	0.1	29178	0.43		
24102	จ้าย	2	0.1	27217	0.31		
24103	หน้าตื่น	2	0.1	13770	0.04		
24104	ว๊อยยย	2	0.1	33916	speech-only		
24105	ประสิทธิ์	2	0.1	3234	0.00		
24106	ดิจิทอล	2	0.1	28914	0.36		
24107	หลายหลาก	2	0.1	12797	0.03		
24108	โกอินเตอร์	2	0.1		speech-only	slang	
24109	ดุกดิก	2	0.1	27286	0.31		
24110	ศศ	2	0.1	24763	0.22		
24111	หน้าวัว	2	0.1	17119	0.06		
24112	ชวิตซ์	2	0.1	38575	speech-only		
24113	เพ่อน	2	0.1	30848	speech-only		
24114	นางสนองพระโอษฐ์	2	0.1	27613	0.31		
24115	ถือโกรธ	2	0.1	21553	0.13		
24116	ครอมเวลล์	2	0.1	33731	speech-only		
24117	โปรดสัตว์	2	0.1	15192	0.05		
24118	หงา	2	0.1	23903	0.18		
24119	ทุท	2	0.1	27084	0.31		
24120	เผอเรอ	2	0.1	18921	0.09		
24121	มิจ	2	0.1	38752	speech-only		
24122	เฟสติวัล	2	0.1	15424	0.05		
24123	ขบเขี้ยวเคี้ยวฟัน	2	0.1	23453	0.18		
24124	เภทภัย	2	0.1	21171	0.12		
24125	หลุกหลิก	2	0.1	22098	0.14		
24126	ซิลิก้า	2	0.1	28744	0.36		
24127	ควอทซ์	2	0.1	31368	speech-only		
24128	พฤกษ	2	0.1	22316	0.14		
24129	ซิลิกา	2	0.1	24032	0.20		
24130	รัฐวิสาหกิจ	2	0.1	2010	0.00		
24131	ส่่วน	2	0.1	39769	speech-only		
24132	ตัณ	2	0.1	21716	0.13		
24133	สะเอว	2	0.1	11648	0.02		
24134	ข่อง	2	0.1	28301	0.36		
24135	ฑพ	2	0.1	32053	speech-only		
24136	ณรงค์	2	0.1	4993	0.00		
24137	เข้ารอย	2	0.1	19169	0.09		
24138	ฮัจ	2	0.1	19442	0.09		
24139	พันตู	2	0.1	19358	0.09		
24140	เยาว	2	0.1	18438	0.08		
24141	ตามบุญตามกรรม	2	0.1	20098	0.10		
24142	คลื่นยาว	2	0.1	20130	0.10		
24143	พัฒน	2	0.1	8253	0.01		
24144	ธรูป	2	0.1	36280	speech-only		
24145	ปูนปั้น	2	0.1	11512	0.02		
24146	อังกา	2	0.1	28213	0.36		
24147	เอมิเรตส์	2	0.1	18539	0.08		
24148	จูก	2	0.1	32477	speech-only		
24149	อีพ	2	0.1	34214	speech-only		
24150	แหกขี้ตา	2	0.1		speech-only	offensive	
24151	สโตร๊ค	2	0.1	20484	0.11		
24152	ข้าพระพุทธเจ้า	2	0.1	7787	0.01		
24153	ชันษา	2	0.1	14316	0.04		
24154	ม่วย	2	0.1	26415	0.27		
24155	เศศ	2	0.1	11185	0.02		
24156	สิทธิครอบครอง	2	0.1	23580	0.18		
24157	ครองราชสมบัติ	2	0.1	15361	0.05		
24158	อวล	2	0.1	13333	0.03		
24159	มูตร	2	0.1	19083	0.09		
24160	มินห์	2	0.1	23797	0.18		
24161	หลีบ	2	0.1	33978	speech-only		
24162	ถ้อง	2	0.1	32118	speech-only		
24163	จึ๋ย	2	0.1	30318	0.43		
24164	กุฏิ	2	0.1	6997	0.01		
24165	กวางทอง	2	0.1	24343	0.20		
24166	พราหมณ์	2	0.1	3686	0.00		
24167	อันตะ	2	0.1	17797	0.07		
24168	ทิษ	2	0.1	28999	0.36		
24169	เชิงตะกอน	2	0.1	23690	0.18		
24170	อุทร	2	0.1	21249	0.13		
24171	กุศ	2	0.1	12451	0.03		
24172	ตื๊ด	2	0.1	20217	0.11		
24173	โทลูอีน	2	0.1	30324	0.43		
24174	เอกสารสิทธิ	2	0.1	14299	0.04		
24175	พลิกศพ	2	0.1	23072	0.17		
24176	ธึ	2	0.1	38495	speech-only		
24177	สดง	2	0.1	33809	speech-only		
24178	กึ้น	2	0.1	37561	speech-only		
24179	ซามาร์	2	0.1	29850	0.43		
24180	ราศ	2	0.1	30993	speech-only		
24181	บู๋	2	0.1	26433	0.27		
24182	กระแสสลับ	2	0.1	26704	0.27		
24183	ผีฟ้า	2	0.1	15249	0.05		
24184	พิสต์	2	0.1	27450	0.31		
24185	น้ำคำ	2	0.1	11628	0.02		
24186	เพะ	2	0.1	30028	0.43		
24187	บ๊อย	2	0.1	27327	0.31		
24188	ตัย	2	0.1	27893	0.31		
24189	ก๊บ	2	0.1	34629	speech-only		
24190	อ๊าาาาาาาาาาาาาา	2	0.1	36410	speech-only		
24191	ศก	2	0.1	8485	0.01		
24192	เสนาะ	2	0.1	8264	0.01		
24193	ปลุกตัว	2	0.1	29535	0.43		
24194	โคตรเหง้า	2	0.1		speech-only	offensive	
24195	ยาอัด	2	0.1	22400	0.15		
24196	ฎอน	2	0.1	24974	0.22		
24197	ป้วน	2	0.1	37160	speech-only		
24198	ดดดดดดดดดดดด	2	0.1	28126	0.36		
24199	เดินหน	2	0.1	28000	0.36		
24200	ฟ้อน	2	0.1	6772	0.01		
24201	ดุลพินิจ	2	0.1	6067	0.01		
24202	อนุชน	2	0.1	14457	0.04		
24203	แตกฉาน	2	0.1	11064	0.02		
24204	ก๋อง	2	0.1	25241	0.22		
24205	เหมายัน	2	0.1	32846	speech-only		
24206	ก้อร่อก้อติก	2	0.1	28953	0.36		
24207	สำเริง	2	0.1	11763	0.02		
24208	ฟ้น	2	0.1	31787	speech-only		
24209	ขยัก	2	0.1	17253	0.07		
24210	กลุ้มอกกลุ้มใจ	2	0.1	21934	0.13		
24211	ชเบอร์	2	0.1	22689	0.15		
24212	คางคกขึ้นวอ	2	0.1		speech-only	offensive	
24213	เจ้าท่า	2	0.1	29013	0.36		
24214	เกรียด	2	0.1	35341	speech-only		
24215	คีโตน	2	0.1	33055	speech-only		
24216	ถลำตัว	2	0.1	27500	0.31		
24217	โยค	2	0.1	12613	0.03		
24218	ลุกลน	2	0.1	20429	0.11		
24219	ผู้อนุบาล	2	0.1	12303	0.03		
24220	ท้อฟ	2	0.1	27254	0.31		
24221	โสภ	2	0.1	34556	speech-only		
24222	ศร้า	2	0.1	38295	speech-only		
24223	วึ่ง	2	0.1	17852	0.07		
24224	ทั้ม	2	0.1	34942	speech-only		
24225	โกก	2	0.1	28281	0.36		
24226	เมอร์คิวรี	2	0.1	38859	speech-only		
24227	กลางแปลง	2	0.1	14158	0.04		
24228	ปาธ	2	0.1	15869	0.05		
24229	ฮัป	2	0.1	27338	0.31		
24230	เร่ว	2	0.1	19377	0.09		
24231	กูร	2	0.1	8309	0.01		
24232	กษัตรยิ์	2	0.1	38413	speech-only		
24233	ไส้อั่ว	2	0.1	22698	0.15		
24234	เดร่	2	0.1	39510	speech-only		
24235	รัพ	2	0.1	32342	speech-only		
24236	ไนตริค	2	0.1	32141	speech-only		
24237	ฉริ	2	0.1	23075	0.17		
24238	กะลิง	2	0.1	28728	0.36		
24239	จัดสร้าง	2	0.1	7312	0.01		
24240	คเก้อร์	2	0.1	32248	speech-only		
24241	ต๋อง	2	0.1	11058	0.02		
24242	สมภาร	2	0.1	10289	0.02	colloquial	
24243	ปิตุภูมิ	2	0.1	22823	0.15		
24244	ถือบังเหียน	2	0.1	27491	0.31		
24245	สแล็ค	2	0.1	23582	0.18		
24246	พฤต	2	0.1	23811	0.18		
24247	ฮ่ง	2	0.1	17361	0.07		
24248	ปฏิสังขรณ์	2	0.1	11191	0.02		
24249	ปุ๋ม	2	0.1	19877	0.10		
24250	พรีเซ็นเตอร์	2	0.1		speech-only	colloquial	
24251	ประดิษฐาน	2	0.1	6070	0.01		
24252	คู่ผัวตัวเมีย	2	0.1	20212	0.11		
24253	เจ้าคุณ	2	0.1	4590	0.00	colloquial	
24254	ศัม	2	0.1	22401	0.15		
24255	ณัต	2	0.1	24800	0.22		
24256	หมู้	2	0.1	29922	0.43		
24257	งุ่น	2	0.1	33932	speech-only		
24258	คุ่น	2	0.1	26057	0.27		
24259	กมั๊ย	2	0.1	32908	speech-only		
24260	เอ็กซิท	2	0.1	27720	0.31		
24261	ออกรส	2	0.1	12341	0.03		
24262	ม่าส์	2	0.1	39252	speech-only		
24263	ครุภัณฑ์	2	0.1	9448	0.02		
24264	กี่มากน้อย	2	0.1	16554	0.06		
24265	เควลย์	2	0.1	33708	speech-only		
24266	ครีท	2	0.1	38560	speech-only		
24267	ซุปเปอร์ไฮเวย์	2	0.1	31162	speech-only		
24268	ยชน์	2	0.1	19987	0.10		
24269	เงินผ่อน	2	0.1	20840	0.12		
24270	ฟาสต์ฟูด	2	0.1	30181	0.43		
24271	เลียบเคียง	2	0.1	17634	0.07		
24272	แถมพก	2	0.1	22771	0.15		
24273	คอแดง	2	0.1	27373	0.31		
24274	กกกกกกกกกกกก	2	0.1	29305	0.43		
24275	สุดแต่	2	0.1	8044	0.01		
24276	แคร้ง	2	0.1	34821	speech-only		
24277	แกร๊ง	2	0.1	26921	0.31		
24278	โบรห์	2	0.1	23941	0.18		
24279	มือกาว	2	0.1	29447	0.43		
24280	เร้ง	2	0.1	32976	speech-only		
24281	หร่า	2	0.1	38509	speech-only		
24282	โกฏิ	2	0.1	16429	0.06		
24283	จุฬา	2	0.1	3104	0.00	colloquial	
24284	จิจ	2	0.1	31558	speech-only		
24285	ตั๋วสัญญาใช้เงิน	2	0.1	16415	0.06		
24286	ยติ	2	0.1	35788	speech-only		
24287	ภัง	2	0.1	21953	0.13		
24288	โบต	2	0.1	32729	speech-only		
24289	ซึบ	2	0.1	30683	speech-only		
24290	รีซีฟ	2	0.1	37211	speech-only		
24291	คนิ	2	0.1	31274	speech-only		
24292	ตาเหลือก	2	0.1	13835	0.04		
24293	จองเวรจองกรรม	2	0.1	24437	0.20		
24294	จ๊อย	2	0.1	26883	0.27		
24295	ชาตา	2	0.1	14904	0.04		
24296	รามัน	2	0.1	14894	0.04		
24297	เล้นท์	2	0.1	37372	speech-only		
24298	ปรินเตอร์	2	0.1	39942	speech-only		
24299	หบุด	2	0.1	39597	speech-only		
24300	วินโดว์	2	0.1	18994	0.09		
24301	ศอกกลับ	2	0.1	24830	0.22		
24302	พระปรีชาสามารถ	2	0.1	23180	0.17		
24303	ตากสิน	2	0.1		speech-only	colloquial	
24304	มหาราชวัง	2	0.1	27196	0.31		
24305	อัยกา	2	0.1	24855	0.22		
24306	เจ้าจอมมารดา	2	0.1	9620	0.02		
24307	ล่วน	2	0.1	36058	speech-only		
24308	นั่งขัดสมาธิ	2	0.1	13045	0.03		
24309	อาดูร	2	0.1	14356	0.04		
24310	มะไหร่	2	0.1		speech-only	colloquial	
24311	แบ่	2	0.1	28279	0.36		
24312	น้ำเมา	2	0.1	17117	0.06		
24313	แปร์	2	0.1	22110	0.14		
24314	เงอน	2	0.1	35150	speech-only		
24315	พระราชอาคันตุกะ	2	0.1	19811	0.10		
24316	เจ้าอยู่หัว	2	0.1	4373	0.00		
24317	กรณียกิจ	2	0.1	12964	0.03		
24318	หงาว	2	0.1	28688	0.36		
24319	เคณ	2	0.1	35242	speech-only		
24320	ศาลพระภูมิ	2	0.1		speech-only	offensive	
24321	หมาง	2	0.1	26627	0.27		
24322	ออกลูกออกหลาน	2	0.1	23320	0.17		
24323	เฉิด	2	0.1	11273	0.02		
24324	ด้วก	2	0.1	38291	speech-only		
24325	ดูถูกดูแคลน	2	0.1	27205	0.31		
24326	สตาล	2	0.1	29632	0.43		
24327	สวร	2	0.1	32585	speech-only		
24328	เคอร์ส	2	0.1	34011	speech-only		
24329	ปวดมวน	2	0.1	27357	0.31		
24330	บิ่ง	2	0.1	34514	speech-only		
24331	กะปะ	2	0.1	27499	0.31		
24332	กล้ส	2	0.1	37425	speech-only		
24333	สหบาทา	2	0.1		speech-only	slang	
24334	บารอมิเตอร์	2	0.1	22396	0.14		
24335	ปลูกฝี	2	0.1	19430	0.09		
24336	อะมีบา	2	0.1	23799	0.18		
24337	เป็ผ	2	0.1	36200	speech-only		
24338	ณัง	2	0.1	25158	0.22		
24339	ปะจุ	2	0.1	37463	speech-only		
24340	ยาค	2	0.1	31060	speech-only		
24341	มหิท	2	0.1	29537	0.43		
24342	แถล	2	0.1	33042	speech-only		
24343	จ่อย	2	0.1	9930	0.02		
24344	เสร์	2	0.1	39444	speech-only		
24345	สวรรรค์	2	0.1	39562	speech-only		
24346	กระเบียดกระเสียร	2	0.1	25242	0.22		
24347	กัวลาลัมเปอร์	2	0.1	11377	0.02		
24348	อัตคัด	2	0.1	14816	0.04		
24349	ลำไย	2	0.1	6938	0.01	offensive	
24350	พลีง	2	0.1	35546	speech-only		
24351	ยื้ม	2	0.1	27706	0.31		
24352	ขวง	2	0.1	30741	speech-only		
24353	อาต	2	0.1	38750	speech-only		
24354	หัวปลี	2	0.1	16493	0.06		
24355	โป๊ะแตก	2	0.1		speech-only	slang	
24356	แชมป	2	0.1	38920	speech-only		
24357	น้าย	2	0.1	32172	speech-only		
24358	พูดจริงทำจริง	2	0.1	23530	0.18		
24359	คนสาบสูญ	2	0.1	25322	0.24		
24360	แฉ่	2	0.1	31797	speech-only		
24361	ง้องอน	2	0.1	18985	0.09		
24362	ชเล	2	0.1	8947	0.01		
24363	เสวต	2	0.1	28815	0.36		
24364	ทั้งดุ้น	2	0.1	23166	0.17		
24365	ปากนกแก้ว	2	0.1	32874	speech-only		
24366	สตรอว์เบอร์รี	2	0.1		speech-only	slang	
24367	หรัง	2	0.1	35545	speech-only		
24368	เชี่ยม	2	0.1	36657	speech-only		
24369	ตะลุมพุก	2	0.1	29238	0.43		
24370	ไมกา	2	0.1	26707	0.27		
24371	กระเซอะกระเซิง	2	0.1	18179	0.08		
24372	พูร์	2	0.1	31244	speech-only		
24373	วทั้ง	2	0.1	34593	speech-only		
24374	ประกายพรึก	2	0.1	17448	0.07		
24375	เซร์	2	0.1	20940	0.12		
24376	คึย	2	0.1	34120	speech-only		
24377	อีหลี	2	0.1	30109	0.43		
24378	กะโล่	2	0.1	28754	0.36		
24379	วร์ก	2	0.1	28069	0.36		
24380	รณะ	2	0.1	24000	0.20		
24381	อธิบ	2	0.1	39992	speech-only		
24382	น้ำรัก	2	0.1	18362	0.08		
24383	เหงื่อกาฬ	2	0.1	21956	0.13		
24384	เดสก์ท็อป	2	0.1	32994	speech-only		
24385	วคาม	2	0.1	31054	speech-only		
24386	หนังสือบริคณห์สนธิ	2	0.1	20373	0.11		
24387	นาคี	2	0.1	27083	0.31		
24388	หัวแรง	2	0.1	19464	0.09		
24389	ซัลโว	2	0.1	19962	0.10		
24390	เท่งทึง	2	0.1		speech-only	slang	
24391	ใฝ่ต่ำ	2	0.1	22939	0.17		
24392	สโส	2	0.1	38578	speech-only		
24393	แขนนาง	2	0.1	39463	speech-only		
24394	เพชรนิลจินดา	2	0.1	15917	0.05		
24395	ฉ่อย	2	0.1	15078	0.04		
24396	คล้าง	2	0.1	29021	0.36		
24397	คหบดี	2	0.1	10603	0.02		
24398	สารนิเทศ	2	0.1	17259	0.07		
24399	ศน	2	0.1	34348	speech-only		
24400	ศิรา	2	0.1	12320	0.03		
24401	ปรพ	2	0.1	26882	0.27		
24402	ฉุกใจ	2	0.1	19716	0.10		
24403	ขาบ	2	0.1	25946	0.24		
24404	อปา	2	0.1	38391	speech-only		
24405	โรมันคาทอลิก	2	0.1	16087	0.05		
24406	แตกทัพ	2	0.1	20939	0.12		
24407	สนน	2	0.1	31046	speech-only		
24408	นั้ร	2	0.1	34471	speech-only		
24409	จันต	2	0.1	32463	speech-only		
24410	ยุคลบาท	2	0.1	11582	0.02		
24411	ไคว่	2	0.1	31549	speech-only		
24412	พุ่มพวง	2	0.1	17443	0.07	slang	
24413	ทวาย	2	0.1	14690	0.04		
24414	คึ่น	2	0.1	34527	speech-only		
24415	กรมวัง	2	0.1	17153	0.06		
24416	เกิง	2	0.1	29413	0.43		
24417	รยด	2	0.1	29232	0.43		
24418	ริตซ์	2	0.1	20670	0.11		
24419	ตจ	2	0.1	23724	0.18		
24420	พีด	2	0.1	22551	0.15		
24421	จดหมายเวียน	2	0.1	26636	0.27		
24422	ปราชย์	2	0.1	39452	speech-only		
24423	สาร์น	2	0.1	28563	0.36		
24424	บังเงา	2	0.1	38802	speech-only		
24425	ใส่เกียร์หมา	2	0.1		speech-only	offensive	
24426	ขบเผาะ	2	0.1	28095	0.36		
24427	ดรัล	2	0.1	28035	0.36		
24428	คีตส์	2	0.1	30020	0.43		
24429	ไม่เข้าใครออกใคร	2	0.1	21192	0.13		
24430	เภา	2	0.1	7846	0.01		
24431	ก๋วน	2	0.1	35588	speech-only		
24432	ภยัน	2	0.1	26129	0.27		
24433	หลวก	2	0.1	34827	speech-only		
24434	เก๊กฮวย	2	0.1	22175	0.14	colloquial	
24435	คอสเมติก	2	0.1	29362	0.43		
24436	ลายตา	2	0.1	18891	0.09		
24437	ถั่วฝักยาว	2	0.1	12731	0.03		
24438	ไชนา	2	0.1	27313	0.31		
24439	ม่บ	2	0.1	25580	0.24		
24440	ก้ง	2	0.1	27495	0.31		
24441	มจ	2	0.1	27585	0.31		
24442	ม้าน	2	0.1	20904	0.12		
24443	สิ่งละอันพันละน้อย	2	0.1	22774	0.15		
24444	แผะ	2	0.1	26947	0.31		
24445	ฬาร	2	0.1	29364	0.43		
24446	ชิงไหวชิงพริบ	2	0.1	18276	0.08		
24447	ครี้ง	2	0.1	32369	speech-only		
24448	เกินงาม	2	0.1	16628	0.06		
24449	ทุกหย่อมหญ้า	2	0.1	17364	0.07	colloquial	
24450	ปากตะไกร	2	0.1	32461	speech-only		
24451	จั๋งหนับ	2	0.1	28264	0.36		
24452	ดอฟฟ์	2	0.1	20865	0.12		
24453	ฟ้องตัวเอง	2	0.1	29331	0.43		
24454	สเตนท์	2	0.1	36191	speech-only		
24455	แพนดา	2	0.1	28851	0.36		
24456	ซวง	2	0.1	30886	speech-only		
24457	ลงโรง	2	0.1	16852	0.06		
24458	ละลอก	2	0.1	27252	0.31		
24459	ประหวั่น	2	0.1	15599	0.05		
24460	อเล้ก	2	0.1	36415	speech-only		
24461	ปปินส์	2	0.1	33099	speech-only		
24462	ขาดปาก	2	0.1	17678	0.07		
24463	มารผจญ	2	0.1	25439	0.24		
24464	ไมครอน	2	0.1	14978	0.04		
24465	กินไข่แดง	2	0.1		speech-only	colloquial	
24466	ทุร	2	0.1	17223	0.07		
24467	ยาโด๊ป	2	0.1	20754	0.11		
24468	ตั๋วทนาย	2	0.1		speech-only	slang	
24469	สสา	2	0.1	29484	0.43		
24470	สแคว์	2	0.1	28140	0.36		
24471	ปล้อน	2	0.1	33023	speech-only		
24472	ตุ๊ดตู่	2	0.1	15807	0.05		
24473	วงก์	2	0.1	28483	0.36		
24474	ทอยส์	2	0.1	31745	speech-only		
24475	ยั้ย	2	0.1	35455	speech-only		
24476	ขรา	2	0.1	15276	0.05		
24477	มีเดียม	2	0.1	33389	speech-only		
24478	คล้าส	2	0.1	35461	speech-only		
24479	สกอตช์	2	0.1	34631	speech-only		
24480	เพิก	2	0.1	25465	0.24		
24481	งงงงงงงงงงงง	2	0.1	39143	speech-only		
24482	ประโลมโลก	2	0.1	26567	0.27		
24483	พาลุก	2	0.1	31934	speech-only		
24484	เหง่ง	2	0.1	27199	0.31		
24485	อล่างฉ่าง	2	0.1	32022	speech-only		
24486	คูลท์	2	0.1	24407	0.20		
24487	หน้าง	2	0.1	35152	speech-only		
24488	ศิลปวิทยา	2	0.1	10698	0.02		
24489	ตัร	2	0.1	31856	speech-only		
24490	กริ๊บ	2	0.1	33379	speech-only		
24491	ลิดรอน	2	0.1	11960	0.03		
24492	ญู	2	0.1	25959	0.24		
24493	เข้าปิ้ง	2	0.1	30565	0.43		
24494	ตต่อ	2	0.1	38975	speech-only		
24495	กร้ำ	2	0.1	30897	speech-only		
24496	ธีร	2	0.1	4706	0.00		
24497	คร้าว	2	0.1	32239	speech-only		
24498	ปริศ	2	0.1	39314	speech-only		
24499	เริก	2	0.1	32338	speech-only		
24500	แม็คควีน	2	0.1	28464	0.36		
24501	ละว้า	2	0.1	22230	0.14		
24502	ยาคุ	2	0.1	39321	speech-only		
24503	สังคมศึกษา	2	0.1	16344	0.06		
24504	เก๊าท์	2	0.1	28348	0.36		
24505	แช่มชื่น	2	0.1	11464	0.02		
24506	อี๊ย	2	0.1	39163	speech-only		
24507	ไนย	2	0.1	17427	0.07		
24508	กลาด	2	0.1	26857	0.27		
24509	คุณลุงคุณป้า	2	0.1	20634	0.11		
24510	เปียบ	2	0.1	36400	speech-only		
24511	หุม	2	0.1	25194	0.22		
24512	ขณะใด	2	0.1	13248	0.03		
24513	กระโชกโฮกฮาก	2	0.1	24672	0.22		
24514	เรือยาว	2	0.1	20714	0.11		
24515	ถอนยวง	2	0.1	39102	speech-only		
24516	สานุ	2	0.1	28017	0.36		
24517	เมห	2	0.1	39941	speech-only		
24518	เดิฟ	2	0.1	25642	0.24		
24519	ร้าวราน	2	0.1	14871	0.04		
24520	ปากบอน	2	0.1	23427	0.18		
24521	บั้งไฟ	2	0.1	7985	0.01		
24522	แฟ้บ	2	0.1	27792	0.31	colloquial	
24523	รองต์	2	0.1	20354	0.11		
24524	หลั่ย	2	0.1	20289	0.11		
24525	ปลิส	2	0.1	25119	0.22		
24526	เจ็ตส์	2	0.1	28334	0.36		
24527	ซัดเซ	2	0.1	23196	0.17		
24528	รนดท์	2	0.1	30291	0.43		
24529	ลิร์ต	2	0.1	33989	speech-only		
24530	วายด์	2	0.1	35116	speech-only		
24531	เอกส	2	0.1	37325	speech-only		
24532	ณือ	2	0.1	27404	0.31		
24533	เม็ตซ์	2	0.1	28980	0.36		
24534	เดิร์ก	2	0.1	18163	0.08		
24535	ปรัศนี	2	0.1	30331	0.43		
24536	ลั่ว	2	0.1	20351	0.11		
24537	จตุจักร	2	0.1	7686	0.01		
24538	ลูกโดด	2	0.1	17049	0.06		
24539	ซิ้ม	2	0.1	15208	0.05		
24540	กระดืบ	2	0.1	26193	0.27		
24541	ทองขาว	2	0.1	27741	0.31		
24542	ศล	2	0.1	17261	0.07		
24543	สรอย	2	0.1	30575	0.43		
24544	วือ	2	0.1	38744	speech-only		
24545	ว่อ	2	0.1	26325	0.27		
24546	นัยย์	2	0.1	35464	speech-only		
24547	บอลส์	2	0.1	39973	speech-only		
24548	สตันส์	2	0.1	21069	0.12		
24549	โปรเตสแตนท์	2	0.1	19094	0.09		
24550	แร่ม	2	0.1	33776	speech-only		
24551	ฟาสท์ฟู้ด	2	0.1	21671	0.13		
24552	ตะกรุด	2	0.1	13669	0.03		
24553	โครกคราก	2	0.1	21496	0.13		
24554	โทรสาร	2	0.1	11147	0.02		
24555	หวห	2	0.1	36047	speech-only		
24556	สังวร	2	0.1	10363	0.02		
24557	อนุสร	2	0.1	17333	0.07		
24558	กอปร	2	0.1	9315	0.01		
24559	บ้องแบ๊ว	2	0.1	19749	0.10		
24560	โตล	2	0.1	24929	0.22		
24561	มหภาค	2	0.1	5938	0.01		
24562	เพ้า	2	0.1	20934	0.12		
24563	ตงิด	2	0.1	12512	0.03		
24564	กัลป	2	0.1	24292	0.20		
24565	กราบบังคมทูล	2	0.1	5443	0.01		
24566	พวา	2	0.1	24741	0.22		
24567	ตัดพ้อ	2	0.1	8850	0.01		
24568	สุเอซ	2	0.1	30885	speech-only		
24569	สอก	2	0.1	28943	0.36		
24570	สายสวาท	2	0.1	33185	speech-only		
24571	มะเกลือ	2	0.1	19574	0.09		
24572	เตง	2	0.1	20551	0.11	slang	
24573	แป้งร่ำ	2	0.1	18718	0.08		
24574	อูก	2	0.1	39146	speech-only		
24575	ลากี	2	0.1	27938	0.36		
24576	มานัส	2	0.1	22492	0.15		
24577	ฮกเกี้ยน	2	0.1	10144	0.02		
24578	สแตร์	2	0.1	30668	speech-only		
24579	วางโต	2	0.1	31569	speech-only		
24580	ขีว	2	0.1	39817	speech-only		
24581	แวต	2	0.1	21971	0.14		
24582	คทอ	2	0.1	30182	0.43		
24583	อุจ	2	0.1	19178	0.09		
24584	ตีทะเบียน	2	0.1	35110	speech-only		
24585	เจตน์	2	0.1	7232	0.01		
24586	นางร้องไห้	2	0.1	28350	0.36		
24587	กระเปาะ	2	0.1	21094	0.12		
24588	ฃึ่ง	2	0.1	39241	speech-only		
24589	ทุกขลาภ	2	0.1	24704	0.22		
24590	เปลื่อน	2	0.1	34958	speech-only		
24591	มาสคารา	2	0.1	22636	0.15		
24592	ฟั้น	2	0.1	35489	speech-only		
24593	ตวล	2	0.1	30116	0.43		
24594	พาราไดส์	2	0.1	37022	speech-only		
24595	หรีด	2	0.1	18128	0.07		
24596	ดุลการค้า	2	0.1	9158	0.01		
24597	ก้ล	2	0.1	24657	0.22		
24598	ฉ่อ	2	0.1	33741	speech-only		
24599	เดียรัจฉาน	2	0.1	32474	speech-only		
24600	นนนนนนน	2	0.1	34376	speech-only		
24601	ท่วง	2	0.1	24314	0.20		
24602	อนิจจัง	2	0.1	8701	0.01	colloquial	
24603	จณ	2	0.1	38917	speech-only		
24604	ลูกหนัง	2	0.1	11685	0.02		
24605	ไก่กา	2	0.1		speech-only	slang	
24606	นายน์	2	0.1	32123	speech-only		
24607	ชี้ช่อง	2	0.1	18894	0.09		
24608	ไลว์	2	0.1	36342	speech-only		
24609	กีง	2	0.1	22566	0.15		
24610	ฆต	2	0.1	21111	0.12		
24611	ไดรท์	2	0.1	37543	speech-only		
24612	กระเพาะปลา	2	0.1	16656	0.06		
24613	เพิ่น	2	0.1	16299	0.06		
24614	นิติภาวะ	2	0.1	33883	speech-only		
24615	กิตติ	2	0.1	4629	0.00		
24616	ขานาง	2	0.1	29588	0.43		
24617	เบิร์กส์	2	0.1	35818	speech-only		
24618	ปรัญ	2	0.1	29169	0.43		
24619	นำสืบ	2	0.1	10495	0.02		
24620	ผู้รับเหมาก่อสร้าง	2	0.1	21443	0.13		
24621	ปี้ง	2	0.1	38207	speech-only		
24622	ตัดรอน	2	0.1	16285	0.06		
24623	อากัป	2	0.1	24810	0.22		
24624	ก้ท	2	0.1	36256	speech-only		
24625	ส่อเสียด	2	0.1	16163	0.05		
24626	อเธ่	2	0.1	31722	speech-only		
24627	โทรภาพ	2	0.1	39023	speech-only		
24628	พัตต์	2	0.1	30051	0.43		
24629	แซต	2	0.1	27618	0.31		
24630	แทพ	2	0.1	30203	0.43		
24631	ฉอเลาะ	2	0.1	17873	0.07		
24632	หน้านวล	2	0.1	16687	0.06		
24633	เสลา	2	0.1	16604	0.06		
24634	กมล	2	0.1	5878	0.01		
24635	ทวีด	2	0.1	27306	0.31		
24636	ระไว	2	0.1	15323	0.05		
24637	ปลาก	2	0.1	25567	0.24		
24638	โคล้ด	2	0.1	38041	speech-only		
24639	สเกตซ์	2	0.1	30062	0.43		
24640	เต๊าะ	2	0.1	34791	speech-only		
24641	ยืนต้น	2	0.1	8059	0.01		
24642	พ็อกเก็ต	2	0.1	16367	0.06		
24643	บ่อม	2	0.1	39215	speech-only		
24644	เม้าท์มอย	2	0.1		speech-only	colloquial	
24645	ตุ๊ม	2	0.1	20497	0.11		
24646	ผูกไมตรี	2	0.1	23417	0.18		
24647	ควินส์	2	0.1	36064	speech-only		
24648	แหลกลาญ	2	0.1	18946	0.09		
24649	จังก์	2	0.1	32867	speech-only		
24650	เสียจริต	2	0.1	22127	0.14		
24651	นักธรรม	2	0.1	17072	0.06		
24652	ร้องแรก	2	0.1	26541	0.27		
24653	งุ้ม	2	0.1	14394	0.04		
24654	เชิงกล	2	0.1	25323	0.24		
24655	เพชรน้ำหนึ่ง	2	0.1	18521	0.08		
24656	เหวก	2	0.1	32356	speech-only		
24657	น้ำมันยาง	2	0.1	19961	0.10		
24658	ควั่น	2	0.1	20448	0.11		
24659	ขี้เต่า	2	0.1	38034	speech-only		
24660	อสุร	2	0.1	22813	0.15		
24661	เจ้าเซ็น	2	0.1	33467	speech-only		
24662	สันถวไมตรี	2	0.1	20273	0.11		
24663	นุด	2	0.1	32911	speech-only		
24664	พหู	2	0.1	31154	speech-only		
24665	บต	2	0.1	29377	0.43		
24666	วิสาขบูชา	2	0.1	14860	0.04		
24667	แว้ด	2	0.1	11868	0.03		
24668	ปริพันธ์	2	0.1	14059	0.04		y
24669	ฮาร์มอนิก	2	0.1	24448	0.20		
24670	ผ้าดำ	2	0.1	18086	0.07		
24671	แม่บท	2	0.1	7139	0.01		
24672	ภะ	2	0.1	8357	0.01		
24673	จรลี	2	0.1	25856	0.24		
24674	กระติ๊ด	2	0.1	32376	speech-only		
24675	โงนเงน	2	0.1	19837	0.10		
24676	ก๊ะ	2	0.1	21941	0.13		
24677	ชุมสาย	2	0.1	16105	0.05		
24678	คาร์ทูม	2	0.1	34599	speech-only		
24679	ตะพด	2	0.1	31537	speech-only		
24680	สตัว	2	0.1	32840	speech-only		
24681	กระแสรับสั่ง	2	0.1	35870	speech-only		
24682	แบ่งภาค	2	0.1	17729	0.07		
24683	แอธ	2	0.1	21029	0.12		
24684	เทือน	2	0.1	24718	0.22		
24685	หลู่	2	0.1	14399	0.04		
24686	ระวิง	2	0.1	17093	0.06		
24687	กาสิโน	2	0.1	11532	0.02		
24688	ล่วงพ้น	2	0.1	13376	0.03		
24689	ระหง	2	0.1	9453	0.02		
24690	สุวรรณ	2	0.1	2765	0.00		
24691	ตาขวาง	2	0.1	12849	0.03		
24692	โง้น	2	0.1	25144	0.22		
24693	นายเวร	2	0.1	10553	0.02		
24694	เดียร	2	0.1	29818	0.43		
24695	เธซ	2	0.1	29022	0.36		
24696	กรมประชาสงเคราะห์	2	0.1	12042	0.03		
24697	ยูนิเวิร์ส	2	0.1	14545	0.04		
24698	ษสตร์	2	0.1	19728	0.10		
24699	บูดเบี้ยว	2	0.1	20618	0.11		
24700	มัศ	2	0.1	33672	speech-only		
24701	ปราน	2	0.1	19026	0.09		
24702	สภาวิทยาศาสตร์	2	0.1	32634	speech-only		
24703	นาภี	2	0.1	22726	0.15		
24704	กำปั่น	2	0.1	14174	0.04		
24705	ห่าลง	2	0.1	22749	0.15		
24706	มิวเซียม	2	0.1	9925	0.02		
24707	ขม่อม	2	0.1	25436	0.24		
24708	ล้วย	2	0.1	25073	0.22		
24709	จีนแดง	2	0.1		speech-only	slang	
24710	ถลัน	2	0.1	14030	0.04		
24711	ทุ่มเถียง	2	0.1	20410	0.11		
24712	เพมื่อ	2	0.1	37237	speech-only		
24713	ซัดยา	2	0.1	36904	speech-only		
24714	อ๊อป	2	0.1	32947	speech-only		
24715	ค่อนแคะ	2	0.1	17178	0.06		
24716	ห้อยท้าย	2	0.1	25822	0.24		
24717	รันซ์	2	0.1	34121	speech-only		
24718	อุสุ	2	0.1	28090	0.36		
24719	ข่ายงาน	2	0.1	8156	0.01		
24720	ตช	2	0.1	32727	speech-only		
24721	เชื้อหมัก	2	0.1	32216	speech-only		
24722	เขบ็ต	2	0.1	9213	0.01		
24723	ฉวี	2	0.1	5860	0.01		
24724	ทรานสฟอร์เมอร์	2	0.1	33798	speech-only		
24725	นัจ	2	0.1	25677	0.24		
24726	ของแห้ง	2	0.1	15905	0.05		
24727	เบาสมอง	2	0.1	21664	0.13		
24728	คอลท์	2	0.1	37359	speech-only		
24729	นิธิ	2	0.1	8262	0.01		
24730	ตะนอย	2	0.1	22188	0.14		
24731	มัคคุเทศก์	2	0.1	10154	0.02		
24732	ขวยเขิน	2	0.1	19248	0.09		
24733	เซเนกัล	2	0.1	22605	0.15		
24734	ยิสต์	2	0.1	29172	0.43		
24735	แอซิด	2	0.1	19515	0.09		
24736	รอนสิทธิ์	2	0.1	39183	speech-only		
24737	หูทวนลม	2	0.1	27448	0.31		
24738	โจ่ง	2	0.1	30701	speech-only		
24739	หรร	2	0.1	24372	0.20		
24740	วาปี	2	0.1	15638	0.05		
24741	เต่อ	2	0.1	20514	0.11		
24742	ช่วว	2	0.1	35452	speech-only		
24743	ซาโว	2	0.1	36572	speech-only		
24744	หม่อมเจ้า	2	0.1	5895	0.01		
24745	สนูปปี้	2	0.1	25566	0.24		
24746	ปราฎ	2	0.1	37856	speech-only		
24747	วิสม์	2	0.1	30901	speech-only		
24748	เตกิล	2	0.1	35438	speech-only		
24749	ข่มขี่	2	0.1	20477	0.11		
24750	เดกเกอร์	2	0.1	29204	0.43		
24751	บอกหนทาง	2	0.1	34418	speech-only		
24752	สนุข	2	0.1	34411	speech-only		
24753	โฉงเฉง	2	0.1	24080	0.20		
24754	กระดำกระด่าง	2	0.1	17066	0.06		
24755	ป๊าม	2	0.1	32714	speech-only		
24756	เซาแธมป์ตัน	2	0.1	22166	0.14		
24757	ควอต	2	0.1	35994	speech-only		
24758	อะนาล็อก	2	0.1	34325	speech-only		
24759	พื้นเสีย	2	0.1	28460	0.36		
24760	ผลง	2	0.1	29326	0.43		
24761	ไว้ลาย	2	0.1	26049	0.27		
24762	อาคเนย์	2	0.1	8273	0.01		
24763	แบรก	2	0.1	34188	speech-only		
24764	เครื่อม	2	0.1	36686	speech-only		
24765	แยบ	2	0.1	30915	speech-only		
24766	ตราง	2	0.1	32627	speech-only		
24767	ฟีบ	2	0.1	28143	0.36		
24768	จารี	2	0.1	21955	0.13		
24769	ปัช	2	0.1	22090	0.14		
24770	บอแร็กซ์	2	0.1	35232	speech-only		
24771	เรอเน	2	0.1	15270	0.05		
24772	รอสซี	2	0.1	39550	speech-only		
24773	ปราง	2	0.1	12963	0.03		
24774	มันย่อง	2	0.1	23916	0.18		
24775	น้ำดับไฟ	2	0.1	27414	0.31		
24776	ษิท	2	0.1	35678	speech-only		
24777	ค่ส	2	0.1	37744	speech-only		
24778	มะโรง	2	0.1	15484	0.05		
24779	มะเส็ง	2	0.1	15889	0.05		
24780	หวนคำนึง	2	0.1	38916	speech-only		
24781	พม	2	0.1	23256	0.17		
24782	ซัลค์	2	0.1	36509	speech-only		
24783	หอบหิ้ว	2	0.1	11157	0.02		
24784	สมุท	2	0.1	12642	0.03		
24785	วูม	2	0.1	38339	speech-only		
24786	ตีกรรเชียง	2	0.1	28436	0.36		
24787	กั๊ต	2	0.1	23161	0.17		
24788	ออตตาวา	2	0.1	31426	speech-only		
24789	สลากกินแบ่ง	2	0.1	9262	0.01		
24790	ซองท์	2	0.1	27353	0.31		
24791	กฎหมู่	2	0.1	25294	0.24		
24792	สไบ	2	0.1	12467	0.03		
24793	โอห์	2	0.1	31615	speech-only		
24794	ทัพย์	2	0.1	32658	speech-only		
24795	สปริงบอร์ด	2	0.1	30292	0.43		
24796	ขั้วแม่เหล็ก	2	0.1	30734	speech-only		
24797	มยุ	2	0.1	31147	speech-only		
24798	หัตถศิลป์	2	0.1	22944	0.17		
24799	รถเครื่อง	2	0.1		speech-only	colloquial	
24800	สกุ	2	0.1	31716	speech-only		
24801	ช้าม	2	0.1	39409	speech-only		
24802	ศับ	2	0.1	33534	speech-only		
24803	กระหวัด	2	0.1	14977	0.04		
24804	บลิช	2	0.1	34082	speech-only		
24805	กระยึกกระยือ	2	0.1	36722	speech-only		
24806	กระกูล	2	0.1	24652	0.22		
24807	พ็อท	2	0.1	28967	0.36		
24808	เชญ	2	0.1	32024	speech-only		
24809	โดง	2	0.1	21635	0.13		
24810	โกตาบารู	2	0.1	27381	0.31		
24811	แม่เบี้ย	2	0.1	17387	0.07		
24812	เด้นซ์	2	0.1	37881	speech-only		
24813	หยูก	2	0.1	22335	0.14		
24814	ปุ้ม	2	0.1	15205	0.05		
24815	รดา	2	0.1	6788	0.01		
24816	ทำนุบำรุง	2	0.1	8323	0.01		
24817	เรียกเนื้อ	2	0.1	30507	0.43		
24818	ครืด	2	0.1	13125	0.03		
24819	ร่ำไร	2	0.1	22279	0.14		
24820	ตลกโปกฮา	2	0.1	20331	0.11		
24821	แบร็ด	2	0.1	37712	speech-only		
24822	ปากนก	2	0.1	22633	0.15		
24823	เราะห์	2	0.1	29375	0.43		
24824	แพท์	2	0.1	36935	speech-only		
24825	หนั่ง	2	0.1	26249	0.27		
24826	ก้านคอ	2	0.1	17881	0.07		
24827	มาร์ด	2	0.1	36733	speech-only		
24828	ตอม่อ	2	0.1	30027	0.43		
24829	ฝรั่งขี้นก	2	0.1	35261	speech-only	offensive	
24830	ราชบุรี	2	0.1	5759	0.01		
24831	บี้ย	2	0.1	35233	speech-only		
24832	นนนนนน	2	0.1	25895	0.24		
24833	ไตน์	2	0.1	14956	0.04		
24834	พับเพียบ	2	0.1	19286	0.09		
24835	อุเบกขา	2	0.1	10655	0.02		
24836	ค็อตต์	2	0.1	29016	0.36		
24837	สมรรถ	2	0.1	25656	0.24		
24838	จั๋ง	2	0.1	13366	0.03		
24839	สุนทรียะ	2	0.1	10086	0.02		
24840	เกก	2	0.1	30107	0.43		
24841	ซาราเยโว	2	0.1	23103	0.17		
24842	แผ่นกรอง	2	0.1	20040	0.10		
24843	ละเหย	2	0.1	31246	speech-only		
24844	ยืนค้ำหัว	2	0.1	27468	0.31		
24845	สรง	2	0.1	9202	0.01		
24846	ถึงลูกถึงคน	2	0.1	24393	0.20		
24847	ก่ร	2	0.1	39503	speech-only		
24848	ธงชัย	2	0.1	6501	0.01		
24849	คลิท	2	0.1	34913	speech-only		
24850	เลี้ยงรับ	2	0.1	21961	0.13		
24851	อรหัน	2	0.1	29318	0.43		
24852	จึ๊ย	2	0.1	34515	speech-only		
24853	ดัฟฟ์	2	0.1	33120	speech-only		
24854	สัข	2	0.1	38758	speech-only		
24855	มินิสเกิร์ต	2	0.1	25344	0.24		
24856	หริม	2	0.1	34169	speech-only		
24857	รุล	2	0.1	38184	speech-only		
24858	นิวคลีอิก	2	0.1	38911	speech-only		
24859	กุนเชียง	2	0.1	17224	0.07		
24860	นิคมอุตสาหกรรม	2	0.1	5287	0.01		
24861	พรู่	2	0.1	29596	0.43		
24862	ทั่วทุกหัวระแหง	2	0.1	25174	0.22		
24863	หบาย	2	0.1	31427	speech-only		
24864	บัตร์	2	0.1	34002	speech-only		
24865	พะงาบ	2	0.1	15000	0.04		
24866	เรณู	2	0.1	9814	0.02		
24867	จึบ	2	0.1	35159	speech-only		
24868	ลูกเสือชาวบ้าน	2	0.1	12562	0.03		
24869	หรอม	2	0.1	35090	speech-only		
24870	เซียมซี	2	0.1	16326	0.06		
24871	ปลงผม	2	0.1	25209	0.22		
24872	ฟรานเชสโก	2	0.1	26372	0.27		
24873	เท้อ	2	0.1	32052	speech-only		
24874	โอษฐ์	2	0.1	8819	0.01		
24875	เฉลิม	2	0.1	2374	0.00		
24876	มุ่ม	2	0.1	31454	speech-only		
24877	แขกเต้า	2	0.1	17266	0.07		
24878	สเปอ	2	0.1	34707	speech-only		
24879	มรรค	2	0.1	6742	0.01		
24880	หงี่	2	0.1	28567	0.36		
24881	สุกดิบ	2	0.1	34830	speech-only		
24882	ประกาศพูด	2	0.1		speech-only	slang	
24883	หญ่าย	2	0.1	26328	0.27		
24884	ผู้จัดทำ	2	0.1	9882	0.02		
24885	ศัน	2	0.1	24604	0.22		
24886	เง็ก	2	0.1	11662	0.02		
24887	ก่อหวอด	2	0.1	19843	0.10		
24888	ไพ่ป๊อก	2	0.1	25963	0.24		
24889	ดีงู	2	0.1	24779	0.22		
24890	กระเชอ	2	0.1	26216	0.27		
24891	โด่ไม่รู้ล้ม	2	0.1	27111	0.31		
24892	นิติธรรม	2	0.1	12092	0.03		
24893	โปต	2	0.1	25463	0.24		
24894	อมโรค	2	0.1	24167	0.20		
24895	จนิ	2	0.1	37697	speech-only		
24896	ทุกหัวระแหง	2	0.1	23496	0.18		
24897	หวงก้าง	2	0.1	22398	0.15		
24898	จิมส์	2	0.1	37400	speech-only		
24899	ต่าว	2	0.1	27104	0.31		
24900	ทุนดรา	2	0.1	39106	speech-only		
24901	จริว	2	0.1	25894	0.24		
24902	แป้งจี่	2	0.1	22061	0.14		
24903	บช	2	0.1	23963	0.20		
24904	ตพ	2	0.1	37016	speech-only		
24905	นาฟต้า	2	0.1	13843	0.04		
24906	เวดจ์	2	0.1	26935	0.31		
24907	ทราก	2	0.1	30946	speech-only		
24908	เตรียล	2	0.1	26034	0.27		
24909	ลอมพอก	2	0.1	32405	speech-only		
24910	ธรรมา	2	0.1	7865	0.01		
24911	ขูดเลือดขูดเนื้อ	2	0.1	32142	speech-only		
24912	เฟนซ์	2	0.1	35775	speech-only		
24913	ยบน	2	0.1	39402	speech-only		
24914	ครร	2	0.1	33819	speech-only		
24915	การาจ	2	0.1	33041	speech-only		
24916	อารยะขัดขืน	2	0.1		speech-only	colloquial	
24917	ร่าม	2	0.1	37435	speech-only		
24918	หวั่ง	2	0.1	23545	0.18		
24919	อ๊อพ	2	0.1	30924	speech-only		
24920	อ็อด	2	0.1	33181	speech-only		
24921	ราชครู	2	0.1	14744	0.04		
24922	สลือ	2	0.1	27947	0.36		
24923	มวลอากาศ	2	0.1	20493	0.11		
24924	ขจ	2	0.1	33760	speech-only		
24925	แมคซ์	2	0.1	23137	0.17		
24926	ปือ	2	0.1	23338	0.17		
24927	ตีฝีปาก	2	0.1	32230	speech-only		
24928	อักโข	2	0.1	18341	0.08		
24929	ใหม่ถอดด้าม	2	0.1	26668	0.27		
24930	เวียง	2	0.1	3729	0.00		
24931	มหิต	2	0.1	22949	0.17		
24932	จานกระเบื้อง	2	0.1	22676	0.15		
24933	ว้อนท์	2	0.1	38221	speech-only		
24934	บรรจ	2	0.1	38387	speech-only		
24935	นุ้ม	2	0.1	30773	speech-only		
24936	เยือ	2	0.1	39383	speech-only		
24937	มอบฉันทะ	2	0.1	12741	0.03		
24938	หอมแดง	2	0.1	6771	0.01		
24939	เตี๊ยก	2	0.1	36310	speech-only		
24940	เทวนิยม	2	0.1	12061	0.03		
24941	ลับหู	2	0.1	31730	speech-only		
24942	สเตตัส	2	0.1	34824	speech-only		
24943	ห้างหุ้นส่วน	2	0.1	6612	0.01		
24944	แกร็น	2	0.1	21380	0.13		
24945	เหียน	2	0.1	19053	0.09		
24946	ผัม	2	0.1	39261	speech-only		
24947	จำนวนจริง	2	0.1	18087	0.07		
24948	เพทาย	2	0.1	23197	0.17		
24949	เฟลด์สปาร์	2	0.1	28593	0.36		
24950	เฉลีย	2	0.1	31226	speech-only		
24951	คอพอก	2	0.1	15451	0.05		
24952	มอญ	2	0.1	4248	0.00		
24953	คนา	2	0.1	38392	speech-only		
24954	พลวง	2	0.1	17141	0.06		
24955	เสกสรร	2	0.1	16223	0.06		
24956	ไมโครโปรเซสเซอร์	2	0.1	39140	speech-only		
24957	ต่าม	2	0.1	38797	speech-only		
24958	ตราจ	2	0.1	34495	speech-only		
24959	เสมา	2	0.1	11256	0.02		
24960	ฬาร์	2	0.1	36713	speech-only		
24961	ตู๊	2	0.1	32737	speech-only		
24962	แอปพลิเคชัน	2	0.1	11816	0.02		
24963	กะรุ่งกะริ่ง	2	0.1	21566	0.13		
24964	จำเริญ	2	0.1	5293	0.01	slang	
24965	คิสซินเจอร์	2	0.1	27898	0.31		
24966	ซิซิเลียน	2	0.1	29934	0.43		
24967	หูน	2	0.1	30434	0.43		
24968	เวชกรรม	2	0.1	4792	0.00		
24969	สาทิสลักษณ์	2	0.1	18501	0.08		
24970	กรุน	2	0.1	33872	speech-only		
24971	วาร์นา	2	0.1	28576	0.36		
24972	โบโกตา	2	0.1	38615	speech-only		
24973	ยิ้มกริ่ม	2	0.1	11578	0.02		
24974	ภาคอีสาน	2	0.1	3874	0.00		
24975	ม้อด	2	0.1	32902	speech-only		
24976	กัมปนาท	2	0.1	16769	0.06		
24977	ปึ้ง	2	0.1	21211	0.13		
24978	เนื้อเปื่อย	2	0.1	27782	0.31		
24979	บราห์	2	0.1	34799	speech-only		
24980	แทสเมเนีย	2	0.1	27708	0.31		
24981	ทองชุบ	2	0.1	34457	speech-only		
24982	ษะ	2	0.1	13170	0.03		
24983	เซียะ	2	0.1	18445	0.08		
24984	เอิบ	2	0.1	13859	0.04		
24985	ก้าวล่วง	2	0.1	12220	0.03		
24986	ศิจ	2	0.1	32215	speech-only		
24987	ศักย	2	0.1	31765	speech-only		
24988	ฮูต	2	0.1	38731	speech-only		
24989	ชักหน้าไม่ถึงหลัง	2	0.1	24136	0.20		
24990	ครวญหา	2	0.1	33276	speech-only		
24991	ราชกุมารี	2	0.1	11072	0.02		
24992	วงส์	2	0.1	28045	0.36		
24993	แท็งก์น้ำ	2	0.1	28836	0.36		
24994	ดูเบา	2	0.1	18829	0.09		
24995	พิธีสาร	2	0.1	8244	0.01		
24996	อุปนัย	2	0.1	13838	0.04		
24997	เฟ่ท์	2	0.1	25198	0.22		
24998	ปะแล่ม	2	0.1	17741	0.07		
24999	ชิพส์	2	0.1	26232	0.27		
25000	แพลม	2	0.1	20836	0.11		
25001	ปุ๊ด	2	0.1	34671	speech-only		
25002	งล	2	0.1	35401	speech-only		
25003	เหนียบ	2	0.1	33280	speech-only		
25004	เมอริเดียน	2	0.1	25239	0.22		
25005	คำตาย	2	0.1	18229	0.08		
25006	คนึง	2	0.1	20089	0.10		
25007	คาร์เนกี	2	0.1	22700	0.15		
25008	คดงอ	2	0.1	23295	0.17		
25009	สังคโลก	2	0.1	18091	0.07		
25010	สวาด	2	0.1	32586	speech-only		
25011	ไฮเดรต	2	0.1	28773	0.36		
25012	โชห่วย	2	0.1		speech-only	colloquial	
25013	มัวร์ส	2	0.1	39121	speech-only		
25014	ลกูร์	2	0.1	32040	speech-only		
25015	ป๋วย	2	0.1	12205	0.03		
25016	เพรสซิเดนท์	2	0.1	32210	speech-only		
25017	วังชา	2	0.1	25501	0.24		
25018	เคี้ยวเอื้อง	2	0.1	24048	0.20		
25019	เพาลี	2	0.1	30636	speech-only		
25020	เส้นแรง	2	0.1	26984	0.31		
25021	โยนก	2	0.1	12599	0.03		
25022	ปลีกเวลา	2	0.1	23212	0.17		
25023	เขิล	2	0.1	31155	speech-only		
25024	เขี้ยวงู	2	0.1	25971	0.24		
25025	มหิทธิ	2	0.1	25542	0.24		
25026	เซ่า	2	0.1	17819	0.07		
25027	ไพร่ฟ้า	2	0.1	10524	0.02		
25028	พลัดถิ่น	2	0.1	10841	0.02		
25029	ของคาว	2	0.1	16104	0.05		
25030	ผ้าถัก	2	0.1	32638	speech-only		
25031	หลน	2	0.1	16260	0.06		
25032	ก่วย	2	0.1	34561	speech-only		
25033	เคหสถาน	2	0.1	12526	0.03		
25034	กพ	2	0.1	27340	0.31		
25035	เกลียง	2	0.1	29681	0.43		
25036	งพ	2	0.1	24213	0.20		
25037	ชิวหา	2	0.1	19784	0.10		
25038	ตาโศก	2	0.1	25684	0.24		
25039	แรห	2	0.1	39308	speech-only		
25040	แอร์คอนดิชั่น	2	0.1	23733	0.18		
25041	หรง	2	0.1	12696	0.03		
25042	อีเล็คโทรนิค	2	0.1	39066	speech-only		
25043	จต	2	0.1	37542	speech-only		
25044	เพย	2	0.1	24639	0.22		
25045	ระทด	2	0.1	20922	0.12		
25046	มะไฟ	2	0.1	19375	0.09		
25047	ดิ๊กซ์	2	0.1	20898	0.12		
25048	เตร็ต	2	0.1	27892	0.31		
25049	ท่อน้ำเลี้ยง	2	0.1		speech-only	slang	
25050	กาลักน้ำ	2	0.1	37207	speech-only		
25051	ดารดาษ	2	0.1	20732	0.11		
25052	นวร์ก	2	0.1	30021	0.43		
25053	โหย่ง	2	0.1	20310	0.11		
25054	เนเปิลส์	2	0.1	19318	0.09		
25055	โรจน์	2	0.1	5318	0.01		
25056	แอนตาร์กติก	2	0.1	23601	0.18		
25057	สลอน	2	0.1	12449	0.03		
25058	ลาปาซ	2	0.1	22338	0.14		
25059	ทุ่มตลาด	2	0.1	4423	0.00		
25060	โครเชท์	2	0.1	27264	0.31		
25061	เงื่อม	2	0.1	15233	0.05		
25062	อนารยชน	2	0.1	12193	0.03		
25063	ลวน	2	0.1	20736	0.11		
25064	น่อม	2	0.1	32660	speech-only		
25065	ปริทรรศน์	2	0.1	30570	0.43		
25066	เจี๊ยวจ๊าว	2	0.1	17688	0.07		
25067	สิทธิชัย	2	0.1	15884	0.05		
25068	ไพลอต	2	0.1	33082	speech-only		
25069	ษัต	2	0.1	22384	0.14		
25070	สเก็ด	2	0.1	36048	speech-only		
25071	รโหฐาน	2	0.1	15325	0.05		
25072	อนุทิน	2	0.1	15535	0.05		
25073	ฮาร์ดี	2	0.1	38942	speech-only		
25074	โจง	2	0.1	20256	0.11		
25075	ข่อ	2	0.1	22509	0.15		
25076	ปากแตร	2	0.1	26283	0.27		
25077	ลันช์	2	0.1	30698	speech-only		
25078	มัสลิน	2	0.1	7134	0.01		
25079	อบาย	2	0.1	14881	0.04		
25080	ก่ายกอง	2	0.1	26036	0.27		
25081	สญ	2	0.1	30638	speech-only		
25082	ฟิฟท์	2	0.1	32026	speech-only		
25083	เปิง	2	0.1	12720	0.03		
25084	ธการ	2	0.1	26978	0.31		
25085	ห่อม	2	0.1	33417	speech-only		
25086	ระแนง	2	0.1	19662	0.10		
25087	โน้ตบุ๊ก	2	0.1	17960	0.07		
25088	สวูด	2	0.1	38567	speech-only		
25089	เตสส์	2	0.1	35268	speech-only		
25090	ฮ็อพ	2	0.1	28942	0.36		
25091	ถรร	2	0.1	35113	speech-only		
25092	อนันต	2	0.1	10932	0.02		
25093	ซ้อง	2	0.1	17866	0.07		
25094	ดัย	2	0.1	17762	0.07		
25095	เทศก์	2	0.1	20577	0.11		
25096	เฝ้าไข้	2	0.1	16349	0.06		
25097	สารทุกข์สุกดิบ	2	0.1	15381	0.05		
25098	กระตุ่น	2	0.1	32325	speech-only		
25099	การขนส่งมวลชน	2	0.1	14415	0.04		
25100	ป้ำ	2	0.1	27714	0.31		
25101	ทิคย์	2	0.1	39431	speech-only		
25102	เมลย์	2	0.1	39426	speech-only		
25103	แกรด	2	0.1	45311	speech-only	slang	
25104	ยยยยยยยยย	2	0.1	38068	speech-only		
25105	ปกณ์	2	0.1	34731	speech-only		
25106	ซิลล์	2	0.1	24316	0.20		
25107	มิ่งมิตร	2	0.1	27562	0.31		
25108	วุฒ	2	0.1	19355	0.09		
25109	หน้ามุข	2	0.1	20834	0.11		
25110	จิ๊ง	2	0.1	32582	speech-only		
25111	สพรั่ง	2	0.1	30031	0.43		
25112	น้ำกะทิ	2	0.1	18109	0.07		
25113	ลูกหม้อ	2	0.1	23365	0.18		
25114	ลิ้ว	2	0.1	21208	0.13		
25115	ดน้ำ	2	0.1	39182	speech-only		
25116	โซเดียมคลอไรด์	2	0.1	29593	0.43		
25117	อินัง	2	0.1	31943	speech-only		
25118	เมื่อม	2	0.1	21233	0.13		
25119	แปร๋น	2	0.1	15461	0.05		
25120	กรุป	2	0.1	34200	speech-only		
25121	คลารา	2	0.1	28419	0.36		
25122	วิดัล	2	0.1	32413	speech-only		
25123	โซดาไฟ	2	0.1	26952	0.31		
25124	ยาธาตุ	2	0.1	28215	0.36		
25125	ฟยอร์ด	2	0.1	31355	speech-only		
25126	แหน่ว	2	0.1	27933	0.36		
25127	มิ่งขวัญ	2	0.1	11475	0.02		
25128	เรียญ	2	0.1	35895	speech-only		
25129	สุทธิ์	2	0.1	17439	0.07		
25130	ไล่เลียง	2	0.1	15784	0.05		
25131	แคว้ง	2	0.1	32462	speech-only		
25132	มูส์	2	0.1	30689	speech-only		
25133	ไฮโดรคลอริก	2	0.1	31721	speech-only		
25134	ปิ๊ค	2	0.1	29502	0.43		
25135	แรซ	2	0.1	39488	speech-only		
25136	ซ้ง	2	0.1	14080	0.04		
25137	เลียงผา	2	0.1	25639	0.24		
25138	ซั้น	2	0.1	35505	speech-only		
25139	คอตีบ	2	0.1	19229	0.09		
25140	มเน	2	0.1	37791	speech-only		
25141	บุรพ	2	0.1	20302	0.11		
25142	ดาโกตา	2	0.1	31681	speech-only		
25143	ดิจ	2	0.1	38439	speech-only		
25144	ชู้ด	2	0.1	35078	speech-only		
25145	สนุ้ก	2	0.1	16548	0.06		
25146	ไล่น้ำ	2	0.1	22587	0.15		
25147	เสิฟ	2	0.1	28925	0.36		
25148	ยักษี	2	0.1	30596	0.43		
25149	ลายสอ	2	0.1	15152	0.05		
25150	ด๋อย	2	0.1	33328	speech-only		
25151	ปากเปียก	2	0.1	32832	speech-only		
25152	เจ้าขุนมูลนาย	2	0.1	15116	0.05		
25153	รู้จักมักจี่	2	0.1	19700	0.10		
25154	เลิง	2	0.1	12800	0.03		
25155	กระสาย	2	0.1	20933	0.12		
25156	ทรงเจ้าเข้าผี	2	0.1	36411	speech-only		
25157	เลิม	2	0.1	34425	speech-only		
25158	มะละกอ	2	0.1	8605	0.01		
25159	คนอง	2	0.1	27507	0.31		
25160	คติธรรม	2	0.1	13664	0.03		
25161	ฟันปลา	2	0.1	20977	0.12		
25162	เพรียวลม	2	0.1	30293	0.43		
25163	โตรด	2	0.1	31449	speech-only		
25164	รองนายกรัฐมนตรี	2	0.1	3792	0.00		
25165	ตริส	2	0.1	30085	0.43		
25166	ศตรรษ	2	0.1	39526	speech-only		
25167	แทนทาลัม	2	0.1	30268	0.43		
25168	สนอร์	2	0.1	32522	speech-only		
25169	น้ำซึม	2	0.1	19894	0.10		
25170	ต๊อบ	2	0.1	33423	speech-only		
25171	ผลุด	2	0.1	28394	0.36		
25172	พวม	2	0.1	34728	speech-only		
25173	แพรวพราย	2	0.1	21097	0.12		
25174	อญ	2	0.1	30270	0.43		
25175	แข่	2	0.1	24160	0.20		
25176	กระอึกกระอัก	2	0.1	27669	0.31		
25177	เจี่ยง	2	0.1	35926	speech-only		
25178	กรรแสง	2	0.1	30819	speech-only		
25179	บุ่ม	2	0.1	34962	speech-only		
25180	สเค้ก	2	0.1	24100	0.20		
25181	กิ่น	2	0.1	26924	0.31		
25182	ไซลูเรียน	2	0.1	21091	0.12		
25183	แตร่	2	0.1	29191	0.43		
25184	ขาม้า	2	0.1	26385	0.27		
25185	กะโหลกกะลา	2	0.1		speech-only	offensive	
25186	ริงก์	2	0.1	35682	speech-only		
25187	โว๊ยยยย	2	0.1	36549	speech-only		
25188	โซเดียมไบคาร์บอเนต	2	0.1	37379	speech-only		
25189	เอ๋ง	2	0.1	17197	0.07	colloquial	
25190	กระเส่า	2	0.1	23060	0.17		
25191	สลักเสลา	2	0.1	14631	0.04		
25192	ขุ่นข้องหมองใจ	2	0.1	18748	0.08		
25193	สินธุ	2	0.1	11425	0.02		
25194	วิชช์	2	0.1	6713	0.01		
25195	บั้นเอว	2	0.1	18165	0.08		
25196	หยอกเย้า	2	0.1	15853	0.05		
25197	เลิกร้าง	2	0.1	17014	0.06		
25198	หิต	2	0.1	21004	0.12		
25199	มาร์ธ	2	0.1	36715	speech-only		
25200	ภุม	2	0.1	22191	0.14		
25201	เอี๋ย	2	0.1	19512	0.09		
25202	หล้อง	2	0.1	34037	speech-only		
25203	งอมืองอเท้า	2	0.1	18037	0.07		
25204	วับแวม	2	0.1	18859	0.09		
25205	ดีร้าย	2	0.1	20562	0.11		
25206	อ่าย	2	0.1	26320	0.27		
25207	ลักหลับ	2	0.1	29273	0.43		
25208	อิศ	2	0.1	28330	0.36		
25209	ปริด	2	0.1	38128	speech-only		
25210	หัศ	2	0.1	26590	0.27		
25211	โฟโตชอป	2	0.1		speech-only	colloquial	
25212	เงน	2	0.1	20669	0.11		
25213	ช้ง	2	0.1	25578	0.24		
25214	ดัพ	2	0.1	28884	0.36		
25215	เดินอากาศ	2	0.1	20160	0.10		
25216	หัวเงิน	2	0.1	18918	0.09		
25217	ฟลูออเรสเซนต์	2	0.1	19242	0.09		
25218	จ้น	2	0.1	25410	0.24		
25219	จัสท์	2	0.1	35881	speech-only		
25220	บ้วย	2	0.1	28977	0.36		
25221	ขันชะเนาะ	2	0.1	29680	0.43		
25222	เต๊อะ	2	0.1	21274	0.13		
25223	นิรนัย	2	0.1	16252	0.06		
25224	ซ้อนกล	2	0.1	35709	speech-only		
25225	คูด	2	0.1	21794	0.13		
25226	ตัวเงิน	2	0.1	8140	0.01		
25227	หั้น	2	0.1	16770	0.06		
25228	ตาว	2	0.1	22635	0.15		
25229	นันท	2	0.1	5387	0.01		
25230	สายสร้อย	2	0.1	16046	0.05		
25231	รสนา	2	0.1	16144	0.05		
25232	กืน	2	0.1	36338	speech-only		
25233	เบสส์	2	0.1	13803	0.04		
25234	ดอกรัก	2	0.1	18287	0.08		
25235	ไมยราบ	2	0.1	25069	0.22		
25236	กฤติ	2	0.1	10069	0.02		
25237	หว่าว	2	0.1	30649	speech-only		
25238	เฉลิง	2	0.1	32746	speech-only		
25239	ไฟน์เดอร์	2	0.1	20848	0.12		
25240	สอยดาว	2	0.1	13053	0.03		
25241	สิช	2	0.1	30156	0.43		
25242	แฝน	2	0.1	38038	speech-only		
25243	แบเรียม	2	0.1	39715	speech-only		
25244	ทักษิณ	2	0.1	1777	0.00		
25245	อเรจ	2	0.1	34787	speech-only		
25246	ซุ่มเสียง	2	0.1	16047	0.05		
25247	บูณ์	2	0.1	36153	speech-only		
25248	คีร์	2	0.1	28118	0.36		
25249	อิศวร	2	0.1	13138	0.03		
25250	ดชว์	2	0.1	36506	speech-only		
25251	ตั๊บ	2	0.1	23997	0.20		
25252	ธารพระกร	2	0.1	30482	0.43		
25253	ก๊าซเฉื่อย	2	0.1	33367	speech-only		
25254	มอลโดวา	2	0.1	37268	speech-only		
25255	เติร์กเมนิสถาน	2	0.1	33068	speech-only		
25256	หญ้าฝรั่น	2	0.1	24581	0.22		
25257	เอิง	2	0.1	5690	0.01		
25258	เยียว	2	0.1	21959	0.13		
25259	บังควร	2	0.1	14805	0.04		
25260	ฮุ้ย	2	0.1	29572	0.43		
25261	ผีขนุน	2	0.1		speech-only	slang	
25262	อั๊ง	2	0.1	21133	0.12		
25263	สัมปชัญญะ	2	0.1	14311	0.04		
25264	วิตร	2	0.1	22174	0.14		
25265	รุมสกรัม	2	0.1		speech-only	slang	
25266	หมูหมากาไก่	2	0.1		speech-only	slang	
25267	เรียนซ์	2	0.1	29154	0.36		
25268	เปือ	2	0.1	38174	speech-only		
25269	ท้องร่อง	2	0.1	15214	0.05		
25270	ค้ำหัว	2	0.1	28785	0.36		
25271	โรฮ์	2	0.1	38706	speech-only		
25272	พลวัต	2	0.1	6756	0.01		
25273	มติมหาชน	2	0.1	10949	0.02		
25274	ขนบธรรมเนียมประเพณี	2	0.1	12847	0.03		
25275	กระเหี้ยนกระหือรือ	2	0.1	20206	0.11		
25276	สาธารณสมบัติ	2	0.1	17241	0.07		
25277	ประชานิยม	2	0.1	11838	0.02		
25278	เอลซัลวาดอร์	2	0.1	25825	0.24		
25279	ฟิสก์	2	0.1	33523	speech-only		
25280	ชูม	2	0.1	39873	speech-only		
25281	โอต์	2	0.1	18414	0.08		
25282	กระจุ๋มกระจิ๋ม	2	0.1	18059	0.07		
25283	แกจ	2	0.1	36570	speech-only		
25284	ต้นสายปลายเหตุ	2	0.1	19312	0.09		
25285	บวน	2	0.1	14836	0.04		
25286	คณิกา	2	0.1	21005	0.12		
25287	สังกา	2	0.1	18044	0.07		
25288	เหล็กหล่อ	2	0.1	19642	0.10		
25289	ตั๋วเงินคลัง	2	0.1	14060	0.04		
25290	แท็งก์	2	0.1	22535	0.15		
25291	ปิ้ก	2	0.1	38379	speech-only		
25292	สาล	2	0.1	18132	0.07		
25293	เจย	2	0.1	28820	0.36		
25294	ปิ๊ว	2	0.1	38973	speech-only		
25295	คลุ้ม	2	0.1	19696	0.10		
25296	กวย	2	0.1	23171	0.17		
25297	กวยจี๊	2	0.1	29237	0.43	colloquial	
25298	ภินท์	2	0.1	25230	0.22		
25299	ดุส	2	0.1	33627	speech-only		
25300	คณิ	2	0.1	20859	0.12		
25301	หลก	2	0.1	20205	0.11		
25302	อิ่มหมีพีมัน	2	0.1	23053	0.17		
25303	ยุ่ด	2	0.1	34927	speech-only		
25304	ขัดยอก	2	0.1	21277	0.13		
25305	ก๊อปปี๊	2	0.1	39270	speech-only		
25306	บริบาล	2	0.1	14046	0.04		
25307	ใบ่	2	0.1	34618	speech-only		
25308	ออร์เวลล์	2	0.1	36725	speech-only		
25309	ตีนผี	2	0.1	21942	0.13		
25310	พช	2	0.1	18372	0.08		
25311	จ๊อง	2	0.1	39813	speech-only		
25312	หินอัคนี	2	0.1	13051	0.03		
25313	เคลติก	2	0.1	35515	speech-only		
25314	แคดเมียม	2	0.1	16943	0.06		
25315	เซสต์	2	0.1	38714	speech-only		
25316	เรียนต์	2	0.1	24141	0.20		
25317	โดฮา	2	0.1	15650	0.05		
25318	แพ่	2	0.1	29582	0.43		
25319	อัตนัย	2	0.1	24282	0.20		
25320	กรุก	2	0.1	27671	0.31		
25321	สเปอร์ส	2	0.1	10723	0.02		
25322	ฟริซ	2	0.1	30054	0.43		
25323	นื่อ	2	0.1	29299	0.43		
25324	หรืค	2	0.1	30178	0.43		
25325	นอร์มอล	2	0.1	23546	0.18		
25326	ชโล	2	0.1	19103	0.09		
25327	จญ	2	0.1	39756	speech-only		
25328	ลิมิท	2	0.1	31828	speech-only		
25329	พระไตรปิฎก	2	0.1	6462	0.01		
25330	จีวร	2	0.1	10884	0.02		
25331	ไมย	2	0.1	18439	0.08		
25332	สาธารณภัย	2	0.1	9288	0.01		
25333	นิดส์	2	0.1	15846	0.05		
25334	โหง	2	0.1	18996	0.09		
25335	คอนเดนเซอร์	2	0.1	36958	speech-only		
25336	คอเคซัส	2	0.1	28677	0.36		
25337	รวก	2	0.1	15126	0.05		
25338	นีฟ	2	0.1	36079	speech-only		
25339	ซีรัม	2	0.1	30736	speech-only		
25340	สวิสซ์	2	0.1	35396	speech-only		
25341	มะแว้ง	2	0.1	19789	0.10		
25342	มูว์	2	0.1	38902	speech-only		
25343	โพนทะนา	2	0.1	21741	0.13		
25344	หนั้ง	2	0.1	38315	speech-only		
25345	ปลิงทะเล	2	0.1	13224	0.03		
25346	คารากัส	2	0.1	32096	speech-only		
25347	จวิน	2	0.1	19867	0.10		
25348	นินทร์	2	0.1	23575	0.18		
25349	พิม์	2	0.1	34271	speech-only		
25350	จางค	2	0.1	30169	0.43		
25351	เฟลิต	2	0.1	18379	0.08		
25352	ษณ	2	0.1	6816	0.01		
25353	กินแถว	2	0.1	25140	0.22		
25354	เงิ่น	2	0.1	16621	0.06		
25355	ดาบส	2	0.1	9864	0.02		
25356	เอาชัย	2	0.1	19288	0.09		
25357	ปุบ	2	0.1	22743	0.15		
25358	ฟน	2	0.1	36691	speech-only		
25359	คราก	2	0.1	20694	0.11		
25360	เอกสารราชการ	2	0.1	25281	0.24		
25361	ประชามติ	2	0.1	3864	0.00		
25362	ปรีดี	2	0.1	4701	0.00		
25363	ท้อน	2	0.1	26515	0.27		
25364	มักขะ	2	0.1	37794	speech-only		
25365	ก้มหลัง	2	0.1	24328	0.20		
25366	เปี้ยนส์	2	0.1	11506	0.02		
25367	ลองเชิง	2	0.1	20357	0.11		
25368	หยาดฟ้า	2	0.1	20401	0.11		
25369	ข้าพ	2	0.1	31393	speech-only		
25370	กฎทั่วไป	2	0.1	24030	0.20		
25371	มิศ	2	0.1	20280	0.11		
25372	กริซซ์	2	0.1	23610	0.18		
25373	เลอร์ส	2	0.1	29104	0.36		
25374	กวาดจับ	2	0.1	22303	0.14		
25375	บาร์เนตต์	2	0.1	37767	speech-only		
25376	กล้าได้กล้าเสีย	2	0.1	25720	0.24		
25377	กุ้งฝอย	2	0.1	14802	0.04		
25378	โลกาภิวัตน์	2	0.1	5307	0.01		
25379	ชวี	2	0.1	12553	0.03		
25380	เอริเทรีย	2	0.1	33857	speech-only		
25381	หักอกหักใจ	2	0.1	37525	speech-only		
25382	โจ่งครึ่ม	2	0.1	39311	speech-only		
25383	โฆษะ	2	0.1	15870	0.05		
25384	ซองซ์	2	0.1	18972	0.09		
25385	หลิม	2	0.1	17194	0.07		
25386	คชิน	2	0.1	36061	speech-only		
25387	กะรัง	2	0.1	26179	0.27		
25388	เธ่ย์	2	0.1	27063	0.31		
25389	มนุย์	2	0.1	36002	speech-only		
25390	สิกข์	2	0.1	20628	0.11		
25391	ประคับ	2	0.1	7803	0.01		
25392	ดึด	2	0.1	38769	speech-only		
25393	ปช	2	0.1	33698	speech-only		
25394	ต้นร่าง	2	0.1	18446	0.08		
25395	มือมืด	2	0.1	29280	0.43		
25396	ทอต	2	0.1	28840	0.36		
25397	ตลกคะนอง	2	0.1	25548	0.24		
25398	ฮ้าว	2	0.1	19476	0.09		
25399	อัยยิกา	2	0.1	19128	0.09		
25400	ปิ่ง	2	0.1	25882	0.24		
25401	พูม	2	0.1	34653	speech-only		
25402	ลลูก	2	0.1	33563	speech-only		
25403	คอตั้ง	2	0.1	18313	0.08		
25404	เป็นอันมาก	2	0.1	4381	0.00		
25405	แต๊ะ	2	0.1	15296	0.05		
25406	มาลาวี	2	0.1	29167	0.43		
25407	เบิ๊ด	2	0.1	30184	0.43		
25408	อกตั้ง	2	0.1	31579	speech-only		
25409	ธุป	2	0.1	31693	speech-only		
25410	ย้าว	2	0.1	23962	0.20		
25411	สรรพ์	2	0.1	22961	0.17		
25412	ขนมถ้วย	2	0.1	22583	0.15		
25413	ตะคุ่ม	2	0.1	12614	0.03		
25414	โทลล์	2	0.1	23065	0.17		
25415	พรืด	2	0.1	9891	0.02		
25416	แรเงา	2	0.1	14335	0.04		
25417	ษส	2	0.1	25320	0.24		
25418	ศาลแพ่ง	2	0.1	14324	0.04		
25419	ฮึก	2	0.1	13960	0.04		
25420	กร้วม	2	0.1	21639	0.13		
25421	โฮฮ	2	0.1	19397	0.09		
25422	แลล	2	0.1	31782	speech-only		
25423	เฟล็ค	2	0.1	30814	speech-only		
25424	เจฮ	2	0.1	35481	speech-only		
25425	ทำไพ่	2	0.1	28855	0.36		
25426	เชิงมุม	2	0.1	11066	0.02		
25427	ประตูฟุตบอล	2	0.1	32996	speech-only		
25428	เวเนซุเอลา	2	0.1	14921	0.04		
25429	เซส์	2	0.1	32789	speech-only		
25430	แข่น	2	0.1	33949	speech-only		
25431	เฑียร	2	0.1	8886	0.01		
25432	ลูกกรอก	2	0.1	30233	0.43		
25433	แดต	2	0.1	23503	0.18		
25434	เวิร์ฟ	2	0.1	30738	speech-only		
25435	หวัว	2	0.1	29587	0.43		
25436	ฟูดส์	2	0.1	24490	0.20		
25437	เน้ย	2	0.1	20773	0.11		
25438	วัวตัวเมีย	2	0.1	32439	speech-only		
25439	ยุทธปัจจัย	2	0.1	26912	0.27		
25440	เดิง	2	0.1	26699	0.27		
25441	ชอบมาพากล	2	0.1	30134	0.43		
25442	พฤศจิก	2	0.1	32718	speech-only		
25443	เสาว	2	0.1	12386	0.03		
25444	สเปลน	2	0.1	27707	0.31		
25445	สหัส	2	0.1	18703	0.08		
25446	เจี่ยน	2	0.1	35792	speech-only		
25447	กุญแจรหัส	2	0.1	29603	0.43		
25448	รู่น	2	0.1	37671	speech-only		
25449	โผง	2	0.1	25314	0.24		
25450	รไนซ์	2	0.1	14252	0.04		
25451	ช่อย	2	0.1	21710	0.13		
25452	บรันซ์	2	0.1	35751	speech-only		
25453	เล่ส์	2	0.1	25249	0.22		
25454	กระหยิ่ม	2	0.1	12845	0.03		
25455	โหรงเหรง	2	0.1	19774	0.10		
25456	บล้า	2	0.1	26065	0.27		
25457	ข้าวหมก	2	0.1	23779	0.18		
25458	ชารล์ส	2	0.1	33249	speech-only		
25459	ภราดา	2	0.1	23202	0.17		
25460	ฐานันดร	2	0.1	13834	0.04		
25461	ภาณ	2	0.1	26537	0.27		
25462	ฉม	2	0.1	22789	0.15		
25463	อัญประกาศ	2	0.1	19270	0.09		
25464	มาตุ	2	0.1	7445	0.01		
25465	สเกิ๊ต	2	0.1	33331	speech-only		
25466	ผ้าขาวม้า	2	0.1	7920	0.01		
25467	เฉาก๊วย	2	0.1	16645	0.06		
25468	โยสท์	2	0.1	37036	speech-only		
25469	ญโญ่	2	0.1	38409	speech-only		
25470	ฮัจญ์	2	0.1	14676	0.04		
25471	เลย์เอาท์	2	0.1	26376	0.27		
25472	เฟิ่น	2	0.1	36209	speech-only		
25473	จันทน์หอม	2	0.1	24065	0.20		
25474	พวงดอกไม้	2	0.1	27746	0.31		
25475	ขบฎ	2	0.1	37015	speech-only		
25476	บ้านจัดสรร	2	0.1	14541	0.04		
25477	บิลด์	2	0.1	26197	0.27		
25478	มูลา	2	0.1	26284	0.27		
25479	ศูนย์สูตร	2	0.1	20332	0.11		
25480	เซ็พท์	2	0.1	35305	speech-only		
25481	ศิต	1	0.0	18184	0.04		
25482	ฟรอมม์	1	0.0	10220	0.01		
25483	หลิก	1	0.0	22621	0.08		
25484	แกตต์	1	0.0	5844	0.00		
25485	ตัวพระ	1	0.0	9351	0.01		
25486	ก๋ง	1	0.0	8227	0.01		
25487	เต้ก	1	0.0	21104	0.06		
25488	ชิชะ	1	0.0	13412	0.02		
25489	วอซท์	1	0.0	36446	speech-only		
25490	เทครัว	1	0.0	23595	0.09		
25491	ควอยซ์	1	0.0	23756	0.09		
25492	ภณฑ์	1	0.0	34194	speech-only		
25493	ถอดรูป	1	0.0	21676	0.07		
25494	เจ๋า	1	0.0	36739	speech-only		
25495	สเบย	1	0.0	35496	speech-only		
25496	อิหลักอิเหลื่อ	1	0.0	22563	0.08		
25497	นายท้าย	1	0.0	16494	0.03		
25498	เร่น	1	0.0	23971	0.10		
25499	เฮือน	1	0.0	7029	0.00		
25500	เยว่	1	0.0	12536	0.01		
25501	ดริ๊งก์	1	0.0	30379	0.22		
25502	จึ่ง	1	0.0	9492	0.01		
25503	กระจัด	1	0.0	5773	0.00		
25504	กองข้าว	1	0.0	22966	0.08		
25505	โหลง	1	0.0	20222	0.05		
25506	กลี่	1	0.0	35225	speech-only		
25507	กล่อ	1	0.0	38559	speech-only		
25508	จักขุประสาท	1	0.0	27566	0.15		
25509	หูช้าง	1	0.0	20363	0.05		
25510	ระบบระเบียบ	1	0.0	17559	0.03		
25511	ถูกอกถูกใจ	1	0.0	14551	0.02		
25512	แถก	1	0.0	26363	0.13		
25513	เรตินา	1	0.0	19225	0.04		
25514	วิสาขา	1	0.0	20417	0.05		
25515	ภูริ	1	0.0	6043	0.00		
25516	การฮั้ว	1	0.0		speech-only	colloquial	
25517	ตาลอ	1	0.0	35325	speech-only		
25518	กั๋น	1	0.0	20214	0.05		
25519	เนสค์	1	0.0	24494	0.10		
25520	อานิสงส์	1	0.0	8193	0.01		
25521	ต้อล	1	0.0	17874	0.04		
25522	ฮิวมัส	1	0.0	27238	0.15		
25523	ว้ำ	1	0.0	30459	0.22		
25524	ถึงแก่อสัญกรรม	1	0.0	16045	0.03		
25525	ง่วงเหงา	1	0.0	23444	0.09		
25526	เจ้ากู	1	0.0	33668	speech-only		
25527	ตลาดล่าง	1	0.0		speech-only	offensive	
25528	ฝีเย็บ	1	0.0	19155	0.04		
25529	ปึ๊ง	1	0.0	26774	0.13		
25530	ปริ๊ด	1	0.0	28662	0.18		
25531	บริตตานี	1	0.0	30024	0.22		
25532	เรียลลิ	1	0.0	24616	0.11		
25533	โซไซตี	1	0.0	39649	speech-only		
25534	ตวัน	1	0.0	24277	0.10		
25535	วีก	1	0.0	22655	0.08		
25536	อดนม	1	0.0	25341	0.12		
25537	อธิคม	1	0.0	25311	0.12		
25538	ครั่นเนื้อครั่นตัว	1	0.0	18905	0.04		
25539	นางหงส์	1	0.0	25303	0.12		
25540	เพลงยาว	1	0.0	15464	0.02		
25541	กระหัง	1	0.0	17850	0.04		
25542	จัมโบ	1	0.0	35772	speech-only		
25543	เซห์	1	0.0	33635	speech-only		
25544	หมายเกณฑ์	1	0.0	19576	0.05		
25545	สวนะ	1	0.0	32217	speech-only		
25546	ยาใจ	1	0.0	18633	0.04		
25547	นอนคุยกับรากมะม่วง	1	0.0		speech-only	slang	
25548	ปลอกมีด	1	0.0	39391	speech-only		
25549	ตรวย	1	0.0	31793	speech-only		
25550	ความชื้นสัมพัทธ์	1	0.0	23270	0.08		
25551	สุรินทร์	1	0.0	4165	0.00		
25552	ชมิตต์	1	0.0	35071	speech-only		
25553	เจี๊ยง	1	0.0	34230	speech-only		
25554	ผิต	1	0.0	25843	0.12		
25555	สคิปต์	1	0.0	37864	speech-only		
25556	เกิ้ง	1	0.0	27919	0.18		
25557	โป่ว	1	0.0	32555	speech-only		
25558	ศูนย์พ	1	0.0	39435	speech-only		
25559	เบิร์นท์	1	0.0	35647	speech-only		
25560	นือ	1	0.0	30162	0.22		
25561	ฟิฟธ์	1	0.0	34899	speech-only		
25562	เดิต	1	0.0	38877	speech-only		
25563	กำชับกำชา	1	0.0	22422	0.08		
25564	แคสเซียส	1	0.0	39703	speech-only		
25565	สุริโย	1	0.0	9049	0.01		
25566	รพา	1	0.0	37396	speech-only		
25567	พยับหมอก	1	0.0	33314	speech-only		
25568	สุรีย์	1	0.0	14470	0.02		
25569	ชมดชม้อย	1	0.0	37632	speech-only		
25570	เล็พ	1	0.0	32886	speech-only		
25571	จังหัน	1	0.0	27202	0.15		
25572	ทัวร์มาลีน	1	0.0	39697	speech-only		
25573	ชูด	1	0.0	37159	speech-only		
25574	วรา	1	0.0	4804	0.00		
25575	โรงเรียนสาธิต	1	0.0	27916	0.15		
25576	กานน	1	0.0	11094	0.01		
25577	แคล่วคล่อง	1	0.0	18799	0.04		
25578	คานต์	1	0.0	37597	speech-only		
25579	สัสสุ	1	0.0	34936	speech-only		
25580	แกแล	1	0.0	37957	speech-only		
25581	เรือกสวน	1	0.0	13287	0.02		
25582	อาชาไนย	1	0.0	22824	0.08		
25583	นานัปการ	1	0.0	10815	0.01		
25584	โศกศัลย์	1	0.0	25791	0.12		
25585	รีแอคชั่น	1	0.0	35707	speech-only		
25586	กาบู	1	0.0	38202	speech-only		
25587	สเสน	1	0.0	23428	0.09		
25588	รตส์	1	0.0	38759	speech-only		
25589	พุทธศตวรรษ	1	0.0	7477	0.00		
25590	ผาง	1	0.0	13944	0.02		
25591	กระดาษกรอง	1	0.0	30005	0.22		
25592	ตุนาหงัน	1	0.0	24631	0.11		
25593	ข้าราชการประจำ	1	0.0	16459	0.03		
25594	สเตรป	1	0.0	34852	speech-only		
25595	เนวาร์ก	1	0.0	33700	speech-only		
25596	จุ๊กกรู๊	1	0.0	34771	speech-only		
25597	อัสสุชล	1	0.0	25733	0.12		
25598	สบูร์ก	1	0.0	21300	0.06		
25599	เสงี่ยม	1	0.0	14568	0.02		
25600	กระแหนะกระแหน	1	0.0	22837	0.08		
25601	หัวแม่ตีน	1	0.0	27868	0.15		
25602	เหียบ	1	0.0	35435	speech-only		
25603	ฉกาจฉกรรจ์	1	0.0	21447	0.06		
25604	มึ้ง	1	0.0	23304	0.08		
25605	เบญจา	1	0.0	15760	0.03		
25606	รัณ	1	0.0	4848	0.00		
25607	เฮลธ์	1	0.0	27413	0.15		
25608	ผู้แทนจำหน่าย	1	0.0	17195	0.03		
25609	ฟาฟร์	1	0.0	27973	0.18		
25610	โมเรส	1	0.0	34475	speech-only		
25611	หร็อมแหร็ม	1	0.0	19006	0.04		
25612	ใบแทรก	1	0.0	21929	0.07		
25613	นทิลส์	1	0.0	25221	0.11		
25614	ซาลซ์บูร์ก	1	0.0	33002	speech-only		
25615	ตามกวาง	1	0.0	27870	0.15		
25616	กว๊าน	1	0.0	4555	0.00		
25617	ชนี	1	0.0	23785	0.09		
25618	อั่ว	1	0.0	27783	0.15		
25619	กุ้ม	1	0.0	25520	0.12		
25620	ขยาน	1	0.0	36540	speech-only		
25621	ญญาณ์	1	0.0	28813	0.18		
25622	เหลาะ	1	0.0	27650	0.15		
25623	หนามเตย	1	0.0	23422	0.09		
25624	นี้ย์	1	0.0	39174	speech-only		
25625	สยม	1	0.0	31224	speech-only		
25626	ซ็อป	1	0.0	36127	speech-only		
25627	เดโช	1	0.0	18955	0.04		
25628	ป่าชายเลน	1	0.0	6475	0.00		
25629	เถียว	1	0.0	30138	0.22		
25630	ทอดส์	1	0.0	18981	0.04		
25631	ภูธร	1	0.0	11412	0.01	offensive	
25632	ตีส์	1	0.0	22170	0.07		
25633	เมคมันนี่	1	0.0	19085	0.04		
25634	กินแบ่ง	1	0.0	25636	0.12		
25635	วาทศาสตร์	1	0.0	19057	0.04		
25636	เดย์ส	1	0.0	34568	speech-only		
25637	เงก	1	0.0	33762	speech-only		
25638	นานสองนาน	1	0.0	15692	0.03		
25639	สณ	1	0.0	36957	speech-only		
25640	เหนิง	1	0.0	37564	speech-only		
25641	เดินเส้น	1	0.0	24242	0.10		
25642	กระจกฝ้า	1	0.0	22403	0.08		
25643	เสียวไส้	1	0.0	16088	0.03		
25644	เพิร์ส	1	0.0	26447	0.13		
25645	ลอาย	1	0.0	39378	speech-only		
25646	หน้าตึง	1	0.0	17562	0.03		
25647	วงศาคณาญาติ	1	0.0	20172	0.05		
25648	แด๋	1	0.0	35609	speech-only		
25649	ป้ายยา	1	0.0		speech-only	slang	
25650	หน่อง	1	0.0	19969	0.05		
25651	ค็อฟ	1	0.0	33255	speech-only		
25652	เฟียด	1	0.0	28534	0.18		
25653	หิมพานต์	1	0.0	10593	0.01		
25654	มหิมา	1	0.0	25732	0.12		
25655	พริ้มพราย	1	0.0	27289	0.15		
25656	ล่าว	1	0.0	21538	0.06		
25657	ง่าง	1	0.0	36599	speech-only		
25658	กระป่อง	1	0.0	27119	0.15		
25659	โฟลต	1	0.0	37119	speech-only		
25660	ลั่นดาล	1	0.0	31172	speech-only		
25661	นัลล์	1	0.0	32357	speech-only		
25662	ราณ์	1	0.0	33050	speech-only		
25663	สัล	1	0.0	27727	0.15		
25664	จัร	1	0.0	38006	speech-only		
25665	พลีกรรม	1	0.0	25592	0.12		
25666	ไภ	1	0.0	17946	0.04		
25667	วัสส์	1	0.0	29860	0.22		
25668	พิคส์	1	0.0	35598	speech-only		
25669	เฉีย	1	0.0	14655	0.02		
25670	ค่าาาาาา	1	0.0	28775	0.18		
25671	ตากวาง	1	0.0	29729	0.22		
25672	แส้ม้า	1	0.0	37365	speech-only		
25673	เห้า	1	0.0	34745	speech-only		
25674	แซ่ม	1	0.0	34544	speech-only		
25675	ถวาน	1	0.0	31304	speech-only		
25676	เน่อง	1	0.0	35030	speech-only		
25677	ไลฟ์ส	1	0.0	34774	speech-only		
25678	แผก	1	0.0	22220	0.07		
25679	โทย	1	0.0	27726	0.15		
25680	กึ่ม	1	0.0	32887	speech-only		
25681	ไดเจสท์	1	0.0	31858	speech-only		
25682	สรวย	1	0.0	27167	0.15		
25683	ผ้าขี้ริ้วห่อทอง	1	0.0	29322	0.22		
25684	แป้งแข็ง	1	0.0	20242	0.05		
25685	สปน	1	0.0	35839	speech-only		
25686	จุลสาร	1	0.0	20202	0.05		
25687	เปิลส์	1	0.0	26083	0.13		
25688	ชาร์ดส์	1	0.0	20220	0.05		
25689	กล่ำ	1	0.0	17847	0.04		
25690	ธภาพ	1	0.0	23049	0.08		
25691	พุทธรักษา	1	0.0	18912	0.04		
25692	เบริธ	1	0.0	36527	speech-only		
25693	กระเทือนใจ	1	0.0	21412	0.06		
25694	องศ	1	0.0	36581	speech-only		
25695	ฃูก	1	0.0	39243	speech-only		
25696	เสี่ยม	1	0.0	38778	speech-only		
25697	ประสิทธิ	1	0.0	5169	0.00		
25698	ห่ากิน	1	0.0	24787	0.11		
25699	กระเจา	1	0.0	28966	0.18		
25700	นเธม	1	0.0	36472	speech-only		
25701	ฮ้าง	1	0.0	21248	0.06		
25702	ยุป	1	0.0	38946	speech-only		
25703	จุดหลอมเหลว	1	0.0	25441	0.12		y
25704	ทรรศ์	1	0.0	39737	speech-only		
25705	อสง	1	0.0	30186	0.22		
25706	ย่นย่อ	1	0.0	13348	0.02		
25707	เรือนไม้	1	0.0	10987	0.01		
25708	อาว์	1	0.0	14037	0.02		
25709	ฮฮ	1	0.0	30172	0.22		
25710	ตาลีตาเหลือก	1	0.0	16617	0.03		
25711	อัตตาธิปไตย	1	0.0	25058	0.11		
25712	บลาห์	1	0.0	35371	speech-only		
25713	ศึด	1	0.0	35147	speech-only		
25714	จำปา	1	0.0	9609	0.01		
25715	มิคสัญญี	1	0.0	21356	0.06		
25716	ขี้เป็ด	1	0.0	34268	speech-only		
25717	จาว	1	0.0	19139	0.04		
25718	แบคซ์	1	0.0	35470	speech-only		
25719	จิตต	1	0.0	13712	0.02		
25720	ธิ่	1	0.0	35122	speech-only		
25721	โมซัมบิก	1	0.0	30256	0.22		
25722	ลเบอร์น	1	0.0	28202	0.18		
25723	กองฟอน	1	0.0	30794	speech-only		
25724	เวด์	1	0.0	39705	speech-only		
25725	ปรูด	1	0.0	23359	0.08		
25726	ชบา	1	0.0	12709	0.01		
25727	ฆี	1	0.0	32025	speech-only		
25728	โอฬาริก	1	0.0	30328	0.22		
25729	กะพร่องกะแพร่ง	1	0.0	25919	0.12		
25730	วิญญู	1	0.0	22315	0.07		
25731	หลิ่น	1	0.0	31729	speech-only		
25732	ส่งเสริมการลงทุน	1	0.0	6884	0.00		
25733	รีศ	1	0.0	38455	speech-only		
25734	สิงหล	1	0.0	19260	0.04		
25735	พรต	1	0.0	12182	0.01		
25736	ลวะ	1	0.0	28341	0.18		
25737	เพชรบูรณ์	1	0.0	9184	0.01		
25738	อุปทูต	1	0.0	20983	0.06		
25739	ศิบ	1	0.0	37452	speech-only		
25740	นิเทศศาสตร์	1	0.0	6063	0.00		
25741	เฟรนซ์ฟ	1	0.0	38735	speech-only		
25742	อุตร	1	0.0	18649	0.04		
25743	โอบเอื้อ	1	0.0	30204	0.22		
25744	หุ้นกู้	1	0.0	11870	0.01		
25745	ปลื้อ	1	0.0	30608	0.22		
25746	ติมิ	1	0.0	25749	0.12		
25747	ซึ่ว	1	0.0	25598	0.12		
25748	มิจฉา	1	0.0	15739	0.03		
25749	ดอกพุด	1	0.0	24097	0.10		
25750	เอลบา	1	0.0	20890	0.06		
25751	ศวรรษ	1	0.0	24067	0.10		
25752	น้ำป่า	1	0.0	16016	0.03		
25753	ไฟลัม	1	0.0	25104	0.11		
25754	ปุ๊ง	1	0.0	31932	speech-only		
25755	กระบิ	1	0.0	24488	0.10		
25756	มวณ	1	0.0	36693	speech-only		
25757	เฟิลส์	1	0.0	23399	0.09		
25758	คอร์รัปชัน	1	0.0	13937	0.02	colloquial	
25759	ปรื้ด	1	0.0	36600	speech-only		
25760	อสจ	1	0.0	33808	speech-only		
25761	ดดดดดดดดดดดดดดดด	1	0.0	35857	speech-only		
25762	ไมม์	1	0.0	32640	speech-only		
25763	กล่อมเกลา	1	0.0	10308	0.01		
25764	มะรู้	1	0.0		speech-only	slang	
25765	ตุย	1	0.0	39224	speech-only	slang	
25766	คุ้ง	1	0.0	11046	0.01		
25767	ต๊ำ	1	0.0	18530	0.04		
25768	สควอซ	1	0.0	37220	speech-only		
25769	ค้ากาม	1	0.0		speech-only	slang	
25770	ยัลตา	1	0.0	32780	speech-only		
25771	ไวนิลคลอไรด์	1	0.0	31700	speech-only		
25772	เก่ย	1	0.0	32513	speech-only		
25773	ศัสตรา	1	0.0	18977	0.04		
25774	เจ้าะ	1	0.0	32301	speech-only		
25775	จาไมกา	1	0.0	32317	speech-only		
25776	ไวยาวัจกร	1	0.0	24358	0.10		
25777	มูท	1	0.0	33710	speech-only		
25778	เครื่องวัดแสง	1	0.0	35019	speech-only		
25779	พงศ์พันธุ์	1	0.0	17755	0.04		
25780	เฟอร์รี	1	0.0	29443	0.22		
25781	นงเยาว์	1	0.0	25076	0.11		
25782	ฝนเทียม	1	0.0	20394	0.05		
25783	ช็อง	1	0.0	32615	speech-only		
25784	เสาว์	1	0.0	19256	0.04		
25785	อุทก	1	0.0	24767	0.11		
25786	สหัฐ	1	0.0	28157	0.18		
25787	อะมีน	1	0.0	27762	0.15		
25788	ไมโทซิส	1	0.0	35066	speech-only		
25789	ศด้วย	1	0.0	39894	speech-only		
25790	สตูล	1	0.0	5517	0.00		
25791	วัร	1	0.0	26748	0.13		
25792	อิเควทอเรียล	1	0.0	34713	speech-only		
25793	เพิลล์	1	0.0	16068	0.03		
25794	ฉลุลาย	1	0.0	20240	0.05		
25795	เบนต์	1	0.0	24668	0.11		
25796	สัมปรายภพ	1	0.0	21752	0.07		
25797	ศรัต	1	0.0	33727	speech-only		
25798	โรงแยก	1	0.0	21195	0.06		
25799	ฐาร	1	0.0	35468	speech-only		
25800	แล็ง	1	0.0	37816	speech-only		
25801	โปสต์การ์ด	1	0.0		speech-only	colloquial	
25802	เสศ	1	0.0	21076	0.06		
25803	เกษียรสมุทร	1	0.0	24037	0.10		
25804	ษณะ	1	0.0	15805	0.03		
25805	แอดด์	1	0.0	40006	speech-only		
25806	ดาบเงิน	1	0.0	18396	0.04		
25807	ฅน	1	0.0	14723	0.02		
25808	เดินโต๊ะ	1	0.0	22885	0.08		
25809	ศาสร์	1	0.0	36844	speech-only		
25810	อุสา	1	0.0	27956	0.18		
25811	ร่ต	1	0.0	35381	speech-only		
25812	กิ๋น	1	0.0	19757	0.05		
25813	วิลิศมาหรา	1	0.0		speech-only	colloquial	
25814	ใหญ้	1	0.0	33869	speech-only		
25815	ศม	1	0.0	23311	0.08		
25816	สวัว	1	0.0	33476	speech-only		
25817	ทีใครทีมัน	1	0.0	26482	0.13		
25818	เมต์	1	0.0	23639	0.09		
25819	แผ้ว	1	0.0	11591	0.01		
25820	ปึ่ง	1	0.0	28956	0.18		
25821	ประมวลรัษฎากร	1	0.0	8783	0.01		
25822	รีดนาทาเร้น	1	0.0	29161	0.22		
25823	แอนท์ส	1	0.0	39957	speech-only		
25824	ราหู	1	0.0	7580	0.00	offensive	
25825	ทยาสตร์	1	0.0	34790	speech-only		
25826	อเธ	1	0.0	39621	speech-only		
25827	ผสาย	1	0.0	39508	speech-only		
25828	ปราท	1	0.0	37003	speech-only		
25829	การฮั้วประมูล	1	0.0		speech-only	colloquial	
25830	อินเด็กซ์	1	0.0	22383	0.07		
25831	โอ้วว์	1	0.0	35648	speech-only		
25832	ปากเปียกปากแฉะ	1	0.0	26007	0.12		
25833	ทำนองเสนาะ	1	0.0	28906	0.18		
25834	จันทน์เทศ	1	0.0	26407	0.13		
25835	สตาส	1	0.0	39165	speech-only		
25836	แพ้ภัยตัว	1	0.0	31322	speech-only		
25837	กว๊าก	1	0.0	38676	speech-only		
25838	นกเป็ดน้ำ	1	0.0	17840	0.04		
25839	อรรค	1	0.0	14221	0.02		
25840	โย้เย้	1	0.0	18978	0.04		
25841	แมกนา	1	0.0	24152	0.10		
25842	สูร	1	0.0	18193	0.04		
25843	วันครู	1	0.0	11729	0.01		
25844	ท้วงติง	1	0.0	12506	0.01		
25845	หญง	1	0.0	13966	0.02		
25846	เรียงหมอน	1	0.0	39698	speech-only		
25847	สรี	1	0.0	14038	0.02		
25848	ศะ	1	0.0	10036	0.01		
25849	จายร์	1	0.0	38077	speech-only		
25850	ข้ามสมุทร	1	0.0	31118	speech-only		
25851	ผู้รับประโยชน์	1	0.0	9799	0.01		
25852	อึ่ก	1	0.0	26053	0.13		
25853	มะแม	1	0.0	17565	0.03		
25854	เสื้อม	1	0.0	34778	speech-only		
25855	เกณ์	1	0.0	37847	speech-only		
25856	เชื่อวัน	1	0.0	17963	0.04		
25857	รุกข์	1	0.0	31520	speech-only		
25858	หัวรอ	1	0.0	22089	0.07		
25859	ปเปอร์ส	1	0.0	22873	0.08		
25860	กลาม	1	0.0	31929	speech-only		
25861	นาศ	1	0.0	34342	speech-only		
25862	กะปลกกะเปลี้ย	1	0.0	23082	0.08		
25863	เบเรต์	1	0.0	35063	speech-only		
25864	ลุยซ์	1	0.0	37154	speech-only		
25865	แรฟเฟิล	1	0.0	37509	speech-only		
25866	คลุ่ม	1	0.0	31411	speech-only		
25867	หนั่น	1	0.0	16323	0.03		
25868	วิ่งข้ามรั้ว	1	0.0	25786	0.12		
25869	พระบรมราชานุญาต	1	0.0	12261	0.01		
25870	เตรียบ	1	0.0	39553	speech-only		
25871	พระราชดำริ	1	0.0	4408	0.00		
25872	อุ่ง	1	0.0	34610	speech-only		
25873	กระโดกกระเดก	1	0.0	20423	0.05		
25874	เคลือบแฝง	1	0.0	18881	0.04		
25875	สทต์	1	0.0	38336	speech-only		
25876	แม่คู่	1	0.0	22929	0.08		
25877	สำเพ็ง	1	0.0	11005	0.01		
25878	ศฤงคาร	1	0.0	17807	0.04		
25879	โบ๊เบ๊	1	0.0	13957	0.02		
25880	พลีท	1	0.0	19076	0.04		
25881	มัธย	1	0.0	28150	0.18		
25882	ซวล	1	0.0	39003	speech-only		
25883	จุส	1	0.0	18587	0.04		
25884	สมุหพระกลาโหม	1	0.0	31531	speech-only		
25885	พระเดชพระคุณ	1	0.0	11193	0.01		
25886	สมบูรณาญาสิทธิราชย์	1	0.0	4539	0.00		
25887	กรรณิกา	1	0.0	16420	0.03		
25888	ฝึ้ง	1	0.0	34137	speech-only		
25889	สนมเอก	1	0.0	20502	0.05		
25890	สำนักสงฆ์	1	0.0	16514	0.03		
25891	มัณ	1	0.0	17013	0.03		
25892	คมกล้า	1	0.0	14866	0.02		
25893	ปิบ	1	0.0	39194	speech-only		
25894	สลิสต์	1	0.0	39898	speech-only		
25895	กระย่องกระแย่ง	1	0.0	18062	0.04		
25896	กวาว	1	0.0	17339	0.03		
25897	สบู	1	0.0	38187	speech-only		
25898	ฃล	1	0.0	33111	speech-only		
25899	เตรียด	1	0.0	33489	speech-only		
25900	สพี	1	0.0	39768	speech-only		
25901	ซรี	1	0.0	23269	0.08		
25902	คันชั่ง	1	0.0	17525	0.03		
25903	บัญชีหนังหมา	1	0.0		speech-only	slang	
25904	คลอโรฟิลล์	1	0.0	19959	0.05		
25905	สยึ๋มกึ๋ย	1	0.0		speech-only	slang	
25906	หลบหน้าหลบตา	1	0.0	22451	0.08		
25907	ปีกกล้าขาแข็ง	1	0.0	22257	0.07	offensive	
25908	จูม	1	0.0	31768	speech-only		
25909	ทวิภาค	1	0.0	16849	0.03		
25910	วัตถุวิสัย	1	0.0	14809	0.02		
25911	มระ	1	0.0	22686	0.08		
25912	ทะนะ	1	0.0	22889	0.08		
25913	ทอดอาลัย	1	0.0	16471	0.03		
25914	ปัศ	1	0.0	30832	speech-only		
25915	รักตะ	1	0.0	30068	0.22		
25916	ซ่าย	1	0.0	20180	0.05		
25917	โกรษ	1	0.0	29352	0.22		
25918	สะโอดสะอง	1	0.0	20011	0.05		
25919	ฝง	1	0.0	25762	0.12		
25920	อาตมัน	1	0.0	20116	0.05		
25921	กล้วยแขก	1	0.0	18559	0.04		
25922	อัครชายา	1	0.0	10095	0.01		
25923	แคปปา	1	0.0	33265	speech-only		
25924	ผ่อนหนักเป็นเบา	1	0.0	24844	0.11		
25925	แประ	1	0.0	23531	0.09		
25926	ซิกซี้	1	0.0	35740	speech-only		
25927	ผูกดวง	1	0.0	19360	0.05		
25928	ปิกส์	1	0.0	39256	speech-only		
25929	ตุว	1	0.0	35733	speech-only		
25930	อูร	1	0.0	38120	speech-only		
25931	ตาเสือ	1	0.0	21283	0.06		
25932	ลคอทท์	1	0.0	28028	0.18		
25933	เครื่องทอง	1	0.0	11397	0.01		
25934	ลิวคีเมีย	1	0.0	28320	0.18		
25935	รัพย์	1	0.0	38791	speech-only		
25936	เม็ซ	1	0.0	25868	0.12		
25937	บัย	1	0.0	17104	0.03	slang	
25938	ใค้	1	0.0	29137	0.18		
25939	กระดาษสา	1	0.0	14704	0.02		
25940	แฮร์ริงตัน	1	0.0	26596	0.13		
25941	สังขยา	1	0.0	15207	0.02		
25942	สืม	1	0.0	33024	speech-only		
25943	อ้ายบ้า	1	0.0	25967	0.12		
25944	ก้ามกุ้ง	1	0.0	26110	0.13		
25945	ยุกต์	1	0.0	21866	0.07		
25946	แหร	1	0.0	36872	speech-only		
25947	หรม	1	0.0	39056	speech-only		
25948	ม่าร์	1	0.0	33980	speech-only		
25949	วห่วย	1	0.0	30281	0.22		
25950	ถึงแก่อนิจกรรม	1	0.0	15656	0.03		
25951	เรดจ	1	0.0	36933	speech-only		
25952	ราษี	1	0.0	19590	0.05		
25953	คอสมิก	1	0.0	24546	0.10		
25954	สตีเวนสัน	1	0.0	26803	0.13		
25955	บัษ	1	0.0	25797	0.12		
25956	สลักหลัง	1	0.0	18066	0.04		
25957	ละล้าละลัง	1	0.0	15319	0.02		
25958	กลด	1	0.0	13383	0.02		
25959	ฉลวย	1	0.0	29947	0.22		
25960	เฮโมโกลบิน	1	0.0	36383	speech-only		
25961	ฟลอน	1	0.0	22601	0.08		
25962	สตอด	1	0.0	38747	speech-only		
25963	สลิด	1	0.0	12026	0.01		
25964	ข่อน	1	0.0	31231	speech-only		
25965	ไม้โท	1	0.0	17600	0.03		
25966	คอนโทรลเลอร์	1	0.0	31487	speech-only		
25967	ญวน	1	0.0	6891	0.00	colloquial	
25968	ไม้ตีพริก	1	0.0	35460	speech-only		
25969	พุ่งแหลน	1	0.0	27554	0.15		
25970	บาลี	1	0.0	4157	0.00		
25971	แขวนลอย	1	0.0	14222	0.02		
25972	โสตทัศนวัสดุ	1	0.0	22417	0.08		
25973	คราวด์	1	0.0	38381	speech-only		
25974	ทร็อก	1	0.0	37039	speech-only		
25975	ลมบก	1	0.0	34318	speech-only		
25976	ไซ่	1	0.0	14952	0.02		
25977	บังคน	1	0.0	24781	0.11		
25978	หุ่นนิ่ง	1	0.0	19861	0.05		
25979	ญาง	1	0.0	33140	speech-only		
25980	ทิสต์	1	0.0	23470	0.09		
25981	กระดาษฟาง	1	0.0	25123	0.11		
25982	สาญ	1	0.0	27492	0.15		
25983	ช้ำชอก	1	0.0	24042	0.10		
25984	รณุ	1	0.0	31364	speech-only		
25985	ศรุต	1	0.0	25090	0.11		
25986	เอี้ยม	1	0.0	26330	0.13		
25987	ข้อปลีกย่อย	1	0.0	23118	0.08		
25988	หยึ่ง	1	0.0	32380	speech-only		
25989	ประชากรศาสตร์	1	0.0	17342	0.03		
25990	ตญาณ	1	0.0	26357	0.13		
25991	ส่วง	1	0.0	13489	0.02		
25992	ใบบุญ	1	0.0	20495	0.05		
25993	พระราชดำรัส	1	0.0	6213	0.00		
25994	ษัตร์	1	0.0	39806	speech-only		
25995	วิ่งสามขา	1	0.0	34242	speech-only		
25996	กุ้งเต้น	1	0.0	30119	0.22		
25997	ชันตุ	1	0.0	36281	speech-only		
25998	สุริยน	1	0.0	23682	0.09		
25999	กึ่งหนึ่ง	1	0.0	5865	0.00		
26000	ปฏิเวธ	1	0.0	26868	0.13		
26001	สวี่	1	0.0	26469	0.13		
26002	มัสก์	1	0.0	24440	0.10		
26003	โหว่ย	1	0.0	37750	speech-only		
26004	รกชัฏ	1	0.0	25531	0.12		
26005	ไจ้	1	0.0	19143	0.04		
26006	ยื้อยุด	1	0.0	15211	0.02		
26007	พลัว	1	0.0	32984	speech-only		
26008	ปรารภ	1	0.0	6638	0.00		
26009	ดรับ	1	0.0	39229	speech-only		
26010	ท้องแขน	1	0.0	18387	0.04		
26011	ยัษ	1	0.0	31933	speech-only		
26012	เฮียม	1	0.0	31259	speech-only		
26013	แค็พ	1	0.0	39876	speech-only		
26014	เศก	1	0.0	20821	0.06		
26015	แรกเริ่มเดิมที	1	0.0	16484	0.03		
26016	หมั่ว	1	0.0	39752	speech-only		
26017	เหวียน	1	0.0	22416	0.08		
26018	เค่ย	1	0.0	29105	0.18		
26019	ปรัต	1	0.0	27470	0.15		
26020	มุ้ย	1	0.0	10734	0.01		
26021	พัฒน์พงศ์	1	0.0	19813	0.05		
26022	ปุ้น	1	0.0	39870	speech-only		
26023	ปริม	1	0.0	32212	speech-only		
26024	สุหร่าย	1	0.0	33372	speech-only		
26025	บูกา	1	0.0	37175	speech-only		
26026	ดิคท์	1	0.0	28965	0.18		
26027	ดิ้งส์	1	0.0	25551	0.12		
26028	จินต์	1	0.0	12961	0.02		
26029	ราย์	1	0.0	31973	speech-only		
26030	บ้านพ่อมึง	1	0.0		speech-only	offensive	
26031	อีสัตว์	1	0.0		speech-only	offensive	
26032	สัฟ	1	0.0	38583	speech-only		
26033	วึก	1	0.0	28010	0.18		
26034	คตัส	1	0.0	32531	speech-only		
26035	อึ๊ง	1	0.0	13469	0.02		
26036	กระโห้	1	0.0	22215	0.07		
26037	ดารณ์	1	0.0	34332	speech-only		
26038	อัชฌาสัย	1	0.0	20811	0.06		
26039	ราเชน	1	0.0	29261	0.22		
26040	บัคเตรี	1	0.0	34297	speech-only		
26041	เฟลป์ส	1	0.0	18890	0.04		
26042	นาฏ	1	0.0	8660	0.01		
26043	เก็บหอมรอมริบ	1	0.0	17488	0.03		
26044	ผิดตา	1	0.0	22592	0.08		
26045	นโค	1	0.0	23447	0.09		
26046	ชอว์ม	1	0.0	34386	speech-only		
26047	ทชิ	1	0.0	33973	speech-only		
26048	อินซ์	1	0.0	32514	speech-only		
26049	ปอร์ท	1	0.0	33648	speech-only		
26050	มึนชา	1	0.0	19761	0.05		
26051	ดมิ	1	0.0	19831	0.05		
26052	จำเรียง	1	0.0	26298	0.13		
26053	กรุยกราย	1	0.0	22072	0.07		
26054	อ่อม	1	0.0	21947	0.07	slang	
26055	ผู้สั่งซื้อ	1	0.0	26015	0.13		
26056	งึก	1	0.0	31788	speech-only		
26057	แทรเวล	1	0.0	29806	0.22		
26058	งุม	1	0.0	35231	speech-only		
26059	กตัญ	1	0.0	37614	speech-only		
26060	ปากตลาด	1	0.0	28806	0.18		
26061	เทวสถาน	1	0.0	17191	0.03		
26062	เรพาะ	1	0.0	11249	0.01		
26063	ร้องห่ม	1	0.0	29583	0.22		
26064	กรอบหน้า	1	0.0	14910	0.02		
26065	พรั่น	1	0.0	17042	0.03		
26066	เอนจิเนียร์	1	0.0	24214	0.10		
26067	เที้ยง	1	0.0	37742	speech-only		
26068	เลี้ยงแขก	1	0.0	17503	0.03		
26069	พฤก	1	0.0	25867	0.12		
26070	ป่าสูง	1	0.0	20139	0.05		
26071	มะเฟือง	1	0.0	10928	0.01		
26072	ไสล	1	0.0	34524	speech-only		
26073	ล้วงตับ	1	0.0	33508	speech-only		
26074	พุงแก	1	0.0	38781	speech-only		
26075	เหือด	1	0.0	18203	0.04		
26076	เหล้ก	1	0.0	37670	speech-only		
26077	เฟื้อง	1	0.0	17249	0.03		
26078	อัฏ	1	0.0	16716	0.03		
26079	ยื้ด	1	0.0	35616	speech-only		
26080	ขุ่นหมอง	1	0.0	23035	0.08		
26081	เกี๊ย	1	0.0	34331	speech-only		
26082	เษกสมรส	1	0.0	34498	speech-only		
26083	วป	1	0.0	37775	speech-only		
26084	หนาวใจ	1	0.0	27129	0.15		
26085	เกลี๊ยด	1	0.0	28883	0.18		
26086	เค้ง	1	0.0	30426	0.22		
26087	รวญ	1	0.0	31296	speech-only		
26088	ลีร	1	0.0	33538	speech-only		
26089	ภูมิศาสตร์การเมือง	1	0.0	33410	speech-only		
26090	สารบรรณ	1	0.0	13898	0.02		
26091	จอมขวัญ	1	0.0	21011	0.06		
26092	วินิบาต	1	0.0	26153	0.13		
26093	มหากษัตริย์	1	0.0	16222	0.03		
26094	คอมมอนเวลท์	1	0.0	33793	speech-only		
26095	อีสป	1	0.0	13378	0.02		
26096	เซอร์ไอแซก	1	0.0	32167	speech-only		
26097	จารย์ส	1	0.0	38613	speech-only		
26098	เน้ก	1	0.0	35003	speech-only		
26099	เพลกซ์	1	0.0	12229	0.01		
26100	ม่ล	1	0.0	33948	speech-only		
26101	ถีบรถ	1	0.0	25151	0.11		
26102	โด้ย	1	0.0	39991	speech-only		
26103	โง้ง	1	0.0	14382	0.02		
26104	มิตร์	1	0.0	23210	0.08		
26105	แนตต์	1	0.0	20790	0.06		
26106	โอล์ม	1	0.0	37579	speech-only		
26107	เส้นลายมือ	1	0.0	28023	0.18		
26108	พระประวัติ	1	0.0	23959	0.10		
26109	เมียร	1	0.0	39042	speech-only		
26110	แฌร์	1	0.0	35985	speech-only		
26111	อธิก	1	0.0	23643	0.09		
26112	ก้วน	1	0.0	27691	0.15		
26113	ธุส	1	0.0	38196	speech-only		
26114	หัวที	1	0.0	28458	0.18		
26115	ไก๊ด์	1	0.0	17996	0.04		
26116	ดอกจันทน์	1	0.0	25429	0.12		
26117	ฮ้าาาาาา	1	0.0	35735	speech-only		
26118	จมูด	1	0.0	35274	speech-only		
26119	สไกต์	1	0.0	39427	speech-only		
26120	เห็จ	1	0.0	30793	speech-only		
26121	ษัตร	1	0.0	17220	0.03		
26122	ไลย	1	0.0	13060	0.02		
26123	ใต้ฝ่าละอองพระบาท	1	0.0	19409	0.05		
26124	คณุ	1	0.0	35889	speech-only		
26125	ดับชีพ	1	0.0	30635	speech-only		
26126	สรณ์	1	0.0	12776	0.01		
26127	ด๊อย	1	0.0	39188	speech-only		
26128	แง่งอน	1	0.0	23302	0.08		
26129	อุตรา	1	0.0	33064	speech-only		
26130	สังเขป	1	0.0	6966	0.00		
26131	เดรียส	1	0.0	34406	speech-only		
26132	เบี้ยง	1	0.0	28556	0.18		
26133	สมาร์ต	1	0.0	31391	speech-only		
26134	รัตน์	1	0.0	2145	0.00		
26135	จ่าว	1	0.0	29558	0.22		
26136	จับหลัก	1	0.0	18851	0.04		
26137	พลส	1	0.0	36843	speech-only		
26138	บัตรธนาคาร	1	0.0	26199	0.13		
26139	เส้นใยแก้ว	1	0.0	26685	0.13		
26140	กล้าว	1	0.0	27889	0.15		
26141	สมอ้าง	1	0.0	22915	0.08		
26142	ก้าก	1	0.0	20158	0.05		
26143	คโปร์	1	0.0	28205	0.18		
26144	โมทย์	1	0.0	24892	0.11		
26145	ทดเลข	1	0.0	34948	speech-only		
26146	ฮึ่บ	1	0.0	37829	speech-only		
26147	สตรีฟ	1	0.0	33353	speech-only		
26148	เดส์	1	0.0	11671	0.01		
26149	ไกเซอร์	1	0.0	23709	0.09		
26150	อ็อม	1	0.0	33851	speech-only		
26151	ซู่ม	1	0.0	36583	speech-only		
26152	ปรีด์	1	0.0	26572	0.13		
26153	กรรมาชีพ	1	0.0	3635	0.00		
26154	โมร์	1	0.0	25274	0.12		
26155	จีร	1	0.0	7020	0.00		
26156	บารู	1	0.0	30363	0.22		
26157	นครรัฐ	1	0.0	14007	0.02		
26158	บูรณภาพ	1	0.0	17769	0.04		
26159	อภิชาต	1	0.0	12628	0.01		
26160	รีลีส	1	0.0	39530	speech-only		
26161	พรูฟ	1	0.0	32613	speech-only		
26162	บรรพ์	1	0.0	18122	0.04		
26163	ประดอย	1	0.0	28997	0.18		
26164	เพ็ดทูล	1	0.0	20457	0.05		
26165	โหราจารย์	1	0.0	27396	0.15		
26166	ดิฐ	1	0.0	26878	0.13		
26167	กระดี่	1	0.0	11549	0.01		
26168	อนิน	1	0.0	27577	0.15		
26169	เอี๊ย	1	0.0	14896	0.02		
26170	ปากเบา	1	0.0	26270	0.13		
26171	เฮอร์มันน์	1	0.0	31986	speech-only		
26172	ขนิษฐา	1	0.0	11368	0.01		
26173	บัณฑูร	1	0.0	20598	0.06		
26174	สินส่วนตัว	1	0.0	7938	0.01		
26175	ดอยท์ช	1	0.0	39863	speech-only		
26176	ฟือ	1	0.0	25751	0.12		
26177	ศวร	1	0.0	10482	0.01		
26178	ธรรมจักร	1	0.0	11828	0.01		
26179	แก่วัด	1	0.0	18309	0.04		
26180	อนุปริญญา	1	0.0	13425	0.02		
26181	ง้วน	1	0.0	12021	0.01		
26182	ขยาก	1	0.0	35378	speech-only		
26183	ปึง	1	0.0	17228	0.03		
26184	ดรรชนี	1	0.0	11647	0.01		
26185	วชิระ	1	0.0	16601	0.03		
26186	ไบ๊	1	0.0	23475	0.09		
26187	ฉัต	1	0.0	26263	0.13		
26188	บาศ์ก	1	0.0	38693	speech-only		
26189	ณต	1	0.0	36965	speech-only		
26190	คาลาไมน์	1	0.0	29408	0.22		
26191	เลื้อน	1	0.0	31247	speech-only		
26192	เงยหน้าอ้าปาก	1	0.0	26366	0.13		
26193	สแมร	1	0.0	35681	speech-only		
26194	ง้าม	1	0.0	35125	speech-only		
26195	ง่อยเปลี้ยเสียขา	1	0.0	30095	0.22		
26196	สตุ๊ท	1	0.0	26264	0.13		
26197	ฟลายเวท	1	0.0	23334	0.08		
26198	ขจาย	1	0.0	25559	0.12		
26199	มุกข์	1	0.0	38967	speech-only		
26200	โรคไข้เลือดออก	1	0.0	26967	0.15		
26201	หั่ว	1	0.0	24618	0.11		
26202	ฟรั่ง	1	0.0	35955	speech-only		
26203	นอนตาไม่หลับ	1	0.0	36758	speech-only		
26204	เลห	1	0.0	39500	speech-only		
26205	เส้ง	1	0.0	26062	0.13		
26206	อีดอกทอง	1	0.0		speech-only	offensive	
26207	เสียคำพูด	1	0.0	32506	speech-only		
26208	บราห์มส์	1	0.0	31115	speech-only		
26209	ชองป์	1	0.0	22292	0.07		
26210	ยาร์ดเลย์	1	0.0	36679	speech-only		
26211	เชียม	1	0.0	37386	speech-only		
26212	ข้อย่อย	1	0.0	19029	0.04		
26213	แป๊น	1	0.0	25860	0.12		
26214	วิทู	1	0.0	34320	speech-only		
26215	พอซ	1	0.0	32809	speech-only		
26216	แพ้ง	1	0.0	31252	speech-only		
26217	วาโย	1	0.0	17592	0.03		
26218	อาชีวศึกษา	1	0.0	5449	0.00		
26219	จาบัลย์	1	0.0	27968	0.18		
26220	จ๊าง	1	0.0	23597	0.09		
26221	ตริตรอง	1	0.0	16127	0.03		
26222	ระกะ	1	0.0	30942	speech-only		
26223	บาร์โรว์	1	0.0	38628	speech-only		
26224	ฝังรอย	1	0.0	28233	0.18		
26225	ดูฟ	1	0.0	35721	speech-only		
26226	ตตี	1	0.0	31132	speech-only		
26227	หาบเร่	1	0.0	15243	0.02		
26228	เที้ยว	1	0.0	26599	0.13		
26229	ศาต	1	0.0	19506	0.05		
26230	พันธกรณี	1	0.0	8215	0.01		
26231	มดแดง	1	0.0	11522	0.01		
26232	จัตุรมุข	1	0.0	27509	0.15		
26233	บาห์น	1	0.0	33512	speech-only		
26234	กุลา	1	0.0	15702	0.03		
26235	หนึ่ม	1	0.0	37535	speech-only		
26236	หรุ่ม	1	0.0	25912	0.12		
26237	นเรน	1	0.0	18275	0.04		
26238	ศิลปวัฒนธรรม	1	0.0	5242	0.00		
26239	เชฎฐ์	1	0.0	32244	speech-only		
26240	เกี่ยงงอน	1	0.0	13410	0.02		
26241	ดาลัด	1	0.0	16388	0.03		
26242	เฮกตาร์	1	0.0	15279	0.02		
26243	ล้มหมอนนอนเสื่อ	1	0.0	24761	0.11		
26244	หมี่น	1	0.0	31121	speech-only		
26245	วิวาทะ	1	0.0	15579	0.02		
26246	อาสน	1	0.0	25908	0.12		
26247	บ้อม	1	0.0	33459	speech-only		
26248	ลาร์ซ	1	0.0	37803	speech-only		
26249	ศรีเมือง	1	0.0	13990	0.02		
26250	ลูกฟัก	1	0.0	21605	0.07		
26251	พริ้มเพรา	1	0.0	22366	0.07		
26252	สัประยุทธ์	1	0.0	23051	0.08		
26253	ปากนกกระจอก	1	0.0	28001	0.18		
26254	หงอนไก่	1	0.0	18864	0.04		
26255	กาลกิณี	1	0.0	18665	0.04	offensive	
26256	หมูยอ	1	0.0	15728	0.03		
26257	นิวัติ	1	0.0	15038	0.02		
26258	อนาคตกาล	1	0.0	19325	0.04		
26259	ตะไกร	1	0.0	20960	0.06		
26260	มองแรง	1	0.0		speech-only	slang	
26261	ปาฏ	1	0.0	38226	speech-only		
26262	เหงียบ	1	0.0	39322	speech-only		
26263	เก่น	1	0.0	30640	speech-only		
26264	ร่อนทอง	1	0.0	35927	speech-only		
26265	คัปเปิล	1	0.0	35136	speech-only		
26266	อัลด์	1	0.0	37350	speech-only		
26267	สุภ	1	0.0	17257	0.03		
26268	ล้างตู้เย็น	1	0.0		speech-only	slang	
26269	สดก	1	0.0	38720	speech-only		
26270	วื้ด	1	0.0	28523	0.18		
26271	ม้วนต้วน	1	0.0	29128	0.18		
26272	กระเหม็ดกระแหม่	1	0.0	30508	0.22		
26273	สปาน	1	0.0	39327	speech-only		
26274	วัลลภ	1	0.0	12436	0.01		
26275	เก้กัง	1	0.0	25875	0.12		
26276	คฤหัสถ์	1	0.0	8879	0.01		
26277	ยอห์น	1	0.0	21487	0.06		
26278	กฤษณา	1	0.0	4939	0.00		
26279	บร็อกโคลี	1	0.0	27089	0.15		
26280	ถมึง	1	0.0	40007	speech-only		
26281	พิลาส	1	0.0	20702	0.06		
26282	เจษ	1	0.0	25550	0.12		
26283	แอ๊ว	1	0.0	27392	0.15	slang	
26284	รศนา	1	0.0	33586	speech-only		
26285	วาตภัย	1	0.0	19643	0.05		
26286	ไดโอด	1	0.0	25171	0.11		
26287	อายุรศาสตร์	1	0.0	16891	0.03		
26288	ซังต์	1	0.0	37378	speech-only		
26289	เศรษฐศาสตร์การเมือง	1	0.0	14318	0.02		
26290	ลเล่ต์	1	0.0	35471	speech-only		
26291	แหล่น	1	0.0	35463	speech-only		
26292	เวียร์ส	1	0.0	32429	speech-only		
26293	วรรณศิลป์	1	0.0	6810	0.00		
26294	สาลี	1	0.0	10479	0.01		
26295	แยย	1	0.0	30566	0.22		
26296	นวาลด์	1	0.0	27845	0.15		
26297	สวัสติกะ	1	0.0	16239	0.03		
26298	วีง	1	0.0	35359	speech-only		
26299	ดาวนพเคราะห์	1	0.0	23931	0.09		
26300	เร็วแสง	1	0.0	27557	0.15		
26301	หันรีหันขวาง	1	0.0	15447	0.02		
26302	นบนอบ	1	0.0	18490	0.04		
26303	ฉลู	1	0.0	13062	0.02		
26304	อรรณพ	1	0.0	23028	0.08		
26305	เร่อร่า	1	0.0	19889	0.05		
26306	ไม้ล้มลุก	1	0.0	22870	0.08		
26307	กะแท้	1	0.0	29368	0.22		
26308	ปากเรือ	1	0.0	26290	0.13		
26309	ออฟเซต	1	0.0	28408	0.18		
26310	ลูบตัว	1	0.0	25098	0.11		
26311	ใกล่	1	0.0	35262	speech-only		
26312	ทัสน์	1	0.0	27576	0.15		
26313	ใหณ่	1	0.0	35583	speech-only		
26314	มัดห์	1	0.0	33972	speech-only		
26315	กร้าวแกร่ง	1	0.0	27339	0.15		
26316	แปร๋	1	0.0	29940	0.22		
26317	ตึ้กตั้ก	1	0.0	21683	0.07		
26318	สติวปิด	1	0.0	38655	speech-only		
26319	ชนีย	1	0.0	14281	0.02		
26320	ศิษฐ์	1	0.0	16694	0.03		
26321	ชิลส์	1	0.0	30396	0.22		
26322	ลมม	1	0.0	39059	speech-only		
26323	ปาป	1	0.0	28107	0.18		
26324	วิลด์	1	0.0	37605	speech-only		
26325	ไอพิษ	1	0.0	30340	0.22		
26326	หวาดไหว	1	0.0	21715	0.07		
26327	ปากคม	1	0.0	27438	0.15		
26328	อนงค์	1	0.0	6548	0.00		
26329	สศ	1	0.0	33575	speech-only		
26330	ชิซ	1	0.0	29427	0.22		
26331	ผ่องแผ้ว	1	0.0	14117	0.02		
26332	ยองใย	1	0.0	22930	0.08		
26333	ปรางค์	1	0.0	8440	0.01		
26334	กำจาย	1	0.0	18709	0.04		
26335	ราษฎ์	1	0.0	21834	0.07		
26336	แลยด์	1	0.0	39255	speech-only		
26337	โอฐ	1	0.0	37550	speech-only		
26338	สติม	1	0.0	32577	speech-only		
26339	ยูซิส	1	0.0	32452	speech-only		
26340	สันทัดกรณี	1	0.0	19022	0.04		
26341	ยาร	1	0.0	10558	0.01		
26342	สเกตน้ำแข็ง	1	0.0	27842	0.15		
26343	โหยไห้	1	0.0	25561	0.12		
26344	ยนา	1	0.0	26545	0.13		
26345	เหรง	1	0.0	30448	0.22		
26346	แนนต์	1	0.0	29291	0.22		
26347	ษฎ	1	0.0	27440	0.15		
26348	นิทัศน์	1	0.0	14680	0.02		
26349	ไบแซนไทน์	1	0.0	22855	0.08		
26350	ขอม	1	0.0	5946	0.00		
26351	ขริง	1	0.0	33634	speech-only		
26352	ฟอยส์	1	0.0	36270	speech-only		
26353	สเตสส์	1	0.0	21215	0.06		
26354	พุ้ย	1	0.0	20005	0.05		
26355	ภิท	1	0.0	39945	speech-only		
26356	เวลธ์	1	0.0	33969	speech-only		
26357	คอร์แนล	1	0.0	18733	0.04		
26358	ลคร	1	0.0	20250	0.05		
26359	บรื้น	1	0.0	18957	0.04		
26360	จอมมารดา	1	0.0	22718	0.08		
26361	วยอกร์ก	1	0.0	39052	speech-only		
26362	ซูโครส	1	0.0	31705	speech-only		
26363	ก้ามดาบ	1	0.0	32119	speech-only		
26364	กาณณ์	1	0.0	36608	speech-only		
26365	แฃะ	1	0.0	24647	0.11		
26366	ธารกำนัล	1	0.0	22030	0.07		
26367	กล้อม	1	0.0	35501	speech-only		
26368	สเดน	1	0.0	38272	speech-only		
26369	เตื่อง	1	0.0	34525	speech-only		
26370	ชาติพันธุ์วิทยา	1	0.0	17462	0.03		
26371	นวญ	1	0.0	32631	speech-only		
26372	หิงห้อย	1	0.0	39244	speech-only		
26373	ครุ่ง	1	0.0	36307	speech-only		
26374	จึน	1	0.0	34323	speech-only		
26375	พับลิช	1	0.0	19916	0.05		
26376	สัทศาสตร์	1	0.0	8501	0.01		
26377	กรุ่ม	1	0.0	25631	0.12		
26378	กริ่ม	1	0.0	22202	0.07		
26379	ไมโครนีเซีย	1	0.0	31099	speech-only		
26380	ภัส	1	0.0	7005	0.00		
26381	ภัสสร	1	0.0	20818	0.06		
26382	อคิน	1	0.0	16670	0.03		
26383	ภารา	1	0.0	25727	0.12		
26384	มตะ	1	0.0	33830	speech-only		
26385	อนุภรรยา	1	0.0	25201	0.11		
26386	กุ่ง	1	0.0	26496	0.13		
26387	สู่ง	1	0.0	31529	speech-only		
26388	เด็นส์	1	0.0	38790	speech-only		
26389	เหย็ง	1	0.0	28276	0.18		
26390	หน่าง	1	0.0	29884	0.22		
26391	โทสาคติ	1	0.0	26766	0.13		
26392	ผูง	1	0.0	34504	speech-only		
26393	นักโปรแกรม	1	0.0	37470	speech-only		
26394	นทาล	1	0.0	28603	0.18		
26395	อกรรมกริยา	1	0.0	18738	0.04		
26396	เครียก	1	0.0	28645	0.18		
26397	โปล่ง	1	0.0	38511	speech-only		
26398	รีเจนท์	1	0.0	22897	0.08		
26399	สเต็กส์	1	0.0	35701	speech-only		
26400	โคมเขียว	1	0.0		speech-only	slang	
26401	คุปต์	1	0.0	12677	0.01		
26402	เทือกเถาเหล่ากอ	1	0.0	22259	0.07		
26403	ฟีนส์	1	0.0	38925	speech-only		
26404	บลาสท์	1	0.0	30889	speech-only		
26405	สัจพจน์	1	0.0	28520	0.18		y
26406	นึกเห็น	1	0.0	14329	0.02		
26407	แหลน	1	0.0	19159	0.04		
26408	พินัย	1	0.0	20698	0.06		
26409	รัตนะ	1	0.0	15184	0.02		
26410	ลทส์	1	0.0	32121	speech-only		
26411	ณาง	1	0.0	35004	speech-only		
26412	กรู๊ฟ	1	0.0	26520	0.13		
26413	สสาว	1	0.0	37928	speech-only		
26414	พอร์ซ	1	0.0	21589	0.07		
26415	ความดักดาน	1	0.0		speech-only	offensive	
26416	สาต	1	0.0	23691	0.09		
26417	ซเลย์	1	0.0	36578	speech-only		
26418	ถาค	1	0.0	31177	speech-only		
26419	กลัล	1	0.0	32190	speech-only		
26420	คนโท	1	0.0	14566	0.02		
26421	แก๊ด	1	0.0	35077	speech-only		
26422	ไพรเราะ	1	0.0	34361	speech-only		
26423	ดาการ์	1	0.0	22868	0.08		
26424	สามเหลี่ยมหน้าจั่ว	1	0.0	31608	speech-only		
26425	วิทยาศาสตร์ชีวภาพ	1	0.0	23720	0.09		
26426	ขั้วต่อ	1	0.0	30246	0.22		
26427	ขม้ำ	1	0.0	30188	0.22	offensive	
26428	ฃ้า	1	0.0	38730	speech-only		
26429	สืบสาวราวเรื่อง	1	0.0	25045	0.11		
26430	เภตรา	1	0.0	9365	0.01		
26431	ฝั้ง	1	0.0	35568	speech-only		
26432	ยารด์	1	0.0	29160	0.18		
26433	เม็ทซ์	1	0.0	22754	0.08		
26434	คีนส์	1	0.0	36063	speech-only		
26435	โอวห	1	0.0	39302	speech-only		
26436	กกุธภัณฑ์	1	0.0	21235	0.06		
26437	ตรู๊ด	1	0.0	27538	0.15		
26438	หัฐ	1	0.0	32758	speech-only		
26439	ดมื่อ	1	0.0	39675	speech-only		
26440	ทุนทรัพย์	1	0.0	10933	0.01		
26441	ธธ	1	0.0	34195	speech-only		
26442	เกษต	1	0.0	23999	0.10		
26443	ประมาณตน	1	0.0	18420	0.04		
26444	รั่ก	1	0.0	35652	speech-only		
26445	ดัจ	1	0.0	35327	speech-only		
26446	ลดราวาศอก	1	0.0	19835	0.05		
26447	ภาษ์	1	0.0	36906	speech-only		
26448	ซอยล์	1	0.0	30514	0.22		
26449	เวียนเทียน	1	0.0	15715	0.03	slang	
26450	แพ็จ	1	0.0	36334	speech-only		
26451	อวนลาก	1	0.0	15190	0.02		
26452	ลืด	1	0.0	38161	speech-only		
26453	ลัญ	1	0.0	24087	0.10		
26454	อำนาจบาตรใหญ่	1	0.0	18931	0.04		
26455	อีฟส์	1	0.0	26493	0.13		
26456	รกี	1	0.0	28306	0.18		
26457	กรมอุตุนิยมวิทยา	1	0.0	13914	0.02		
26458	แยบคาย	1	0.0	12038	0.01		
26459	ไตรกลีเซอไรด์	1	0.0	15298	0.02		
26460	อนธ	1	0.0	31603	speech-only		
26461	ภาภ	1	0.0	31431	speech-only		
26462	อัลเทอร์เนทีฟ	1	0.0	30577	0.22		
26463	เลอาห์	1	0.0	33691	speech-only		
26464	คาบเส้น	1	0.0	22719	0.08		
26465	อึ้งกิมกี่	1	0.0		speech-only	slang	
26466	ฮู้ย	1	0.0	33561	speech-only		
26467	สพิ	1	0.0	35683	speech-only		
26468	ห้ม	1	0.0	32563	speech-only		
26469	ประดาตาย	1	0.0	21670	0.07		
26470	ทรรศน์	1	0.0	13651	0.02		
26471	ตาบอดตาใส	1	0.0	24570	0.11		
26472	อนุรักษนิยม	1	0.0	15246	0.02		
26473	อัมพ์	1	0.0	24450	0.10		
26474	ผ้าถุง	1	0.0	12062	0.01		
26475	เทิ้ง	1	0.0	35425	speech-only		
26476	เสือง	1	0.0	23656	0.09		
26477	ไทล	1	0.0	39000	speech-only		
26478	คิรี	1	0.0	22491	0.08		
26479	ประชาธิปัตย์	1	0.0	1868	0.00		
26480	พาราเมาท์	1	0.0	30039	0.22		
26481	ลิปดา	1	0.0	10319	0.01		
26482	นาโบคอฟ	1	0.0	37943	speech-only		
26483	บอสฟอรัส	1	0.0	22910	0.08		
26484	เขวา	1	0.0	27273	0.15		
26485	แต๊ด	1	0.0	23085	0.08		
26486	มหาฤกษ์	1	0.0	30091	0.22		
26487	ภาคทฤษฎี	1	0.0	15487	0.02		
26488	หมอช	1	0.0	36851	speech-only		
26489	หรอด	1	0.0	38562	speech-only		
26490	บ๊อซ	1	0.0	36460	speech-only		
26491	อะฮู้	1	0.0	31757	speech-only		
26492	เด็ปป์	1	0.0	21398	0.06		
26493	ฮด	1	0.0	28058	0.18		
26494	แพตเทิร์น	1	0.0	38947	speech-only		
26495	ลเล็ตต์	1	0.0	37884	speech-only		
26496	เลล์	1	0.0	33409	speech-only		
26497	ฌู	1	0.0	24461	0.10		
26498	เว้นต์	1	0.0	27974	0.18		
26499	แบ๊พ	1	0.0	29827	0.22		
26500	โยต	1	0.0	34114	speech-only		
26501	หัวเถิก	1	0.0	23714	0.09		
26502	หินชนวน	1	0.0	20262	0.05		
26503	ทันต์	1	0.0	32523	speech-only		
26504	กตเวที	1	0.0	10137	0.01		
26505	ศุภ	1	0.0	4597	0.00		
26506	ศรัย	1	0.0	18560	0.04		
26507	ตัวกลั่น	1	0.0	28960	0.18		
26508	ผ้อง	1	0.0	34499	speech-only		
26509	ลมองต์	1	0.0	27471	0.15		
26510	มู่ทู่	1	0.0	25800	0.12		
26511	ษก	1	0.0	27851	0.15		
26512	กะตัง	1	0.0	38803	speech-only		
26513	ลั่กกั่ก	1	0.0	38445	speech-only		
26514	ขื้อ	1	0.0	37644	speech-only		
26515	กลู่	1	0.0	38860	speech-only		
26516	ดูแน่ะ	1	0.0	33942	speech-only		
26517	ภัตตาหาร	1	0.0	16418	0.03		
26518	ซาวเสียง	1	0.0	29914	0.22		
26519	กดบัตร	1	0.0		speech-only	slang	
26520	ตีนนก	1	0.0	39201	speech-only		
26521	สร้ง	1	0.0	22050	0.07		
26522	แซมเปิล	1	0.0	26128	0.13		
26523	ประชาบาล	1	0.0	11930	0.01		
26524	บิตต์	1	0.0	24771	0.11		
26525	จะกวด	1	0.0	35449	speech-only		
26526	อภิมหาอำนาจ	1	0.0	14442	0.02		
26527	ผีเสื้อยักษ์	1	0.0	35606	speech-only		
26528	เตี๊ยะ	1	0.0	26901	0.13		
26529	กั๋ง	1	0.0	37759	speech-only		
26530	แฟรส์	1	0.0	28789	0.18		
26531	สเนฟ	1	0.0	38630	speech-only		
26532	พราส	1	0.0	27977	0.18		
26533	โฟล์คซอง	1	0.0	29847	0.22		
26534	ปสัม	1	0.0	38605	speech-only		
26535	เฟร็ต	1	0.0	33230	speech-only		
26536	สรพ	1	0.0	26867	0.13		
26537	บาร์เบล	1	0.0	33333	speech-only		y
26538	น้ำมันสลัด	1	0.0	25833	0.12		
26539	ข้าวนึ่ง	1	0.0	20906	0.06		
26540	ข้าแผ่นดิน	1	0.0	14876	0.02		
26541	แช่งชักหักกระดูก	1	0.0	21595	0.07		
26542	ลูกผู้พี่	1	0.0	24507	0.10		
26543	สโมล	1	0.0	23009	0.08		
26544	ห่วน	1	0.0	39358	speech-only		
26545	ลัข	1	0.0	38027	speech-only		
26546	ฐกิจ	1	0.0	24296	0.10		
26547	แกลเลียม	1	0.0	35549	speech-only		
26548	เหือ	1	0.0	32077	speech-only		
26549	งวงช้าง	1	0.0	15037	0.02		
26550	ปราโมทย์	1	0.0	9518	0.01		
26551	ตลาดน้ำ	1	0.0	11950	0.01		
26552	ออกเทน	1	0.0	15259	0.02		
26553	เม็ดโลหิต	1	0.0	17461	0.03		
26554	ดอร์ม	1	0.0	31882	speech-only		
26555	มะกา	1	0.0	27611	0.15		
26556	ขนาย	1	0.0	33207	speech-only		
26557	ดไว้	1	0.0	38832	speech-only		
26558	พรค	1	0.0	38934	speech-only		
26559	ซินธ์	1	0.0	30656	speech-only		
26560	ผักบุ้งจีน	1	0.0	27230	0.15		
26561	คลุมโปง	1	0.0	18006	0.04		
26562	หมิ่ง	1	0.0	30136	0.22		
26563	ก๊าด	1	0.0	28790	0.18		
26564	คำประสม	1	0.0	35523	speech-only		
26565	ถนัดใจ	1	0.0	15261	0.02		
26566	ปัตตานี	1	0.0	4748	0.00	slang	
26567	ลั่นฆ้อง	1	0.0	23786	0.09		
26568	จริยศาสตร์	1	0.0	10832	0.01		
26569	คล้อยหลัง	1	0.0	15372	0.02		
26570	เทพารักษ์	1	0.0	14122	0.02		
26571	ราษฏ์	1	0.0	32097	speech-only		
26572	ลดเลี้ยว	1	0.0	18089	0.04		
26573	อิ่ว	1	0.0	25532	0.12		
26574	ข้อย	1	0.0	15916	0.03		
26575	ตื่ง	1	0.0	36485	speech-only		
26576	ดดดดดด	1	0.0	22654	0.08		
26577	สาโท	1	0.0	19086	0.04		
26578	อกภูเขาไฟ	1	0.0		speech-only	slang	
26579	มึนตึง	1	0.0	21158	0.06		
26580	กรี๊ดดดดดด	1	0.0	28495	0.18		
26581	เปรีย	1	0.0	27991	0.18		
26582	หร่าย	1	0.0	30042	0.22		
26583	สออยล์	1	0.0	26954	0.15		
26584	เบี้ยบน	1	0.0	37141	speech-only		
26585	หมูแผ่น	1	0.0	21546	0.06		
26586	ก๊อฟ	1	0.0	32905	speech-only		
26587	ประกวดราคา	1	0.0	5174	0.00		
26588	พระบรมราชินีนาถ	1	0.0	5468	0.00		
26589	ซืน	1	0.0	33848	speech-only		
26590	หนาด	1	0.0	19609	0.05		
26591	กุ่ย	1	0.0	19834	0.05		
26592	พอทำเนา	1	0.0	22467	0.08		
26593	แป๊ด	1	0.0	23770	0.09		
26594	โคโรล่า	1	0.0	36742	speech-only		
26595	ขุ่นใจ	1	0.0	17061	0.03		
26596	บอกบุญ	1	0.0	8279	0.01		
26597	เครื่องต้น	1	0.0	21917	0.07		
26598	อุโบสถ	1	0.0	7777	0.01		
26599	กลุ๊ม	1	0.0	38785	speech-only		
26600	ปต่ง	1	0.0	30983	speech-only		
26601	โบ๊ต	1	0.0	29689	0.22		
26602	นักร	1	0.0	33405	speech-only		
26603	เรรวน	1	0.0	26409	0.13		
26604	สรวลเสเฮฮา	1	0.0	18824	0.04		
26605	เมียะ	1	0.0	36532	speech-only		
26606	จั่ง	1	0.0	28788	0.18		
26607	โฉเก	1	0.0	34030	speech-only		
26608	เคอร์เซอร์	1	0.0	35351	speech-only		
26609	วสันตวิษุวัต	1	0.0	34742	speech-only		
26610	หว้พ	1	0.0	37318	speech-only		
26611	ข้าวเปียก	1	0.0	34838	speech-only		
26612	อโลหะ	1	0.0	27849	0.15		
26613	โกรกกราก	1	0.0	26959	0.15		
26614	หัวตะกั่ว	1	0.0	33988	speech-only		
26615	โยชย์	1	0.0	35760	speech-only		
26616	มุย	1	0.0	35946	speech-only		
26617	ยิ่ย	1	0.0	35867	speech-only		
26618	กิ๊วๆ	1	0.0		speech-only	colloquial	
26619	วิภูษิต	1	0.0	36537	speech-only		
26620	เค็ญ	1	0.0	38665	speech-only		
26621	หัร	1	0.0	36171	speech-only		
26622	อท์ท	1	0.0	37294	speech-only		
26623	นอร์มัน	1	0.0	24009	0.10		
26624	สนัย	1	0.0	29081	0.18		
26625	ยมุ	1	0.0	24715	0.11		
26626	มสัม	1	0.0	35554	speech-only		
26627	วาศ	1	0.0	14865	0.02		
26628	พุดซ้อน	1	0.0	7584	0.00		
26629	พิมพ์ลายมือ	1	0.0	31667	speech-only		
26630	ผระ	1	0.0	34424	speech-only		
26631	อีตอแหล	1	0.0		speech-only	offensive	
26632	หฤษ	1	0.0	39301	speech-only		
26633	สันดอนขุดง่าย	1	0.0		speech-only	offensive	
26634	สุขุมวิท	1	0.0	7063	0.00		
26635	หาสน์	1	0.0	22999	0.08		
26636	ถุ่ย	1	0.0	34127	speech-only		
26637	สักษณ์	1	0.0	29650	0.22		
26638	ดดดดดดด	1	0.0	30145	0.22		
26639	ธุ๊	1	0.0	38831	speech-only		
26640	ปั้ด	1	0.0	20455	0.05		
26641	เหิด	1	0.0	32032	speech-only		
26642	นั่ว	1	0.0	38283	speech-only		
26643	แจ็ง	1	0.0	37821	speech-only		
26644	สรค์	1	0.0	29252	0.22		
26645	นางกวัก	1	0.0	28827	0.18		
26646	โคมัย	1	0.0	32021	speech-only		
26647	แกงการู	1	0.0	39177	speech-only		
26648	พ้อยน์	1	0.0	34700	speech-only		
26649	ขยา	1	0.0	33581	speech-only		
26650	บาฟ	1	0.0	25880	0.12		
26651	เครื่องโซนาร์	1	0.0	29088	0.18		
26652	สีม	1	0.0	35612	speech-only		
26653	ศย	1	0.0	23904	0.09		
26654	ควะ	1	0.0	26092	0.13		
26655	ฟืม	1	0.0	30646	speech-only		
26656	มหี	1	0.0	40003	speech-only		
26657	เฮลเลนิก	1	0.0	31580	speech-only		
26658	บาศก์	1	0.0	26392	0.13		
26659	ธระ	1	0.0	37873	speech-only		
26660	สิม	1	0.0	15596	0.02		
26661	พุ้ง	1	0.0	33075	speech-only		
26662	ราชะ	1	0.0	26899	0.13		
26663	ดมดอม	1	0.0	36784	speech-only		
26664	ยว่ะ	1	0.0	21030	0.06		
26665	ลอยน์	1	0.0	31044	speech-only		
26666	บ่วงบาศ	1	0.0	27068	0.15		
26667	ลอยด์ส	1	0.0	30404	0.22		
26668	แพนก	1	0.0	35521	speech-only		
26669	โอภาปราศรัย	1	0.0	38288	speech-only		
26670	บีฑา	1	0.0	20528	0.06		
26671	รุจา	1	0.0	31331	speech-only		
26672	ติ๊ส	1	0.0	25993	0.12		
26673	สาข	1	0.0	29257	0.22		
26674	ภูรี	1	0.0	29392	0.22		
26675	ลัพธ์	1	0.0	24655	0.11		
26676	ลึบ	1	0.0	39166	speech-only		
26677	หนังสือเวียน	1	0.0	17177	0.03		
26678	คลอร์	1	0.0	22679	0.08		
26679	นคอร์น	1	0.0	28188	0.18		
26680	ชูใจ	1	0.0	18676	0.04		
26681	นอนโรง	1	0.0	29491	0.22		
26682	สีซอให้ควายฟัง	1	0.0		speech-only	offensive	
26683	ดูกร	1	0.0	14738	0.02	colloquial	
26684	ซังค์	1	0.0	32487	speech-only		
26685	สนตะพาย	1	0.0	18965	0.04	offensive	
26686	วตอน	1	0.0	35296	speech-only		
26687	ง่วงเหงาหาวนอน	1	0.0	15985	0.03		
26688	ทิ่มตำ	1	0.0	21767	0.07		
26689	โพรก	1	0.0	22256	0.07		
26690	อิสิ	1	0.0	21114	0.06		
26691	คอนโดมีเนียม	1	0.0	29885	0.22		
26692	น้ำหมาก	1	0.0	16216	0.03		
26693	อะลูมินั่ม	1	0.0	38497	speech-only		
26694	บัญชีกระแสรายวัน	1	0.0	37768	speech-only		
26695	กาเมสุมิจฉาจาร	1	0.0	21494	0.06		
26696	ผสมเสร็จ	1	0.0	29448	0.22		
26697	มะรุมมะตุ้ม	1	0.0	23193	0.08		
26698	ควล	1	0.0	28870	0.18		
26699	คู่บารมี	1	0.0	20174	0.05		
26700	ผลุบโผล่	1	0.0	22332	0.07		
26701	พรีแคมเบรียน	1	0.0	21513	0.06		
26702	แอมแปร์	1	0.0	30571	0.22		y
26703	ผ้าดิบ	1	0.0	18846	0.04		
26704	เซตส์	1	0.0	24796	0.11		
26705	โฉมตรู	1	0.0	31660	speech-only		
26706	วทา	1	0.0	23823	0.09		
26707	กล่น	1	0.0	29648	0.22		
26708	พลับพลึง	1	0.0	22102	0.07		
26709	หักบัญชี	1	0.0	24895	0.11		
26710	ปักษาสวรรค์	1	0.0	32397	speech-only		
26711	แม่ร้าง	1	0.0	35034	speech-only		
26712	ปิต	1	0.0	25218	0.11		
26713	ออกพรรษา	1	0.0	15663	0.03		
26714	ค้ำชู	1	0.0	17279	0.03		
26715	กระปอดกระแปด	1	0.0	16697	0.03		
26716	ดอยช์	1	0.0	39130	speech-only		
26717	แต้จิ๋ว	1	0.0	10357	0.01		
26718	นายธง	1	0.0	30593	0.22		
26719	กฎกระทรวง	1	0.0	2203	0.00		
26720	แรมส์	1	0.0	33168	speech-only		
26721	กุกกัก	1	0.0	14740	0.02		
26722	ยาตรา	1	0.0	15605	0.02		
26723	สเวลต์	1	0.0	26258	0.13		
26724	อันดอร์รา	1	0.0	32252	speech-only		
26725	มรณ	1	0.0	24821	0.11		
26726	กำเริบเสิบสาน	1	0.0	28940	0.18		
26727	สดร	1	0.0	26839	0.13		
26728	ส้อง	1	0.0	22347	0.07		
26729	กล้องภาพยนตร์	1	0.0	27521	0.15		
26730	รัสก์	1	0.0	39551	speech-only		
26731	ตึ้ก	1	0.0	31458	speech-only		
26732	ทลัน	1	0.0	18024	0.04		
26733	พาซื่อ	1	0.0	20009	0.05		
26734	ทิวบ์	1	0.0	22906	0.08		
26735	ตูข้า	1	0.0	29312	0.22		
26736	เฮี้ยบ	1	0.0	24397	0.10		
26737	มณเฑียรบาล	1	0.0	16977	0.03		
26738	ธรณีสูบ	1	0.0	29140	0.18		
26739	วราห์	1	0.0	16183	0.03		
26740	ปากช้าง	1	0.0	29506	0.22		
26741	เฟิร์สต์	1	0.0	29984	0.22		
26742	โทนเนอร์	1	0.0	25560	0.12		
26743	ติเนียน	1	0.0	26143	0.13		
26744	บันตู	1	0.0	36609	speech-only		
26745	มะขามเทศ	1	0.0	16530	0.03		
26746	ปีกไม้	1	0.0	30543	0.22		
26747	พระดำริ	1	0.0	11595	0.01		
26748	เคลียเคล้า	1	0.0	31120	speech-only		
26749	เบรียม	1	0.0	37950	speech-only		
26750	ชีวัน	1	0.0	15266	0.02		
26751	กระผีก	1	0.0	24549	0.10		
26752	โรเนียว	1	0.0	17610	0.03		
26753	เบราว์เซอร์	1	0.0	32178	speech-only		
26754	หมง	1	0.0	23581	0.09		
26755	ชัช	1	0.0	11347	0.01		
26756	นางบวช	1	0.0	39048	speech-only		
26757	ฤคเวท	1	0.0	36823	speech-only		
26758	เอเดรียติก	1	0.0	28299	0.18		
26759	มารศาสนา	1	0.0		speech-only	slang	
26760	ถ่ายปัสสาวะ	1	0.0	17787	0.04		
26761	หาส์	1	0.0	34417	speech-only		
26762	แบล็กลิสต์	1	0.0	39464	speech-only		
26763	โมโนโครม	1	0.0	38904	speech-only		
26764	ลุยซา	1	0.0	33131	speech-only		
26765	อีลุ่ยฉุยแฉก	1	0.0	27822	0.15		
26766	แรตต์	1	0.0	36951	speech-only		
26767	วัฏสงสาร	1	0.0	14100	0.02		
26768	สปอร์ตแวร์	1	0.0	34869	speech-only		
26769	สูติศาสตร์	1	0.0	22476	0.08		
26770	จิตต์	1	0.0	7538	0.00		
26771	แปร๊ด	1	0.0	14419	0.02		
26772	น็อง	1	0.0	31436	speech-only		
26773	ผิดรูปผิดร่าง	1	0.0	27038	0.15		
26774	สามรส	1	0.0	20988	0.06		
26775	ดแบ็ก	1	0.0	25212	0.11		
26776	ครองแครง	1	0.0	25954	0.12		
26777	ท้องแบน	1	0.0	17375	0.03		
26778	รักเร่	1	0.0	29078	0.18		
26779	กุดั่น	1	0.0	32401	speech-only		
26780	โหรา	1	0.0	23275	0.08		
26781	แหง่ม	1	0.0	24001	0.10		
26782	ดอญ	1	0.0	30515	0.22		
26783	ปพ	1	0.0	37045	speech-only		
26784	หางเสียง	1	0.0	13269	0.02		
26785	มรณภัย	1	0.0	32293	speech-only		
26786	มัสท์	1	0.0	36418	speech-only		
26787	ฎี	1	0.0	17489	0.03		
26788	แคร์น	1	0.0	37731	speech-only		
26789	ม่วน	1	0.0	13200	0.02		
26790	เฟมัส	1	0.0	34882	speech-only		
26791	เค็ด	1	0.0	34216	speech-only		
26792	พึ่บ	1	0.0	11593	0.01		
26793	เต้าหู้ยี้	1	0.0	19263	0.04		
26794	ติดหมัด	1	0.0	28261	0.18		
26795	ตั้บ	1	0.0	26111	0.13		
26796	ประตูผี	1	0.0	29706	0.22		
26797	เปี๊ยว	1	0.0	26183	0.13		
26798	กล้าย	1	0.0	36095	speech-only		
26799	โวฟ	1	0.0	36547	speech-only		
26800	ฌากส์	1	0.0	29631	0.22		
26801	ศิลาแลง	1	0.0	12935	0.02		
26802	อัสนี	1	0.0	16209	0.03		
26803	ผุย	1	0.0	31698	speech-only		
26804	สทั้ง	1	0.0	35263	speech-only		
26805	หยาบหยาม	1	0.0	30387	0.22		
26806	สิงขร	1	0.0	27354	0.15		
26807	หน็อย	1	0.0	22237	0.07		
26808	ช่องไฟ	1	0.0	21579	0.06		
26809	ปทา	1	0.0	29153	0.18		
26810	บุษราคัม	1	0.0	20505	0.05		
26811	ลิ้นทอง	1	0.0	25572	0.12		
26812	แหล่งหล้า	1	0.0	22473	0.08		
26813	วิจิตรพิสดาร	1	0.0	13723	0.02		
26814	หงัก	1	0.0	9105	0.01		
26815	สอัพ	1	0.0	35966	speech-only		
26816	เกณฑ์หัด	1	0.0	36496	speech-only		
26817	จอสี	1	0.0	30659	speech-only		
26818	อเนจอนาถ	1	0.0	22888	0.08		
26819	เจ้าเรือน	1	0.0	15746	0.03		
26820	พรึ่ด	1	0.0	28553	0.18		
26821	คลอนแคลน	1	0.0	15387	0.02		
26822	ซ่าว	1	0.0	24498	0.10		
26823	น้ำดอกไม้	1	0.0	21449	0.06		
26824	เรียงพิมพ์	1	0.0	17275	0.03		
26825	กระเดียด	1	0.0	14414	0.02		
26826	ตราไปรษณียากร	1	0.0	14900	0.02		
26827	แท็กส์	1	0.0	29044	0.18		
26828	ธัย	1	0.0	18457	0.04		
26829	ข้ำ	1	0.0	31269	speech-only		
26830	นานาจิตตัง	1	0.0		speech-only	slang	
26831	โต๊ว	1	0.0	39921	speech-only		
26832	เหมี่ยว	1	0.0	13384	0.02		
26833	อกไข่ดาว	1	0.0		speech-only	slang	
26834	ขมู	1	0.0	27750	0.15		
26835	ลำดวน	1	0.0	16461	0.03		
26836	ตานี	1	0.0	11705	0.01		
26837	ฮุม	1	0.0	29936	0.22		
26838	กิบบ์	1	0.0	37990	speech-only		
26839	ทีป	1	0.0	16306	0.03		
26840	ยิ้มแป้น	1	0.0	11806	0.01		
26841	คุษ	1	0.0	35739	speech-only		
26842	นอรเว	1	0.0	17818	0.04		
26843	กระแซะ	1	0.0	20272	0.05		
26844	ตากบ	1	0.0	28158	0.18		
26845	ตรีส์	1	0.0	34452	speech-only		
26846	โอเอซีส	1	0.0	32859	speech-only		
26847	สโมสรสันนิบาต	1	0.0	24893	0.11		
26848	แชนเนล	1	0.0	28142	0.18		
26849	เฟื้อย	1	0.0	15228	0.02		
26850	มโหรี	1	0.0	10676	0.01		
26851	แปก	1	0.0	27615	0.15		
26852	ม่าง	1	0.0	29527	0.22		
26853	กัญญา	1	0.0	9060	0.01		
26854	ลื้ม	1	0.0	33015	speech-only		
26855	ปรู๊ด	1	0.0	16457	0.03		
26856	ผาดำ	1	0.0	33323	speech-only		
26857	คอคอด	1	0.0	26421	0.13		
26858	นฤมล	1	0.0	13193	0.02		
26859	ธาตุหนัก	1	0.0	22429	0.08		
26860	อัญชลี	1	0.0	12715	0.01		
26861	เดิ๊บ	1	0.0	35548	speech-only		
26862	มกร	1	0.0	10909	0.01		
26863	จิ่ม	1	0.0	23096	0.08		
26864	ระจัน	1	0.0	14268	0.02		
26865	ขัดบท	1	0.0	36393	speech-only		
26866	เปิ้ง	1	0.0	35575	speech-only		
26867	ฉันทะ	1	0.0	12342	0.01		
26868	อสต์	1	0.0	36779	speech-only		
26869	ตะแบง	1	0.0	25028	0.11	slang	
26870	พญานาค	1	0.0	7798	0.01		
26871	กษัตรีย์	1	0.0	28786	0.18		
26872	สิลา	1	0.0	25405	0.12		
26873	สล้าง	1	0.0	15675	0.03		
26874	เงี่ยง	1	0.0	15524	0.02		
26875	สก่อน	1	0.0	38940	speech-only		
26876	เมกะวัตต์	1	0.0	10609	0.01		
26877	จ่าม	1	0.0	37032	speech-only		
26878	อานนท์	1	0.0	6975	0.00		
26879	บรานด์	1	0.0	37937	speech-only		
26880	หินน้ำมัน	1	0.0	25402	0.12		
26881	ไกสต์	1	0.0	38919	speech-only		
26882	เรือนไฟ	1	0.0	20103	0.05		
26883	วหะ	1	0.0	29970	0.22		
26884	ฟรีดริช	1	0.0	39296	speech-only		
26885	กริก	1	0.0	23039	0.08		
26886	ดดดดดดดดดดด	1	0.0	20649	0.06		
26887	กะแช่	1	0.0	28895	0.18		
26888	อันเดรส	1	0.0	31134	speech-only		
26889	เหี่ยม	1	0.0	23156	0.08		
26890	กฤต	1	0.0	7408	0.00		
26891	มิ้ม	1	0.0	5605	0.00		
26892	คติชาวบ้าน	1	0.0	29837	0.22		
26893	ลำเลิก	1	0.0	24468	0.10		
26894	แหม็บ	1	0.0	20395	0.05		
26895	เคหา	1	0.0	22581	0.08		
26896	มูกเลือด	1	0.0	33359	speech-only		
26897	ศมา	1	0.0	31594	speech-only		
26898	บัลค์	1	0.0	37994	speech-only		
26899	หญิ้ง	1	0.0	38486	speech-only		
26900	โฮ่ว	1	0.0	16509	0.03		
26901	พเวอร์	1	0.0	31863	speech-only		
26902	ช่วงหาเสียง	1	0.0	23273	0.08		
26903	มหัพภาค	1	0.0	21877	0.07		
26904	ปณา	1	0.0	11248	0.01		
26905	ภาดา	1	0.0	28368	0.18		
26906	มาตุฆาต	1	0.0	26321	0.13		
26907	อัตวินิบาตกรรม	1	0.0	20329	0.05		
26908	ดริงก์	1	0.0	34764	speech-only		
26909	อัจฉริยบุคคล	1	0.0	25763	0.12		
26910	นัดแนะ	1	0.0	11823	0.01		
26911	สแวล	1	0.0	26986	0.15		
26912	สัจนิยม	1	0.0	14421	0.02		
26913	ความแร้นแค้น	1	0.0	23647	0.09		
26914	กษิ	1	0.0	24203	0.10		
26915	ทมึน	1	0.0	26238	0.13		
26916	ปลาป่น	1	0.0	19633	0.05		
26917	ส้มตำ	1	0.0	6744	0.00		y
26918	เอราวัณ	1	0.0	8473	0.01		
26919	เฉลี่ยว	1	0.0	20540	0.06		
26920	ญอน	1	0.0	27739	0.15		
26921	ทำไปทำมา	1	0.0	16181	0.03		
26922	แผ่เมตตา	1	0.0	8743	0.01		
26923	วอล์ฟ	1	0.0	33660	speech-only		
26924	ผี้	1	0.0	33826	speech-only		
26925	สะพานแขวน	1	0.0	24898	0.11		
26926	ผือ	1	0.0	22835	0.08		
26927	โหงะ	1	0.0	32590	speech-only		
26928	โคเปนเฮเกน	1	0.0	16287	0.03		
26929	เฟิด	1	0.0	27223	0.15		
26930	พินเตอร์	1	0.0	30029	0.22		
26931	กหา	1	0.0	29209	0.22		
26932	สคร	1	0.0	32112	speech-only		
26933	ผลัม	1	0.0	34057	speech-only		
26934	ยศักดิ์	1	0.0	29943	0.22		
26935	เคี่ยม	1	0.0	29259	0.22		
26936	หยั่น	1	0.0	31092	speech-only		
26937	ฏก	1	0.0	17378	0.03		
26938	อัตโนมือ	1	0.0		speech-only	slang	
26939	ราห์ม	1	0.0	32231	speech-only		
26940	ตรีท	1	0.0	20181	0.05		
26941	โง้	1	0.0	35138	speech-only		
26942	ถือยศถือศักดิ์	1	0.0	30660	speech-only		
26943	คณนา	1	0.0	21749	0.07		
26944	โฟร์แฮนด์	1	0.0	29643	0.22		
26945	ภู่	1	0.0	4589	0.00		
26946	ไพริน	1	0.0	29815	0.22		
26947	เลี้ยวลด	1	0.0	20182	0.05		
26948	ญวณ	1	0.0	27101	0.15		
26949	เจ้าหลวง	1	0.0	7894	0.01		
26950	เป็นโล้เป็นพาย	1	0.0	21792	0.07		
26951	ร่องแร่ง	1	0.0	21738	0.07		
26952	มหาไถ่	1	0.0	29541	0.22		
26953	เดิร์ม	1	0.0	18583	0.04		
26954	ศาลาประชาคม	1	0.0	24802	0.11		
26955	ไมโครเมตร	1	0.0	35971	speech-only		
26956	เคี้ยวฟัน	1	0.0	25105	0.11		
26957	กระจอกงอกง่อย	1	0.0	25290	0.12		
26958	ถุม	1	0.0	13566	0.02		
26959	อ๋อม	1	0.0	20864	0.06		
26960	ฮาวร์	1	0.0	30516	0.22		
26961	ขัณฑ์	1	0.0	22876	0.08		
26962	แรงหนีศูนย์กลาง	1	0.0	39108	speech-only		
26963	ษฏ	1	0.0	24396	0.10		
26964	เช้ม	1	0.0	38186	speech-only		
26965	อำเภอใจ	1	0.0	24257	0.10		
26966	ฃาว	1	0.0	32753	speech-only		
26967	ปร่ง	1	0.0	33259	speech-only		
26968	ทลึ่ง	1	0.0	29474	0.22		
26969	มอลด์	1	0.0	32946	speech-only		
26970	เกลียน	1	0.0	39654	speech-only		
26971	สีฝุ่น	1	0.0	18333	0.04		
26972	หยำฉ่า	1	0.0		speech-only	offensive	
26973	ฉริย	1	0.0	25216	0.11		
26974	รูปสมบัติ	1	0.0	17676	0.03		
26975	สสตร์	1	0.0	33282	speech-only		
26976	หลงลม	1	0.0	30167	0.22		
26977	อารยประเทศ	1	0.0	12270	0.01		
26978	ตึ๋ง	1	0.0	22094	0.07		
26979	ดิศ	1	0.0	8002	0.01		
26980	มันท์	1	0.0	36007	speech-only		
26981	ค่าโง่	1	0.0	22927	0.08	slang	
26982	แอดน์	1	0.0	35182	speech-only		
26983	แหย่ง	1	0.0	31850	speech-only		
26984	กลำ	1	0.0	32657	speech-only		
26985	เวรี	1	0.0	26114	0.13		
26986	แรว	1	0.0	28513	0.18		
26987	เขย่งเก็งกอย	1	0.0	33101	speech-only		
26988	อึ้ก	1	0.0	20862	0.06		
26989	อัษ	1	0.0	12986	0.02		
26990	แมร์ค	1	0.0	33158	speech-only		
26991	ดร็อพ	1	0.0	35398	speech-only		
26992	หยาดน้ำค้าง	1	0.0	20124	0.05		
26993	เปี๊ย	1	0.0	33307	speech-only		
26994	เปรียว	1	0.0	18160	0.04		
26995	ตังเก	1	0.0	16913	0.03		
26996	มะกรูด	1	0.0	8961	0.01		
26997	แป๊ะซะ	1	0.0	28848	0.18		
26998	ปักษ์ใต้	1	0.0	9515	0.01		
26999	เคราะห์หามยามร้าย	1	0.0	23646	0.09		
27000	เฮิน	1	0.0	27141	0.15		
27001	อุปลักษณ์	1	0.0	16030	0.03		
27002	บล็อง	1	0.0	33597	speech-only		
27003	ษิต	1	0.0	11179	0.01		
27004	เนียร์ส	1	0.0	22043	0.07		
27005	เอียว	1	0.0	12544	0.01		
27006	คัลเจอร์	1	0.0	30463	0.22		
27007	หงส	1	0.0	26932	0.15		
27008	บลายธ์	1	0.0	14171	0.02		
27009	โปลด์	1	0.0	39093	speech-only		
27010	อึ่งอ่าง	1	0.0	17248	0.03		
27011	เดียนท์	1	0.0	37758	speech-only		
27012	บุตรา	1	0.0	28473	0.18		
27013	ยกครู	1	0.0	25579	0.12		
27014	เสียเหลี่ยม	1	0.0	25913	0.12		
27015	กแล่	1	0.0	22142	0.07		
27016	วางมวย	1	0.0	20861	0.06	slang	
27017	ออร์เคสตรา	1	0.0	16799	0.03		
27018	เชือกเขา	1	0.0	29200	0.22		
27019	มะเมีย	1	0.0	17012	0.03		
27020	เปรื่องปราด	1	0.0	26289	0.13		
27021	ชีลส์	1	0.0	33420	speech-only		
27022	ผีก	1	0.0	24370	0.10		
27023	มาติก	1	0.0	12160	0.01		
27024	ปฏิคม	1	0.0	30776	speech-only		
27025	วาร์น	1	0.0	36489	speech-only		
27026	เหนี่ยง	1	0.0	28013	0.18		
27027	อินพุต	1	0.0	19995	0.05		
27028	เอาต์พุต	1	0.0	27435	0.15		
27029	ยั้น	1	0.0	32295	speech-only		
27030	โมหะ	1	0.0	8399	0.01		
27031	แท็กซี่มิเตอร์	1	0.0	34009	speech-only		
27032	ฟาดเคราะห์	1	0.0	24215	0.10		
27033	ถีฟ	1	0.0	39150	speech-only		
27034	ปาท	1	0.0	22786	0.08		
27035	เวิร์คเกอร์	1	0.0	35017	speech-only		
27036	สัมผัสสระ	1	0.0	28372	0.18		
27037	ปากหอยปากปู	1	0.0	24077	0.10		
27038	ปกร	1	0.0	14766	0.02		
27039	บ่าวไพร่	1	0.0	11673	0.01		
27040	แบ๊งค์ส	1	0.0	36470	speech-only		
27041	เซคส์	1	0.0	24394	0.10		
27042	กลั้ว	1	0.0	8668	0.01		
27043	จ๊อฟ	1	0.0	35480	speech-only		
27044	สุติ	1	0.0	28746	0.18		
27045	บลิ้ว	1	0.0	29221	0.22		
27046	ไสยเวท	1	0.0	30409	0.22		
27047	อั่ง	1	0.0	20007	0.05		
27048	หินย้อย	1	0.0	21486	0.06		
27049	รักยม	1	0.0	21338	0.06		
27050	คอนเวิร์ส	1	0.0	32770	speech-only		
27051	เหลี่ยมคู	1	0.0	27305	0.15		
27052	เทสมาก	1	0.0		speech-only	slang	
27053	เมี่ยง	1	0.0	7296	0.00		
27054	สามกษัตริย์	1	0.0	19818	0.05		
27055	สนับแข้ง	1	0.0	36984	speech-only		
27056	ฟอร์มาลิน	1	0.0	21922	0.07		
27057	ด้วยยยยย	1	0.0	35432	speech-only		
27058	กฎไวยากรณ์	1	0.0	25081	0.11		
27059	วลิ	1	0.0	32921	speech-only		
27060	ศริ	1	0.0	22499	0.08		
27061	ทึบแสง	1	0.0	17802	0.04		
27062	คู่ยาก	1	0.0	26522	0.13		
27063	อาบเหงื่อต่างน้ำ	1	0.0	24021	0.10		
27064	ออกหัด	1	0.0	26904	0.13		
27065	ทู้ก	1	0.0	27609	0.15		
27066	เมขลา	1	0.0	7057	0.00		
27067	ถลึง	1	0.0	22178	0.07		
27068	ดอกไม้ไหว	1	0.0	20078	0.05		
27069	เคาะห์	1	0.0	37778	speech-only		
27070	ควั่ก	1	0.0	30309	0.22		
27071	โขน	1	0.0	3969	0.00		
27072	ไรแว้	1	0.0		speech-only	slang	
27073	แอ๊พ	1	0.0	14267	0.02		
27074	หรืพ	1	0.0	39582	speech-only		
27075	กินนอกกินใน	1	0.0	35510	speech-only		
27076	ปราชญา	1	0.0	34769	speech-only		
27077	ปลงสังขาร	1	0.0	29465	0.22		
27078	มักคุ้น	1	0.0	21154	0.06		
27079	มะงุมมะงาหรา	1	0.0	21292	0.06	slang	
27080	ปื๊ด	1	0.0	22627	0.08		
27081	จั๊ง	1	0.0	22297	0.07		
27082	ป๊าน	1	0.0	31947	speech-only		
27083	ละเล่น	1	0.0	9591	0.01		
27084	สหศึกษา	1	0.0	23058	0.08		
27085	มละ	1	0.0	34575	speech-only		
27086	สเตรล	1	0.0	36298	speech-only		
27087	กสิ	1	0.0	13845	0.02		
27088	ลัทธ	1	0.0	22547	0.08		
27089	ตุปัดตุเป๋	1	0.0	29249	0.22		
27090	เอิร์ส	1	0.0	39196	speech-only		
27091	ฟิตซ้อม	1	0.0	20258	0.05		
27092	เรไร	1	0.0	14481	0.02		
27093	สเป็คตรัม	1	0.0	38251	speech-only		
27094	เปรียะ	1	0.0	25447	0.12		
27095	ไชนะ	1	0.0	16661	0.03		
27096	สุต	1	0.0	11433	0.01		
27097	ตถ	1	0.0	20279	0.05		
27098	เศรษฐ์	1	0.0	14603	0.02		
27099	ทโมน	1	0.0	21057	0.06		
27100	มวัน	1	0.0	37473	speech-only		
27101	โนง	1	0.0	21165	0.06		
27102	หาริน	1	0.0	24272	0.10		
27103	ชึม	1	0.0	27531	0.15		
27104	แอมฟิโบล	1	0.0	36795	speech-only		
27105	ไล้ท์	1	0.0	32833	speech-only		
27106	ไว้ท์	1	0.0	35367	speech-only		
27107	ซัลฟา	1	0.0	25587	0.12		
27108	กรกฎ	1	0.0	11394	0.01		
27109	ไดม่	1	0.0	36590	speech-only		
27110	อรทัย	1	0.0	13968	0.02		
27111	รังสิ	1	0.0	15719	0.03		
27112	จี้น	1	0.0	36754	speech-only		
27113	สงขลา	1	0.0	3832	0.00	slang	
27114	นมัก	1	0.0	33214	speech-only		
27115	บุ๊คส์	1	0.0	22301	0.07		
27116	อนิจ	1	0.0	16288	0.03		
27117	มึก	1	0.0	27002	0.15		
27118	ซีลอน	1	0.0	24406	0.10		
27119	ควับ	1	0.0	19247	0.04		
27120	นิติกร	1	0.0	11485	0.01		
27121	เปรียง	1	0.0	25039	0.11		
27122	พันพัว	1	0.0	27911	0.15		
27123	ใหพ	1	0.0	37488	speech-only		
27124	วที	1	0.0	36820	speech-only		
27125	คึง	1	0.0	21558	0.06		
27126	หมอลำ	1	0.0	8551	0.01		
27127	ข้อเตือนใจ	1	0.0	18833	0.04		
27128	มาซิโดเนีย	1	0.0	27564	0.15		
27129	กรมสรรพสามิต	1	0.0	10971	0.01		
27130	แอคท์	1	0.0	38651	speech-only		
27131	เบียม	1	0.0	33069	speech-only		
27132	ข้อพับ	1	0.0	17707	0.03		
27133	เซนจูรี	1	0.0	29455	0.22		
27134	หัย	1	0.0	31582	speech-only		
27135	ลั๊ว	1	0.0	38678	speech-only		
27136	เกรนาดา	1	0.0	32562	speech-only		
27137	ยูเนสโก	1	0.0	11588	0.01		
27138	ตเต้	1	0.0	27638	0.15		
27139	คมบาง	1	0.0	33112	speech-only		
27140	แตรค	1	0.0	34805	speech-only		
27141	แคระแกร็น	1	0.0	25650	0.12		
27142	บัตรสนเท่ห์	1	0.0	21952	0.07		
27143	อนัตตา	1	0.0	11744	0.01		
27144	ช้อย	1	0.0	13099	0.02		
27145	ทองกวาว	1	0.0	28647	0.18		
27146	โครโนมิเตอร์	1	0.0	38950	speech-only		
27147	แซมวล	1	0.0	33832	speech-only		
27148	ไออน	1	0.0	29456	0.22		
27149	โรคศิลปะ	1	0.0	5457	0.00		
27150	จต่อ	1	0.0	34743	speech-only		
27151	ยักษิณี	1	0.0	32368	speech-only		
27152	เปือย	1	0.0	30499	0.22		
27153	กี๊ซ	1	0.0	27403	0.15		
27154	บั๊น	1	0.0	37568	speech-only		
27155	อินทรธนู	1	0.0	24966	0.11		
27156	เป้อร์	1	0.0	32576	speech-only		
27157	ส้า	1	0.0	24829	0.11		
27158	พอลิเมอร์	1	0.0	30183	0.22		
27159	ไมซ์	1	0.0	21247	0.06		
27160	มัห	1	0.0	36519	speech-only		
27161	อาบูจา	1	0.0	30548	0.22		
27162	แอมิโน	1	0.0	33251	speech-only		
27163	แม้ม	1	0.0	32427	speech-only		
27164	พันลึก	1	0.0	18924	0.04		
27165	ตราตั้ง	1	0.0	20377	0.05		
27166	สัประ	1	0.0	36893	speech-only		
27167	สารเรืองแสง	1	0.0	39730	speech-only		
27168	เหลืออดเหลือทน	1	0.0	30949	speech-only		
27169	แบ๋	1	0.0	29549	0.22		
27170	ชักเงา	1	0.0	23054	0.08		
27171	พยัฆ	1	0.0	33879	speech-only		
27172	ซ่น	1	0.0	25425	0.12		
27173	โมทนา	1	0.0	24602	0.11		
27174	ฟาโซ	1	0.0	32103	speech-only		
27175	พร่อม	1	0.0	39519	speech-only		
27176	งวยงง	1	0.0	24127	0.10		
27177	กำแหง	1	0.0	12687	0.01	offensive	
27178	อนุมาตรา	1	0.0	10826	0.01		
27179	ซับพลาย	1	0.0	36010	speech-only		
27180	กระโจมไฟ	1	0.0	32851	speech-only		
27181	จุดสัมผัส	1	0.0	14309	0.02		
27182	คัมป์	1	0.0	27865	0.15		
27183	สออง	1	0.0	32499	speech-only		
27184	งิต	1	0.0	37822	speech-only		
27185	แมวเซา	1	0.0	39905	speech-only		
27186	ดดดดดดดดด	1	0.0	33822	speech-only		
27187	ผู้ส่งออก	1	0.0	3466	0.00		
27188	เลโซโท	1	0.0	26124	0.13		
27189	พรหมบุตร	1	0.0	22273	0.07		
27190	ต่อปาก	1	0.0	16142	0.03		
27191	ตักบาตร	1	0.0	10228	0.01		
27192	บ่าม	1	0.0	38133	speech-only		
27193	ม่านลาย	1	0.0	30030	0.22		
27194	เอิก	1	0.0	32370	speech-only		
27195	อวว	1	0.0	35101	speech-only		
27196	ขัล	1	0.0	25289	0.12		
27197	ขีดคร่อม	1	0.0	26583	0.13		
27198	คึม	1	0.0	27550	0.15		
27199	ตำรวจหลวง	1	0.0	32305	speech-only		
27200	ถ่ายเดียว	1	0.0	15016	0.02		
27201	วราง	1	0.0	24207	0.10		
27202	สุนทร	1	0.0	3326	0.00		
27203	ธูร	1	0.0	31081	speech-only		
27204	ชาเยนทร์	1	0.0	18171	0.04		
27205	แง่น	1	0.0	29916	0.22		
27206	โยธิน	1	0.0	6843	0.00		
27207	เวศ	1	0.0	19011	0.04		
27208	เขยิบฐานะ	1	0.0	21255	0.06		
27209	จารุ	1	0.0	6673	0.00		
27210	มอญซ่อนผ้า	1	0.0	21372	0.06		
27211	ลิสม์	1	0.0	17760	0.04		
27212	แวบวับ	1	0.0	33463	speech-only		
27213	ทุจ	1	0.0	38052	speech-only		
27214	ดิสเพลย์	1	0.0	20722	0.06		
27215	ทหารไทย	1	0.0	9942	0.01		
27216	เอกบุรุษ	1	0.0	15764	0.03		
27217	มลา	1	0.0	22112	0.07		
27218	มไหศวรรย์	1	0.0	32934	speech-only		
27219	วิชชุ	1	0.0	29341	0.22		
27220	ฝือ	1	0.0	31555	speech-only		
27221	ซิกาแรต	1	0.0	26397	0.13		
27222	บีทียู	1	0.0	22673	0.08		
27223	หยุม	1	0.0	31435	speech-only	colloquial	
27224	อิสริยาภรณ์	1	0.0	20134	0.05		
27225	โบรฟ	1	0.0	39911	speech-only		
27226	เลียนส์	1	0.0	26068	0.13		
27227	สมิง	1	0.0	11832	0.01		
27228	กรี๊ดดดดดดด	1	0.0	32863	speech-only		
27229	โพล้เพล้	1	0.0	14999	0.02		
27230	ผู้รับประกันภัย	1	0.0	8142	0.01		
27231	สปีช	1	0.0	34302	speech-only		
27232	ตัป	1	0.0	20685	0.06		
27233	รจี	1	0.0	19014	0.04		
27234	ปวีณ	1	0.0	32966	speech-only		
27235	ซวนเซ	1	0.0	17010	0.03		
27236	สัตวา	1	0.0	37415	speech-only		
27237	ธพ	1	0.0	24195	0.10		
27238	อดีตชาติ	1	0.0	9793	0.01		
27239	วววววววววววววววว	1	0.0	38724	speech-only		
27240	ฬี	1	0.0	13272	0.02		
27241	มองโกลอยด์	1	0.0	28633	0.18		
27242	พัดโบก	1	0.0	21691	0.07		
27243	ขยุกขยุย	1	0.0	21661	0.07		
27244	ปัฎ	1	0.0	29769	0.22		
27245	สายสิญจน์	1	0.0	18571	0.04		
27246	จ๊าาา	1	0.0	36464	speech-only		
27247	หึ่ม	1	0.0	35135	speech-only		
27248	ตาฟาง	1	0.0	25507	0.12		
27249	ษณีย์	1	0.0	25722	0.12		
27250	แฟ้น	1	0.0	30350	0.22		
27251	เหรียน	1	0.0	37962	speech-only		
27252	ซิมพาเทติก	1	0.0	24884	0.11		
27253	อากู๋	1	0.0		speech-only	slang	
27254	พัฒ	1	0.0	14832	0.02		
27255	หินแปร	1	0.0	16020	0.03		
27256	ลวอค	1	0.0	29063	0.18		
27257	ควอร์ต	1	0.0	30400	0.22		
27258	พนักงานเจ้าหน้าที่	1	0.0	2134	0.00		
27259	ระหกระเหิน	1	0.0	14261	0.02		
27260	ไฟลามทุ่ง	1	0.0	24211	0.10		
27261	สุดลิ่ม	1	0.0	27661	0.15		
27262	แคลฮูน	1	0.0	38679	speech-only		
27263	ทรัยพ์	1	0.0	27584	0.15		
27264	นิวเดลฮี	1	0.0	31818	speech-only		
27265	ถ้อ	1	0.0	27742	0.15		
27266	มุร	1	0.0	39640	speech-only		
27267	ลาโนลิน	1	0.0	31471	speech-only		
27268	ทิฏ	1	0.0	11294	0.01		
27269	พิหาร	1	0.0	20994	0.06		
27270	กระพัน	1	0.0	31461	speech-only		
27271	ปลู	1	0.0	27607	0.15		
27272	ขิต	1	0.0	28639	0.18		
27273	โป๊ว	1	0.0	13159	0.02		
27274	ปีกกา	1	0.0	17547	0.03		
27275	ปัดรังควาน	1	0.0	22622	0.08		
27276	ศุลี	1	0.0	23170	0.08		
27277	อิธ	1	0.0	30297	0.22		
27278	มอตต์	1	0.0	39717	speech-only		
27279	ทักษ	1	0.0	23663	0.09		
27280	มารส์	1	0.0	23289	0.08		
27281	บาทว์	1	0.0	34112	speech-only		
27282	ห้อม	1	0.0	21812	0.07		
27283	ไมด้	1	0.0	33435	speech-only		
27284	กะโผลกกะเผลก	1	0.0	20532	0.06		
27285	ชะอำ	1	0.0	8627	0.01		
27286	ลาญ	1	0.0	25744	0.12		
27287	ปิย	1	0.0	5971	0.00		
27288	ยอมใจ	1	0.0		speech-only	slang	
27289	น้ำว้า	1	0.0	15446	0.02		
27290	ฟ้าว	1	0.0	23911	0.09		
27291	เป็นล่ำเป็นสัน	1	0.0	14905	0.02		
27292	คาร์ตา	1	0.0	22760	0.08		
27293	สะเทินน้ำสะเทินบก	1	0.0	23722	0.09		
27294	คอตตอนบัด	1	0.0	38219	speech-only		
27295	นักขัตฤกษ์	1	0.0	17004	0.03		
27296	กิ๊น	1	0.0	27829	0.15		
27297	เป็นมั่นเป็นเหมาะ	1	0.0	30341	0.22		
27298	ยุบยิบ	1	0.0	21899	0.07		
27299	วิภาค	1	0.0	12976	0.02		
27300	ค็อน	1	0.0	32233	speech-only		
27301	นาฬิกาน้ำ	1	0.0	32544	speech-only		
27302	มอดไม้	1	0.0		speech-only	slang	
27303	กาลิเลอี	1	0.0	39622	speech-only		
27304	กลาน	1	0.0	28979	0.18		
27305	เกียก	1	0.0	36864	speech-only		
27306	ฉ่วย	1	0.0	21847	0.07		
27307	ขี้ครอก	1	0.0	23697	0.09		
27308	ดูดดึง	1	0.0	38620	speech-only		
27309	เสมอหน้า	1	0.0	15580	0.02		
27310	เซลซ์	1	0.0	35235	speech-only		
27311	แฮ็ต	1	0.0	34260	speech-only		
27312	เทื้อ	1	0.0	35999	speech-only		
27313	หล้ส	1	0.0	37517	speech-only		
27314	ศาลปกครอง	1	0.0	6147	0.00		
27315	เน็ตส์	1	0.0	21885	0.07		
27316	ผัดวันประกันพรุ่ง	1	0.0	20397	0.05		
27317	ฌช	1	0.0	39405	speech-only		
27318	บัวตูม	1	0.0	19303	0.04		
27319	ครห์	1	0.0	21893	0.07		
27320	ธว่า	1	0.0	35206	speech-only		
27321	คิมเบอร์ลี	1	0.0	37515	speech-only		
27322	ซิวิค	1	0.0	35992	speech-only		
27323	ซิมพ์	1	0.0	30917	speech-only		
27324	ฃด	1	0.0	30860	speech-only		
27325	แสลงใจ	1	0.0	15231	0.02		
27326	ครรภ	1	0.0	26915	0.13		
27327	ดอกดิน	1	0.0	28252	0.18		
27328	บายน์	1	0.0	31813	speech-only		
27329	ฉอ	1	0.0	28651	0.18		
27330	บะห์	1	0.0	31167	speech-only		
27331	เต็มเม็ดเต็มหน่วย	1	0.0	16339	0.03		
27332	บำรุงขวัญ	1	0.0	18915	0.04		
27333	สิวเสี้ยน	1	0.0	14464	0.02		
27334	กฎหมายนานาประเทศ	1	0.0	39333	speech-only		
27335	กิ้งส์	1	0.0	34431	speech-only		
27336	พาห	1	0.0	28731	0.18		
27337	เป็ญ	1	0.0	38836	speech-only		
27338	กงสุลใหญ่	1	0.0	20352	0.05		
27339	โฮโมเซ็กชวล	1	0.0	31655	speech-only		
27340	ศาสนสถาน	1	0.0	10372	0.01		
27341	หีบเสียง	1	0.0	33129	speech-only		
27342	มืออ่อน	1	0.0	23439	0.09		
27343	จริม	1	0.0	32970	speech-only		
27344	เชิงเทิน	1	0.0	22128	0.07		
27345	ทริกส์	1	0.0	29529	0.22		
27346	ของ้อ	1	0.0	32162	speech-only		
27347	ตะโขง	1	0.0	30975	speech-only		
27348	จำเดิม	1	0.0	25110	0.11		
27349	สโต๊ก	1	0.0	19275	0.04		
27350	ทุกขเวทนา	1	0.0	11759	0.01		
27351	เจนจบ	1	0.0	18693	0.04		
27352	ทิวไม้	1	0.0	17576	0.03		
27353	กุ๊ง	1	0.0	28122	0.18		
27354	เชิดฉิ่ง	1	0.0	24529	0.10		
27355	แพล็บ	1	0.0	32423	speech-only		
27356	ทัณฑ	1	0.0	20085	0.05		
27357	ปากตำแย	1	0.0	37565	speech-only		
27358	ขี้คร้าน	1	0.0		speech-only	colloquial	
27359	อลึ่งฉึ่ง	1	0.0	33106	speech-only		
27360	อกุศล	1	0.0	6118	0.00		
27361	ลำพู	1	0.0	10199	0.01		
27362	ทฤ	1	0.0	22041	0.07		
27363	บอระเพ็ด	1	0.0	17522	0.03		
27364	ย้อ	1	0.0	28653	0.18		
27365	คริปต์	1	0.0	38147	speech-only		
27366	บื๋อ	1	0.0	34721	speech-only		
27367	หมับ	1	0.0	11360	0.01		
27368	เอารัดเอาเปรียบ	1	0.0	6132	0.00		
27369	แค็ด	1	0.0	36566	speech-only		
27370	โภ	1	0.0	10194	0.01		
27371	สมาบัติ	1	0.0	18174	0.04		
27372	วันทนา	1	0.0	29327	0.22		
27373	ชุมทางรถไฟ	1	0.0	32834	speech-only		
27374	ขายขาด	1	0.0	26897	0.13		
27375	ขบวร	1	0.0	37173	speech-only		
27376	สิเนหา	1	0.0	23741	0.09		
27377	ปวารณา	1	0.0	16039	0.03		
27378	ภาส	1	0.0	16269	0.03		
27379	สหชาติ	1	0.0	23732	0.09		
27380	ไพฑูรย์	1	0.0	10490	0.01		
27381	มะพร้าวห้าว	1	0.0	23491	0.09		
27382	อนาทร	1	0.0	17679	0.03		
27383	ย้ายค่าย	1	0.0	28190	0.18		
27384	นอกรีตนอกรอย	1	0.0	27965	0.18		
27385	กระจุ๋งกระจิ๋ง	1	0.0	40012	speech-only		
27386	สปัส	1	0.0	38719	speech-only		
27387	แจ๋วแหวว	1	0.0	21391	0.06		
27388	แว็ง	1	0.0	35288	speech-only		
27389	ปั้ก	1	0.0	19378	0.05		
27390	เต็กซ์	1	0.0	31319	speech-only		
27391	ว่านเครือ	1	0.0	20775	0.06		
27392	ดุเหว่า	1	0.0	20746	0.06		
27393	ละห์	1	0.0	32968	speech-only		
27394	ช่วงโชติ	1	0.0	28181	0.18		
27395	หลักชัย	1	0.0	20549	0.06		
27396	มายาวี	1	0.0	22348	0.07		
27397	ควอนท์	1	0.0	39226	speech-only		
27398	นันทน์	1	0.0	10543	0.01		
27399	ผุดผาด	1	0.0	16366	0.03		
27400	คัสโตร	1	0.0	29931	0.22		
27401	ไข่หิน	1	0.0	32607	speech-only		
27402	แพทยศาสตร	1	0.0	39700	speech-only		
27403	โฟ้	1	0.0	39706	speech-only		
27404	จุบจิบ	1	0.0	26852	0.13		
27405	กสิกร	1	0.0	14090	0.02		
27406	มธุ	1	0.0	13534	0.02		
27407	กูบ	1	0.0	19658	0.05		
27408	ญจ	1	0.0	26842	0.13		
27409	เฮี่ยม	1	0.0	38337	speech-only		
27410	โป้ย	1	0.0	20959	0.06		
27411	วดัว	1	0.0	35791	speech-only		
27412	ธุล	1	0.0	22101	0.07		
27413	เอี่ย	1	0.0	37203	speech-only		
27414	ฐก	1	0.0	26000	0.12		
27415	ต๋อย	1	0.0	17793	0.04		
27416	บจ	1	0.0	32752	speech-only		
27417	ยูร	1	0.0	19993	0.05		
27418	วสา	1	0.0	6521	0.00		
27419	ดั๊ง	1	0.0	35980	speech-only		
27420	ไฆ	1	0.0	27632	0.15		
27421	บทาส	1	0.0	39617	speech-only		
27422	จรูญ	1	0.0	9958	0.01		
27423	บค	1	0.0	26951	0.15		
27424	มนุษย์ป้า	1	0.0		speech-only	offensive	
27425	นุ้ง	1	0.0	35014	speech-only		
27426	พรรร	1	0.0	33781	speech-only		
27427	บรู๊ว	1	0.0	33445	speech-only		
27428	ประดิษฐ	1	0.0	15155	0.02		
27429	เก็ทซ์	1	0.0	29264	0.22		
27430	ใคร้	1	0.0	24867	0.11		
27431	คันนา	1	0.0	11447	0.01		
27432	มอช	1	0.0	30667	speech-only		
27433	มหาด	1	0.0	11420	0.01		
27434	แป๋น	1	0.0	35962	speech-only		
27435	เก๊าะ	1	0.0	20509	0.05		
27436	ปีญ	1	0.0	28441	0.18		
27437	กิกะไบต์	1	0.0	22736	0.08		
27438	ทบุ	1	0.0	34013	speech-only		
27439	โปรดเกล้า	1	0.0	2866	0.00		
27440	บุทซ์	1	0.0	37717	speech-only		
27441	อายัน	1	0.0	36855	speech-only		
27442	อิมพอร์ต	1	0.0	15522	0.02		
27443	ใบตราส่ง	1	0.0	10017	0.01		
27444	ปุร	1	0.0	37555	speech-only		
27445	ซีลีเนียม	1	0.0	32883	speech-only		
27446	เสบียงกรัง	1	0.0	23857	0.09		
27447	ฝากผีฝากไข้	1	0.0	22834	0.08		
27448	ดาลล์	1	0.0	33775	speech-only		
27449	กระท้อน	1	0.0	15455	0.02		
27450	กรอม	1	0.0	16337	0.03		
27451	แต๋น	1	0.0	20581	0.06		
27452	ฟอลโลว์	1	0.0	36419	speech-only		
27453	เขียบ	1	0.0	35267	speech-only		
27454	กั๊น	1	0.0	25807	0.12		
27455	ดริ๊ด	1	0.0	39460	speech-only		
27456	สสอน	1	0.0	33654	speech-only		
27457	มห้ค	1	0.0	33052	speech-only		
27458	รวาม	1	0.0	30602	0.22		
27459	เพชร์	1	0.0	33547	speech-only		
27460	หินหนืด	1	0.0	28911	0.18		
27461	ค้ำคอ	1	0.0	20972	0.06		
27462	แอนดีไซต์	1	0.0	24073	0.10		
27463	ลงราก	1	0.0	24458	0.10		
27464	กลาบ	1	0.0	28811	0.18		
27465	ศึกษาศาสตร	1	0.0	33338	speech-only		
27466	จิ่ง	1	0.0	11881	0.01		
27467	เต๋ว	1	0.0	39465	speech-only		
27468	จว์	1	0.0	35081	speech-only		
27469	เอ็ธ	1	0.0	35058	speech-only		
27470	หินดินดาน	1	0.0	12636	0.01		
27471	แองโกลา	1	0.0	25760	0.12		
27472	นิพจน์	1	0.0	19214	0.04		
27473	โอง	1	0.0	17063	0.03		
27474	ขี้กบ	1	0.0	34966	speech-only		
27475	ขัดลาภ	1	0.0	23130	0.08		
27476	อีเทอร์เน็ต	1	0.0	11785	0.01		
27477	วิภาษ	1	0.0	14829	0.02		
27478	ชายธง	1	0.0	24015	0.10		
27479	กรังด์	1	0.0	18544	0.04		
27480	คทิค	1	0.0	39974	speech-only		
27481	แพนง	1	0.0	35586	speech-only		
27482	หรัล	1	0.0	30449	0.22		
27483	สมะ	1	0.0	23371	0.09		
27484	แจ๋น	1	0.0	23432	0.09		
27485	มยุรา	1	0.0	16056	0.03		
27486	หนาบ	1	0.0	37983	speech-only		
27487	ตรู่	1	0.0	33966	speech-only		
27488	ขนด	1	0.0	19689	0.05		
27489	โรหิต	1	0.0	23167	0.08		
27490	ฉลับ	1	0.0	32027	speech-only		
27491	พลตระเวน	1	0.0	35988	speech-only		
27492	พินช์	1	0.0	15711	0.03		
27493	กูฎ	1	0.0	30473	0.22		
27494	แฉ่ง	1	0.0	17162	0.03		
27495	อี๊ด	1	0.0	15043	0.02		
27496	ว้อง	1	0.0	24002	0.10		
27497	วงวิชาการ	1	0.0	21948	0.07		
27498	ชอปปิง	1	0.0	21034	0.06		
27499	ว้อม	1	0.0	38762	speech-only		
27500	เว่ง	1	0.0	29262	0.22		
27501	เทหวัตถุ	1	0.0	19015	0.04		
27502	ควั้ง	1	0.0	34089	speech-only		
27503	บูร์บ	1	0.0	26192	0.13		
27504	มมมมมมมมมมม	1	0.0	36442	speech-only		
27505	ฟิคส์	1	0.0	36469	speech-only		
27506	ตระบัด	1	0.0	24886	0.11		
27507	จีบปากจีบคอ	1	0.0	18353	0.04		
27508	สทิล	1	0.0	38267	speech-only		
27509	อสนีบาต	1	0.0	37694	speech-only		
27510	ซัปเปอร์	1	0.0	20827	0.06		
27511	ศิวลึงค์	1	0.0	23421	0.09		
27512	เคล้าคลึง	1	0.0	28177	0.18		
27513	ไตรรงค์	1	0.0	12747	0.01		
27514	ศิทธิ์	1	0.0	34516	speech-only		
27515	ปรินต์	1	0.0	22699	0.08		
27516	ใศ	1	0.0	35387	speech-only		
27517	เกศ	1	0.0	9171	0.01		
27518	บันยะบันยัง	1	0.0	17440	0.03		
27519	สภ	1	0.0	21320	0.06		
27520	หน้าใหญ่ใจโต	1	0.0	32044	speech-only	offensive	
27521	โห่ว	1	0.0	38710	speech-only		
27522	ชวาท	1	0.0	30864	speech-only		
27523	อักษรศาสตร	1	0.0	27136	0.15		
27524	ราชูปถัมภ์	1	0.0	9489	0.01		
27525	เด็กแว้น	1	0.0		speech-only	slang	
27526	หวาาา	1	0.0	18842	0.04		
27527	อนัม	1	0.0	36709	speech-only		
27528	กิ๋ว	1	0.0	37090	speech-only		
27529	แอร์บรัช	1	0.0	33701	speech-only		
27530	วรรณ์	1	0.0	15749	0.03		
27531	เฟลกซ์	1	0.0	38863	speech-only		
27532	กันสาด	1	0.0	23249	0.08		
27533	เกลส์	1	0.0	16096	0.03		
27534	ไพรเมต	1	0.0	31057	speech-only		
27535	ชมพูทวีป	1	0.0	9486	0.01		
27536	ตถาคต	1	0.0	12079	0.01		
27537	ภิกษุ	1	0.0	4115	0.00		
27538	เคียด	1	0.0	19673	0.05		
27539	โยนช์	1	0.0	28759	0.18		
27540	บิณฑบาต	1	0.0	9002	0.01		
27541	ไวพจน์	1	0.0	23549	0.09		
27542	ปาปัว	1	0.0	15281	0.02		
27543	โผลก	1	0.0	39469	speech-only		
27544	คุดทะราด	1	0.0	34017	speech-only		
27545	บุระ	1	0.0	29553	0.22		
27546	สูฐ	1	0.0	39017	speech-only		
27547	ราชกิจจานุเบกษา	1	0.0	2944	0.00		
27548	หมูสนาม	1	0.0	37334	speech-only		
27549	บุปผชาติ	1	0.0	15197	0.02		
27550	คนุท	1	0.0	21854	0.07		
27551	เถลือก	1	0.0	31945	speech-only		
27552	มิราจ	1	0.0	32918	speech-only		
27553	แกลดิส	1	0.0	27583	0.15		
27554	สโลวีเนีย	1	0.0	26177	0.13		
27555	พิวริตัน	1	0.0	17728	0.03		
27556	เกรกอเรียน	1	0.0	22373	0.07		
27557	ครุฑ	1	0.0	7379	0.00		
27558	สนึก	1	0.0	35197	speech-only		
27559	บิวด์	1	0.0	30006	0.22		
27560	ประเพณีนิยม	1	0.0	19063	0.04		
27561	ทรีม	1	0.0	38113	speech-only		
27562	ชิ้ร	1	0.0	37683	speech-only		
27563	ลัวะ	1	0.0	12957	0.02		
27564	ดัดตน	1	0.0	14005	0.02		
27565	ซึมทราบ	1	0.0	28586	0.18		
27566	สังข์	1	0.0	5833	0.00		
27567	เกณฆ์	1	0.0	36699	speech-only		
27568	ห้าบาทสิบบาท	1	0.0		speech-only	slang	
27569	ซอร์ซ	1	0.0	35032	speech-only		
27570	เดี้ย	1	0.0	39080	speech-only		
27571	ดวงแก้ว	1	0.0	16739	0.03		
27572	โช้ก	1	0.0	32632	speech-only		
27573	งค	1	0.0	27894	0.15		
27574	ไคร้	1	0.0	22196	0.07		
27575	คนี	1	0.0	27194	0.15		
27576	ชวาล	1	0.0	23383	0.09		
27577	ปากแบะ	1	0.0	24431	0.10		
27578	สัมบูรณ์	1	0.0	13511	0.02		
27579	กุฏ	1	0.0	27033	0.15		
27580	เสห่ห์	1	0.0	38648	speech-only		
27581	ลเลตต์	1	0.0	38000	speech-only		
27582	เหม็นเปรี้ยว	1	0.0	32400	speech-only		
27583	ฉาดฉาน	1	0.0	13497	0.02		
27584	กะหรี่ปั๊บ	1	0.0	23037	0.08		
27585	สังฆมณฑล	1	0.0	34160	speech-only		
27586	ผลุง	1	0.0	16677	0.03		
27587	ตีไก่	1	0.0	22345	0.07		
27588	โลท	1	0.0	31838	speech-only		
27589	ญัต	1	0.0	25773	0.12		
27590	แกรท	1	0.0	35178	speech-only		
27591	สมมต	1	0.0	20833	0.06		
27592	นุ่งกระโจมอก	1	0.0	23680	0.09		
27593	ซ้ำสาม	1	0.0	30880	speech-only		
27594	เบี่ยงบ่าย	1	0.0	31981	speech-only		
27595	ชะโด	1	0.0	11448	0.01		
27596	เชิงเดี่ยว	1	0.0	16773	0.03		
27597	วโรกาส	1	0.0	6297	0.00		
27598	พนะ	1	0.0	27086	0.15		
27599	วินาศภัย	1	0.0	9482	0.01		
27600	สลุต	1	0.0	24634	0.11		
27601	บลัช	1	0.0	20672	0.06		
27602	เชอร์เบท	1	0.0	27227	0.15		
27603	คัตเอาต์	1	0.0	32819	speech-only		
27604	ซั่นส์	1	0.0	20306	0.05		
27605	เรียงหน้ากระดาน	1	0.0	20259	0.05		
27606	จุฑา	1	0.0	12527	0.01		
27607	กระดูกดำ	1	0.0	25881	0.12		
27608	ธช	1	0.0	31769	speech-only		
27609	โบว์ลิง	1	0.0	26639	0.13		
27610	ผีตองเหลือง	1	0.0	30120	0.22		
27611	ยาฟ	1	0.0	25935	0.12		
27612	พล้ำ	1	0.0	34397	speech-only		
27613	ละเหี่ย	1	0.0	17782	0.04		
27614	สโวลด์	1	0.0	27589	0.15		
27615	ดับจิต	1	0.0	20647	0.06		
27616	ธำ	1	0.0	21838	0.07		
27617	รูปลอก	1	0.0	29490	0.22		
27618	รอเจอร์	1	0.0	18624	0.04		
27619	ซอยด์	1	0.0	18068	0.04		
27620	ฌาค	1	0.0	31377	speech-only		
27621	เย็นตา	1	0.0	19932	0.05		
27622	เอื้อก	1	0.0	25475	0.12		
27623	นวบ	1	0.0	34800	speech-only		
27624	เหล่น	1	0.0	39978	speech-only		
27625	ห้ามทัพ	1	0.0	15584	0.02		
27626	ภูมิรู้	1	0.0	19259	0.04		
27627	ศูตร	1	0.0	38341	speech-only		
27628	ระฟ้า	1	0.0	19927	0.05		
27629	ปุ่ย	1	0.0	32442	speech-only		
27630	คาร์ส	1	0.0	30717	speech-only		
27631	หัสดี	1	0.0	26557	0.13		
27632	เจริญพร	1	0.0	20473	0.05	colloquial	
27633	กิตติกรรมประกาศ	1	0.0	30873	speech-only		
27634	เชส์	1	0.0	37315	speech-only		
27635	ปร๊าค	1	0.0	30959	speech-only		
27636	แรงก์	1	0.0	33902	speech-only		
27637	เหญิง	1	0.0	33109	speech-only		
27638	ชเมก	1	0.0	37580	speech-only		
27639	คำร้องทุกข์	1	0.0	11319	0.01		
27640	ไครคอยด์	1	0.0	28555	0.18		
27641	ตัดหนทาง	1	0.0	30214	0.22		
27642	บุ้ยปาก	1	0.0	22232	0.07		
27643	บลน	1	0.0	32128	speech-only		
27644	ตรี้	1	0.0	27827	0.15		
27645	ท่ม	1	0.0	39423	speech-only		
27646	หอคำ	1	0.0	11009	0.01		
27647	ฝากประจำ	1	0.0	21573	0.06		
27648	ติบ	1	0.0	13567	0.02		
27649	สโสน	1	0.0	33983	speech-only		
27650	ยุรยาตร	1	0.0	26070	0.13		
27651	อินเทอร์น	1	0.0	31902	speech-only		
27652	ปลงชีวิต	1	0.0	23535	0.09		
27653	ยนส์	1	0.0	37898	speech-only		
27654	เอต์	1	0.0	29824	0.22		
27655	ปราบดาภิเษก	1	0.0	19764	0.05		
27656	ลักปิดลักเปิด	1	0.0	22075	0.07		
27657	ษณา	1	0.0	16071	0.03		
27658	ถนิม	1	0.0	19931	0.05		
27659	เยสเตอร์เดย์	1	0.0	38619	speech-only		
27660	พลาญ	1	0.0	25850	0.12		
27661	วิธาน	1	0.0	17092	0.03		
27662	โง่น	1	0.0	28508	0.18		
27663	ไม้สอย	1	0.0	19072	0.04		
27664	จำรัส	1	0.0	12543	0.01		
27665	เฮิร์ตซ์	1	0.0	18376	0.04		
27666	ลัวส์	1	0.0	34405	speech-only		
27667	แรงเคลื่อน	1	0.0	33212	speech-only		
27668	ล็อง	1	0.0	24660	0.11		
27669	สวรรคาลัย	1	0.0	20506	0.05		
27670	ถวัลย์	1	0.0	9140	0.01		
27671	กษัตริย	1	0.0	26316	0.13		
27672	พระราชสาส์น	1	0.0	14587	0.02		
27673	ประเทศราช	1	0.0	17718	0.03		
27674	ยุพราช	1	0.0	18481	0.04		
27675	คู้น	1	0.0	29938	0.22		
27676	ภส	1	0.0	36611	speech-only		
27677	หิ้น	1	0.0	30238	0.22		
27678	เตอ์	1	0.0	38350	speech-only		
27679	ปรอง	1	0.0	33319	speech-only		
27680	เมล็ก	1	0.0	36216	speech-only		
27681	ติโร	1	0.0	33500	speech-only		
27682	ทิจ	1	0.0	25006	0.11		
27683	สโทรส	1	0.0	33703	speech-only		
27684	ชต	1	0.0	33715	speech-only		
27685	ตรีคูณ	1	0.0	22002	0.07		
27686	คอม้า	1	0.0	28253	0.18		
27687	รไวซ์	1	0.0	34541	speech-only		
27688	บี้แบน	1	0.0	27724	0.15		
27689	วจ้า	1	0.0	30476	0.22		
27690	มัทนะ	1	0.0	17396	0.03		
27691	เสียเชิง	1	0.0	22953	0.08		
27692	อูบ	1	0.0	24698	0.11		
27693	ควิลท์	1	0.0	32412	speech-only		
27694	เสรษ	1	0.0	38707	speech-only		
27695	ตามมีตามเกิด	1	0.0	22642	0.08		
27696	โทษา	1	0.0	21983	0.07		
27697	วีร์	1	0.0	6736	0.00		
27698	ปั่ง	1	0.0	32432	speech-only		
27699	คลีส	1	0.0	32664	speech-only		
27700	สักร	1	0.0	28533	0.18		
27701	ท่ท	1	0.0	35520	speech-only		
27702	กะเตง	1	0.0	36972	speech-only		
27703	ไรต์	1	0.0	13302	0.02		
27704	เปลาะ	1	0.0	13777	0.02		
27705	ลุ้ง	1	0.0	28665	0.18		
27706	คำใต้	1	0.0	18385	0.04		
27707	เป่น	1	0.0	32234	speech-only		
27708	อีเก้ง	1	0.0	28547	0.18		
27709	ไตล์	1	0.0	32297	speech-only		
27710	ปากหนัก	1	0.0	21662	0.07		
27711	จัญ	1	0.0	25788	0.12		
27712	มั่นหมาย	1	0.0	14685	0.02		
27713	สภาว	1	0.0	12530	0.01		
27714	แตนท์	1	0.0	23024	0.08		
27715	ผาด	1	0.0	13078	0.02		
27716	ทองม้วน	1	0.0	17335	0.03		
27717	งาก	1	0.0	27918	0.18		
27718	เยื่อง	1	0.0	28710	0.18		
27719	ภาณ์	1	0.0	29094	0.18		
27720	เหล่ากอ	1	0.0	23828	0.09		
27721	วิลเฟรด	1	0.0	36769	speech-only		
27722	โยฮันน์	1	0.0	25015	0.11		
27723	ชาติชาย	1	0.0	9294	0.01		
27724	ด๊าย	1	0.0	26669	0.13		
27725	ครื้ม	1	0.0	27131	0.15		
27726	ประมวลการสอน	1	0.0	30308	0.22		
27727	แช็ต	1	0.0	34132	speech-only		
27728	รวท	1	0.0	38760	speech-only		
27729	ขนาม	1	0.0	34708	speech-only		
27730	ลปิน	1	0.0	33613	speech-only		
27731	ปรัส	1	0.0	33947	speech-only		
27732	เง็ง	1	0.0	33316	speech-only		
27733	ถุงย่าม	1	0.0	24916	0.11		
27734	สวาย	1	0.0	15847	0.03		
27735	ปากเซ	1	0.0	15648	0.03		
27736	สกุลรุนชาติ	1	0.0	25838	0.12		
27737	คอนเฟอเรนซ์	1	0.0	23272	0.08		
27738	แฟล็ท	1	0.0	36365	speech-only		
27739	อั้งโล่	1	0.0	26202	0.13		
27740	สกูด	1	0.0	37556	speech-only		
27741	ตริโปลี	1	0.0	15476	0.02		
27742	ซาท	1	0.0	33121	speech-only		
27743	ไทยรักไทย	1	0.0	5106	0.00		
27744	แหงะ	1	0.0	24132	0.10		
27745	ยาดำ	1	0.0	19882	0.05		
27746	สกีส์	1	0.0	20583	0.06		
27747	อลีน	1	0.0	35137	speech-only		
27748	สตอกโฮล์ม	1	0.0	21894	0.07		
27749	แกลน	1	0.0	23014	0.08		
27750	กะลิ้มกะเหลี่ย	1	0.0	21911	0.07		
27751	ชิงดวง	1	0.0	23285	0.08		
27752	แทนซ์	1	0.0	23412	0.09		
27753	เต๊ด	1	0.0	22884	0.08		
27754	ฝั่น	1	0.0	39187	speech-only		
27755	กลั๊ว	1	0.0	27520	0.15		
27756	ทุนรอน	1	0.0	15202	0.02		
27757	เด็กแดง	1	0.0	18840	0.04		
27758	นธ่า	1	0.0	35614	speech-only		
27759	เย่า	1	0.0	20548	0.06		
27760	กเฬวราก	1	0.0	38032	speech-only		
27761	อิ้น	1	0.0	17168	0.03		
27762	กลุ่น	1	0.0	25950	0.12		
27763	สวิงสวาย	1	0.0	27501	0.15		
27764	เยศ	1	0.0	34526	speech-only		
27765	ตถา	1	0.0	25336	0.12		
27766	กริยาวิเศษณ์	1	0.0	30063	0.22		
27767	เบ้ะ	1	0.0	35410	speech-only		
27768	โรโซ	1	0.0	40002	speech-only		
27769	ดอกเบี้ยทบต้น	1	0.0	20396	0.05		
27770	บิดซ้าย	1	0.0	32329	speech-only		
27771	กระสา	1	0.0	23558	0.09		
27772	หัวกระเด็น	1	0.0	36394	speech-only		
27773	เปล่าดาย	1	0.0	28652	0.18		
27774	ถี่ยิบ	1	0.0	15906	0.03		
27775	ตระวัน	1	0.0	35819	speech-only		
27776	งัว	1	0.0	19543	0.05		
27777	พัร	1	0.0	32907	speech-only		
27778	จั้น	1	0.0	25837	0.12		
27779	เลี้ยวเบน	1	0.0	7467	0.00		
27780	ฮวงซุ้ย	1	0.0	12329	0.01		
27781	อิงก์	1	0.0	33728	speech-only		
27782	โขะ	1	0.0	25759	0.12		
27783	เขะ	1	0.0	38702	speech-only		
27784	มิห	1	0.0	34163	speech-only		
27785	โอเปค	1	0.0	17853	0.04		
27786	โอเปก	1	0.0	16021	0.03		
27787	สิขา	1	0.0	26781	0.13		
27788	น๋ะ	1	0.0	33401	speech-only		
27789	ยงโย่	1	0.0	22800	0.08		
27790	เทพย	1	0.0	15124	0.02		
27791	หลังคาเรือน	1	0.0	11479	0.01		
27792	รอฟฟ์	1	0.0	35650	speech-only		
27793	หรัด	1	0.0	27130	0.15		
27794	ถบ	1	0.0	38666	speech-only		
27795	ปรีย	1	0.0	20466	0.05		
27796	บ่ายเบน	1	0.0	29795	0.22		
27797	แปล๊ก	1	0.0	31573	speech-only		
27798	สาหัสสากรรจ์	1	0.0	17186	0.03		
27799	จยา	1	0.0	33132	speech-only		
27800	ลติคส์	1	0.0	28231	0.18		
27801	พลโลก	1	0.0	26484	0.13		
27802	กระเซ้า	1	0.0	12950	0.02		
27803	มหัด	1	0.0	35519	speech-only		
27804	ไมก์	1	0.0	22298	0.07		
27805	นห้า	1	0.0	28680	0.18		
27806	พาหา	1	0.0	16938	0.03		
27807	พทย์	1	0.0	29912	0.22		
27808	ก้าบ	1	0.0	31584	speech-only	colloquial	
27809	จั้ก	1	0.0	23855	0.09		
27810	ก่าว	1	0.0	27634	0.15		
27811	วนิดา	1	0.0	13084	0.02		
27812	ปากขม	1	0.0	36523	speech-only		
27813	มลายู	1	0.0	6302	0.00		
27814	ผ้าตา	1	0.0	28704	0.18		
27815	โยด	1	0.0	27424	0.15		
27816	ลมแล้ง	1	0.0	19684	0.05		
27817	สุ่น	1	0.0	15735	0.03		
27818	จ้อยท์	1	0.0	37343	speech-only		
27819	ห่อหมก	1	0.0	13335	0.02		
27820	สีเสียด	1	0.0	33550	speech-only		
27821	สู้รบตบมือ	1	0.0	22130	0.07		
27822	สีห	1	0.0	16502	0.03		
27823	หงุ่น	1	0.0	30231	0.22		
27824	บุ้ม	1	0.0	38130	speech-only		
27825	ช้อม	1	0.0	38639	speech-only		
27826	จนม	1	0.0	37652	speech-only		
27827	สตอลท์	1	0.0	13871	0.02		
27828	แจ้ว	1	0.0	10662	0.01		
27829	หยั่งเสียง	1	0.0	14042	0.02		
27830	ปรนัย	1	0.0	17809	0.04		
27831	ประดู่	1	0.0	11927	0.01		
27832	กร๊อง	1	0.0	29323	0.22		
27833	ปัฏ	1	0.0	24547	0.10		
27834	ขยอก	1	0.0	24591	0.11		
27835	หน้าไฟ	1	0.0	22785	0.08		
27836	ลาศ	1	0.0	19755	0.05		
27837	พิไล	1	0.0	12469	0.01		
27838	ทับทรวง	1	0.0	11734	0.01		
27839	หรดี	1	0.0	30139	0.22		
27840	พาสน์	1	0.0	21053	0.06		
27841	ออลกา	1	0.0	35882	speech-only		
27842	กระเสาะกระแสะ	1	0.0	21145	0.06		
27843	เข้าหุ้น	1	0.0	15369	0.02		
27844	พิตร	1	0.0	24046	0.10		
27845	ษคน	1	0.0	34436	speech-only		
27846	โข่	1	0.0	22894	0.08		
27847	หล่าว	1	0.0	37516	speech-only		
27848	เดียก	1	0.0	35442	speech-only		
27849	ตองส์	1	0.0	39153	speech-only		
27850	ตัวยืน	1	0.0	19132	0.04		
27851	ปัล	1	0.0	23726	0.09		
27852	เดสก์ท	1	0.0	28149	0.18		
27853	สวอป	1	0.0	36975	speech-only		
27854	เช็ม	1	0.0	18871	0.04		
27855	เขี้ยวหนุมาน	1	0.0	30465	0.22		
27856	กระจิริด	1	0.0	20189	0.05		
27857	รังบวบ	1	0.0	28191	0.18		
27858	เอ่ง	1	0.0	28784	0.18		
27859	รานต์	1	0.0	34258	speech-only		
27860	สม่ำ	1	0.0	35130	speech-only		
27861	เอดินบะระ	1	0.0	28074	0.18		
27862	รงค	1	0.0	22769	0.08		
27863	เส่ง	1	0.0	15137	0.02		
27864	วเร	1	0.0	19647	0.05		
27865	ฮ่าย	1	0.0	37126	speech-only		
27866	แทนเจนต์	1	0.0	32606	speech-only		y
27867	ประสมประสาน	1	0.0	29999	0.22		
27868	ตีนตุ๊กแก	1	0.0	25259	0.12		
27869	คืก	1	0.0	27155	0.15		
27870	ดงค์	1	0.0	27944	0.18		
27871	มโหระทึก	1	0.0	22393	0.07		
27872	จ๋าย	1	0.0	33546	speech-only		
27873	ลั้ย	1	0.0	37338	speech-only		
27874	สจับ	1	0.0	37304	speech-only		
27875	โสมนัส	1	0.0	10063	0.01		
27876	ตุร	1	0.0	32670	speech-only		
27877	ไรแว๊	1	0.0		speech-only	colloquial	
27878	เธียนส์	1	0.0	26929	0.15		
27879	ฝึด	1	0.0	28611	0.18		
27880	พีนธ์	1	0.0	38044	speech-only		
27881	ปัปผาสะ	1	0.0	31441	speech-only		
27882	ชเนา	1	0.0	36923	speech-only		
27883	นารีผล	1	0.0	29759	0.22		
27884	ว็อง	1	0.0	30311	0.22		
27885	ผ่าง	1	0.0	25339	0.12		
27886	ความเฉื่อย	1	0.0	22180	0.07		y
27887	ไธรอยด์	1	0.0	26916	0.13		
27888	ยุ่งใจ	1	0.0	38526	speech-only		
27889	หีว	1	0.0	31279	speech-only		
27890	เผื่อเหลือเผื่อขาด	1	0.0	19754	0.05		
27891	พรับ	1	0.0	27197	0.15		
27892	กิย	1	0.0	23584	0.09		
27893	ชยาย	1	0.0	37104	speech-only		
27894	สากกะเบือยันเรือรบ	1	0.0		speech-only	slang	
27895	กอบด้วย	1	0.0	28012	0.18		
27896	ภูมิรัฐศาสตร์	1	0.0	23258	0.08		
27897	ฑุต	1	0.0	36983	speech-only		
27898	เคื่อน	1	0.0	32940	speech-only		
27899	มุขมนตรี	1	0.0	18102	0.04		
27900	ข้าพระ	1	0.0	18497	0.04		
27901	สินไหมทดแทน	1	0.0	24577	0.11		
27902	อรรถคดี	1	0.0	14845	0.02		
27903	ยานัตถุ์	1	0.0	14511	0.02		
27904	แช่ม	1	0.0	12758	0.01		
27905	ธรณ	1	0.0	24381	0.10		
27906	เปย	1	0.0	22032	0.07		
27907	เดี๋ยม	1	0.0	37043	speech-only		
27908	อุโฆษ	1	0.0	20784	0.06		
27909	แร็กต์	1	0.0	31434	speech-only		
27910	ศร์	1	0.0	37027	speech-only		
27911	ค่ล	1	0.0	26324	0.13		
27912	รายวิชา	1	0.0	15791	0.03		
27913	เอี๊ยะ	1	0.0	18384	0.04		
27914	วัณ	1	0.0	10068	0.01		
27915	ลายพระหัตถ์	1	0.0	13009	0.02		
27916	คะนึง	1	0.0	15626	0.03		
27917	วาห์ล	1	0.0	37615	speech-only		
27918	แขม	1	0.0	15895	0.03		
27919	เพนธ์	1	0.0	22036	0.07		
27920	ฝ่ามรสุม	1	0.0	27560	0.15		
27921	สมุส	1	0.0	32800	speech-only		
27922	สีล	1	0.0	21291	0.06		
27923	เป้อ	1	0.0	28926	0.18		
27924	พระราชนิพนธ์	1	0.0	4925	0.00		
27925	พวย	1	0.0	19336	0.04		
27926	เกลือก	1	0.0	19570	0.05		
27927	ยาต	1	0.0	19274	0.04		
27928	เบิกโรง	1	0.0	16804	0.03		
27929	ครูท	1	0.0	32776	speech-only		
27930	หง่อ	1	0.0	33501	speech-only		
27931	ตู๋	1	0.0	25533	0.12		
27932	อะลุ้มอล่วย	1	0.0	18118	0.04		
27933	บันเทิงคดี	1	0.0	7087	0.00		
27934	ภาษีมูลค่าเพิ่ม	1	0.0	8047	0.01		
27935	อิ๊ป	1	0.0	34490	speech-only		
27936	กลิ้งกลอก	1	0.0	35402	speech-only		
27937	โก้ง	1	0.0	28116	0.18		
27938	ไสม	1	0.0	32106	speech-only		
27939	น็อด	1	0.0	27871	0.15		
27940	เถน	1	0.0	25713	0.12		
27941	พสุ	1	0.0	28597	0.18		
27942	รนี	1	0.0	37063	speech-only		
27943	แอ่ม	1	0.0	22120	0.07		
27944	กาสร	1	0.0	29224	0.22		
27945	นืน	1	0.0	33955	speech-only		
27946	จำวัด	1	0.0	22255	0.07		
27947	อุร	1	0.0	6504	0.00		
27948	ยวล	1	0.0	29065	0.18		
27949	ษเรา	1	0.0	39841	speech-only		
27950	สสาย	1	0.0	39246	speech-only		
27951	กรีดนิ้ว	1	0.0	21995	0.07		
27952	ใภ้	1	0.0	30592	0.22		
27953	สขา	1	0.0	39257	speech-only		
27954	ไข่เหา	1	0.0	32852	speech-only		
27955	สคราม	1	0.0	39805	speech-only		
27956	หมูตั้ง	1	0.0	24934	0.11		
27957	อ๊าท	1	0.0	33770	speech-only		
27958	ตับแลบ	1	0.0		speech-only	slang	
27959	กกกกกกกกก	1	0.0	25038	0.11		
27960	พาไล	1	0.0	19254	0.04		
27961	บ๋วย	1	0.0	34955	speech-only		
27962	เปลี๊ยน	1	0.0	39313	speech-only		
27963	ปการ	1	0.0	19309	0.04		
27964	ขนบประเพณี	1	0.0	13308	0.02		
27965	ดงดิบ	1	0.0	22354	0.07		
27966	ขันหมาก	1	0.0	14286	0.02	slang	
27967	อันซ์	1	0.0	27763	0.15		
27968	เส้นรัศมี	1	0.0	32078	speech-only		
27969	แกร่	1	0.0	32986	speech-only		
27970	ร้าบ	1	0.0	23710	0.09		
27971	พ่อเมือง	1	0.0	13880	0.02		
27972	สุนทรียภาพ	1	0.0	10923	0.01		
27973	บรรณานุกรม	1	0.0	15896	0.03		
27974	รถะ	1	0.0	13731	0.02		
27975	สธี	1	0.0	31022	speech-only		
27976	เวอร์ธ	1	0.0	36242	speech-only		
27977	ข้าวเจ้า	1	0.0	11455	0.01		
27978	จุ๋งจิ๋ง	1	0.0	15022	0.02		
27979	โนว์ล	1	0.0	39491	speech-only		
27980	ฉวาก	1	0.0	37664	speech-only		
27981	เต้ย	1	0.0	18582	0.04		
27982	แป๊ง	1	0.0	34492	speech-only		
27983	เตโช	1	0.0	17436	0.03		
27984	อธิป	1	0.0	18264	0.04		
27985	แพ่น	1	0.0	34511	speech-only		
27986	กิจจา	1	0.0	14976	0.02		
27987	ริวกิว	1	0.0	24645	0.11		
27988	งอมืองอตีน	1	0.0	28453	0.18		
27989	นางรอง	1	0.0	21039	0.06		
27990	รอห์	1	0.0	36880	speech-only		
27991	ตาปู	1	0.0	22242	0.07		
27992	เมษ์	1	0.0	21679	0.07		
27993	แบกส์	1	0.0	37445	speech-only		
27994	น้ำท่า	1	0.0	14642	0.02		
27995	เต็มบ้านเต็มเมือง	1	0.0	22880	0.08		
27996	ล่าน	1	0.0	17429	0.03		
27997	นิตย	1	0.0	20183	0.05		
27998	อโนต	1	0.0	31493	speech-only		
27999	คูร์	1	0.0	25872	0.12		
28000	ว้าบ	1	0.0	35370	speech-only		
28001	เกี่ยน	1	0.0	35880	speech-only		
28002	โปรโมชัน	1	0.0	24553	0.10		
28003	เลียร์ส	1	0.0	18083	0.04		
28004	เบท์	1	0.0	30995	speech-only		
28005	ตกลูก	1	0.0	21580	0.06		
28006	กษณะ	1	0.0	24489	0.10		
28007	เดิด	1	0.0	26237	0.13		
28008	ปัดแข้งปัดขา	1	0.0	23625	0.09		
28009	ฮู้ว์	1	0.0	31352	speech-only		
28010	หว้าง	1	0.0	33985	speech-only		
28011	เห็ร	1	0.0	37637	speech-only		
28012	อุไร	1	0.0	9493	0.01		
28013	ท้อม	1	0.0	35499	speech-only		
28014	เฟร้น	1	0.0	39367	speech-only		
28015	อี๊ว	1	0.0	38033	speech-only		
28016	เอิ๊ญ	1	0.0	29887	0.22		
28017	เสิรฐ	1	0.0	26276	0.13		
28018	หวิน	1	0.0	17632	0.03		
28019	ขมัก	1	0.0	37040	speech-only		
28020	เขม้น	1	0.0	13890	0.02		
28021	เสิ้น	1	0.0	35171	speech-only		
28022	อิ๋น	1	0.0	20020	0.05		
28023	ฃง	1	0.0	32894	speech-only		
28024	เตฟ	1	0.0	28082	0.18		
28025	หม่อ	1	0.0	23935	0.09		
28026	มกุฎ	1	0.0	16052	0.03		
28027	ผวน	1	0.0	14524	0.02		
28028	หรณ์	1	0.0	21903	0.07		
28029	จุ้ม	1	0.0	16843	0.03		
28030	ช้างเหยียบ	1	0.0	22018	0.07		
28031	เดรื่อง	1	0.0	33272	speech-only		
28032	ผ่ง	1	0.0	34146	speech-only		
28033	เอี๋ยว	1	0.0	29500	0.22		
28034	เบาแรง	1	0.0	20665	0.06		
28035	มัวซัว	1	0.0	22609	0.08		
28036	อุบอิบ	1	0.0	9650	0.01		
28037	คอนแทรค	1	0.0	31717	speech-only		
28038	ผัสสะ	1	0.0	8214	0.01		
28039	ฉากใหญ่	1	0.0	22081	0.07		
28040	ยีส	1	0.0	34168	speech-only		
28041	เซี่ยว	1	0.0	16813	0.03		
28042	เซต์	1	0.0	34502	speech-only		
28043	เซี้ยง	1	0.0	17214	0.03		
28044	วืท	1	0.0	34367	speech-only		
28045	เกิบ	1	0.0	24066	0.10		
28046	ละมุด	1	0.0	14359	0.02		
28047	ตั๋วแลกเงิน	1	0.0	16400	0.03		
28048	นวา	1	0.0	14633	0.02		
28049	ฝจ	1	0.0	39739	speech-only		
28050	สราญ	1	0.0	13427	0.02		
28051	พอมีพอกิน	1	0.0	19264	0.04		
28052	ปฏิมากร	1	0.0	21377	0.06		
28053	คิวท์	1	0.0	39283	speech-only		
28054	สุนท	1	0.0	29504	0.22		
28055	กร่ำ	1	0.0	17115	0.03		
28056	ทัลส์	1	0.0	39054	speech-only		
28057	เป็นวรรคเป็นเวร	1	0.0	20738	0.06		
28058	พักร	1	0.0	21462	0.06		
28059	ปีเศษ	1	0.0	7363	0.00		
28060	บัญชีเดินสะพัด	1	0.0	11119	0.01		
28061	ฮั้น	1	0.0	27476	0.15		
28062	จึ้ก	1	0.0	22629	0.08		
28063	ลองกอง	1	0.0	24033	0.10		
28064	เป็นเนื้อเป็นหนัง	1	0.0	33838	speech-only		
28065	บิดพลิ้ว	1	0.0	17529	0.03		
28066	สวิสส์	1	0.0	23848	0.09		
28067	แพลงค์	1	0.0	24941	0.11		
28068	ศักย์	1	0.0	21886	0.07		
28069	งกเงิ่น	1	0.0	26504	0.13		
28070	กามตัณหา	1	0.0	16271	0.03		
28071	หัวแหวน	1	0.0	17199	0.03		
28072	ร่าว	1	0.0	29214	0.22		
28073	ส่าว	1	0.0	36349	speech-only		
28074	ข้าวเก่า	1	0.0	23952	0.10		
28075	ศาสน์	1	0.0	12447	0.01		
28076	เฟื้อ	1	0.0	21193	0.06		
28077	กินแรง	1	0.0	22649	0.08		
28078	นงคราญ	1	0.0	24617	0.11		
28079	บานเช้า	1	0.0	31798	speech-only		
28080	ฮอยล์	1	0.0	37636	speech-only		
28081	อะโดบี	1	0.0	31452	speech-only		
28082	ซิมเปิล	1	0.0	24692	0.11		
28083	มักซ์	1	0.0	38703	speech-only		
28084	สารแขวนลอย	1	0.0	19383	0.05		
28085	ระรวย	1	0.0	21144	0.06		
28086	พญาโศก	1	0.0	36435	speech-only		
28087	หาาาาาาาาาา	1	0.0	34252	speech-only		
28088	ผักบุ้ง	1	0.0	8325	0.01		
28089	ปิตุลา	1	0.0	23729	0.09		
28090	ขยั้น	1	0.0	30216	0.22		
28091	ไชค์	1	0.0	36669	speech-only		
28092	ไม้เมตร	1	0.0	28529	0.18		
28093	ตะปูควง	1	0.0	32889	speech-only		
28094	ซันเด	1	0.0	37699	speech-only		
28095	อลวน	1	0.0	17944	0.04		
28096	ฮูห	1	0.0	22759	0.08		
28097	ออเซาะ	1	0.0	16150	0.03		
28098	เทียนพรรษา	1	0.0	21535	0.06		
28099	ขนมโก๋	1	0.0	26239	0.13		
28100	พั่ว	1	0.0	20231	0.05		
28101	ปะรำ	1	0.0	14148	0.02		
28102	เทร้าซ์	1	0.0	38399	speech-only		
28103	กะตัก	1	0.0	24849	0.11		
28104	แคลไซต์	1	0.0	35737	speech-only		
28105	หัวลิง	1	0.0	19747	0.05		
28106	เอ็กซ์ปอร์ต	1	0.0	36202	speech-only		
28107	เบลย	1	0.0	32610	speech-only		
28108	พระนารายณ์	1	0.0	12795	0.01		
28109	ตีผึ้ง	1	0.0	21224	0.06		
28110	ยศาสตร์	1	0.0	14590	0.02		
28111	รู้จักมักคุ้น	1	0.0	13035	0.02		
28112	หมอพ	1	0.0	37077	speech-only		
28113	กระซับ	1	0.0	26577	0.13		
28114	อัตภาพ	1	0.0	10091	0.01		
28115	ธรรมชาตินิยม	1	0.0	20291	0.05		
28116	รวต	1	0.0	39727	speech-only		
28117	ปฏิเสธข่าว	1	0.0	20515	0.05		
28118	โกรว์	1	0.0	25719	0.12		
28119	นักษัตร	1	0.0	12188	0.01		
28120	แอว	1	0.0	34257	speech-only		
28121	เอทิลแอลกอฮอล์	1	0.0	24542	0.10		
28122	ทัศนาจร	1	0.0	10840	0.01		
28123	จ๋าาา	1	0.0	31959	speech-only		
28124	รัดด์	1	0.0	19905	0.05		
28125	ซุเปอร์สตาร์	1	0.0	31087	speech-only		
28126	จริย	1	0.0	16663	0.03		
28127	เอียงอาย	1	0.0	15042	0.02		
28128	เผ่ง	1	0.0	36610	speech-only		
28129	สีทันดร	1	0.0	21035	0.06		
28130	แถ่	1	0.0	27778	0.15		
28131	นีว	1	0.0	35483	speech-only		
28132	กอร์ป	1	0.0	16948	0.03		
28133	แพลงก์	1	0.0	36911	speech-only		
28134	ธิติ	1	0.0	15706	0.03		
28135	อุ้น	1	0.0	37841	speech-only		
28136	ขอบเรือ	1	0.0	23917	0.09		
28137	ษฐ์	1	0.0	36832	speech-only		
28138	บูญ	1	0.0	30677	speech-only		
28139	สังฆนายก	1	0.0	27923	0.18		
28140	สูน	1	0.0	29754	0.22		
28141	ก้านบัว	1	0.0	22802	0.08		
28142	ถวาม	1	0.0	32910	speech-only		
28143	ช่ะ	1	0.0	31540	speech-only	slang	
28144	เนท์	1	0.0	25448	0.12		
28145	คึ่ง	1	0.0	38959	speech-only		
28146	ฮึ่ก	1	0.0	31059	speech-only		
28147	กายส์	1	0.0	5589	0.00		
28148	พระชนม์ชีพ	1	0.0	15128	0.02		
28149	อาฮ์	1	0.0	35716	speech-only		
28150	เคร็ท	1	0.0	32769	speech-only		
28151	ฦา	1	0.0	29361	0.22		
28152	มะละกา	1	0.0	16371	0.03		
28153	เหนียวหนืด	1	0.0	30456	0.22		
28154	เรอร์ส	1	0.0	32256	speech-only		
28155	พิพิธภัณฑสถาน	1	0.0	11820	0.01		
28156	สรส	1	0.0	39086	speech-only		
28157	ตะเพียน	1	0.0	21466	0.06		
28158	เดื่อ	1	0.0	32751	speech-only		
28159	ฉิก	1	0.0	30076	0.22		
28160	คงกระพันชาตรี	1	0.0	32772	speech-only		
28161	กรุ้ม	1	0.0	34363	speech-only		
28162	บทกวีนิพนธ์	1	0.0	19449	0.05		
28163	สลับฉาก	1	0.0	20842	0.06		
28164	สสึก	1	0.0	36082	speech-only		
28165	เฮิทซ์	1	0.0	21218	0.06		
28166	ไกรศรี	1	0.0	28462	0.18		
28167	วรรธนะ	1	0.0	12644	0.01		
28168	ปถ	1	0.0	34885	speech-only		
28169	เดินตลาด	1	0.0	18509	0.04		
28170	ฮู่ว์	1	0.0	25159	0.11		
28171	พลีต	1	0.0	34341	speech-only		
28172	วาช	1	0.0	26113	0.13		
28173	แตมป์	1	0.0	10478	0.01		
28174	หมาว	1	0.0	34441	speech-only		
28175	ตรอมตรม	1	0.0	25626	0.12		
28176	กาลสมัย	1	0.0	13002	0.02		
28177	เนิบ	1	0.0	11428	0.01		
28178	ยุธ	1	0.0	30688	speech-only		
28179	ใบบอก	1	0.0	19615	0.05		
28180	ถมึงทึง	1	0.0	17456	0.03		
28181	ยูนิเวอร์ซิตี้	1	0.0	21785	0.07		
28182	เรียซ	1	0.0	29783	0.22		
28183	หาาาาาา	1	0.0	27979	0.18		
28184	เชิ่น	1	0.0	22042	0.07		
28185	กั๊ว	1	0.0	28433	0.18		
28186	ตเตร	1	0.0	25224	0.11		
28187	ค่าธรรมเนียมศาล	1	0.0	29068	0.18		
28188	ภีร	1	0.0	16760	0.03		
28189	เกี่ยวเบ็ด	1	0.0	25922	0.12		
28190	ลอฟฟ์	1	0.0	36278	speech-only		
28191	กรอสส์	1	0.0	25923	0.12		
28192	ทะนา	1	0.0	33582	speech-only		
28193	ชรีย์	1	0.0	29899	0.22		
28194	หมักหมม	1	0.0	13482	0.02		
28195	มริด	1	0.0	31484	speech-only		
28196	ก๋อย	1	0.0	31298	speech-only		
28197	อาร์ติส	1	0.0	29479	0.22		
28198	ปริ๊นส์	1	0.0	37308	speech-only		
28199	ศิร	1	0.0	15422	0.02		
28200	นางอาย	1	0.0	39995	speech-only		
28201	ไอ้หน้าด้าน	1	0.0		speech-only	offensive	
28202	ลไบร์ท	1	0.0	39095	speech-only		
28203	เนื้อง	1	0.0	32722	speech-only		
28204	ใผ	1	0.0	27374	0.15		
28205	แฮงส์	1	0.0	37417	speech-only		
28206	พริ้นเตอร์	1	0.0	34559	speech-only		
28207	เด่ย	1	0.0	38475	speech-only		
28208	ตป	1	0.0	26696	0.13		
28209	อินพุท	1	0.0	22027	0.07		
28210	หอยโข่ง	1	0.0	15433	0.02		
28211	บวด	1	0.0	23672	0.09		
28212	ปุต	1	0.0	20741	0.06		
28213	มลัง	1	0.0	38117	speech-only		
28214	ไก๊	1	0.0	20251	0.05		
28215	ฉบัย	1	0.0	35983	speech-only		
28216	ธรรมาสน์	1	0.0	15964	0.03		
28217	แต้นท์	1	0.0	28386	0.18		
28218	วคอมบ์	1	0.0	34614	speech-only		
28219	สงัค	1	0.0	37144	speech-only		
28220	ตาร้าย	1	0.0	26815	0.13		
28221	ปากฉลาม	1	0.0	30837	speech-only		
28222	อโณทัย	1	0.0	30468	0.22		
28223	ปล๋า	1	0.0	37960	speech-only		
28224	สัมผัสอักษร	1	0.0	23669	0.09		
28225	ถ่อน	1	0.0	37149	speech-only		
28226	กวัดไกว	1	0.0	28103	0.18		
28227	ไม้ดำ	1	0.0	30824	speech-only		
28228	เรือม	1	0.0	37437	speech-only		
28229	ระหาย	1	0.0	25287	0.12		
28230	สภาบัน	1	0.0	23095	0.08		
28231	คัฐ	1	0.0	36455	speech-only		
28232	ไซอัล	1	0.0	38094	speech-only		
28233	ขี้หมูขี้หมา	1	0.0		speech-only	slang	
28234	อุทุมพร	1	0.0	14258	0.02		
28235	เด็กอนามัย	1	0.0		speech-only	slang	
28236	ยรร	1	0.0	30929	speech-only		
28237	งห์	1	0.0	36545	speech-only		
28238	เจือน	1	0.0	39577	speech-only		
28239	ถิ่ม	1	0.0	37481	speech-only		
28240	เอ้อเฮอ	1	0.0	31525	speech-only		
28241	เธนอน	1	0.0	32542	speech-only		
28242	เกี่ยม	1	0.0	29939	0.22		
28243	สบ๊าย	1	0.0	27799	0.15		
28244	ข้าวฟ่าง	1	0.0	10184	0.01		
28245	หักมุก	1	0.0	33682	speech-only		
28246	ดุ๊บ	1	0.0	29577	0.22		
28247	อีจู้	1	0.0	23502	0.09		
28248	ฮาราเร	1	0.0	31654	speech-only		
28249	คุณูปการ	1	0.0	9834	0.01		
28250	ความหน่วง	1	0.0	33468	speech-only		
28251	เล้ม	1	0.0	31492	speech-only		
28252	แนวเส้นตรง	1	0.0	19713	0.05		
28253	รัชช	1	0.0	24778	0.11		
28254	สกินส์	1	0.0	36434	speech-only		
28255	นริง	1	0.0	39345	speech-only		
28256	นุต	1	0.0	24155	0.10		
28257	ช้ำเลือดช้ำหนอง	1	0.0	26394	0.13		
28258	วายปราณ	1	0.0	34074	speech-only		
28259	ผุดลุกผุดนั่ง	1	0.0	24827	0.11		
28260	เรือหลวง	1	0.0	24944	0.11		
28261	สเล่า	1	0.0	37254	speech-only		
28262	ปูม้า	1	0.0	19614	0.05		
28263	มฆ	1	0.0	26730	0.13		
28264	เรืองนาม	1	0.0	24805	0.11		
28265	ยยยยยยยยยยยยยยย	1	0.0	36522	speech-only		
28266	กลวม	1	0.0	39379	speech-only		
28267	รตีส	1	0.0	7414	0.00		
28268	ชนิ	1	0.0	18520	0.04		
28269	เวพ	1	0.0	27686	0.15		
28270	นัฐ	1	0.0	15774	0.03		
28271	พะวักพะวน	1	0.0	22947	0.08		
28272	เฟื่องฟ้า	1	0.0	13483	0.02		
28273	เฟรล	1	0.0	20586	0.06		
28274	แคเมอรูน	1	0.0	24122	0.10		
28275	สองเกลอ	1	0.0	27814	0.15		
28276	โก๊	1	0.0	30408	0.22		
28277	กระแห	1	0.0	29157	0.18		
28278	ท้องคัดท้องแข็ง	1	0.0	22365	0.07		
28279	อาจิณ	1	0.0	13178	0.02		
28280	ลิสซิ่ง	1	0.0	30425	0.22		
28281	ตราสัง	1	0.0	29472	0.22		
28282	ไย่	1	0.0	29821	0.22		
28283	ไม้ตรี	1	0.0	27687	0.15		
28284	บานเย็น	1	0.0	19233	0.04		
28285	โนจ	1	0.0	35672	speech-only		
28286	ฑร	1	0.0	36981	speech-only		
