ใช่	56191
ไม่	53191
โอเค	34372
โอ้	32388
เฮ้	28803
เอ่อ	16381
ครับ	15307
นี่	13991
อืม	13936
ขอบคุณ	13403
อะไรนะ	12803
แต่	12139
เอาล่ะ	10762
อะไร	10381
ค่ะ	10103
และ	9891
พระเจ้า	9878
ฟังนะ	9845
ฉัน	8861
ดี	7635
ได้โปรด	7488
แน่นอน	7455
แล้ว	7396
ทำไม	7115
ได้	7074
ไม่เป็นไร	6867
ไป	6812
ที่รัก	6733
โอ	6719
งั้น	6590
คุณ	6302
เกิดอะไรขึ้น	6287
เดี๋ยว	6169
ปี	6131
ตอนนี้	6002
อ่า	5893
แม่	5662
ก็ได้	5648
พ่อ	5529
สวัสดี	5404
ฉันรู้	5236
ว้าว	5041
ไม่นะ	4899
ใช่แล้ว	4884
ใช่ไหม	4805
ผม	4803
เปล่า	4670
ใช่มั้ย	4664
ดังนั้น	4633
คือ	4606
เร็วเข้า	4514
หวัดดี	4276
คน	4187
ฉันขอโทษ	4186
เหรอ	4119
เพื่อน	4108
ไม่เอาน่า	4100
นะ	4096
ตกลง	4095
อ้อ	4076
จริงเหรอ	4067
หรือ	3946
เยี่ยม	3891
เออ	3851
ไง	3738
ไม่ใช่	3726
ไปกันเถอะ	3680
ฮัลโหล	3623
เดี๋ยวก่อน	3534
นาที	3450
แต่ว่า	3433
หยุด	3423
ฉันไม่รู้	3367
ขอโทษนะ	3355
ั	3354
ดร	3265
ขอบใจ	3244
ขอโทษ	3163
ขอบคุณครับ	3147
ไม่รู้สิ	3064
ฉันหมายถึง	2979
ว่าไง	2947
ขอบคุณค่ะ	2899
อา	2873
ทำไมล่ะ	2860
อ้า	2730
อย่า	2722
เฮ้ย	2697
ก็	2601
เธอ	2599
นั่น	2598
โทษที	2594
มานี่	2579
โอ้ว	2541
เอาละ	2528
ดูสิ	2497
กับ	2497
บาย	2495
อ๋อ	2472
บางที	2471
จริงๆ	2464
จอห์น	2438
หา	2434
ดีมาก	2432
หยุดนะ	2376
พวก	2371
ขอโทษครับ	2362
ผมรู้	2357
มัน	2310
โ	2307
ผมขอโทษ	2294
ได้เลย	2264
แซม	2254
ทุกคน	2252
ไม่หรอก	2251
รู้มั้ย	2248
ช	2231
ได้สิ	2213
งั้นเหรอ	2211
พี่	2182
ไม่มีทาง	2153
ฉันคิดว่า	2141
ถูกต้อง	2124
ช่วยด้วย	2108
สวัสดีครับ	2088
อืมม	2060
สวัสดีค่ะ	2051
รู้ไหม	2012
เอ๋	2003
ไม่ได้	1949
ชัค	1942
ไม่มี	1926
หือ	1919
เดี๋ยวนะ	1912
เย้	1899
ไปเถอะ	1897
เร็ว	1882
ไม่มีอะไร	1867
เอาเลย	1854
ที่	1830
มาเร็ว	1825
เอ๊ะ	1817
เลย	1804
มาเถอะ	1793
เดี๋ยวนี้	1791
ฝ่าบาท	1778
วัน	1766
ใช่เลย	1756
มา	1749
ใช่ครับ	1745
ให้ตายสิ	1744
นาย	1739
โอ้พระเจ้า	1732
ขอโทษค่ะ	1713
ท่าน	1709
ถ้างั้น	1706
อรุณสวัสดิ์	1701
อ๊ะ	1700
เขา	1692
ขอบคุณมาก	1681
ช่าย	1659
ออกไป	1657
แล้วก็	1646
ผมหมายถึง	1634
ใคร	1622
ลาก่อน	1607
ขอบคุณนะ	1586
โว้ว	1578
ชั่วโมง	1575
ไม่ต้องห่วง	1574
ทางนี้	1569
ใน	1556
อะไรน่ะ	1544
ผมไม่รู้	1541
ไม่เลย	1535
แค่	1534
ใช่ค่ะ	1514
ไม่ครับ	1484
นั่นแหละ	1482
ไม่ค่ะ	1479
ไมค์	1478
ใช่สิ	1477
จริง	1472
ว่าไงนะ	1468
มีอะไร	1463
แล้วไง	1462
ดีน	1456
มาสิ	1439
เรา	1433
หัวหน้า	1424
มี	1421
ที่นี่	1416
ปีเตอร์	1402
แจ็ค	1392
คะ	1386
หืม	1383
สอง	1379
เป็นไงบ้าง	1373
ลูกรัก	1368
ไมเคิล	1368
หมายความว่าไง	1366
ใจเย็น	1360
จริงๆแล้ว	1350
คือว่า	1340
หุบปาก	1332
นี่คือ	1332
เข้าใจมั้ย	1321
อีก	1315
ขอบใจนะ	1313
เพราะว่า	1306
วันนี้	1305
หนึ่ง	1300
เข้าใจไหม	1298
อือ	1297
อะไรกัน	1292
ไปเลย	1289
ไม่ๆ	1277
โอ๊ย	1277
ฉันเข้าใจ	1264
ซู	1251
ไม่เป็นไรหรอก	1248
ขอโทษที	1244
นี้	1244
ฮ	1243
โอ๊ะ	1236
ระวัง	1235
แหม	1222
ผมคิดว่า	1212
เข้าใจแล้ว	1208
พวกเรา	1207
อะไรเหรอ	1202
ก็ดี	1197
นี่ไง	1189
จริงหรอ	1182
ยังไง	1172
ใจเย็นๆ	1172
ครั้ง	1172
ฉันเสียใจ	1148
นิค	1147
ฉันแค่	1144
ชาร์ลี	1139
ท่านครับ	1136
มีอะไรเหรอ	1131
คุณก็รู้	1125
เหรียญ	1122
ไปเร็ว	1120
อ่อ	1119
รับทราบ	1118
รอก่อน	1112
ลี	1111
หมายถึง	1107
วิ่ง	1101
เยี่ยมเลย	1100
ยังไงก็ตาม	1098
อื้ม	1081
แม่คะ	1075
อ้าว	1073
ราตรีสวัสดิ์	1070
มอร์แกน	1070
ของ	1062
โอเคไหม	1057
ชม	1057
บ้าจริง	1050
ยัง	1050
ฉันเอง	1048
ได้ครับ	1040
สาม	1038
ดูนี่สิ	1035
ฉันว่า	1031
จาก	1031
ไฮ	1026
แบบว่า	1021
อะไรเนี่ย	1021
พ่อคะ	1020
พระเจ้าช่วย	1019
แก	1014
อ๊า	1012
ถอยไป	1010
ครับผม	1005
ฮะ	1005
ด้วย	1001
เดือน	992
ที่ไหน	991
ลูก	979
ว่า	977
เยี่ยมมาก	973
ปีก่อน	973
มันคืออะไร	971
ตกลงไหม	969
ได้โปรดเถอะ	968
ได้ค่ะ	967
ทอม	967
เอาน่า	966
อย่างไรก็ตาม	960
แล้วเจอกัน	959
เพราะ	959
เห็นมั้ย	957
นั่นไง	956
ฉันทำไม่ได้	954
เดวิด	951
อายุ	947
อาจารย์	944
วินาที	943
ขวบ	939
จริงๆนะ	938
ดู	938
เฮนรี่	936
น	934
ไม่ล่ะ	933
ครับท่าน	930
ลุกขึ้น	927
โอเคมั้ย	924
ขอโทษนะคะ	914
วอลเตอร์	913
คุณเป็นใคร	912
เด็กๆ	910
น่ะ	908
คุณผู้หญิง	907
เป็นไปไม่ได้	907
จนท	906
พอได้แล้ว	903
โจ	899
กัปตัน	898
ม	898
แม่ครับ	896
นี่มัน	896
เมอร์ลิน	892
พอล	889
รอเดี๋ยว	885
ดีแล้ว	882
เอมิลี่	880
ที่จริง	880
เห็นไหม	878
คุณพูดถูก	877
คืนนี้	875
โธ่	873
บ้าเอ๊ย	873
คุณรู้ไหม	871
แต่ตอนนี้	868
ในที่สุด	867
ณ	867
เจมส์	864
อีกอย่าง	862
เมื่อ	861
เจน	860
ตอนที่	859
เอ	859
เป็น	853
พี่ชาย	847
ให้ตายเถอะ	845
ขอร้องล่ะ	845
นั่นมัน	843
ใช่ๆ	842
ห๊ะ	840
เจค	838
นั่งลง	837
อเล็กซ์	834
ขอบคุณพระเจ้า	829
เอ้อ	829
ไม่เป็นไรนะ	824
ไปได้แล้ว	823
ไม่มีปัญหา	822
ฮ่า	818
โอ้ย	815
คุณรู้มั้ย	814
ก็ใช่	811
คุณมาทำอะไรที่นี่	808
โอเคนะ	805
หรอ	805
พอแล้ว	802
เฮ้อ	801
ไอ้หนู	800
เบน	798
ผอ	798
เอิ่ม	794
อาจจะ	793
ทีนี้	792
ตรงนี้	790
ฉันไม่เข้าใจ	787
เอ้า	784
เพราะงั้น	784
หัวเราะ	781
มันจบแล้ว	781
ผมเข้าใจ	776
ใช่มั๊ย	774
ฉันไม่เป็นไร	770
ขอร้อง	770
อย่าขยับ	766
ไมล์	763
ยินดีด้วย	761
เร็วๆ	760
ฉันสบายดี	758
เปิดประตู	753
ถ้า	748
ดีเลย	745
ไปสิ	743
คุณครับ	743
เฮ	742
ได้แล้ว	740
หยุดก่อน	738
อ่ะ	737
เอเลน่า	735
ถึง	735
เข้ามา	732
นี่อะไร	731
สาวๆ	731
มาเลย	730
ปีแล้ว	730
สเตฟาน	729
มานี่สิ	727
เอาหล่ะ	723
ร	721
นั่นอะไร	718
โชคดี	717
อะ	716
ฉันสัญญา	715
บิล	715
เจสัน	713
จริงด้วย	713
ไม่ต้อง	708
แคลร์	707
จริงหรือ	704
มันคือ	704
คิม	704
ฉันไม่	703
ตายแล้ว	700
แดน	700
ทอมมี่	699
และตอนนี้	698
จิม	696
ให้ตาย	693
เป็นยังไงบ้าง	693
เรย์	693
อย่านะ	692
คุณนักสืบ	691
พรุ่งนี้	691
ชั้น	690
ประมาณ	685
ฉันต้องไปแล้ว	684
ฉันก็เหมือนกัน	683
ยินดีต้อนรับ	682
ซาร่า	682
เข้ามาสิ	681
ขอโทษนะครับ	677
จริงสิ	677
แม็กซ์	676
อดัม	676
เอาสิ	675
ล่ะ	675
เจฟ	673
ตาย	670
ช่างมันเถอะ	666
ไม่เป็นไรค่ะ	661
ที่จริงแล้ว	660
อะไรล่ะ	659
ปีที่แล้ว	659
ไม่สิ	657
จอร์จ	656
เดอะ	655
แมรี่	653
ซูซาน	652
หลังจากนั้น	650
แดนนี่	649
แฟรงค์	649
ชื่อ	649
อื้อ	648
น้อย	647
สาวน้อย	646
บี	643
ส	643
ไม่รู้	638
วันที่	637
อีกครั้ง	632
บ้าเอ้ย	629
ฉันด้วย	629
อย่างน้อย	625
ทั้งหมด	625
ของฉัน	624
เร็วสิ	623
โทษทีนะ	623
โชคดีนะ	622
ท่านประธาน	620
ตกลงมั้ย	620
พ่อครับ	619
เรเชล	617
ถ้าอย่างนั้น	615
อย่าง	615
อันที่จริง	614
ดูนี่	612
หรือว่า	612
ฉันรักเธอ	611
ไม่เอา	610
ขอโทษด้วย	609
เป็นไง	609
ผมเสียใจ	608
นั่นสิ	607
บ๊อบบี้	606
หมอ	605
แจ๊ค	603
ล้าน	603
คืออะไร	602
คุณพระช่วย	600
ฟุต	600
สุดยอด	598
ต่อไป	598
ทำไมเหรอ	598
อ	598
แบลร์	597
ไปซะ	596
เด็ก	593
พวกเขา	592
อืมมม	591
ผมรักคุณ	590
การ์เซีย	590
หมายความว่ายังไง	588
ยิง	588
ไปกัน	586
แอนดี้	585
จากนั้น	585
เจนนี่	584
นี่มันอะไรกัน	584
หยุดเถอะ	583
เรียบร้อย	583
ของคุณ	576
โอลิเวอร์	574
ซี	573
ไอ้บ้า	572
คุณต้องการอะไร	572
เถอะน่า	572
เจ๋ง	572
คาร์ล	572
คริส	571
โมง	571
ขอบคุณมากครับ	569
ไม่ใช่เหรอ	569
แดเนียล	568
เขาบอกว่า	568
ฉันรักคุณ	567
ไม่เป็นไรครับ	565
เดี๋ยวสิ	565
จอช	563
ก็แค่	563
ผมเอง	562
เงียบ	562
เรื่องอะไร	561
ไปได้	561
โอเค้	559
แล้วคุณล่ะ	559
คุณคะ	552
เดฟ	549
หมอบลง	548
แอนนี่	547
รู้แล้ว	546
ข้า	546
เด็กน้อย	544
มาร์ค	544
งั้นก็	543
เจ้าหน้าที่	543
เราต้องไปแล้ว	542
ฟังน่ะ	542
เหมือนกัน	542
ผมว่า	542
ไม่ๆๆ	541
แน่ใจนะ	540
เสียใจด้วย	539
โอว	539
ผมแค่	538
นายท่าน	537
ผู้หญิง	537
สเปนเซอร์	536
ฉันรู้ว่า	535
เคท	534
เช่น	531
ว่าแต่	531
ไทเลอร์	531
เพราะฉะนั้น	530
มันเป็น	530
ทุกอย่าง	529
เอมี่	528
เพลง	526
ถูก	526
แย่แล้ว	524
ดูเหมือนว่า	524
นั่นคือ	524
เธอพูดถูก	523
คุณคิดว่า	522
ดื่ม	521
ว่ามั้ย	519
ปธน	519
เยี่ยมไปเลย	516
มาแล้ว	516
แฮร์รี่	514
บางครั้ง	513
พวกนาย	513
งั้นหรอ	512
รุ่นพี่	512
จอห์นนี่	510
เฮ่	508
ดูนั่นสิ	508
ฉันรู้แล้ว	507
หน่อย	507
ตัว	507
ไม่จริง	503
คุณพ่อ	502
จิมมี่	499
แม่ง	499
เรื่อง	499
คุณกำลังทำอะไร	498
เดม่อน	498
ไปให้พ้น	498
โว้	497
ริค	496
สำหรับ	496
มาร์ติน	495
เจ	493
หมายความว่า	492
โย่	490
ช่างเถอะ	487
พร้อม	486
จำได้ไหม	486
ผมสัญญา	486
วอน	486
ฉันชื่อ	485
สิ	485
นั้น	485
เวลา	485
รู้อะไรมั้ย	480
อะไรกันเนี่ย	479
ผมชื่อ	479
คุณหมอ	478
เพื่ออะไร	477
หนู	477
จ้ะ	476
พี่คะ	476
เมื่อไหร่	474
เดี๋ยวก่อนนะ	473
ได้ไหม	473
ช่วยฉันด้วย	472
จริงมั้ย	472
ฉันจะ	472
ซาร่าห์	471
ทำอะไรน่ะ	471
ออกมา	471
เจ้า	469
อาเบด	468
เควิน	468
อี	468
โทษนะ	466
นั่นอะไรน่ะ	466
ทรอย	465
ไม่เคย	465
ก็คือ	464
เซรีน่า	464
และก็	463
โอเค๊	462
เจ้านาย	462
ตรงนั้น	462
อยู่	462
เด็กซ์เตอร์	461
เข้าใจ	460
คุณรู้	459
คุณจะทำอะไร	458
ฮา	458
อย่างเช่น	457
คุณจะไปไหน	457
มันแค่	457
ยินดีที่ได้รู้จัก	456
ดูซิ	456
โกหก	455
เธออยู่ไหน	455
ไหน	453
เขาตายแล้ว	451
บอนนี่	450
ดีจัง	450
จากนี้ไป	450
โบ	450
โฮ	449
เวรเอ้ย	448
ไม่ใช่ตอนนี้	448
ฟินช์	448
บรี	446
โห	446
ตำรวจ	443
เอ็ม	442
ผมทำไม่ได้	441
ไม่ใช่อย่างนั้น	440
รู้อะไรไหม	439
โดย	439
ในปี	439
ลิลลี่	438
ริชาร์ด	438
ฟังฉันนะ	437
ไปกันเลย	437
เหมือน	437
เจสซี่	436
ฉันหมายความว่า	436
ความเดิมตอนที่แล้ว	436
กลับมา	436
เงิน	436
นายก็รู้	435
เอาหละ	435
นา	434
จี	433
แอนนา	431
เจส	431
ความจริง	429
เป็นอะไรไป	428
ตกลงนะ	427
เย่	427
ห๊า	427
ถูกไหม	427
นี่ครับ	427
ท่านพ่อ	426
เร็วๆเข้า	426
เปล่าครับ	425
ดูนั่น	422
หรือไม่	422
คาร์เตอร์	422
ไม่มีอะไรหรอก	422
พี่สาว	421
คุณไม่เป็นไรนะ	420
เวร	418
อาเธอร์	417
สตีฟ	417
คุณนาย	417
ตอน	417
นี่คุณ	416
รปภ	416
พร้อมนะ	415
อแมนด้า	414
กัน	414
มันไม่ใช่	413
แบบ	413
ขวา	412
ทำไมละ	411
ได้มั้ย	411
ทุกๆ	411
เคน	411
จิน	411
เกรซ	410
ผมไม่เข้าใจ	410
แบบนี้	410
ท่านนายพล	409
มันก็แค่	409
ตอนนั้น	408
ก็นะ	408
อะไรวะ	408
ดีค่ะ	408
ไหม	408
ได้ยินไหม	407
คุณคือ	407
อลิซ	406
มิน	406
จำได้มั้ย	404
สี่	404
ถอนหายใจ	403
เดี๋ยวๆ	403
ผมสบายดี	403
หวัดดีค่ะ	402
ขอบใจมาก	402
ปอนด์	402
เธอมาทำอะไรที่นี่	401
ดงอุค	401
แน่นอนครับ	401
เคลียร์	401
วิลเลี่ยม	401
เช่นกัน	399
เข้าใจล่ะ	399
โรเบิร์ต	399
หมายเลข	399
อะไรนะคะ	398
ป	398
บอกว่า	397
เปล่าค่ะ	396
อย่างแรก	396
โคลอี้	394
ห้อง	394
บิลลี่	393
ไรอัน	393
ลา	393
ใต้เท้า	392
ฉันเหรอ	392
ใ	392
ด้วยความยินดี	392
ว๊าว	391
คัง	391
นีล	390
กรุณา	390
อาทิตย์	390
จริงๆเลย	389
มั้ย	389
จริงไหม	388
สบายดี	386
ใช่มั้ยล่ะ	386
ทำอะไร	385
ยินดีด้วยนะ	384
เกี่ยวกับ	384
ทุก	384
พอเถอะ	384
ไบรอัน	384
จ่า	383
โอลิเวีย	382
ฮึ	382
ฉันก็ไม่รู้	381
โทนี่	380
ขอบคุณมากค่ะ	379
ฉันเข้าใจแล้ว	379
ไปตายซะ	378
เธอก็รู้	377
ยู	377
จ๊ะ	376
ชิน	376
เยน	376
ผู้พัน	375
ฉันขอโทษจริงๆ	374
เธอบอกว่า	373
อยู่นี่เอง	373
เจ้าหนู	373
ฟินน์	372
ข้ารู้	371
นั่นล่ะ	370
เขาอยู่ไหน	370
อยู่ที่ไหน	369
อยู่ไหน	369
ไอ	369
ได้ยินมั้ย	368
ตื่น	368
ยกมือขึ้น	368
ผมไม่เป็นไร	367
ฮืม	367
เอฟบีไอ	367
เก่งมาก	365
เจอแล้ว	365
คุณแม่	364
วิล	364
รอ	364
นายอำเภอ	364
เอเดน	363
เอาเถอะ	363
ลิซ่า	362
ใครน่ะ	362
โอย	362
โจนส์	362
มีสิ	361
อะไรนะครับ	360
แค่นั้น	360
เชิญ	360
เลยนะ	360
ทั้ง	360
ที	360
ค	360
เข้าใจนะ	359
นี่มันอะไร	358
คิดว่า	358
มากกว่า	358
ฉะนั้น	357
นั่นสินะ	357
แคทเธอรีน	356
ปล่อยฉัน	356
น้องชาย	356
ไม่ต้องกังวล	356
มานี่มา	355
สุขสันต์วันเกิด	355
ฉันขอโทษนะ	355
รัก	355
ใช่มัย	354
วู้	354
นี่ค่ะ	353
ผมก็เหมือนกัน	353
ไอ้สารเลว	352
บอกมา	352
ไม่อยากจะเชื่อเลย	352
ตลอดเวลา	352
ห้า	352
วิลล์	351
อีกแล้ว	351
ต่อ	351
ความเดิมตอนที่แล้วใน	350
ของเรา	350
ซัง	350
อีธาน	349
คุณรู้ได้ยังไง	349
โรส	349
ผู้ชาย	349
เอ้านี่	348
บ้า	348
ใครก็ได้	347
เราต้องคุยกัน	345
เอ็มม่า	345
รอเดี๋ยวนะ	345
ผมต้องไปแล้ว	344
จริงอ่ะ	343
ดีครับ	343
คุณอยู่ที่ไหน	343
เริ่มได้	343
เชื่อฉัน	343
เบ็น	343
ถูกแล้ว	342
ดอลลาร์	342
อึน	342
แซลลี่	341
คู่หู	341
ดา	341
งั้นหรือ	340
หวัดดีครับ	340
แจ๋ว	340
ก่อนอื่น	339
ตามฉันมา	339
เดี๋ยวนี้เลย	338
เข้าใจละ	338
พวกเธอ	337
จอง	337
คุณรู้อะไรไหม	336
เชื่อฉันสิ	336
เป็นอะไร	336
อย่างนั้น	336
คุณทำอะไร	335
ขอรับ	335
คุณรีส	335
พ่อค่ะ	334
เปลี่ยน	334
คุณหมายความว่ายังไง	334
เพียร์ซ	334
เมตร	334
หนุ่มๆ	333
โทมัส	333
ให้	333
อีริค	332
ใช่ไหมล่ะ	332
ทุ่ม	332
เสร็จแล้ว	331
แน่นอนค่ะ	331
วางปืนลง	331
ผมไม่	331
สัปดาห์	331
คอนเนอร์	330
ศาสตราจารย์	330
บ้าน	330
แล้วเจอกันนะ	329
ลูซี่	329
เอียน	329
เดอ	328
จะ	328
ปีที่ผ่านมา	328
เธอเป็นใคร	327
ไม่ได้หรอก	327
พวกคุณ	327
ตามมา	326
แอรอน	326
ครอบครัว	326
องศา	326
ในตอนนี้	325
ระวังหน่อย	325
ซอง	325
พะยะค่ะ	324
รู้มั๊ย	323
อะไรก็ได้	323
ฉันบอกว่า	323
หรือเปล่า	322
ไม่เป็นไรแล้ว	321
ลุค	321
ซ้าย	321
นั่นใคร	320
อลัน	320
สำหรับฉัน	320
ไม่ว่ายังไง	320
คลาร์ก	320
ไม่เหรอ	319
ขออภัย	319
ความรัก	319
หรอก	319
เหมือนกับ	318
ฉันจะไป	318
บริษัท	318
นิดหน่อย	317
ปล่อยฉันนะ	317
แต่ฉัน	317
โอเคๆ	316
พ่อหนุ่ม	316
สก็อต	316
ฉันไม่คิดว่า	316
เยส	315
ช้าๆ	315
ปล่อย	315
นี่แหละ	315
ฟัง	315
แล้วตอนนี้	315
ภายใน	315
วิ	315
เปล่านะ	314
และฉัน	314
ทุกๆคน	313
เข้ามาเลย	313
เกิดอะไรขึ้นเหรอ	313
มันเป็นไปไม่ได้	313
นายพูดถูก	312
ผู้กอง	312
โคล	312
เพื่อ	312
เข้าไป	312
ชาร์ล	312
ฆ่ามัน	311
ท่านหญิง	311
จริงดิ	311
คาร์ลอส	311
ทำ	311
ก	311
นี่ฉันเอง	310
ฉันไม่สน	310
น้ำ	310
คุณโอเคมั้ย	309
นายมาทำอะไรที่นี่	309
บัซ	309
นะคะ	309
โอเคค่ะ	308
ไอ้โง่	308
ฉันกลัว	308
ไม่ต้องหรอก	308
เราทำได้	308
ฉันทำได้	307
แน่ล่ะ	306
รึเปล่า	306
แมท	305
นาฬิกา	305
พีท	304
กลับมาแล้ว	304
โอ้วว	303
หึ	303
เท็ด	302
เรื่องนั้น	302
มาก	302
เชิญครับ	301
ขยช	301
ท่านประธานาธิบดี	301
รู้	301
แน่นอนอยู่แล้ว	300
นั่งสิ	300
รขโ	300
เอ็ดดี้	300
นะครับ	300
ไม่มีเลย	299
เธออยู่ที่ไหน	299
มันเกิดอะไรขึ้น	299
ลูอิส	299
ว่าไหม	298
เอานี่	298
ไม่ใช่ฉัน	298
บ๊อบ	298
อะไรคะ	297
พอ	297
ฮ้า	297
ก่อน	297
วิคตอเรีย	296
ผู้หมวด	296
เมื่อคืน	296
เจ้าหญิง	294
วินเซนต์	294
แย่จัง	294
ก็ไม่เชิง	294
เขาเป็นใคร	294
น่า	294
แฮงค์	294
เคิร์ท	293
ฉันไม่รู้ว่า	293
สู้	293
ตื่นสิ	293
มาทางนี้	292
เขาชื่อ	292
แม่งเอ๊ย	292
ดงชอล	292
ว่ามา	291
คุณแน่ใจนะ	291
แคโรไลน์	291
เด็กดี	290
ความจริงแล้ว	290
แฮนน่า	289
นั่นใครน่ะ	289
ดีล่ะ	289
กู	289
จู	289
ยอง	289
โย่ว	288
ยังเลย	288
แอ๊บบี้	288
แล้วไงต่อ	288
จริงเหรอคะ	288
ตลอดไป	288
จูเลียต	288
อีไล	287
พูด	287
น่ารักจัง	287
มันโอเค	287
ทาร่า	286
คุณไม่เข้าใจ	286
คุณชื่ออะไร	286
ผมขอโทษครับ	286
ฮิโระ	286
คุณหมายความว่าไง	285
ไม่มีใคร	285
ไม่งั้น	284
เอ็ด	284
ทำได้ดีมาก	284
ผ	284
อ้าา	283
ฟังผมนะ	283
นายรู้ไหม	283
ปาร์ค	283
ออก	283
เอริค	282
พี่ครับ	282
ใช้	282
แห่ง	282
บ	282
คุณหมายถึงอะไร	281
คุณพูดเรื่องอะไร	281
วิคเตอร์	281
แฟรงกี้	281
ประมาณนั้น	280
เจนน่า	280
ปล่อยนะ	280
ตอนนี้เลย	280
เดือนก่อน	280
ไม่ใช่หรือ	279
ตอบด้วย	279
ก็จริง	278
โทบี้	278
แคส	278
สุภาพบุรุษ	277
คุณทำอะไรน่ะ	277
ได้ๆ	277
หยุดเลย	277
อย่างนั้นเหรอ	277
นิ้ว	277
เขาพูดถูก	276
แม่ค่ะ	276
บริค	276
เค	276
คุณปู่	275
นอกจากนี้	275
อะไรหรอ	275
เจ้าโง่	275
บ็อบบี้	275
เท่านั้น	275
ขอ	275
ทีม	275
เบลล่า	274
และนี่	273
มาเรีย	273
ไม่ได้นะ	273
สุดท้าย	273
ลูกชาย	273
ตั้งแต่	273
เข้า	273
เขาเป็น	273
จุง	273
ไม่ต้องเป็นห่วง	272
คุณย่า	272
ฉันมี	272
รี้ด	272
แม่งเอ้ย	271
เธอรู้ไหม	271
ไม่รู้เหมือนกัน	271
คุณทำได้	271
แวน	271
ไม่อ่ะ	270
ทหาร	270
กลับไป	270
ให้ตายเหอะ	269
เย็นไว้	269
พร้อมแล้ว	269
อู้ว	269
เอา	269
ไกอัส	268
คุณโอเคไหม	267
โอ้โห	267
อาเรีย	267
ถึงแม้ว่า	267
ใครกัน	267
ค่อยๆ	267
คุณล่ะ	267
ฉันคือ	267
วู	267
แคร์รี่	266
ไม่ใช่หรอก	266
ไปกันได้แล้ว	266
ฉันจัดการเอง	266
ระวังนะ	265
อย่าไป	265
ดูนะ	265
เหรอคะ	265
อัน	265
คุณคิดว่าไง	264
จอร์แดน	264
เรามี	264
จีน	264
ปลาย	264
หลบไป	263
คุณหนู	263
จูเนียร์	263
ฉันเปล่า	263
ไปแล้ว	263
ไม่ต้องกลัว	262
มาดาม	262
เสียใจด้วยนะ	262
เลขที่	262
ขอโทษจริงๆ	261
ไปไหน	261
นายรู้มั้ย	261
บางอย่าง	261
ฉันต้องการ	261
มีอะไรหรอ	260
บริตต้า	260
แล้วเธอล่ะ	259
เฮ้ๆ	259
อัล	259
จุน	259
แซมมี่	258
หยุดเดี๋ยวนี้	258
โธ่เว้ย	258
โรเจอร์	258
กอร์ดอน	258
ล้านเหรียญ	258
เอมม่า	257
ทิม	257
ฉันไม่ได้	257
เธอรู้มั้ย	256
เห็น	256
สโนว์	256
คุณบอกว่า	256
เชลดอน	256
ดอลล่าร์	256
ดูเหมือน	255
ตื่นได้แล้ว	255
พอตเตอร์	255
เอาไป	255
เป็นอะไรรึเปล่า	254
ได้เวลาแล้ว	254
อยู่ที่นี่	254
บูธ	254
มาที่นี่	253
แกเป็นใคร	253
ผู้จัดการ	253
ตามสบาย	253
อึ	253
บา	253
เอาล่ะนะ	252
คุณอยู่ไหน	252
แน่นอนที่สุด	252
แฮรี่	252
ออกไปจากที่นี่	252
อยู่นี่	252
เข้าใจแล้วครับ	252
เปล่าเลย	252
ราย	252
เอส	252
ข้อ	252
ยอดเยี่ยม	251
ไม่มีอะไรเลย	251
เชื่อฉันเถอะ	251
ชู่ว	251
อย่าห่วงเลย	251
เกิดอะไรขึ้นเนี่ย	250
เตรียมพร้อม	250
มีอะไรหรือ	250
ไชโย	250
ฉันเสียใจด้วย	250
รอย	250
ไอ้	250
ชา	250
สตาร์ค	250
อู	250
อ๊าก	249
เจสสิก้า	249
เสียง	249
ฮุน	249
ฉันอยู่นี่	248
บรูซ	248
เสียใจ	248
หลีกไป	248
กลับบ้าน	248
ของเขา	248
หก	248
ใครนะ	247
มาทำอะไรที่นี่	247
คุณตำรวจ	247
จริงนะ	247
ลุง	247
เคลย์	247
โบนส์	247
ชอน	247
ราเชล	247
อู้	247
วันก่อน	247
ท่านแม่	246
ข้าขอโทษ	246
เ	246
ลุยเลย	245
มันได้ผล	245
เพคะ	245
กับฉัน	245
หลังจาก	245
นายจะทำอะไร	244
โนอาห์	244
ใครๆ	244
อาร์เธอร์	244
ใครเหรอ	244
มิตะซัง	243
แมทธิว	243
ความจริงก็คือ	243
จูเลีย	243
ฉันโอเค	243
นั่นหมายความว่า	243
โช	243
รูฟัส	242
ฉันสาบาน	242
มิโฮ	242
ได้ยังไง	242
เอล	242
เดี๋ยวก่อนสิ	241
ฉันหวังว่า	241
คุณลุง	240
สัญญา	240
จันดี	240
เขาอยู่ที่ไหน	240
นักสืบ	240
รอบ	240
แล้วนะ	240
เชิญเลย	239
ผมก็ไม่รู้	239
แฮนนา	239
ไม่นี่	239
ไม่จำเป็น	239
ฉันขอโทษค่ะ	239
คุณหมายถึง	239
อย่าทำแบบนี้	239
เกเบรียล	239
ถ้าคุณต้องการ	237
เอามานี่	237
ไอ้บ้าเอ๊ย	237
หุบปากซะ	237
พูดสิ	237
โทรศัพท์	237
โธ่เอ๊ย	237
ถูกมั้ย	237
เริ่ม	237
โอพระเจ้า	236
ขึ้นมา	236
บ้าชิบ	236
เดล	236
ชาลี	235
จีฮุน	235
เพื่อนยาก	235
แล้วยังไง	235
มากับฉัน	235
ซิสเตอร์	235
แค่นั้นแหละ	235
โก	235
จัง	235
อุ๊ย	234
ยังไงก็เถอะ	234
เป็นอะไรหรือเปล่า	234
ดอน	234
เอ็ดเวิร์ด	234
ฮัน	234
โค้ช	233
แปลว่า	233
ฉันเห็น	233
ซุกกี้	233
ฉันเดาว่า	232
จริงรึ	232
เงียบไปเลย	232
ท่านสุภาพบุรุษ	232
ก่อนหน้านี้	232
เชน	232
ก็ดีนะ	231
เป็นไงมั่ง	231
นายเป็นใคร	231
มันเยี่ยมมาก	231
ที่นั่น	231
เจอกัน	231
ฟิล	231
ใบ	231
ฝันดี	230
วอลท์	230
ท่านหมอ	230
แม่จ๋า	230
ผมเหรอ	230
ยังไงล่ะ	230
ไม่ใช่นะ	230
ฉันไม่แน่ใจ	230
เอางี้	230
ของเธอ	230
เคลลี่	230
เพนนี	229
เด็กซ์	229
ผู้การ	229
น่ารัก	229
พอกันที	229
ฉันจะทำ	229
คราวนี้	228
แม่ฮะ	228
สหาย	228
เมษายน	228
คะแนน	228
แล้วนายล่ะ	227
คำราม	227
ตายจริง	227
อย่างนั้นแหละ	227
แบส	226
ต้องการอะไร	226
มันอยู่ไหน	226
มันไม่ใช่อย่างนั้น	226
ปลอดภัย	226
มิ	226
ะต	225
คุณโอเคนะ	225
ความจริงคือ	225
อีดงชอล	225
หนุ่มน้อย	225
แม็กกี้	225
บลา	225
พ	225
จับไว้	224
โนแลน	224
ขอบใจจ้ะ	224
ฮัมฟรีย์	224
ท่านคะ	224
เปิด	224
แน่ใจ	223
คงงั้น	223
ไอ้ลูกหมา	222
น่าสนใจ	222
สำหรับคุณ	222
เมื่อวานนี้	222
คิว	222
หืมม	222
จ้า	221
ผมด้วย	221
อย่ายิง	221
ฉันจำได้	220
ระวังตัวด้วย	220
แน่นอนสิ	220
ชอว์น	220
อิน	220
อ่าฮะ	219
ไม่ๆๆๆ	219
แน่ใจเหรอ	219
ระวังด้วย	219
มนุษย์	219
อะไรหรือ	218
เนอะ	218
รอน	218
เทอร์รี่	217
เอาเป็นว่า	217
เจ้าชาย	217
เท่าไหร่	217
ผมรู้แล้ว	217
ะฐ	217
ในอีก	217
ออกไปซะ	216
เรียกว่า	216
โอ้ไม่	216
ผมเข้าใจแล้ว	216
โซฟี	216
ขอโทษด้วยนะ	216
น้องสาว	216
งี่เง่า	216
ฉันไม่รู้สิ	216
คุณมี	216
เท่า	216
เห็นด้วย	215
กรีดร้อง	215
ทำงาน	215
ล้อเล่นน่า	214
คิดว่านะ	214
ทราวิส	214
และคุณ	214
เมื่อวาน	214
ปืน	214
รพ	214
สวย	213
ชั้นรู้	213
แล้วทำไม	213
มาใน	213
เอลลี่	213
เวรเอ๊ย	213
อย่างไร	213
เรื่องนี้	213
แอล	213
เชิญค่ะ	212
จำไว้	212
ดูเธอสิ	212
คำว่า	212
โบรดี้	212
ศ	212
จุนพโย	211
ลูคัส	211
ถึงเวลาแล้ว	211
ลอเรล	211
นอกจากนั้น	211
ใครคือ	211
นั่นแหล่ะ	211
ก็เลย	211
ผิด	211
ฉันเสียใจจริงๆ	211
เหรอครับ	211
บ๊ายบาย	210
อย่าเลย	210
อืมมมม	210
แน่สิ	210
เชื่อสิ	210
เชลด้อน	210
เฮเลน	210
คุณรู้อะไรมั้ย	209
ใช่แล้วล่ะ	209
โถ่	209
ตอนแรก	209
ผมขอโทษจริงๆ	209
เอง	209
นายต้องการอะไร	208
โซเฟีย	208
เขาไปแล้ว	208
ฉันรู้ค่ะ	208
หนีไป	208
ะ	208
ทำไมคะ	207
เข้าใจมั๊ย	207
ใครจะรู้	207
ลิสบอน	207
ไอ้เวร	206
มอลลี่	206
ไม่ต้องห่วงหรอก	206
คุณป้า	206
ข่าวดี	206
ริว	206
เจ็บ	206
ตลอด	206
โมงเช้า	206
รีเบคก้า	205
นอร่า	205
ซิด	205
คนเดียว	205
เปล่าหรอก	205
ยูริ	205
ฉันเป็น	205
สาว	205
ร้อน	204
นั่ง	204
ป้า	204
นี่เธอ	204
มันเหมือนกับ	204
หน้า	204
เลือด	203
แคสเซิล	203
สุดยอดเลย	203
เธอจะไปไหน	203
เชื่อเถอะ	203
เธอตายแล้ว	203
ชอว์	203
แจ็คสัน	203
ไฟ	203
โด	203
พูดว่า	202
เงียบน่า	202
สู้ๆ	202
ไร้สาระ	202
เอเดรียน	202
สาบานได้	202
ใช่มั้ยครับ	202
ไม่ใช่คุณ	202
หนูขอโทษ	202
ไว้	202
ไม่มีเวลาแล้ว	201
ไม่แน่นอน	201
ไปเหอะ	201
เรียบร้อยแล้ว	201
เบลล์	201
ลินดา	200
เคนซี่	200
เชอร์ล็อค	200
ไอ้เลว	200
มันเป็นอุบัติเหตุ	200
ผมหมายความว่า	200
เจ็ด	200
อย่างนั้นหรือ	199
เซอร์	199
พวกนั้น	199
ธ	199
ยา	199
คูเปอร์	199
มันอยู่ที่ไหน	198
ไม่สำคัญหรอก	198
ควีน	198
คุณเป็นไงบ้าง	198
ควินน์	198
ขอบคุณที่มา	197
ช่วยผมด้วย	197
ขอบคุณคะ	197
ไม่อยากจะเชื่อ	197
จัสติน	197
แม้ว่า	197
สินะ	197
ฉันทำเอง	197
คนต่อไป	197
ชอย	197
เจมี่	196
หายไป	196
อรุณสวัสดิ์ครับ	196
อร่อย	196
รู้สิ	196
ชีวิต	196
เมื่อเช้านี้	196
โจนาธาน	196
โซ	196
พี่ค่ะ	195
ไคล์	195
เอาจริงเหรอ	195
จูน	195
ยุน	195
แท	195
ไม่ละ	194
เธอชื่อ	194
ฉันผิดเอง	194
ทุกท่าน	194
ถูกต้องแล้ว	194
สก๊อต	194
เปล่านี่	193
ผ่าน	193
ทำไม่ได้	193
มานี่เลย	193
แหงล่ะ	193
เจเรมี่	193
ยกเว้น	193
พรรคพวก	193
เป็นไปได้	193
ด้วยกัน	193
ดีกว่า	193
ชนะ	193
ของผม	193
ตั้ง	193
กลับมาแล้วเหรอ	192
ฉันไม่มีทางเลือก	192
เซเรน่า	192
ลงไป	192
ในตอนนั้น	192
คาร่า	192
นัด	192
ฉันจะฆ่าแก	191
ไดอาน่า	191
เธอทำอะไรน่ะ	191
อาร์ตี้	191
คุณรู้มั๊ย	191
นี่คืออะไร	191
ฉันชอบ	191
โว	191
ลง	191
ย	191
เปล่าๆ	190
อะไรอีกล่ะ	190
วิลลี่	190
ขอให้สนุกนะ	190
ชั้นขอโทษ	190
เธอคิดว่า	190
ไม่ใช่ค่ะ	190
แบร์รี่	190
ปล่อยเขาไป	190
ใจเย็นก่อน	190
ผมจะ	190
ยังไงซะ	189
บอกฉันสิ	189
แองเจล่า	189
นี่นาย	189
หรือไม่ก็	189
ว้าวว	189
น่าเสียดาย	188
เชียร์	188
ไม่ไม่	188
พอที	188
วิลเลียม	188
ผมเปล่า	188
ช้าก่อน	188
ไม่ว่าจะเกิดอะไรขึ้น	188
ใช่ไหมครับ	188
ปัง	188
เมื่อคืนนี้	188
เมย์	188
มันก็	188
ลู	188
คุณจะ	188
งาน	188
ถนน	188
ฮี	188
เอาไปเลย	187
สวยมาก	187
คนสวย	187
โทษครับ	187
คิด	187
เชอร์ลีย์	187
หุบปากไปเลย	187
แครอล	187
มานี่เร็ว	187
ไอ้ลูกชาย	187
เ่อ่อ	187
ดีจังเลย	186
อย่าเพิ่ง	186
แบบนั้น	186
ยอดเลย	186
นิกิต้า	186
อะไรก็ตาม	186
คราวหน้า	186
ใช่ไม๊	186
หายใจ	186
บอกฉัน	186
โปรดติดตามตอนต่อไป	186
ขึ้น	186
จอน	186
เจย์	186
อ่าา	186
ฮืมม	186
ชิ	186
ก็แค่นั้น	185
เขามาแล้ว	185
รอด้วย	185
ใจเย็นน่า	185
อยู่นิ่งๆ	185
จับมัน	185
งั้นรึ	185
เขาพูดว่า	185
โทร	185
ทำไมหล่ะ	184
เอานี่ไป	184
เรเน่	184
มาร์คัส	184
มาร์ตี้	184
หลวงพ่อ	184
กับคุณ	184
ทุกวัน	184
ต่างหาก	184
หลา	184
นี่ๆ	183
ทำได้ดี	183
ไม่เป็นไรน่า	183
โอ๊	183
ไม่ใช่ครับ	183
ครั้งนี้	183
คุณเป็น	183
รึ	183
แอน	183
นิวยอร์ค	183
เอฟ	183
อาร์	183
ข้าไม่รู้	182
เออใช่	182
หวังว่า	182
ไม่รู้ซิ	182
เป็นอย่างไรบ้าง	182
ฉันไม่อยากจะเชื่อเลย	182
ฆ่า	182
ลืมมันซะ	182
เธอคือ	182
ระยำ	182
ไปนะ	182
ระหว่าง	182
ชินแทฮวาน	182
มะ	182
มายา	181
มีอะไรรึเปล่า	181
หลุยส์	181
ท่านพี่	181
เกิดอะไรขึ้นน่ะ	181
แต่ฉันคิดว่า	181
ฉันชอบนะ	181
มันเป็นความจริง	181
ปิดประตู	181
ไซมอน	181
โฮ่	181
อ่าห์	181
หนีเร็ว	180
ย้าย	180
นาธาน	180
แล้วไงล่ะ	180
เจเจ	180
ไม่อย่างนั้น	180
อรุณสวัสดิ์ค่ะ	180
รอสักครู่	180
คัท	180
จูลี่	180
เข้าไปข้างใน	180
เนี่ย	180
โลแกน	180
ซุก	180
มม	180
บ้าชะมัด	179
โอเคมั๊ย	179
นายจะไปไหน	179
ไม่อยากเชื่อเลย	179
คาเรน	179
แต่ก่อนอื่น	179
ใช่ไหมคะ	179
นายคิดว่า	179
ลองดูสิ	179
ผมมี	179
ช่วย	179
เบอร์	179
ไม่น่ะ	178
ฟังสิ	178
คุณเข้าใจไหม	178
ทำอะไรอยู่	178
ดีมั้ย	178
โซอี้	178
เดมอน	178
มานี่ซิ	178
ถอย	178
ให้ฉัน	178
นิโคลัส	178
ไม่ใช่เลย	177
ผมเสียใจด้วย	177
ผู้หญิงคนนั้น	177
เนี่ยนะ	177
คนนั้น	177
อาเมน	176
ยินดีต้อนรับสู่	176
จริงเหรอครับ	176
ผมทำได้	176
เห้ย	176
ฟังก่อน	176
แย่จริง	176
ฉันไม่สามารถ	176
เอลเลน	176
เทย์เลอร์	176
ะฐั	175
เธอชื่ออะไร	175
ป่าว	175
ไม่เลว	175
ซึ่ง	175
ยอดไปเลย	175
ระเบิด	175
เธอเป็น	175
เรียก	175
กว่า	175
ไม่น่าเชื่อ	174
เคย	174
ฉันก็ไม่รู้เหมือนกัน	174
ไม่ใช่หรอ	174
เธอรู้	174
เทรซี่	174
อันตราย	174
อืมม์	174
แน่	174
สส	174
ขอโทษทีนะ	173
ฉันหมายถึงว่า	173
เธอไม่เป็นไรนะ	173
คุณยาย	173
ไฟไหม้	173
ฮ่ะ	173
หะ	173
จาง	173
เกรย์	173
อะไรคือ	172
เห็นได้ชัดว่า	172
หนูน้อย	172
นายหญิง	172
คุณรู้นะ	172
คำถามคือ	172
ไม่หรอกค่ะ	172
โอเคครับ	172
ทีน่า	172
ริต้า	172
ฌอน	172
ขอบคุณนะคะ	172
อาหาร	172
แคท	172
ขึ้นรถ	171
ได้เลยครับ	171
สำหรับผม	171
อะไรครับ	171
ร้องไห้	171
เบ็ตตี้	171
คุณโกหก	171
จนถึงตอนนี้	171
ยิ่งไปกว่านั้น	171
ยินดีต้อนรับครับ	171
อย่างนี้	171
ชู่ว์	171
หนี	171
ทางนั้น	171
ด็อกเตอร์	171
แต่นี่	171
แจ	171
แอนดรูว์	170
เบนจามิน	170
แกบบี้	170
กาแฟ	170
มันแย่มาก	170
แบรด	170
วันนั้น	170
เชื่อผม	170
คนนี้	170
ศพ	170
ปล่อยเธอไป	169
พร้อมหรือยัง	169
พ่อรู้	169
ฉันทำ	169
ผมไม่คิดว่า	169
เมสัน	169
สูง	169
สัก	169
ฉะ	169
นายทำได้	168
โคดี้	168
เขาเป็นคนดี	168
ผมรู้ว่า	168
ผู้กำกับ	168
ปล่อยฉันไป	168
ผมไม่รู้ว่า	168
เราจะ	168
ที่นี้	168
ขอร้องละ	167
อ้ะ	167
ในกรณีนี้	167
เอ้ย	167
อะไรกันนี่	167
จนกระทั่ง	167
เห้	166
องค์ชาย	166
หยุดได้แล้ว	166
คิดดูสิ	166
เชิญนั่ง	166
ช่างเหอะ	166
เลนเนิร์ด	166
ประเด็นคือ	166
ฆาตกร	166
ตกลงค่ะ	166
คืองี้	166
แม่เจ้า	166
นายหมายความว่าไง	166
ไม่มีหรอก	166
ปีศาจ	166
ตุลาคม	166
บูม	166
พี	166
ดีละ	165
ไงจ๊ะ	165
ทางนี้ครับ	165
ตายล่ะ	165
อีกแล้วเหรอ	165
ซิตี้	165
กลับมานี่	165
ชู่	165
พร้อมรึยัง	165
เคซี่	165
ฉลาดมาก	165
รถ	165
แหวะ	165
โถ	165
เอ้	165
รร	165
ใช	164
แกรี่	164
จะไปไหน	164
ไม่ใช่แบบนั้น	164
ชาร์ลส์	164
มันสวยมาก	164
เขาคือ	164
กิน	164
นอกจาก	164
อเมริกา	164
กรีน	164
ฉ	164
เจอรี่	163
ขวาทั้งหมด	163
เงียบนะ	163
ใช่มะ	163
จู่ๆ	163
ฉันได้ยินมาว่า	163
แม่รู้	163
เราต้อง	163
วอล	163
ซวยแล้ว	162
วางมันลง	162
ไม่มีวัน	162
เจฟฟรี่	162
ไม่มีครับ	162
แมกซ์	162
ลอเรน	162
วาเนสซ่า	162
ใช่มั้ยคะ	162
ด้วยความเคารพ	162
รีด	162
วันหนึ่ง	161
มันไม่เป็นไร	161
ดูแลตัวเองด้วย	161
ฉันรู้น่า	161
มันเป็นเรื่องจริง	161
เด็บ	161
ไอ้น้อง	161
ไม่จริงหรอก	161
เขาอยู่ที่นี่	161
ฟังให้ดี	161
คุณไม่รู้หรอก	161
เวลานี้	161
โง่	161
บอกฉันมา	161
พวกมัน	161
มันเหมือน	161
เซนต์	161
ที่ผ่านมา	161
มันสายไปแล้ว	160
ไหนดูซิ	160
ฉันแน่ใจ	160
ยินดีที่ได้พบคุณ	160
โดยเฉพาะ	160
ลุย	160
ไม่ใช่ผม	160
รอสซี่	160
เดนนิส	159
อ๋า	159
เฮย	159
ไปๆ	159
แปลกจัง	159
อย่าทำอย่างนั้น	159
นี่ผมเอง	159
บอกตามตรง	159
แก๊บบี้	159
อย่าบอกนะว่า	159
กอน	159
ทำไมหรอ	159
ปล่าว	159
เอามันออกไป	158
เธอทำได้	158
อย่าทำอย่างนี้	158
ขณะนี้	158
ฟังฉัน	158
ว่าเกิดอะไรขึ้น	158
ยินดีที่ได้รู้จักครับ	158
หัวหน้าครับ	158
ในอนาคต	158
บอส	158
จริงอะ	158
เนลสัน	158
ดันแฮม	158
วี	158
ว	158
ผมบอกคุณแล้ว	157
ไม่ใช่ที่นี่	157
ออร์สัน	157
มองฉันสิ	157
ดีจริงๆ	157
เห็นมั๊ย	157
พ่อฮะ	157
ไอ้บ้าเอ้ย	157
แอบบี้	157
เงียบๆ	157
อันที่จริงแล้ว	157
ไปล่ะ	157
โจเซฟ	157
มิสเตอร์	157
โลก	157
ฮือ	157
ต	157
ดีมากเลย	156
ฉลาด	156
คริสติน่า	156
พะย่ะค่ะ	156
ฉันเห็นด้วย	156
เกรย์สัน	156
อดทนไว้	156
อีดงอุค	156
จำไว้นะ	156
ก็ได้ๆ	156
เพื่อนรัก	156
ออ	156
พวกเขาบอกว่า	155
ยังหรอก	155
โธมัส	155
มยองฮุน	155
ฮัลโล	155
ผมขอโทษนะ	155
แฟรงก์	155
ขอทางหน่อย	155
รับทราบครับ	155
แองกัส	155
ไดสัน	155
ยิ่งกว่านั้น	155
คุณไม่	155
คนอื่นๆ	155
และผม	155
คนที่	155
ฮาน	155
ด	155
ฉันกลับมาแล้ว	154
อย่ามายุ่งกับฉัน	154
อะไรนี่	154
เธอต้องการอะไร	154
เฮอะ	154
มาเถอะน่า	154
ฉันก็ด้วย	154
แค่นั้นเอง	154
มันมี	154
ซิ	154
ฆาตกรรม	154
คิง	154
ที่ดี	154
โมงเย็น	154
ชาย	154
องค์หญิง	153
เป็นอะไรมั้ย	153
ผมเข้าใจครับ	153
น่ารักมาก	153
เชื่อผมเถอะ	153
คล้าก	153
ฉันจะทำยังไงดี	153
ยินดีต้อนรับค่ะ	153
อะไรอีก	153
ฉันไปล่ะ	153
คุณโอเค	153
แคซซี่	153
เธอจะทำอะไร	153
ดีแลน	153
มันไม่สำคัญหรอก	153
มันเรียกว่า	153
แปลก	153
สิ่งที่	153
ไม่ก็	153
ตา	153
วิเวียน	152
ดีไหม	152
มีปัญหาอะไร	152
ยูกิ	152
อย่างแน่นอน	152
ขอบคุณมากๆ	152
หยุดมัน	152
ลองคิดดูสิ	152
ต้องไปแล้ว	152
ผมบอกว่า	152
ง่ายๆ	152
มิลเลอร์	152
ถูกของคุณ	152
แต่คุณ	152
ซาน	152
อะไรวะเนี่ย	151
วุง	151
ฉันมาแล้ว	151
ขอบคุณมากนะ	151
สวัสดีคะ	151
ขอให้โชคดี	151
กุญแจ	151
ได้อย่างไร	151
ฉันไม่ต้องการ	151
ฉันบอกคุณแล้ว	151
เอเมน	151
ชิ้น	151
และเธอ	150
ผมไม่ทราบ	150
เพื่อนเอ๋ย	150
เร็วหน่อย	150
มาร์ลีย์	150
ยิงเลย	150
พร้อมยัง	150
ดึง	150
และแน่นอน	150
ฉันต้องไป	150
โรงพยาบาล	150
ประตู	150
กิโล	150
คุณมีเวลา	150
แทซอง	149
หอบ	149
ทำดีมาก	149
เอามาให้ฉัน	149
เร็วเข้าสิ	149
สตีเฟ่น	149
ผมไม่รู้สิ	149
วอชิงตัน	149
เว้นแต่	149
เครน	149
วู้ว	149
บัดนี้	149
ออฟ	149
เอามา	149
เอาอีก	148
สวัสดีจ้ะ	148
อีกไม่นาน	148
ฉันบอกแล้ว	148
เกิดอะไรขึ้นกับคุณ	148
เสมอ	148
เป็นความคิดที่ดี	148
แม่ขอโทษ	148
เอลเลียต	148
มิส	148
วิลสัน	148
รัช	148
หน่วย	148
นั่งก่อนสิ	147
ตะโกน	147
ลินเน็ท	147
เดี๋ยวๆๆ	147
เกวน	147
โอเว่น	147
แน่นอนว่า	147
ฉันพร้อมแล้ว	147
ไม่ดีกว่า	147
อร่อยจัง	147
บอกแล้วไง	147
เฟย์	147
ยินดี	147
แวมไพร์	147
คุณรู้ได้ไง	147
ส่วน	147
ปีมาแล้ว	147
โอ้ใช่	146
ถามจริง	146
โรบิน	146
มันมาแล้ว	146
ลิซซี่	146
ฉันรู้ดี	146
บางทีนะ	146
อ่ะนี่	146
เจ้าเป็นใคร	146
ลูกแม่	146
นี่ไงล่ะ	146
สกายเลอร์	146
เดินไป	146
ไวท์	146
ลินคอล์น	146
ปีต่อมา	146
ปาร์คเกอร์	146
คุกเข่าลง	145
เพราะอย่างนั้น	145
ยิ้ม	145
คุณด้วย	145
เธอโอเคมั้ย	145
เราไม่มีทางเลือก	145
เธอโอเคไหม	145
ไว้เจอกัน	145
โซวูจิน	145
เท็ดดี้	145
ผมเห็นด้วย	145
นั่นน่ะ	145
ผมคือ	145
บอก	145
ทุกอย่างจะเรียบร้อย	145
สมิธ	145
มั้ง	145
แลนซ์	145
คิดสิ	144
มอนโร	144
เจฟฟ์	144
ใครจะไปรู้	144
ได้ซิ	144
เกิดอะไรขึ้นที่นี่	144
สายไปแล้ว	144
เบธ	144
ฟิลลิป	144
สิ่งที่เกิดขึ้น	144
เป็นอะไรไหม	143
เลสเตอร์	143
บ้าไปแล้ว	143
คุณเป็นยังไงบ้าง	143
มันไม่จริง	143
อีฟ	143
ฉันไม่ได้ทำ	143
ขอบใจจ๊ะ	143
ผู้ชายคนนั้น	143
เบลค	143
ผมต้องการ	143
แปด	143
แต่ผม	143
เล็ก	142
นั่นไงล่ะ	142
สบายดีไหม	142
รุกะ	142
คุณจะทำอะไรน่ะ	142
อือฮึ	142
แอนด์	142
ฉันกำลังไป	142
ขอโทษคะ	142
คืนนั้น	142
เชื่อผมสิ	142
ฉันพูดว่า	142
เรด	142
ยินดีที่ได้รู้จักค่ะ	141
เพราะอะไร	141
นายทำอะไรน่ะ	141
น้อยๆ	141
ชัวร์	141
แย่มาก	141
อย่างที่บอก	141
ครั้งหนึ่ง	141
จะทำอะไรน่ะ	141
คิดว่าไง	141
นายพล	141
โรงเรียน	141
ในวันที่	141
กลับ	141
อ๋อเหรอ	140
ทุกอย่างเรียบร้อยดี	140
และจากนั้น	140
ลาน่า	140
โจอี้	140
อยู่แล้ว	140
ต้องการ	140
ลุกขึ้นมา	139
วู้ดดี้	139
รับทราบค่ะ	139
มีอะไรหรือเปล่า	139
ทั้งๆ	139
แค่นั้นเหรอ	139
นายอยู่ไหน	139
เจมม่า	139
แน่อยู่แล้ว	139
จริงๆเหรอ	139
มิเชล	139
ฝันดีนะ	139
ผมหวังว่า	139
แมนนี่	139
ไรลี่ย์	139
ท	139
เดี๋ยวก็รู้	138
ฉันก็ว่างั้น	138
มีบางอย่าง	138
พ่อขอโทษ	138
ขอโทษด้วยครับ	138
เธอทำอะไร	138
ว่ามาเลย	138
ฉันจำไม่ได้	138
พ่อของฉัน	138
คุณตา	138
เอ่ออ	138
แต่ก็	138
นานมาแล้ว	138
คุณครู	138
เดเร็ค	138
จัดการเลย	138
หนูรู้	138
ฮู	138
ใช่จ้ะ	137
อย่าหยุด	137
เฮลโล	137
ถ้าคุณไม่ว่าอะไร	137
ขอขอบคุณ	137
ฟังทางนี้	137
เจ็บนะ	137
ลิเดีย	137
ไปกันเหอะ	137
ยังไงก็	137
คุณพูดว่า	137
เทรเวอร์	137
ฉันไม่สนใจ	137
มีนาคม	137
ดูคุณสิ	137
บอกมาสิ	137
ปกติ	137
แนนซี่	137
เดวิส	137
กำลังไป	137
ปารีส	137
อย่ากังวลไปเลย	136
เรื่องมันยาว	136
ไปก่อนนะ	136
รอนนี่	136
มาน่า	136
เอพริล	136
ยินดีครับ	136
เพื่อนๆ	136
ดีนี่	136
แต่งงาน	136
ขอตัวนะ	136
มันอันตรายเกินไป	136
จบ	136
เฮอร์ไมโอนี่	136
อันนี้	136
ได้ไง	136
ดิ	136
วันแล้ว	136
นีน่า	135
สารวัตร	135
โธ่เอ้ย	135
สำหรับตอนนี้	135
ตามผมมา	135
มันไม่ถูกต้อง	135
หายใจลึกๆ	135
ล้อเล่นน่ะ	135
ไออิกู	135
ฉันชนะ	135
นี่เหรอ	135
วินเชสเตอร์	135
ครู	135
แย่	135
ตี	135
ไม่เคยเลย	134
น่าสงสาร	134
แต่ก็นะ	134
ลูกพี่	134
ปล่อยเขา	134
ลอร่า	134
คุณแน่ใจเหรอ	134
ทำไงดี	134
นายทำอะไร	134
รับสิ	134
ค่า	134
ออกไปได้แล้ว	134
จะเกิดอะไรขึ้น	134
นี่มันเรื่องอะไรกัน	134
ซึ่งหมายความว่า	134
ฉันน่ะ	134
ไม่หรอกครับ	134
แค่นี้นะ	134
ย่า	134
โม	134
ฉันต้อง	134
เก้า	134
เกือบ	134
เป็นเวลา	134
ผบ	134
ลูกพ่อ	133
มันอันตราย	133
ไม่ใช่เธอ	133
ลิงค์	133
ร็อบ	133
คุณจะทำยังไง	133
อาา	133
เวย์น	133
ถึงแล้ว	133
ทำนองนั้น	133
คนอื่น	133
และนั่น	133
ฮ่าๆ	133
ชอบ	133
เดือนแล้ว	133
ต้น	133
อลิซาเบธ	132
ทั้งหมดเลย	132
ฟังให้ดีนะ	132
สวยจัง	132
ในนี้	132
ว้า	132
แพทริค	132
ซอล	132
คุณเป็นอะไรไหม	132
คุณก็เหมือนกัน	132
เกิดอะไรขึ้นกับเธอ	132
ตกลงมั๊ย	132
ผมสาบาน	132
บอกแล้ว	132
ไม่รู้สินะ	132
โฮเวิร์ด	132
เจอร์รี่	132
ไลล่า	132
ออกไปนะ	132
ตลอดกาล	132
ลูกๆ	132
ทาง	132
ละ	132
ชาง	132
ดอง	132
ไม่จำเป็นหรอก	131
แพม	131
สตีเว่น	131
งั้นก็ได้	131
หยุดอยู่ตรงนั้น	131
ย้ำ	131
ดีแล้วล่ะ	131
ฉันไม่ไป	131
สเปนซ์	131
เวด	131
เจนนิเฟอร์	131
รีบไป	131
บ็อบ	131
เคซี่ย์	131
ดั๊ก	131
เพจ	131
บ๊าย	131
ก็อาจจะ	130
รู้แล้วน่า	130
ใช่แล้วครับ	130
สัญญานะ	130
เคธี่	130
ไม่อะ	130
ดูเขาสิ	130
ผิดแล้ว	130
เบียร์	130
หยุดเดี๋ยวนี้นะ	130
เขาโกหก	130
คุณพระ	130
ไอแซค	130
ฉันเห็นแล้ว	130
อนาคิน	130
แบทแมน	130
ไม่ว่าอะไรจะเกิดขึ้น	130
ความตาย	130
บาวเออร์	130
คุณคือใคร	130
ไม่ไม่ไม่	130
มันเจ็บ	129
ผมไม่แน่ใจ	129
รัสเซล	129
เธอโกหก	129
ยินดีต้อนรับกลับบ้าน	129
แดวุง	129
อีวาน	129
เธอเป็นไงบ้าง	129
ตามใจ	129
แอนดรู	129
ลองดู	129
บิงโก	129
คือฉัน	129
ชิบอน	129
แครี่	129
ทริค	129
จูดี้	129
เฮล	129
ข้อความ	129
มันสำคัญมาก	129
และหลังจากนั้น	129
แองจี้	129
นานแค่ไหน	129
อร่อยมาก	129
ฉันรู้สึก	129
รหัส	129
วัตสัน	129
พิเศษ	129
เหลวไหล	128
เกร็ก	128
ฮาร์วีย์	128
ฉันก็แค่	128
แท็กซี่	128
ครั้งสุดท้าย	128
คอนราด	128
โดยเฉพาะอย่างยิ่ง	128
วิ่งเร็ว	128
เธอน่ะ	128
เริ่มเลย	128
เบบี้	128
ฮารุฮิ	128
โฮ้	128
ไม่มีค่ะ	128
คราง	128
พี่น้อง	128
ยัยบ้า	128
วิงเกอร์	128
มัลคอล์ม	128
ข้อแรก	128
ชาน	128
นิวยอร์ก	128
ยอน	128
ท่านปธน	128
เอาคืนมา	127
เดี๋ยวฉันกลับมา	127
ฉันแน่ใจว่า	127
โดโรต้า	127
เราจะไปไหนกัน	127
สบายดีมั้ย	127
เห	127
เคอร์ติส	127
อยู่ตรงนี้	127
โว้วว	127
ลอรี่	127
ข้าคิดว่า	127
กรุ๊ป	127
เคเลบ	127
ไม่ดี	127
มองฉัน	127
จริงแล้ว	127
โมน่า	127
ฮง	127
จบแล้ว	127
ไซม่อน	127
คืน	127
ไม่แน่ใจ	126
ในขณะนี้	126
อย่าเพิ่งไป	126
อี๋	126
ผ่อนคลาย	126
ถ้าเป็นอย่างนั้น	126
บ้าน่า	126
ไม่มีทางหรอก	126
รีบ	126
แอนเดรีย	126
แด	126
เราต้องไป	126
เทเลอร์	126
แต่มัน	126
เดือนที่แล้ว	126
นั่นมันอะไร	125
เป็นไปไม่ได้หรอก	125
ขอดูหน่อย	125
น่ารักจังเลย	125
ชมิดท์	125
เดี่ยว	125
ช่วยฉัน	125
เรารู้	125
ให้ตายซิ	125
นั้นแหละ	125
เร็กซ์	125
หายตัวไป	125
น่าจะ	125
เถอะ	125
นี่อะไรน่ะ	124
ฮารุ	124
ทำต่อไป	124
และฉันคิดว่า	124
ฉันหรอ	124
พยายามเข้านะ	124
เบ็คก้า	124
ราชินี	124
เปิดสิ	124
สแตน	124
ผมจัดการเอง	124
เจ๋งไปเลย	124
ได้ยิน	124
เป็นยังไง	124
นี่นะ	124
นี่เป็น	124
เธอกับฉัน	123
นายรู้นะ	123
ฉันไม่ใช่	123
วินซ์	123
กับเธอ	123
เตรียมตัว	123
เรจิน่า	123
ชิพ	123
แอ็กเซล	123
โทษนะครับ	123
ไม่เชิง	123
ไงคะ	123
ครั้งแรก	123
แน่ละ	123
ตั้งแต่เมื่อไหร่	123
อ้าปากค้าง	123
คุณพูดอะไร	123
เราต้องไปกันแล้ว	123
ต้อง	123
ไงล่ะ	123
เย	123
ปิด	123
หลัง	123
ชะ	123
ฮันท์	123
ดัน	123
ล้านเยน	123
คิท	122
ชั้นหมายถึง	122
ฉันไม่อยากเชื่อเลย	122
ลงมา	122
สบายมาก	122
เร็วๆนี้	122
เราไม่รู้	122
โดด	122
ไม่ดีเลย	122
ยืนขึ้น	122
ล้อเล่นรึเปล่า	122
นั่งลงสิ	122
สตู	122
อาจารย์ครับ	122
พระเยซู	122
นาโอกิ	122
แล้วนี่	122
แฟน	122
รับ	122
ลอยด์	122
ฉันอายุ	122
ล้านวอน	122
กม	122
ที่นี่แหละ	121
ทำสิ	121
ฉันสงสัยว่า	121
นายคิดว่าไง	121
เกิดอะไรขึ้นคะ	121
ไม่มีอะไรเกิดขึ้น	121
ชู่วว	121
แอช	121
สเตซี่	121
ชั้นไม่รู้	121
เห็นแล้ว	121
เธีย	121
คุณจะไม่เป็นไร	121
ปู่	121
ผมจะทำ	121
กันยายน	121
อื่น	121
อีกที	120
ไม่มีใครรู้	120
ฉันไม่คิดอย่างนั้น	120
ผมจำได้	120
หยุดยิง	120
อย่างแรกเลย	120
มาร์กาเร็ต	120
ก็นิดหน่อย	120
ก็ใช่น่ะสิ	120
ตลกดีนะ	120
มันไม่	120
เธอพูดว่า	120
ช้า	120
นักเรียน	120
เจนิส	120
เดิน	120
สตีเฟน	120
า	120
ล	120
ไปลงนรกซะ	119
เคที่	119
จนกว่า	119
จอร์เจีย	119
มาดูกัน	119
นายพูดเรื่องอะไร	119
เธอมาแล้ว	119
ยินดีที่ได้พบ	119
ผมเป็น	119
เจอกันพรุ่งนี้	119
ผมไม่สน	119
ด่วน	119
และแล้ว	119
ตอนอายุ	119
แอนน์	119
ซีซี	119
ในช่วง	119
แต้ม	119
ครั้งแล้ว	119
ซัก	119
ทั้งหมดนี่	118
ผู้ชายคนนี้	118
นั่งลงก่อน	118
ฉันขอร้อง	118
นายกำลังทำอะไร	118
ะตั	118
เขายังไม่ตาย	118
พอเลย	118
แลร์รี่	118
มีบางอย่างเกิดขึ้น	118
โอ๋	118
สวยจังเลย	118
ฉันเหนื่อย	118
ฉันมั่นใจ	118
ปีนี้	118
คุณต้อง	118
ปาร์ตี้	118
เพอร์รี่	118
เค้า	118
จุด	118
อาทิตย์ก่อน	118
อเมริกัน	118
คาล	118
ยังมีชีวิตอยู่	117
ด๊อกเตอร์	117
คุณกับผม	117
คุณรู้ไหมว่า	117
ฮีโร่	117
ฉันไม่สนหรอก	117
มันไม่ได้ผล	117
เทเรซ่า	117
นักข่าว	117
คือผม	117
แต่ฉันไม่	117
ไม่ใช่สิ	117
หมวด	117
แต่แล้ว	117
อัลเลน	117
อึม	117
มิถุนายน	117
หยาง	117
อาห์	116
ไม่มีอะไรครับ	116
เบาๆ	116
งั้นก็ดี	116
ไม่ว่า	116
เป็นไปได้ยังไง	116
เขาทำอะไร	116
เราไม่มีเวลาแล้ว	116
ตามนั้น	116
กิลเบิร์ต	116
เลน	116
เพียง	116
นั่นก็คือ	116
ลอนดอน	116
น่าเบื่อ	116
บ้าง	116
ลีโอนาร์ด	116
อเล็กซานเดอร์	116
ถ	116
เกล	115
คุณรู้จัก	115
กระโดด	115
มีความสุข	115
จะทำอะไร	115
เงียบหน่อย	115
ฮิโร่	115
อย่าเข้ามา	115
เราจะทำยังไงดี	115
หมายถึงอะไร	115
ฉันว่านะ	115
ดีนะ	115
แล้วจากนั้น	115
เขาชื่ออะไร	115
เเจ็ค	115
รีบๆ	115
แดเนี่ยล	115
เต้น	115
ปล่อยผม	115
เข้าใจแล้วค่ะ	115
ใช่หรือไม่	115
ชนแก้ว	115
จะไปไหนน่ะ	115
นี่มันบ้าชัดๆ	115
จำได้	115
ไอกู	115
วันนึง	115
เบนนี่	115
เจ๋งมาก	115
คนโง่	115
รีเบ็คก้า	115
มันยังไม่จบ	115
ไม่ต้องห่วงนะ	115
ฉันไม่อยากจะเชื่อ	115
เราต้องการ	115
ทราบแล้วเปลี่ยน	115
แล้วคุณ	115
ศาลที่เคารพ	115
แต่เธอ	115
หรือไง	115
กำลังมา	115
รา	115
การ	115
เอาเหอะ	114
น่าประทับใจ	114
กล้าดียังไง	114
ไม่เป็นไรๆ	114
คนทรยศ	114
จริงน่ะ	114
เกล็น	114
เธอโอเคนะ	114
ขอล่ะ	114
ทุกอย่างเลย	114
มาเหอะ	114
เอริ	114
วิค	114
ดูนี่ซิ	114
นังบ้า	114
ไปที่	114
จิล	114
เธอเป็นยังไงบ้าง	114
โรงแรม	114
จอห์นสัน	114
ทันที	114
หนังสือ	114
หรอกนะ	114
สตาร์	114
นาทีนะ	114
ลอง	114
โย	114
ไวโอเล็ต	113
โอ้พระเจ้าของฉัน	113
ยิงมัน	113
ซานทาน่า	113
ตื่นเร็ว	113
ฉันไม่เคย	113
แบมบี้	113
เดี๋ยวค่ะ	113
แด่	113
อาฮะ	113
กึม	113
ไม่ช้าก็เร็ว	113
เอาละนะ	113
ไม่อีกแล้ว	113
คุณก็รู้นี่	113
ตอนนี้เหรอ	113
เซอร์ไพรส์	113
ทุกอย่างโอเคมั้ย	113
ผมโอเค	113
โคเมะ	113
จับได้แล้ว	113
อาจจะใช่	113
แพตตี้	113
วอลเลซ	113
ใช่คะ	113
เเต่	113
วิคกี้	113
หนุ่ม	113
โวว	113
เพียงแค่	113
อีกต่อไป	113
นอร์แมน	113
มีด	113
ของนาย	113
สาย	113
ดุ๊ก	112
ซากิ	112
อ้อใช่	112
แบรี่	112
จะบ้าเหรอ	112
เธอกำลังทำอะไร	112
ดอกเตอร์	112
เสียงโทรศัพท์	112
ไม่ได้หมายความว่า	112
ฉันบอกแล้วไง	112
ร็อบบี้	112
น่ากลัว	112
เล่น	112
แต่ยังไง	112
แต่ว่านะ	112
ยาหยี	112
ฉันเชื่อ	112
ยูกิจัง	112
ดีขึ้น	112
ขอโทษนะค่ะ	112
ใครล่ะ	112
สิ่งนี้	112
ผมจะไป	112
แต่ทำไม	112
กิล	112
คุณช่วย	112
มากๆ	112
แคล	112
เหลืออีก	112
ครั้งที่	112
หญิง	112
วิเศษ	111
ช่วยหน่อย	111
ยังก่อน	111
ผมจำไม่ได้	111
เราไปกันเถอะ	111
ผมผิดเอง	111
ฉันนึกว่า	111
เจ้าบ้า	111
ไม่มีอะไรค่ะ	111
อัลเฟรด	111
คอมพิวเตอร์	111
ไร้สาระน่า	111
ทุกๆอย่าง	111
ยอมรับเถอะ	111
เธอไปแล้ว	111
มาจาก	111
ในวันนี้	111
ดีๆ	111
แมน	111
ขโมย	110
ฉันเชื่อว่า	110
นายกับฉัน	110
นั่งก่อน	110
เสียงหัวเราะ	110
ฉันเอาด้วย	110
สุดท้ายแล้ว	110
ตัวเอง	110
ชีบอน	110
แน่ๆ	110
อัลเบิร์ต	110
ผมเดาว่า	110
รองเท้า	110
เหอะ	110
ความลับ	110
ใหญ่	110
ริโกะ	109
เดี๋ยวฉันมา	109
ฉันอยากจะ	109
คุณเห็นอะไร	109
รู้สึกยังไงบ้าง	109
คุณคิดว่ายังไง	109
อัลลิสัน	109
ค่ะท่าน	109
พร้อมมั้ย	109
ฉันบอกนายแล้ว	109
อลิสัน	109
ไม่ต้องสงสัยเลย	109
ช่างมัน	109
เมดิสัน	109
สักวัน	109
ฉันโกหก	109
ต่อมา	109
ฮยอน	109
พฤศจิกายน	109
คัน	109
วะ	109
เริ่มกันเลย	108
แสดงว่า	108
อย่าห่วงไปเลย	108
นางฟ้า	108
โอ้ววว	108
เป็นไรมั้ย	108
แอนดริว	108
เร็วซิ	108
รีบหน่อย	108
เข้าใจครับ	108
ไหนๆ	108
แมต	108
ว่าทำไม	108
ดอม	108
เอาจริงดิ	108
ทั้งหมดนี้	108
ข้างนอก	108
หลบ	108
นายล่ะ	108
ฉันไปไม่ได้	108
ฮัท	108
คุณทำอะไรลงไป	108
ฉันไม่อยาก	108
แซค	108
ทุกๆวัน	108
กล้อง	108
คำถาม	108
บราวน์	108
วอล์คเกอร์	108
ประธาน	107
จับเขา	107
เธอนี่	107
เพราะฉัน	107
และอีกอย่าง	107
เฮ้ๆๆ	107
อีดี้	107
ใช่แล้วค่ะ	107
แกตายแน่	107
เอาเลยสิ	107
เกิดอะไรขึ้นกับเขา	107
วินสตัน	107
ตายซะ	107
โจมตี	107
ได้อยู่แล้ว	107
ฉันพยายามแล้ว	107
ลินเน็ต	107
อีกอย่างนะ	107
กลับบ้านกันเถอะ	107
ปัญหา	107
นี่มันเกิดอะไรขึ้น	107
ได้เลยค่ะ	107
อาวุธ	107
งั้นสิ	107
ถ้าคุณ	107
ฮิวส์	107
ยูน	107
ภรรยา	107
อย่าทำแบบนั้น	106
เอาไปสิ	106
มันเกิดขึ้นได้ยังไง	106
ง่าย	106
ๆๆ	106
ทำไมกัน	106
ทำไมหรือ	106
เช่นอะไร	106
ถึงตอนนี้	106
พรุ่งนี้เช้า	106
อย่างที่เห็น	106
นี่ตำรวจ	106
ฉิบหาย	106
มันเหมือนกับว่า	106
เดี๋ยวครับ	106
เจอ	106
จุ๊บ	106
ใช่ซิ	106
ของพวกเขา	106
ย่าห์	106
ดง	106
เธออายุ	106
ลีโอ	105
นาโอมิ	105
ฟื้นสิ	105
ห้องน้ำ	105
โมนิก้า	105
เจคอบ	105
มันจะไม่เกิดขึ้นอีก	105
คุณหมายความว่าอะไร	105
ไลโอเนล	105
ทำไมหละ	105
ยังครับ	105
ไรลีย์	105
จริงเหรอเนี่ย	105
เห็นอะไร	105
เวนดี้	105
อาลี	105
แอนเดอร์สัน	105
ดันแคน	105
น่ะเหรอ	105
เธอล่ะ	105
ฉันไม่เข้าใจเลย	105
ฉันจะไปแล้ว	105
เราเป็นเพื่อนกัน	105
ขึ้นไป	105
นรก	105
เมแกน	105
มาริ	105
ดูฉันสิ	105
เว้นแต่ว่า	105
ธันวาคม	105
รอส	105
พาร์คแมน	105
คดี	105
ฟัน	105
หลังจากนี้	104
มีค่ะ	104
นานา	104
อยู่ตรงนั้น	104
หมายความว่าอะไร	104
อะแฮ่ม	104
คุณอยู่ที่นี่	104
คุณเข้าใจมั้ย	104
เอาล่ะทุกคน	104
ฮาวเวิร์ด	104
ชัดเจน	104
ชื่ออะไร	104
ผมไม่มีทางเลือก	104
สมบูรณ์แบบ	104
เขาเป็นไงบ้าง	104
เพรนทิส	104
จำกัด	104
มันช่าง	104
ข้าสัญญา	104
วิเศษมาก	104
ผู้อำนวยการ	104
คุณเป็นอะไร	104
จูบ	104
จัดการ	104
ก๊อก	104
นาทีแล้ว	104
ศูนย์	104
มีอะไรงั้นเหรอ	103
นี่มันอะไรกันเนี่ย	103
งั้นเหรอครับ	103
คุณพูดว่าอะไรนะ	103
เลดี้	103
แคสเทียล	103
นาโอะ	103
อยู่นั่นไง	103
เคโต้	103
ไม่ใช่เขา	103
คุณเป็นคนดี	103
ไม่ว่ายังไงก็ตาม	103
กินซะ	103
เด็กคนนั้น	103
ไปเดี๋ยวนี้	103
เขาว่า	103
เกาะไว้	103
ได้แน่นอน	103
ฉันคิดถึงคุณ	103
นายแน่ใจนะ	103
พยาบาล	103
ทำไมครับ	103
หยุดรถ	103
คุณค่ะ	103
ไม่นานหรอก	103
ฮัดสัน	103
อยู่ที่	103
ซูซี่	103
ทาเครุ	103
ฉันไม่ได้ตั้งใจ	103
เอ๊	103
อยาก	103
ไม	103
สิ่ง	103
ส่ง	103
โต๊ะ	103
ดะ	103
เอช	103
เอ็น	103
เงียบเถอะ	102
คุณทำอะไรอยู่	102
ขอบคุณฮะ	102
แคสซี่	102
ที่รักคะ	102
เยี่ยมจริงๆ	102
มันเป็นใคร	102
หรืออะไร	102
ว่ายังไง	102
เมื่อก่อน	102
หนูไม่รู้	102
ฉันอยู่ที่นี่	102
สกาย	102
ขอร้องเถอะ	102
คำเตือน	102
ไม่เป็นไรหรอกค่ะ	102
รู้ใช่มั้ย	102
อู้วว	102
สองครั้ง	102
นายตายแน่	102
ผมเชื่อว่า	102
สำเร็จ	102
นี่ล่ะ	102
แคลิฟอร์เนีย	102
มอส	102
ชั้นคิดว่า	102
ซูนาโกะจัง	102
บริกส์	102
มันเป็นยังไง	102
นาง	102
เธออยู่ที่นี่	102
โน	102
เธอพูดเรื่องอะไร	101
ทั้งคู่	101
อิซาเบล	101
ฉันไปด้วย	101
ข้าเสียใจ	101
คุณต้องการ	101
ตรงไหน	101
กลับบ้านไป	101
ระวังตัวด้วยนะ	101
ออสการ์	101
ขอตัวนะครับ	101
ราจ	101
ยินดีค่ะ	101
ไม่เอาน่ะ	101
เธอรู้ได้ยังไง	101
โอม	101
ไม่เป็นไรหรอกน่า	101
เคียวเฮ	101
ผมเสียใจจริงๆ	101
ดีจริง	101
เขาสบายดี	101
คุณไม่รู้	101
และนี่คือ	101
แม่ของฉัน	101
เอริก้า	101
แมค	101
ตกลงครับ	101
ประวัติศาสตร์	101
ดอนน่า	101
ยืนยัน	101
เดียว	101
เปอร์เซ็นต์	101
เพอร์ซี่	101
ระดับ	101
ผู้หญิงคนนี้	100
ก่อนหน้านั้น	100
เขาอยู่นั่น	100
เรามีปัญหาแล้ว	100
พูดมา	100
เธอหมายความว่าไง	100
เลนนี่	100
ลูเธอร์	100
ราพันเซล	100
เอซร่า	100
ก็คงงั้น	100
ฉันไม่รู้จริงๆ	100
ทำอะไรอยู่น่ะ	100
ตัวอย่างเช่น	100
น่าประทับใจมาก	100
ถ้าไม่	100
คุณเป็นอะไรหรือเปล่า	100
ฉันชอบเธอ	100
นี่อะไรเนี่ย	100
นายเข้าใจไหม	100
นายโอเคไหม	100
นายไม่เป็นไรนะ	100
อยากสิ	100
แล้วยังไงต่อ	100
ปิดมันซะ	100
สงคราม	100
นั่นไม่ใช่	100
ให้ฉันเดานะ	100
ร้องเพลง	100
เวอร์จิเนีย	100
แคทเทอรีน	100
มือ	100
เหมือนกับว่า	100
แน่นอนว่าไม่	100
ใครบางคน	100
เฮาส์	100
ช่ายย	100
นาทีก่อน	100
เม	100
เถอะนะ	99
ดูนี่นะ	99
โจแอนนา	99
ไม่แน่	99
ปล่อยมันไป	99
คอลลินส์	99
ฉันพูดจริงนะ	99
ฉันรู้สึกได้	99
ล้อเล่น	99
คริสโตเฟอร์	99
คุณรู้ว่า	99
อย่าไปนะ	99
ไม่ยุติธรรมเลย	99
จะว่าไป	99
เดาว่า	99
แมตต์	99
น่าขยะแขยง	99
อยู่เฉยๆ	99
อย่างที่สอง	99
ซาราห์	99
แล้วเกิดอะไรขึ้น	99
กลับบ้านไปซะ	99
ฉันสาบานได้	99
แกต้องการอะไร	99
ทั้งสองคน	99
คนพวกนี้	99
เกือบแล้ว	99
ตัด	99
บางคน	99
นั่นหมายถึง	99
มัลคอม	99
บิน	99
ฉันต้องการความช่วยเหลือ	98
เวรแล้ว	98
เหอ	98
กลับมาก่อน	98
เจ๋งเลย	98
ผมไม่ทราบว่า	98
อยู่ๆ	98
ไอ้หนุ่ม	98
มานี่หน่อย	98
เน็ด	98
ลีออน	98
อย่าขยับนะ	98
ในโลกนี้	98
มาดูนี่สิ	98
คุณถูกจับแล้ว	98
อยู่กับฉัน	98
ฉันรู้สึกว่า	98
มอร์กาน่า	98
ไอ้ระยำ	98
คุณรู้อะไร	98
ดงจู	98
โปรด	98
อื่ม	98
เอลล่า	98
เพราะคุณ	98
พวกนี้	98
ฉันจะกลับบ้าน	98
เบลน	98
แก้ว	98
กิลราอิม	97
พูดจริงเหรอ	97
ที่ว่า	97
มากับผม	97
แปลว่าอะไร	97
ไอ้งั่ง	97
โทษนะคะ	97
พูดจริงๆ	97
แต่จริงๆ	97
ใครคะ	97
ราตรีสวัสดิ์ครับ	97
สำหรับอะไร	97
สักวันหนึ่ง	97
หุบปากน่า	97
เฮ้พวก	97
ฉันอยาก	97
ใจเย็นไว้	97
เธอสบายดี	97
มาแล้วเหรอ	97
เชฟ	97
เสื้อผ้า	97
อ๊าาา	97
ลิซ	97
ฉันเองนะ	97
อะไรอ่ะ	97
ฆ่าตัวตาย	97
ปาร์กเกอร์	97
ฉันขอโทษด้วย	97
คุณทำ	97
อังกฤษ	97
ทำไมคุณ	97
เฮ่อ	97
ฟอร์ด	97
กิโลเมตร	97
นิโคล	97
จิ	97
ชู	97
มารี	96
ยังค่ะ	96
ถอยออกไป	96
สวัสดีตอนเช้า	96
คาสเซิล	96
จำไม่ได้เหรอ	96
เพื่อนของฉัน	96
กึมจันดี	96
คืองี้นะ	96
ไมกี้	96
มันเป็นไปได้	96
คุณกำลัง	96
ดีเจ	96
น่าละอาย	96
เทอรี่	96
เดินต่อไป	96
สำหรับเธอ	96
พร้อมไหม	96
เฟลิซิตี้	96
เมเรดิธ	96
ลาก่อนค่ะ	96
ผมกลับมาแล้ว	96
แล้วฉันล่ะ	96
เอิร์ล	96
อนาคต	96
มันไม่สำคัญ	96
ท่านวุฒิฯ	96
ของขวัญ	96
ขอแสดงความยินดี	96
อันดับแรก	96
ดนตรี	96
ฉันเข้าใจค่ะ	96
หนูรู้ค่ะ	96
มันหมายถึง	96
สุดยอดไปเลย	96
ไบรซ์	96
พระองค์	96
จริงมั๊ย	96
เพียงแต่	96
พฤษภาคม	96
ขอย้ำ	96
ซีไอเอ	96
ผมไม่ได้	96
ง	96
ตายละ	95
ช่วยที	95
ตกใจหมดเลย	95
ทันใดนั้น	95
ที่ๆ	95
ฟลินน์	95
ชินอิจิ	95
อ๊าา	95
ดื่มซะ	95
บทบรรยายไทยโดย	95
เธอคิดว่าไง	95
ฮาร์วี่	95
เร็วๆสิ	95
เราต้องออกไปจากที่นี่	95
อินกริด	95
เฟรย่า	95
ปัญหาคือ	95
ทุกคนเลย	95
ท้ายที่สุด	95
อย่าเข้ามานะ	95
ลุยกันเลย	95
มามะ	95
ฉันได้ยิน	95
กินสิ	95
ลาร์รี่	95
มินวู	95
ออกไปเดี๋ยวนี้	95
ช่างมันเหอะ	95
คุณก็รู้ว่า	95
ชิบาตะ	95
ฉันอยู่ที่ไหน	95
แม่มด	95
ฉันบอก	95
อาทิตย์ที่แล้ว	95
เดท	95
เขต	95
ไรเดอร์	95
ลินน์	94
นายรู้	94
แอคเซิล	94
เขารู้	94
ชื่อว่า	94
ทุกอย่างจะต้องเรียบร้อย	94
เขากำลังมา	94
ฉันไปก่อนนะ	94
ไม่ไป	94
แล้วอีกอย่าง	94
โอ๊ะโอ	94
อีกอย่างหนึ่ง	94
ทำยังไงดี	94
ไม่น่าเชื่อเลย	94
กลัว	94
และเอ่อ	94
ลัย	94
ข้างนอกนั่น	94
คุณคิม	94
เงียบซะ	94
อาทิตย์หน้า	94
ดอนนี่	94
วอร์ด	94
นั้นมัน	94
นี่ไม่ใช่	94
ว้าววว	94
ดิ๊ก	94
ได้ละ	94
ตรวจสอบ	94
คุณไม่ได้	94
แม้แต่	94
แดซอง	94
ไมลส์	94
บิ๊ก	94
โตเกียว	94
บก	94
ฉันชอบมัน	93
มันหายไปแล้ว	93
ประธานาธิบดี	93
อย่าพูดแบบนั้น	93
รีบไปเถอะ	93
เช่นนั้น	93
หยุดพูด	93
แต่ผมคิดว่า	93
รู้จัก	93
แอชลีย์	93
โรมัน	93
เราพร้อมแล้ว	93
เกี่ยวกับอะไร	93
อย่างงั้นเหรอ	93
บน	93
ยินดีที่รู้จัก	93
เจ้าตัวเล็ก	93
ต้นไม้	93
มันน่ากลัว	93
นั่นเขา	93
ไม่เป็นไรใช่มั้ย	93
โคเฮ	93
ผมกลัว	93
ฉันต้องการมัน	93
ไม่มาก	93
เรื่องจริง	93
ขอให้สนุก	93
อย่าลืม	93
นายโอเคมั้ย	93
เอาคืนมานะ	93
อิม	93
ฉันได้	93
มันไม่มีอะไร	93
แบบไหน	93
ซะ	93
ยามาดะ	93
ฉันขอ	93
ขา	93
ก็ดีค่ะ	92
พูดตรงๆ	92
รู้ได้ไง	92
ทำเลย	92
ดูแลตัวเองด้วยนะ	92
ก็ได้ค่ะ	92
อย่ากังวลเลย	92
ฉันไม่เชื่อ	92
ตลกมาก	92
ไม่เป็นไรจ้ะ	92
ไว้เจอกันนะ	92
แจ๋วเลย	92
ยังไงก็แล้วแต่	92
รอก่อนนะ	92
ฟังผม	92
เราจะไป	92
เธอไม่เป็นไร	92
มิเกล	92
มาร์ธา	92
แค่นี้แหละ	92
ข้างบน	92
ฉันจะกลับมา	92
โอลีฟ	92
ผมได้ยินมาว่า	92
ออกไปเลย	92
วางอาวุธลง	92
เช่นกันค่ะ	92
เธอจะไม่เป็นไร	92
ไอวี่	92
ฉันคิด	92
คุณเห็น	92
เรือ	92
ช่วยเราด้วย	92
สิบ	92
คณบดี	92
เบ็ธ	92
อื้มม	92
มีครับ	92
เกี่ยวกับเรื่องนี้	92
เชส	92
ด้วยตัวเอง	92
แต่เป็น	92
เซ็กซี่	92
คำ	92
เอม	92
เบรนแนน	92
ฉันเปล่านะ	91
เราอยู่ที่ไหน	91
ฟังดูดีนะ	91
อย่ากังวล	91
ขอแสดงความยินดีด้วย	91
แอนทอน	91
จริงสินะ	91
ปล่อยฉันออกไป	91
คุณผู้ชาย	91
เราคิดว่า	91
นอนลง	91
แย่หน่อยนะ	91
ว่าไงจ๊ะ	91
ว้าย	91
ท่านอาจารย์	91
พาโบล	91
มีบางอย่างผิดปกติ	91
แฮโรลด์	91
ผมรู้ครับ	91
เธอหมายความว่ายังไง	91
เกิดอะไรขึ้นกันแน่	91
ฆ่าเขา	91
แม็ท	91
ธีโอ	91
ชารอน	91
ผมเห็น	91
ราตรีสวัสดิ์ค่ะ	91
หมดเวลา	91
คนดี	91
หวัดดีจ้ะ	91
มิจิรุ	91
ไม่หรอกน่า	91
เช้านี้	91
มันไม่ใช่แบบนั้น	91
อากาศ	91
บราโว่	91
อ้าาา	91
ข้าเอง	91
เชลลี่	91
นั่นมันอะไรน่ะ	91
ข้อสอง	91
แต่ถ้า	91
นั่นเป็น	91
ฮันเตอร์	91
เครื่อง	91
โป	91
ไลท์	91
ชั่วโมงแล้ว	91
รับไป	90
นี่แน่ะ	90
ลักพาตัว	90
เหลือเชื่อ	90
ผมชอบนะ	90
ผมก็ด้วย	90
ยินดีด้วยครับ	90
เบ	90
ไดแอน	90
หยุดสิ	90
อาจารย์คะ	90
อะไรกันวะ	90
ผมชอบ	90
โอ๊ว	90
มิกะ	90
ฆ่าฉัน	90
ครั้งหน้า	90
ไม่คะ	90
ได้ยินฉันไหม	90
ทุกอย่างโอเค	90
เปล่าซะหน่อย	90
เซบาสเตียน	90
นี่ของคุณ	90
ฉันคิดถึงเธอ	90
ขอตัวนะคะ	90
นิคกี้	90
นายน่ะ	90
ตามข้ามา	90
ประเด็นก็คือ	90
คุณเป็นอย่างไรบ้าง	90
มันเป็นกับดัก	90
มีอะไรรึ	90
คี	90
แค่ครั้งเดียว	90
บัดซบ	90
มีอะไรเหรอคะ	90
ฝรั่งเศส	90
ฮิลล์	90
กับผม	90
ทราบแล้ว	90
ทำให้	90
สวรรค์	90
เกย์	90
ซี่	90
จ	90
ที่ไหนล่ะ	89
เป็นไงล่ะ	89
บ้าที่สุด	89
แต่มันไม่ใช่	89
คุณไปไหนมา	89
กับใคร	89
ข้าว่า	89
ใช่รึเปล่า	89
ฉันหิว	89
อลิเซีย	89
ร้อง	89
สจ๊วต	89
ทรินิตี้	89
เบทซี่	89
ช้าหน่อย	89
เท่านั้นเอง	89
โทดที	89
กลับกันเถอะ	89
ทำไมล่ะคะ	89
รูบี้	89
ฟิโอนา	89
ยูชอน	89
พูดอะไรน่ะ	89
มันหมายความว่า	89
วางลง	89
ฉันอยากรู้	89
เซ	89
ยาย	89
ชุน	89
หมา	89
พ่อฉัน	89
สีแดง	89
รัส	89
สวีท	89
เรามีเวลา	89
ดูซะ	88
ทุกอย่างเรียบร้อย	88
ไม่เลยค่ะ	88
นายรู้ได้ยังไง	88
อาจจะนะ	88
ไม่ว่าจะยังไง	88
คำถามก็คือ	88
นี่เป็นครั้งแรก	88
นากามูระ	88
ให้ไว	88
ฉันจะจัดการเอง	88
ทุกอย่างโอเคไหม	88
คีธ	88
ว่าแต่ว่า	88
สารเลว	88
เเน่นอน	88
มีอะไรอีกไหม	88
ออกไปให้พ้น	88
ฮอลลี่	88
อะไรรึ	88
โอ้อึ	88
ไปต่อ	88
ไปๆๆ	88
ฮาชิ	88
เดเรค	88
เหมือนเดิม	88
ลิเลียน	88
แคม	88
ในไม่ช้า	88
ผมกำลังไป	88
มอง	88
ฉันบอกไม่ได้	88
มิแรนด้า	88
รีส	88
ถ้าเป็นไปได้	88
เกม	88
หัว	88
หัวใจ	88
ไก่	88
เธอมี	88
เหยื่อ	88
ญี่ปุ่น	88
ฮู้	88
ราคา	88
กะ	88
นาทีที่แล้ว	88
ซุน	88
เท	88
ซม	88
ซอ	88
นายหมายความว่ายังไง	87
ก่อนที่	87
จัดการซะ	87
แย่จริงๆ	87
คิดว่างั้น	87
ใช่จ๊ะ	87
ลูกจ๋า	87
สามี	87
ออลลี่	87
เอาอีกแล้ว	87
และใช่	87
ไม่ใช่ซะหน่อย	87
ขอโทษด้วยค่ะ	87
มันก็จริง	87
มาๆ	87
แต่ไม่เป็นไร	87
เดี๋ยวก่อนๆ	87
ไม่เห็น	87
นั่นก็จริง	87
ชายคนนี้	87
คุณได้ยินไหม	87
แซนดี้	87
ฉันต้องการคุณ	87
อย่าพูด	87
ชาร์ล็อต	87
ท่านแม่ทัพ	87
ปัญหาก็คือ	87
มันแปลก	87
พิซซ่า	87
ผู้คน	87
มีเรื่องอะไร	87
ทั้งคู่เลย	87
พวกเขาเป็นใคร	87
อีวา	87
กรกฎาคม	87
ดอกไม้	87
นิ	87
สัปดาห์ก่อน	87
เขาอายุ	87
ใหม่	87
ลำ	87
เกิด	87
ซึคาสะ	86
หนูคิดว่า	86
เพค่ะ	86
เจ้าค่ะ	86
หนูหมายถึง	86
ฮ่าฮ่า	86
ผมอยากให้คุณ	86
แชด	86
คุณกำลังจะไปไหน	86
มีใครอยู่มั้ย	86
ฟังฉันก่อน	86
ฉันต้องทำ	86
ฉันคิดว่านะ	86
สุขสันต์วันคริสต์มาส	86
แปลกนะ	86
เราจะทำยังไงกันดี	86
นาตาลี	86
หมาป่า	86
โอ่	86
อัลลีย์	86
ฉบับที่	86
ล้อเล่นหรือเปล่า	86
ฉันอยากกลับบ้าน	86
วอลดอร์ฟ	86
นั่นคืออะไร	86
มันดูเหมือน	86
ชื่อของเขาคือ	86
มันจะไม่เกิดขึ้น	86
หืมมม	86
มาร์แชล	86
เมือง	86
ทำไมไม่	86
ตูม	86
ผมอยู่นี่	86
ฝันไปเถอะ	86
ซึง	86
มินามิ	86
อบิเกล	86
โรซี่	86
ชุด	86
บทที่	86
รอบที่	86
เมย์เดย์	85
คุณรู้ได้อย่างไร	85
ตั้งแต่แรก	85
คุณรู้ใช่มั้ย	85
กอนวุค	85
ดาร์วิน	85
ยอดมาก	85
ตลกน่า	85
เอาจริงๆ	85
อย่างไรก็ดี	85
เขาอยู่นี่	85
ทำมัน	85
ดูแลตัวเองนะ	85
มังก์	85
ผมบอกแล้ว	85
ใครบอก	85
ฉันมั่นใจว่า	85
เหล่านี้	85
ตื่นเถอะ	85
หนูขอโทษค่ะ	85
เป็นไรรึเปล่า	85
ทำไมจะไม่ล่ะ	85
ผู้ต้องสงสัย	85
ในตอนเช้า	85
แมว	85
มาซิ	85
คริสเตียน	85
เข้ามาได้	85
เดน่า	85
ผมคิดถึงคุณ	85
คลับ	85
ห่วยแตก	85
หัวหน้าทีม	85
เขาคือใคร	85
สถานที่	85
แผน	85
ม่าย	85
เฟรด	85
ปลา	85
ดอลล่า	85
ปีแล้วนะ	85
คาเรฟ	85
ลาก่อนนะ	84
มีอะไรคะ	84
เอ๊ย	84
ไปไกลๆ	84
จะบอกให้นะ	84
อย่าบอกนะ	84
เขาไม่	84
ก็ไม่เป็นไร	84
อากิระ	84
วาว	84
โฮดอร์	84
บาร์บาร่า	84
ลูกชายฉัน	84
กูจุนพโย	84
นี่ใคร	84
เด็กโง่	84
จัดการมัน	84
แปลกมาก	84
ก็เพราะว่า	84
เราทำไม่ได้	84
มากขึ้น	84
อ่าว	84
แต่ฉันทำไม่ได้	84
เบอร์นาร์ด	84
จอร์น	84
ห่ะ	84
ว่าไงล่ะ	84
เอาล่ะๆ	84
ฉันก็	84
โกรธ	84
ผมขอ	84
ค่อยยังชั่ว	84
ความเจ็บปวด	84
เคย์	84
มาก่อน	84
โทรมา	84
กี	84
โซล	84
พัน	84
ดิง	84
อย่างนั้นหรอ	83
ผมต้องการคุณ	83
ไม่เลยครับ	83
ผมรักคุณนะ	83
เดเนียล	83
คุณไม่รู้เหรอ	83
ฉันจะบอกว่า	83
คุณทำไม่ได้	83
เข้าใจใช่มั้ย	83
ไม่รู้สิคะ	83
ไม่ใช่วันนี้	83
ช่วยฉันที	83
เคนนี่	83
เข้ามาก่อนสิ	83
เคยสิ	83
ผมขอร้อง	83
อาจจะไม่	83
ฉันท้อง	83
แบบนั้นแหละ	83
สู้เขา	83
โซซึเกะ	83
เท็กซัส	83
หมดเวลาแล้ว	83
ไม่เป็นไรใช่ไหม	83
เหอะน่า	83
เมื่อไม่นานมานี้	83
เกิดอะไรขึ้นหรอ	83
ยูมิ	83
ยุนซอง	83
ถ้าเธอต้องการ	83
ดีมากๆ	83
ลูกของฉัน	83
ทีเจ	83
ตอนนี้แหละ	83
เทอร์เนอร์	83
เพราะเธอ	83
ซิลเวสเตอร์	83
ด็อก	83
มันไม่เหมือนกัน	83
เคยเป็น	83
รายงาน	83
แป๊บนึง	83
เขาไม่เป็นไร	83
เกิดบ้าอะไรขึ้น	83
เป็นความจริง	83
คริสติน	83
คุกเข่า	83
บอกเขาว่า	83
ขั้นแรก	83
เซ็นต์	83
ฟรานซิส	83
แม่ของเธอ	83
มันจะ	83
แฟรงคลิน	83
ลอร์ด	83
คู่	83
บิชอป	83
ที่เรียกว่า	82
กี่โมงแล้ว	82
ตั้งแต่นี้ไป	82
บอกตามตรงนะ	82
เธอสวยมาก	82
ฉันไป	82
ฉันไม่รู้หรอก	82
ผมไม่ได้ทำ	82
อ้าก	82
คุณกำลังพูดเรื่องอะไร	82
โชคร้าย	82
ง่ายมาก	82
ได้ตัวแล้ว	82
ไม่ว่าอะไรก็ตาม	82
เพื่อนฉัน	82
เป็นครั้งแรก	82
คาเมรอน	82
ชู่ววว	82
ได้ยินแล้ว	82
อยู่นี่ไง	82
คุณไม่เป็นอะไรนะ	82
คืนพรุ่งนี้	82
และสุดท้าย	82
นี่อะไรกัน	82
ไม่นาน	82
ยังไงก็เหอะ	82
อุ้ย	82
วูดดี้	82
สวยงาม	82
กลับไปซะ	82
รู้ใช่ไหม	82
ฮาโหล	82
เดี๋ยวผมกลับมา	82
ร่วมเพศ	82
ยกเลิก	82
ผมไม่ใช่	82
เราทุกคน	82
มาจากไหน	82
โมฮินเดอร์	82
ในตอนแรก	82
เรื่องมันยาวน่ะ	82
ยังไม่ใช่ตอนนี้	82
อย่าทำ	82
เงียบก่อน	82
ผมก็แค่	82
ลูกสาว	82
เดือนที่ผ่านมา	82
ซา	82
เบรนเนน	82
จอร์ช	81
แล้วนี่อะไร	81
ก็ดีครับ	81
เวรกรรม	81
ที่อยู่	81
เอลลิส	81
เกิดไรขึ้น	81
ใครก็ได้ช่วยด้วย	81
ราโมน	81
เป็นไปได้ไง	81
จุนซู	81
ว่ากันว่า	81
ขอเถอะ	81
ชิบ	81
ดีจ้ะ	81
รู้สึก	81
เอาแล้วไง	81
ใครเป็นคนทำ	81
ซินดี้	81
ฟิชเชอร์	81
มารุโอะ	81
ไม่เอานะ	81
อย่าร้อง	81
พอลลี่	81
มันบอกว่า	81
คนบ้า	81
ถูกต้องครับ	81
พ่ะย่ะค่ะ	81
ไม่ใช่แบบนี้	81
เร็วอีก	81
อาจจะเป็น	81
แจจุง	81
บาทาวสกี้	81
ตลอดเวลาที่ผ่านมา	81
แกจะทำอะไร	81
มันดีมาก	81
ไหนล่ะ	81
เร้ด	81
ธอร์น	81
เราแค่	81
วันต่อมา	81
แชง	81
มู	81
จา	81
โอ้ะ	80
วันพรุ่งนี้	80
เข้าไปเลย	80
อยู่นี่นะ	80
กลอเรีย	80
ขอบใจมากนะ	80
ลิฟ	80
เขายังมีชีวิตอยู่	80
ผมเกรงว่า	80
ดูดี	80
ไม่เอาหน่า	80
คุณน้า	80
ไงครับ	80
นายจะทำอะไรน่ะ	80
วูจิน	80
ถ้าเช่นนั้น	80
ขอบคุณนะครับ	80
ฉันจะรอ	80
ไม่ว่าอย่างไร	80
ไปละ	80
ฉันอยู่นี่แล้ว	80
ฉันได้ยินว่า	80
ฉันถามว่า	80
คุณเป็นอะไรมั้ย	80
กระซิบ	80
ข้าทำไม่ได้	80
หรืออะไรสักอย่าง	80
ไม่อยากเชื่อ	80
แต่บางที	80
มาตรงนี้	80
ฉันตัดสินใจแล้ว	80
ได้เสมอ	80
ทีวี	80
คิมนานา	80
สิงหาคม	80
ทุกวันนี้	80
ทำไมล่ะครับ	80
สบาย	80
อย่างงั้น	80
ได้รับ	80
เชิญนั่งครับ	80
ฮ่าๆๆ	80
คุณถูก	80
ใช้ได้	80
จนกระทั่งตอนนี้	80
ตลก	80
เขาตาย	80
มากมาย	80
ฉันจะพยายาม	80
ซิดนี่	80
มันยาก	80
เป้าหมาย	80
ภาษา	80
เบรนด้า	80
ธนาคาร	80
ใครทำ	79
แลรี่	79
น่ารำคาญ	79
คุณจะไปไหนน่ะ	79
เขาทำได้	79
ฟังดูดี	79
ถึงยังไง	79
เธอหมายถึง	79
พูดถูก	79
ขอบคุณที่มานะ	79
ฉันบอกเธอแล้ว	79
ประมาณว่า	79
ใกล้แล้ว	79
อะไรกันน่ะ	79
นั้นอะไร	79
ถึงอย่างนั้น	79
เมื่อกี้	79
ว่าไงนะครับ	79
เเละ	79
เด็บบี้	79
บอกผมสิ	79
ทางนี้ค่ะ	79
ปกติแล้ว	79
เออนี่	79
หรืออะไรก็ตาม	79
พ่อจ๋า	79
นี่จ้ะ	79
ไม่แล้ว	79
ไงก็ตาม	79
คุณไง	79
รูอิ	79
เมกุ	79
คุณสองคน	79
เธอด้วย	79
พวกเราทุกคน	79
เมอลิน	79
นายด้วย	79
ไม่น่า	79
พี่ขอโทษ	79
มันจะไม่เป็นไร	79
สตีล	79
พ่อของเธอ	79
ผมสาบานได้	79
อิซซี่	79
ทำไมจะไม่ได้ล่ะ	79
เธอทำ	79
อะไรแบบนั้น	79
บอกเขา	79
คาวบอย	79
จะบอกอะไรให้	79
คุณชนะ	79
แต่หลังจากนั้น	79
อะไรหน่ะ	79
จัดไป	79
ชินมยองฮุน	79
เขาต้องการอะไร	79
แหวน	79
เราไม่	79
ข่าว	79
หมู	79
คนตาย	79
เราได้	79
เธอจะ	79
ปีข้างหน้า	79
ฉันรู้ๆ	78
เธอก็รู้นี่	78
ลุก	78
มันหมายความว่ายังไง	78
อ๋อใช่	78
ขอบคุณมากนะคะ	78
ตามสบายเลย	78
หลานรัก	78
แค่นี้	78
คุณกำลังจะทำอะไร	78
ไมค์กี้	78
ยูจีน	78
ไม่ใช	78
แมดดี้	78
ในเวลาเดียวกัน	78
นานแค่ไหนแล้ว	78
ส่งมา	78
อ่าาา	78
ครูโซ	78
ได้ล่ะ	78
ไม่จ้ะ	78
ไอริส	78
ขอบคุณสำหรับทุกอย่าง	78
มีใครอยู่ไหม	78
โชคดีครับ	78
บอนด์	78
ไวน์	78
ว่าไงคะ	78
คุณมาที่นี่ทำไม	78
ร้อยโท	78
สก็อตต์	78
ท่านสุภาพบุรุษและสุภาพสตรี	78
คุณรู้ใช่ไหม	78
ที่โรงพยาบาล	78
ดีใจที่ได้เจอคุณ	78
ทำไมเธอ	78
รู้อะไร	78
จะบอกอะไรให้นะ	78
เจอเรมี่	78
ฉันแค่คิดว่า	78
รู้ได้ยังไง	78
ที่บ้าน	78
เธอเป็นอะไร	78
เธอไม่	78
อะไรเล่า	78
ร็อค	78
รัน	78
เธอไม่เข้าใจ	78
ตั้งใจหน่อย	78
มนุษย์หมาป่า	78
ความฝัน	78
แต่นั่น	78
เกิร์ล	78
หรือยัง	78
อาร์ทู	78
ขนาด	78
กลุ่ม	78
ติ๊ก	78
ใช่ใช่	77
โทษค่ะ	77
ไฮ้	77
แน่นอนล่ะ	77
ดีจังเลยนะ	77
ฉันจริงจังนะ	77
จากใคร	77
คอลลิน	77
พอเหอะ	77
ให้คุณ	77
คอลิน	77
ฮอตช์	77
ฮยอง	77
ระวังหน่อยสิ	77
แดริล	77
มันไม่ง่ายเลย	77
ท่านรัฐมนตรี	77
คุณไวท์	77
คุณไม่ใช่	77
แต่ไม่ใช่	77
แต่จริงๆแล้ว	77
ฉันไปเอง	77
ผมชอบคุณ	77
เราตกลงกันแล้ว	77
มันไม่ได้ผลหรอก	77
ไคโตะ	77
บัด	77
กัส	77
ยังไงก็ได้	77
บาร์ท	77
มาเร็วๆ	77
รีบไปกันเถอะ	77
คุณรู้มั้ยว่า	77
แหงสิ	77
เดซี่	77
เช็ค	77
ฉันจะฆ่านาย	77
แต่วันนี้	77
ฉันไม่รู้ว่าทำไม	77
ว่าอะไรนะ	77
มันง่ายมาก	77
คุณก็ด้วย	77
เบิร์ก	77
เป็นใคร	77
นาน	77
ยังไม่ตาย	77
อย่าพูดอย่างนั้น	77
แถว	77
บ่าย	77
ตร	77
ฉันว่าแล้ว	76
ฉันจะไปด้วย	76
ท่านประธานครับ	76
เราจะทำยังไง	76
อะไรๆ	76
ใช่เหรอ	76
ครั้งนึง	76
หรือครับ	76
นายรู้อะไรมั้ย	76
ความสุข	76
จับเขาไว้	76
อย่างนี้นี่เอง	76
ผมก็รักคุณ	76
ว่าแล้วเชียว	76
คุณนี่	76
ก้มลง	76
นิว	76
คนไหน	76
ฟังผมก่อน	76
ไงพวก	76
ขับไป	76
นายชื่ออะไร	76
จริงหรือเปล่า	76
กรุณาเถอะ	76
ไปให้พ้นนะ	76
พูดตามตรง	76
แต่อะไร	76
คาโอรุ	76
หมอบ	76
เราชนะ	76
ช่วงนี้	76
โอ้โฮ	76
เอานะ	76
เชี่ย	76
เฮ่ย	76
ภาษาอังกฤษ	76
แพททริค	76
ปัจจุบัน	76
ฉันยอมรับ	76
อยู่ที่นั่น	76
แบรนแดน	76
นายคือ	76
ผมสงสัยว่า	76
ออกัส	76
ทดสอบ	76
ปัญญาอ่อน	76
ดีซี	76
ด้วยนะ	76
เขามี	76
ไม่ใช่นาย	76
ฮาร์เปอร์	76
ผมอายุ	76
หนัก	76
มยอง	76
ขวด	76
เบอร์นี่	75
เป็นไรไหม	75
สัตว์	75
เสียงกรีดร้อง	75
แต่อย่างน้อย	75
แทโฮ	75
แต่ยังไงก็ตาม	75
เหลือเชื่อเลย	75
ขึ้นมาสิ	75
แต่ไม่	75
เกิดขึ้น	75
ออกไปก่อน	75
วอลเทอร์	75
และในที่สุด	75
กินกันเถอะ	75
เมื่อไร	75
จริงหรอคะ	75
มือถือ	75
เธอแน่ใจนะ	75
ว่าไงครับ	75
แล้วหลังจากนั้น	75
เข้าใจ๋	75
เราต้องการความช่วยเหลือ	75
มันซับซ้อน	75
คุณกำลังจะบอกว่า	75
คุณผู้หญิงครับ	75
อาบู	75
ที่เหมาะสม	75
กลับมาแล้วครับ	75
อีกต่อไปแล้ว	75
เมื่อนานมาแล้ว	75
หมุน	75
ลาก่อนครับ	75
ข้าเข้าใจ	75
ไม่มีแล้ว	75
นี่เอง	75
เรามีเรื่องต้องคุยกัน	75
หลักฐาน	75
นี่ฟังนะ	75
หลังจากที่	75
เธอพูดอะไร	75
เหมือนกันเลย	75
ไม่สำคัญ	75
ผมเห็นแล้ว	75
ผี	75
ที่สำคัญ	75
แอนโทนี่	75
อย่างเป็นทางการ	75
ทุกสิ่งทุกอย่าง	75
นั่นเป็นไปไม่ได้	75
เเม่	75
ไปไหนมา	75
ไม่หรอ	75
กด	75
จะบ้าตาย	75
บิลล์	75
จอนนี่	75
สองคน	75
ฮันนิบาล	75
ฉันจะไม่	75
เย็น	75
เยจิน	75
และเขา	75
พยายาม	75
มันไม่ยุติธรรม	75
้	75
เสียงปืน	75
เอดิสัน	75
มาตลอด	75
เขาจะ	75
เดลต้า	75
ล้านคน	75
เล่ม	75
ซัลลิแวน	75
ศจ	75
โทษทีครับ	74
กลับบ้านเถอะ	74
คุณเป็นอะไรรึเปล่า	74
ฉันกำลังจะไป	74
ถ้างั้นก็	74
ขอตัวก่อน	74
ชาโรน่า	74
น่านะ	74
โชคไม่ดี	74
เขาคิดว่า	74
มีอะไรอีก	74
มันก็ใช่	74
อาจุมม่า	74
ฉันไม่มี	74
พระผู้เป็นเจ้า	74
ก็เพราะ	74
รู้มั้ยว่า	74
พระมเหสี	74
อัยการอีดงอุค	74
ที่นี่ที่ไหน	74
อีกครั้งนะ	74
แองเจิ้ล	74
นายรู้อะไรไหม	74
โหล	74
ทุกหน่วย	74
นี่มันอะไรเนี่ย	74
มิค	74
อย่าห่วง	74
ยังอยู่	74
วิทยาศาสตร์	74
บาร์ทาวสกี้	74
เท่ากับ	74
ซากุระ	74
กล่อง	74
ยุนโฮ	74
ซะอีก	74
ราวๆ	74
วิธี	74
ไมล์ต่อชั่วโมง	74
นสพ	74
น่ารักจริงๆ	73
ออเดรย์	73
นายอยู่ที่ไหน	73
ทานากะ	73
ยังงั้นเหรอ	73
ค่อย	73
พระราชา	73
มหัศจรรย์	73
พี่ใหญ่	73
ไปข้างหน้า	73
อาร์ลีน	73
ไม่มีเหตุผล	73
ฉันจะบอกให้	73
ทำไมนะ	73
นายก็รู้นี่	73
ได้โปรดเถอะค่ะ	73
เธอก็เหมือนกัน	73
มีอะไรเหรอครับ	73
ที่ไหนก็ได้	73
เสด็จแม่	73
จุ๊บๆ	73
อย่าโง่ไปหน่อยเลย	73
ฉันไม่สนใจหรอก	73
เจที	73
มอลลี่ย์	73
เงียบเลย	73
ดูนายสิ	73
หายใจเข้า	73
ไม่ๆๆๆๆ	73
คริสตัล	73
เรากำลังไป	73
ที่รักของฉัน	73
แมคกรูเบอร์	73
เรียกฉันว่า	73
ไม่เลวนี่	73
ฉันทำอะไร	73
นี่พวก	73
เอางั้นก็ได้	73
ขอฉันดูหน่อย	73
จอย	73
ขอต้อนรับ	73
เดี๋ยวก่อนครับ	73
ไม่ได้เจอกันนานเลยนะ	73
ท่านวุฒิสมาชิก	73
เมลิสซ่า	73
ดีใจที่ได้พบคุณ	73
เด็กผู้หญิง	73
เด็กคนนี้	73
แล้วพูดว่า	73
น้ำผึ้ง	73
นิกกี้	73
ข้าไม่เข้าใจ	73
ผมไม่คิดอย่างนั้น	73
แพทริก	73
โอะ	73
ให้เธอ	73
แลนนิสเตอร์	73
เราเป็น	73
วอร์คเกอร์	73
ไม่เข้าใจ	73
ตอนเช้า	73
เรน	73
ดาว	73
เลี้ยวขวา	73
ข้างหน้า	73
ซัมเมอร์	73
ฮืมมม	73
ในนั้น	73
พาร์ค	73
ลบ	73
ไม่อยู่แล้ว	72
อามิ	72
สกายวอล์คเกอร์	72
วิกกี้	72
ก็ดีแล้ว	72
ผมแน่ใจ	72
เล็กซี่	72
นี่เพื่อน	72
ได้ยินฉันมั้ย	72
อย่างน้อยที่สุด	72
รับบท	72
อย่าไปไหน	72
แต่ฉันว่า	72
วุฒิสมาชิก	72
ไปซิ	72
ลิล	72
ชิม	72
ฉันเข้าใจดี	72
เชิญทางนี้ครับ	72
ถึงตอนนั้น	72
คุณหมายความว่า	72
ไม่ฮะ	72
เควนติน	72
โนอา	72
เราจะทำ	72
คุณว่าอะไรนะ	72
ครั้งเดียว	72
ฉันไง	72
ฉันพูดจริง	72
นิก	72
เป็นคนดี	72
น่าสนใจมาก	72
เราเหรอ	72
ฉันไม่ชอบ	72
อย่าร้องไห้	72
เอเรีย	72
ใช่แน่นอน	72
เฮลโหล	72
เพศสัมพันธ์	72
คาลวิน	72
ลงมือเลย	72
ลูก้า	72
เคย์ซี่	72
หยุดเลยนะ	72
ผู้บัญชาการ	72
ก็ได้ครับ	72
ผมต้องไป	72
ไงนะ	72
ไลเคน	72
คุณสวยมาก	72
เราทั้งคู่	72
สำเร็จแล้ว	72
แบรนดอน	72
เธอยังไม่ตาย	72
กำลัง	72
ชีส	72
เขาทำ	72
ดิฉัน	72
ทำยังไง	72
ฉันมีความสุข	72
ลูกสาวฉัน	72
อีชาน	72
ทางขวา	72
ม้า	72
เลยล่ะ	72
และนาย	72
ช่วยไม่ได้	72
เคลเลอร์	72
ก้าว	72
กรรไกร	72
เกิดอะไรขึ้นกับ	71
ที่นี่เหรอ	71
ไม่ต้องเลย	71
ฮอย	71
เตรียมตัวให้พร้อม	71
เพื่อนฝูง	71
คุณไปได้แล้ว	71
เยี่ยมยอด	71
ฉันกำลังคิดว่า	71
ก็เท่านั้น	71
โยโกะ	71
มันเจ็บนะ	71
นั่นมันอะไรกัน	71
นั่นละ	71
ออกไปจากที่นี่กันเถอะ	71
เด็กเตอร์	71
เชียร์ส	71
สกปรก	71
โชคดีจัง	71
มันเกิดขึ้นแล้ว	71
ถูกเผง	71
ตายไปแล้ว	71
นายน้อย	71
รอก่อนสิ	71
มีอา	71
คุณน่ะ	71
พวกมันกำลังมา	71
คุณทำได้ยังไง	71
ไอ้เวรเอ๊ย	71
ผมขอโทษด้วย	71
นั่นไม่ใช่ประเด็น	71
โมเสส	71
นั่นแหละปัญหา	71
เจอกันพรุ่งนี้นะ	71
เชอะ	71
ท่านทั้งหลาย	71
ตอนนี้ล่ะ	71
คุณคิดอะไรอยู่	71
จริงซิ	71
แรนดี้	71
เสด็จพ่อ	71
ในขณะเดียวกัน	71
เริ่มจาก	71
คนโกหก	71
ดงอุก	71
เดี๋ยวมานะ	71
มองมาที่ฉัน	71
บราโว	71
เธอเป็นอะไรรึเปล่า	71
สวัสดีจ๊ะ	71
คุณกำลังทำอะไรน่ะ	71
พันเอก	71
งั้นเหรอคะ	71
ถูกของเธอ	71
แล้วถ้า	71
เครื่องบิน	71
พาย	71
ลันดี้	71
คำสั่ง	71
คุณควีน	71
โทรหาฉัน	71
แต่ทว่า	71
ทั้งหมดนั่น	71
ความกลัว	71
ผมแค่คิดว่า	71
เเล้ว	71
ฉันจะบอกอะไรให้	71
เรย์โนลด์	71
ให้ผม	71
แพ้	71
รึไง	71
บอล	71
มกราคม	71
อัลฟ่า	71
ยี้	71
แซนเดอร์	71
สน	71
ลูกก็รู้	70
ซาช่า	70
ลืมมันซะเถอะ	70
เร็วเข้าๆ	70
หรือไม่ใช่	70
ในคืนนี้	70
บายค่ะ	70
แค่นี้เหรอ	70
นายก็เหมือนกัน	70
เชิญเลยครับ	70
ไม่เอาหรอก	70
ออกจากที่นี่	70
ตายห่า	70
เรากำลัง	70
ออกไปจากที่นี่ซะ	70
คลาวด์	70
ได้โปรดเถอะครับ	70
นก	70
กับเขา	70
ไม่ใช่รึ	70
เห็นมั้ยล่ะ	70
ชั้นว่า	70
หัวหน้าคะ	70
ทำอะไรสักอย่างสิ	70
ฉันไม่เป็นไรหรอก	70
นายบอกว่า	70
นั้นไง	70
ปาป๊า	70
ฉันพยายาม	70
รอเดี๋ยวสิ	70
คุณพูดอะไรน่ะ	70
ประธานกุ๊ก	70
คุณทอดด์	70
ใช่ฉันรู้	70
ไปที่ไหน	70
ฉันไม่เป็นอะไร	70
ขอตัวก่อนนะ	70
ฉันรักเขา	70
ผมรู้จักคุณ	70
ว่างเปล่า	70
ราอิม	70
ขอคุยด้วยหน่อย	70
เข้าใจใช่ไหม	70
เกิดอะไรขึ้นครับ	70
เห็นได้ชัด	70
หนาวจัง	70
การ์ดเนอร์	70
โดโลเรส	70
แปลกๆ	70
อะไรสักอย่าง	70
ฉันจัดการได้	70
เป็นอะไรเหรอ	70
อย่ายอมแพ้	70
ลองคิดดู	70
ยินดีที่ได้พบครับ	70
ครับๆ	70
ลอว์เรนซ์	70
ยังไม่รู้	70
ช่ายยย	70
อย่างที่ฉันบอก	70
ปลอดภัยแล้ว	70
แมทท์	70
ริชชี่	70
ไอ้นี่	70
มานี้	70
ใช่หรือเปล่า	70
พวกเด็กๆ	70
เป็นอย่างไร	70
เรียว	70
ข้าชื่อ	70
กระสุน	70
เบลี่ย์	70
มั๊ย	70
เงินสด	70
ร้าน	70
ไมอามี่	70
ตั้งแต่ปี	70
ตรง	70
พันล้าน	70
ทู	70
อาย	70
สโตน	70
ครึ่ง	70
รัฐ	70
ยังไม่ได้	69
ผมพูดว่า	69
ไอ้ลูกหมาเอ้ย	69
นายรู้ได้ไง	69
เนลลี่	69
เชิญตามสบาย	69
ในทางกลับกัน	69
ฉันเจอแล้ว	69
ไปกันเร็ว	69
ไม่เป็นไรหรอกครับ	69
ผมเข้าใจดี	69
ความรู้สึก	69
เช่นกันครับ	69
บอกมาเถอะ	69
ดุ๊ค	69
มันไม่ปลอดภัย	69
แล้วเจอกันครับ	69
ดีใจจัง	69
ตรงนั้นไง	69
เล็กซ์	69
มีอะไรอีกมั้ย	69
ฉันไปละ	69
ถูกต้องมั้ย	69
ฉันจะทำมัน	69
ห้ะ	69
คินตะ	69
คุณว่าไงนะ	69
ถ้าผมเป็นคุณ	69
บริททานี่	69
คงงั้นมั้ง	69
หุบปากเลย	69
ข้าไม่เป็นไร	69
ถ้าจำเป็น	69
ข้าหมายถึง	69
เอางี้นะ	69
เรียบร้อยดี	69
เธอไม่รู้หรอก	69
ถูกต้องไหม	69
พ่อรักลูกนะ	69
ตายแน่	69
เด็กนั่น	69
กราเซีย	69
เดี๋ยวฉันมานะ	69
อุบัติเหตุ	69
ถ้าเป็นแบบนั้น	69
ฉันเคย	69
เพนนี่	69
ผมหมายถึงว่า	69
เขาแค่	69
มีอะไรให้ช่วยครับ	69
นายไม่เข้าใจ	69
สวอน	69
พยายามเข้า	69
ไม่ใช่เรื่องนั้น	69
ฉันสามารถ	69
คุก	69
บอกผม	69
อินเดีย	69
วิทยุ	69
นาทีนี้	69
อันโด	69
เลข	69
เวส	69
ฮวาง	69
เซน	69
แกรนด์	68
จะว่าไปแล้ว	68
ฉันรู้นะ	68
ฮันนี่	68
เข้าใจมัย	68
คุณกำลังทำอะไรอยู่	68
ทำลาย	68
ฉันกำลังจะตาย	68
เต้นรำ	68
ฉันเสียใจด้วยนะ	68
ไม่ได้ครับ	68
ริคกี้	68
รู้น่า	68
สุภาพสตรีและสุภาพบุรุษ	68
ทำอะไรนะ	68
ยกตัวอย่างเช่น	68
มากิ	68
ทำไมอ่ะ	68
อึนซอง	68
มันไม่เป็นไรหรอก	68
เบนเน็ต	68
ยิ้มหน่อย	68
แล้วคุณละ	68
เป็นสิ	68
เพื่อฉัน	68
หมอบอกว่า	68
ดีใจด้วย	68
ไม่ต้องกังวลหรอก	68
แกอยู่ไหน	68
อีกอย่างนึง	68
หายใจเข้าลึกๆ	68
จริงรึเปล่า	68
พระช่วย	68
คุณจะบอกว่า	68
นายหมายถึง	68
ส่งมือมา	68
คุณดูดีมาก	68
ไม่ใช่เรื่องใหญ่	68
มันอยู่ที่นี่	68
ผมก็ไม่รู้เหมือนกัน	68
เขามาทำอะไรที่นี่	68
ฟิน	68
ฉันจะอยู่ที่นี่	68
ชน	68
ฉันไม่รู้เลย	68
ด้วยความสัตย์จริง	68
เร	68
อลิซาเบ็ธ	68
นี้แหละ	68
น่ารังเกียจ	68
มากเกินไป	68
เธอไม่ใช่	68
สามารถ	68
พระ	68
ไช่	68
กรัม	68
เหลือ	68
สว	68
บรูโน่	67
ข้างใน	67
เจ๋งเป้ง	67
บริดเจท	67
เสียงอะไร	67
นิ่งไว้	67
ตาแก่	67
นั่นคือเหตุผล	67
มันอันตรายนะ	67
สีดำ	67
กรุณาฝากข้อความ	67
คุณได้	67
หุบปากนะ	67
สไตล์	67
ฉันสายแล้ว	67
ฉันจะไปกับคุณ	67
แฮม	67
ใช่ไหมละ	67
เธอน่ารักมาก	67
ได้จ้ะ	67
คุณสุภาพบุรุษ	67
พาเมล่า	67
เขาพูดว่าอะไร	67
ได้ยินว่า	67
มันผิด	67
มันอยู่นี่	67
คุณบ้าไปแล้ว	67
จริงๆหรือ	67
วินสโตน	67
บาทหลวง	67
อย่างที่คุณเห็น	67
ฮวนนิต้า	67
ตรงกันข้าม	67
หยุดน่ะ	67
รอนี่นะ	67
ไอ้ชั่ว	67
ใครสน	67
เธอรู้ได้ไง	67
เด็กใหม่	67
ใครก็ได้ช่วยที	67
มันเป็นความผิดของฉัน	67
หันไป	67
คุณอยู่นี่เอง	67
ปล่อยเธอ	67
เฮริน	67
เหมือนคุณ	67
ผมต้องการให้คุณ	67
พอๆ	67
สบายๆ	67
ไม่นะคะ	67
ไม่จริงน่า	67
เพื่อคุณ	67
น่าเศร้า	67
โปรดทราบ	67
ฉันจะบ้าตาย	67
ยาม	67
แชนน่อน	67
มันหายไป	67
อยู่ด้วยกัน	67
แคนดี้	67
คุณกับฉัน	67
ถูกมั๊ย	67
ไนท์	67
เชียวนะ	67
ผมไม่สามารถ	67
ได้มั๊ย	67
ตึก	67
วง	67
ต่อจากนี้	67
ใช้เวลา	67
ปะ	67
ปปส	67
คุง	67
พยายามอยู่	66
ฮาโรลด์	66
เดี๋ยวผมมา	66
ท่านค่ะ	66
เขาบอก	66
คุณว่าไง	66
ก็โอเค	66
เอเลน	66
น่ารักดี	66
กษัตริย์	66
อดีต	66
อย่างที่ผมบอก	66
น้องข้า	66
พ่อผม	66
เธอพูดอะไรน่ะ	66
พลทหาร	66
ตามลำพัง	66
เล็ง	66
คุณสบายดีไหม	66
เพราะฉนั้น	66
อย่าตายนะ	66
คุณเห็นไหม	66
ฮโยริ	66
กลับมาแล้วค่ะ	66
เพื่อนเก่า	66
มันเยี่ยมมากเลย	66
ะพั	66
ออกมาสิ	66
ทำความสะอาด	66
จะบอกให้	66
ไม่ได้ค่ะ	66
ประจำที่	66
ชเร็ค	66
สายลับ	66
เจได	66
เคเล็บ	66
ได้ยินมาว่า	66
คุณเจ้าหน้าที่	66
ไม่มีปัญหาครับ	66
ไปด้วย	66
สุดๆ	66
เท่าที่ฉันรู้	66
นี้คือ	66
ในเมือง	66
ไหนดูสิ	66
ลูค	66
ยังไม่มี	66
ฉันลืมไป	66
ซิม	66
ถ้าอย่างงั้น	66
มันหมายความว่าไง	66
นายจะทำยังไง	66
สิทธิทั้งหมด	66
ฟัก	66
ห่าเอ๊ย	66
แล้วอะไร	66
ลอว์เรน	66
แต่บางครั้ง	66
ผมเป็นตำรวจ	66
มันก็ดี	66
พ่อบอกว่า	66
ฮาล	66
แจ๊ส	66
คนแปลกหน้า	66
อะไรนั่น	66
คนแรก	66
ไคลน์	66
คุณสามารถ	66
มีแค่	66
ฉบับ	66
ผมรู้สึก	66
แดง	66
หมื่น	66
บู	66
จับมันไว้	65
ชูว์	65
จำไว้ว่า	65
ว่าไป	65
แองเจิล	65
พ่อขา	65
นังสารเลว	65
ก็จริงนะ	65
กลับบ้านซะ	65
ลืมมันไปเถอะ	65
เทส	65
ดอว์น	65
เธอจะไปไหนน่ะ	65
แจ่ม	65
ยินดีที่ได้รู้จักนะ	65
เบ็คกี้	65
น่าเสียดายนะ	65
ทรูแมน	65
เมื่อปีที่แล้ว	65
ก็ดีนี่	65
พูดเป็นเล่น	65
ผมกำลังคิดว่า	65
บอกฉันซิ	65
คาลอส	65
สปาตาคัส	65
โอ้แม่เจ้า	65
ยังไงก็ช่าง	65
ยุติธรรมดี	65
สโนวี่	65
จะทำยังไงดี	65
ถูกฆ่า	65
ฉันจะทำเอง	65
ฉันเชื่อคุณ	65
โจน	65
เอาเถอะน่า	65
อย่าไปเลย	65
ว่ามั๊ย	65
ไซรัส	65
ไปที่นั่น	65
ขอบคุณอีกครั้ง	65
มาคิโนะ	65
พูดอะไรบ้างสิ	65
ตอนเด็กๆ	65
ขอบคุณครับท่าน	65
ฉันฟังอยู่	65
เลี้ยวซ้าย	65
ไม่ต้องพูด	65
เจ้าพูดถูก	65
บางที่	65
ไมก้า	65
จำได้มั๊ย	65
เชิญทางนี้	65
ฉันไม่ได้โกหก	65
โอวว	65
อะไรเหรอคะ	65
นาโอะจัง	65
กาลครั้งหนึ่ง	65
กลับไปทำงาน	65
นั่นน่ะสิ	65
นอน	65
คริสตี้	65
เจอร์	65
สถานี	65
เยอึน	65
พวกแก	65
ฮอดจ์	65
จูลส์	65
ผ่านมา	65
ช่อง	65
ข้าง	65
สโลน	65
ฟ	65
มิกิ	64
เธอไปไหนมา	64
เบ่ง	64
คุณไม่รู้หรอกว่า	64
ทาเคโมโตะ	64
ตาฉัน	64
อ่อนแอ	64
ฉันหายใจไม่ออก	64
ขอโทษที่รบกวน	64
ลิลี่	64
ได้สิครับ	64
กล่าวว่า	64
ผมไม่ไป	64
เขามีปืน	64
แล้วนี่ล่ะ	64
ไม่แปลกใจเลย	64
หมอนั่น	64
ความทรงจำ	64
เบท	64
ฉันก็รักคุณ	64
คุณทำได้ดีมาก	64
ในขณะที่	64
บรรยาย	64
เชอร์รี่	64
อย่าทำแบบนี้เลย	64
เข้าไปในรถ	64
กระเป๋า	64
เดเมียน	64
เธอรู้อะไรไหม	64
ผมไม่สนใจ	64
เธอยังมีชีวิตอยู่	64
อาจใช่	64
พวกเขาอยู่ไหน	64
พอใจรึยัง	64
อิสซาเบล	64
ฉันเห็นมัน	64
สุภาพสตรี	64
ใช่สินะ	64
มินจี	64
รอฉันด้วย	64
จำได้สิ	64
คุณพร้อมหรือยัง	64
ฮาเวิร์ด	64
พูดมาสิ	64
เขาเป็นยังไงบ้าง	64
ฉันเป็นใคร	64
โง่จริง	64
เรเวน	64
โคเฮซัง	64
จริงหรือคะ	64
ไอ้โรคจิต	64
พนันได้เลย	64
ล้อเล่นใช่ไหม	64
ไม่มีอะไรมาก	64
หมายถึงว่า	64
ฟาร์มเมอร์	64
อีไลจาห์	64
ของพวกเรา	64
เอาจริงหรอ	64
จัดให้	64
ดีใจที่ได้เจอ	64
เข้ามาซิ	64
ยังมีอีก	64
ก็ได้นะ	64
จองกุก	64
คนพวกนั้น	64
ในอดีต	64
คุณดู	64
แล้วล่ะ	64
นั่นใช่	64
ผมทำ	64
หล่อน	64
โทรหา	64
แล้วเธอ	64
มีคน	64
กระดาษ	64
นัม	64
เรย์มอนด์	64
ทรงพระเจริญ	63
ทำไมจะไม่ได้	63
ระวังตัวนะ	63
แค่เราสองคน	63
ไปด้วยกัน	63
ลูกชายของฉัน	63
เป็นคำถามที่ดี	63
ก็นั่นแหละ	63
ฉันอยู่ตรงนี้	63
เราจะไปไหน	63
ใครหรอ	63
ในเวลานี้	63
ประทานโทษ	63
สุกกี้	63
ฉันเหมือนกัน	63
เคซีย์	63
แน่ใจหรอ	63
แพนด้า	63
คุณฮะ	63
ตลกดี	63
หน่อยสิ	63
คำตอบคือ	63
มันจบลงแล้ว	63
ซานต้า	63
เบย์	63
ได้สิคะ	63
ประกาศ	63
คานาโกะ	63
ส่วนใหญ่	63
หลับตา	63
มานานแล้ว	63
กองทัพ	63
สกีเตอร์	63
คิตตี้	63
นางสาว	63
โดโนแวน	63
ห่าเอ้ย	63
ฝ่าพระบาท	63
ใด	63
กลายเป็นว่า	63
ฉันอยากรู้ว่า	63
จอดรถ	63
มันคือความจริง	63
เมอร์เซดีส	63
เรื่องอะไรเหรอ	63
เราต้องไปจากที่นี่	63
ชอบสิ	63
โนวา	63
เอาไงดี	63
พูดอะไร	63
มันไม่ใช่ความผิดของคุณ	63
อย่ามายุ่ง	63
สาบาน	63
แป๊บนึงนะ	63
บัดดี้	63
ที่ไหนสักแห่ง	63
เบรน	63
แต่ที่นี่	63
คุณไม่คิดว่า	63
แกคิดว่า	63
จุ๊	63
มีอยู่	63
แซมมวล	63
คนร้าย	63
เวสต์	63
เมเยอร์	63
คนใหม่	63
ชั่วโมงก่อน	63
นับ	63
วาน	63
ข	63
พอซะที	62
คุณไม่สามารถ	62
ชางมิน	62
ผมก็ว่างั้น	62
ไปให้พ้นเลย	62
แย่ชะมัด	62
อะไรทำนองนั้น	62
ผมนึกว่า	62
ถ้าหาก	62
ซึ่งก็คือ	62
ได้เวลาไปแล้ว	62
เยี่ยมมากเลย	62
ฟอลส์	62
สวยมากเลย	62
ดอริส	62
ความหวัง	62
เฮ็นรี่	62
โจชัว	62
เอาจริงๆนะ	62
ตอนที่แล้วใน	62
ตื่นเต้น	62
แม่นาง	62
เพื่อนบ้าน	62
ถอยไปนะ	62
พวกเขากำลังมา	62
ถ้าไม่มีคุณ	62
แชมป์	62
หมอบลงกับพื้น	62
คุณเป็นไรไหม	62
โสเภณี	62
ทำไมคุณทำแบบนี้	62
ตาคุณแล้ว	62
น่ากลัวจัง	62
ไอ้ชาติชั่ว	62
คุณฮิวส์	62
คนเลว	62
ไม่รู้ดิ	62
แน่นอนเลย	62
รู้รึเปล่า	62
ฉันรู้สึกเหมือน	62
แน่ใจสิ	62
รู้สึกดีจัง	62
มีอะไรเกิดขึ้น	62
หมดแล้ว	62
เทรุ	62
อาโซก้า	62
ฉันขอโทษจริง	62
ความเดิมตอนที่แล้วของ	62
ผมมาแล้ว	62
มาร์โก้	62
รวมถึง	62
ริเวอร์	62
พ่อแม่	62
ไม่รู้เลย	62
เรามาแล้ว	62
ยอดเยี่ยมมาก	62
นายโอเคนะ	62
นายโกหก	62
เจเน็ต	62
จอนห์	62
วู้ด	62
ข้าคือ	62
นายเป็น	62
เราน่าจะ	62
คือคุณ	62
แต่นาย	62
เรามีปัญหา	62
อีกรอบ	62
ข่าวร้าย	62
ไม่เป็นไรจ๊ะ	62
รายการ	62
ผมไม่ได้ตั้งใจ	62
ไข่	62
ก็เหมือนกัน	62
จากที่นี่	62
แม่ฉัน	62
เราควร	62
โฮะ	62
ประเทศ	62
เธอแค่	62
เสียชีวิต	62
ขาย	62
คนแล้ว	62
ผจก	62
มิน่าล่ะ	61
พูดตามตรงนะ	61
มินนี่	61
แย่จังเลย	61
มีลูก	61
อะดรีนาลีน	61
ท่านสุภาพสตรีและสุภาพบุรุษ	61
สับสน	61
จีฮู	61
บึ	61
ไม่เอาแล้ว	61
มันเสี่ยงเกินไป	61
ทาเคโทระ	61
ฉันรักเธอนะ	61
ไม่มีทางเลือก	61
ผมรู้ดี	61
เชร็ค	61
เมื่อถึงเวลา	61
ฉันเข้าใจนะ	61
ถือไว้	61
แต่สุดท้าย	61
เธอกลับมาแล้ว	61
บริสุทธิ์	61
ไม่มีใครเลย	61
มันเป็นความผิดของฉันเอง	61
พีช	61
งั้นตอนนี้	61
เดี๋ยวมา	61
เรามีเวลาไม่มาก	61
ออสติน	61
ฟลิ้นท์	61
มีอะไรครับ	61
บ้าแล้ว	61
สวยจริงๆ	61
บนถนน	61
ผมไปไม่ได้	61
มองหน้าฉัน	61
เราสองคน	61
เกรก	61
คุณไปเถอะ	61
เสียงเคาะประตู	61
แหม่ม	61
ตาเธอแล้ว	61
นายมันบ้า	61
ยูจิ	61
ที่ชื่อ	61
ซาโตรุ	61
เบคกี้	61
และผมคิดว่า	61
ที่โรงเรียน	61
ไม่ต้องสงสัย	61
แฮปปี้	61
ป๊ะป๋า	61
วุค	61
ฟุตบอล	61
ปล่อยฉันไปเถอะ	61
นี่นา	61
แต่เขา	61
น้ำตาล	61
บอยด์	61
คือมัน	61
บอกผมมา	61
เข้าใจค่ะ	61
ชอนฮี	61
เฟร็ด	61
คริสต์มาส	61
นี่เลย	61
ตินติน	61
ซาแมนต้า	61
ผมน่ะ	61
ทำได้	61
ฉันมีแผน	61
แมนดี้	61
พ่อคิดว่า	61
ที่คุณ	61
เขาไม่ใช่	61
ล้านดอลลาร์	61
รถไฟ	61
เบล	61
ผมก็	61
ถ้าฉัน	61
ผู้ชนะ	61
รัสเซีย	61
บอม	61
บัน	61
ผะ	61
ที่แล้ว	61
ฉันไปดีกว่า	60
ดื่มสิ	60
แน่นะ	60
มันไปแล้ว	60
พูดตรงๆนะ	60
ฮอยท์	60
อเล็ก	60
มันเป็นความผิดพลาด	60
ไงเพื่อน	60
ฮานน่า	60
เซตซึโกะ	60
มัวทำอะไรอยู่	60
ก็เป็นไปได้	60
มองผม	60
อีกนิดเดียว	60
มันเกี่ยวกับ	60
อะมีเลีย	60
แอมเบอร์	60
ชินจิ	60
บอกฉันที	60
แมกกี้	60
มันสวยมากเลย	60
ฟังนะครับ	60
คยอง	60
ว่าแล้ว	60
คลาร่า	60
ผมรู้สึกว่า	60
เพอร์เฟค	60
หรือบางที	60
ไม่ไหวแล้ว	60
อุ๊บ	60
ดูดิ	60
คุณต้องไป	60
ไม่ทางใดก็ทางหนึ่ง	60
สำหรับเรา	60
ถอยออกมา	60
ะพ	60
เลือกเอา	60
อย่าลืมนะ	60
เดี๋ยวก่อนค่ะ	60
ราล์ฟ	60
คุณไม่เข้าใจหรอก	60
จีน่า	60
โจนาห์	60
รักนะ	60
หมอนี่	60
ถ้ามีอะไรเกิดขึ้น	60
โฟรโด	60
นี่มันบ้าอะไรกัน	60
กลับบ้านกัน	60
มาถึงแล้ว	60
มันหมายถึงอะไร	60
ทางไหน	60
ล้มเหลว	60
ไลรา	60
ไมโล	60
ไลลา	60
พีต้า	60
ดูมันสิ	60
บอกข้ามา	60
ฮันน่า	60
ลื่	60
แปลงร่าง	60
คุณไม่เป็นไร	60
ผมจะพยายาม	60
ไม่เอาน่าเพื่อน	60
บอกมาเลย	60
ฉันมาที่นี่	60
ไอรีน	60
ดีที่สุด	60
ดีเอ็นเอ	60
ไม่ได้เหรอ	60
ก็พอ	60
ฉันเนี่ยนะ	60
ดาบ	60
พูดจริงๆนะ	60
ลอส	60
พ่อของคุณ	60
มันน่ากลัวมาก	60
หละ	60
ฮัมเมล	60
บุช	60
วิญญาณ	60
พลัง	60
แกรนท์	60
น้อง	60
เมอร์ฟี่	60
ผมต้องการความช่วยเหลือ	60
นานามิ	60
ว่ะ	60
ผมไม่เคย	60
ทะ	60
ช่า	60
ฮารุกะ	60
หน	60
ผมพยายามแล้ว	59
ฉันต้องการเธอ	59
องค์รัชทายาท	59
แจซอก	59
โบลท์	59
มาเร็วเข้า	59
แต่จริง	59
แต่เรา	59
เราต้องกลับไป	59
หัวเราะเบา	59
จริงๆด้วย	59
ฉันทนไม่ไหวแล้ว	59
อะไรวะนั่น	59
นอกจากว่า	59
อะนะ	59
แต่สำหรับฉัน	59
เหตุผล	59
ฮิเดโยชิ	59
ไปทางซ้าย	59
พบ	59
เราทำได้แล้ว	59
เธอตายแน่	59
แอสเตอร์	59
อยู่ดีๆ	59
ผมทำเอง	59
เดวอน	59
รู้อะไรมั๊ย	59
ท่านลุง	59
อะไรบางอย่าง	59
แหงอยู่แล้ว	59
ลูกค้า	59
วอลลี่	59
ฉันล้อเล่น	59
ดีใจด้วยนะ	59
ด้วยเหตุผลบางอย่าง	59
เธอทำอะไรลงไป	59
กุ๊กจา	59
โอ้ที่รัก	59
อะไรก็ช่าง	59
แล้วก็นะ	59
วิ่งไป	59
อย่าเข้าใจผิด	59
มันเขียนว่า	59
เอ่อคือ	59
ไม่มีอีกแล้ว	59
แล้วคุณจะทำยังไง	59
ขอต้อนรับสู่	59
เขากลับมาแล้ว	59
ฉันไม่เห็นอะไรเลย	59
คุณทำอะไรนะ	59
ดอโรธี	59
คล๊าก	59
นาเซอร์	59
ไม่ทราบครับ	59
เหลวไหลน่า	59
คุณพูดถึงเรื่องอะไร	59
ก็ใช่นะ	59
รักคุณ	59
ได้แล้วครับ	59
ไม่ตลกนะ	59
เลสลี่	59
แล้วยังไงล่ะ	59
ริช	59
เสียงโทรศัพท์ดัง	59
เค้าบอกว่า	59
จดหมาย	59
เอาล่ะครับ	59
เขาไม่ได้ทำ	59
จูวอน	59
ไม่ใช่แน่นอน	59
เคนจิ	59
เวิร์น	59
ชูจิ	59
เราสามารถ	59
ซึ่งหมายถึง	59
อัยการ	59
ไม่รู้ว่า	59
เอลซ่า	59
วันเกิด	59
เธอจะทำอะไรน่ะ	59
เค้ก	59
เจ้าหน้าที่พิเศษ	59
บอกหน่อย	59
พาร์คเกอร์	59
บ้างไหม	59
รู้ไหมว่า	59
คุณว่า	59
คุณกลับมาแล้ว	59
เกิน	59
กับเรา	59
แฮริสัน	59
ที่สุด	59
แล้วกัน	59
ที่เหลือ	59
แบร์	59
กิ	59
ทอดด์	59
กับอีก	59
บอร์น	58
หายไปแล้ว	58
มิยาโกะจัง	58
ฉันไม่แคร์	58
มีคนมา	58
เกรทเช่น	58
ผมแน่ใจว่า	58
ลืมมันเถอะ	58
คาเมร่อน	58
เหล้า	58
จะทำยังไง	58
ว่ามันเกิดอะไรขึ้น	58
พวกเขาอยู่ที่ไหน	58
ฉันทำไม่ได้หรอก	58
แต่เอ่อ	58
ความยุติธรรม	58
เขาหายไป	58
ติดต่อ	58
ผมมั่นใจว่า	58
เธอคือใคร	58
มันจริง	58
ตอบมา	58
พ่อสัญญา	58
เห็นไหมล่ะ	58
เรามาถึงแล้ว	58
มาร์รี	58
ดาจี	58
พวกเราทั้งหมด	58
ขอร้องหล่ะ	58
นี่ฉันเองนะ	58
คอยดูนะ	58
ร๊อบ	58
โดเมียวจิ	58
ดาน่า	58
เป็นไปได้ว่า	58
ทัคเกอร์	58
ต้องขอโทษด้วย	58
ใกล้ๆ	58
เออสิ	58
กาเบรียล	58
มีอะไรให้ช่วยไหม	58
คอร์ป	58
ไปเรื่อยๆ	58
เรื่องอะไรล่ะ	58
ขอโทษด้วยนะคะ	58
ใจเย็นๆก่อน	58
มันดึกแล้ว	58
สวัสดีทุกคน	58
ทุกอย่างเรียบร้อยไหม	58
โมนา	58
คุณจะรู้ว่า	58
อำนาจ	58
อัจฉริยะ	58
เขาตายไปแล้ว	58
เรื่องก็คือ	58
ด้วยเหตุนี้	58
ฮื่อ	58
อย่าน่า	58
บารอน	58
สนุก	58
ได้อะไรบ้าง	58
โรดส์	58
เป็นยังไงบ้างครับ	58
ผมเอ่อ	58
ไอ้น้องชาย	58
สีเขียว	58
มันติด	58
ลูน่า	58
ฉันหิวแล้ว	58
มันเป็นทางเดียว	58
ทำไมน่ะเหรอ	58
ภรรยาผม	58
ค้นหา	58
แล้วฉัน	58
เธอตาย	58
จื่อซู่	58
ชุล	58
ระหว่างเรา	58
มานะ	58
เราไม่ได้	58
ฉันขอร้องล่ะ	58
กิโลกรัม	58
มันอะไรกัน	58
มองที่ฉัน	58
ราว	58
เม็ด	58
และอีก	58
ปีที่	58
ฮวา	58
อิล	58
แสน	58
บอง	58
ฮาร์มอน	58
ทา	58
ฉันรู้อยู่แล้ว	57
นั่นเธอ	57
ทิ้งปืน	57
สงสัย	57
ซิดนีย์	57
ฉันรัก	57
เด็บบร้า	57
สำหรับนาย	57
มากาเร็ต	57
ไปจากที่นี่	57
ไม่มีสัญญาณ	57
ฉันจะไปที่นั่น	57
นักฆ่า	57
มิทช์	57
ไอ้บ้านี่	57
สายแล้ว	57
แต่ความจริงคือ	57
เธอกำลังทำอะไรน่ะ	57
พูดอะไรหน่อยสิ	57
พูดออกมา	57
ธีโอดอร์	57
เธอปลอดภัย	57
ไอ้เหี้ย	57
โมโมโกะ	57
ไม่รู้เหรอ	57
ซึคุชิ	57
ต่อจากนี้ไป	57
ทะเล	57
ยัยโง่	57
คลาก	57
เหมือนว่า	57
เห็นแก่พระเจ้าเถอะ	57
บาง	57
ขอทีเถอะ	57
รูธี	57
เพื่อความปลอดภัย	57
มีปัญหาอะไรเหรอ	57
พอร์เตอร์	57
มันร้อน	57
ฉันเกลียดคุณ	57
นักโทษ	57
ไม่ต้องห่วงครับ	57
ไม่จริงเลย	57
โทรมานะ	57
ไม่เจอกันนานนะ	57
แคทนิส	57
เท่านั้นแหละ	57
อายะ	57
ไปนอนเถอะ	57
มาม่า	57
ฮอทช์	57
เขาเป็นเด็กดี	57
ไม่อยู่	57
ถ้าทำได้	57
แหละ	57
หมายความว่าอย่างไร	57
ซาเอะ	57
ไม่อีกต่อไป	57
ใช่ใหม	57
สำหรับฉันแล้ว	57
ว่าไงนะคะ	57
ฮิโรชิ	57
ทุกเวลา	57
ฟังนะคะ	57
ได้คะ	57
คุณกำลังพูดถึงอะไร	57
โชคชะตา	57
หาต่อไป	57
ไบรอน	57
คุณจะทำอย่างไร	57
น่าเกลียด	57
เราจะทำไงดี	57
มองผมสิ	57
ปีเตอร์สัน	57
ขอโทษน่ะ	57
แผนที่	57
ฉันพอแล้ว	57
โลอิส	57
ทารก	57
ตัวอย่างตอนต่อไป	57
ชูสเตอร์	57
ถูกของนาย	57
ตอนกลางคืน	57
ลึก	57
เราต้องรีบแล้ว	57
ไปหา	57
เคล้าส์	57
มันหมายความว่าอะไร	57
ออกมาจากรถ	57
มาย	57
คุณจำได้ไหม	57
คนหนึ่ง	57
เขาไม่ได้	57
ผมไม่อยาก	57
ทาโร่	57
กันเถอะ	57
เลยเหรอ	57
จุดนี้	57
ตำแหน่ง	57
นายมีเวลา	57
ฟรี	57
เที่ยวบิน	57
ชั่วโมงที่แล้ว	57
ห	57
เราต้องรีบไป	56
หยุดพูดได้แล้ว	56
เอบิลีน	56
บาร์บี้	56
เฮเลน่า	56
ฉันชอบคุณ	56
เกตส์	56
ประตูเปิด	56
ยูตะ	56
เจฟเฟอร์สัน	56
ฉันเกรงว่า	56
ไม่เข้าใจเลย	56
และนั่นคือ	56
ประหลาด	56
รู้สึกว่า	56
หนังสือพิมพ์	56
ครั้งแล้วครั้งเล่า	56
ลีน่า	56
บอกผมหน่อย	56
ไม่มีเหตุผลเลย	56
มีคุณไป	56
โจแฮนนา	56
คุณมาจากไหน	56
ขอบคุณสำหรับอาหาร	56
คุณพูดถึงอะไร	56
คุณรู้สึกยังไง	56
เราไม่เป็นไร	56
ฉันต้องไปแล้วล่ะ	56
หายใจลึก	56
พูดจริง	56
ไมล์ส	56
เนื้อ	56
ทิฟฟานี่	56
แจสเปอร์	56
ออกไปข้างนอก	56
มาร์นี่	56
คุณชาย	56
ครับแม่	56
โจน่าห์	56
ถามทำไม	56
บ้าจริงๆ	56
ย่ะ	56
อิสระ	56
กลับมานี่นะ	56
ช่วยฉันหน่อย	56
ฉันเข้าใจละ	56
จริงหรือครับ	56
ข้อมูล	56
เคจ	56
พิสูจน์สิ	56
ปล่อยเขานะ	56
มีอะไรกัน	56
ท่านซากิ	56
ไม่ใช่เรา	56
ก็ถูก	56
ไม่มีประโยชน์	56
การแข่งขัน	56
ยังไงเหรอ	56
ดิมิทรี	56
รูปหล่อ	56
ในความเป็นจริง	56
ได้ยินรึเปล่า	56
ทำไมค่ะ	56
จูเลี่ยน	56
พวกเขาไปแล้ว	56
เราต้องการเดอะบีทเทิลส์	56
ฉันรักมัน	56
อลาริค	56
คุณเป็นอะไรไป	56
อิชิดะ	56
อะไรประมาณนั้น	56
ฉันไม่เชื่อหรอก	56
บอกเธอ	56
น่าทึ่งมาก	56
เดี๋ยวนะคะ	56
ไม่ต้องรีบ	56
ทำตัวดีๆ	56
คุณหมายความว่าอย่างไร	56
บ้าจัง	56
เบิร์น	56
นายเป็นอะไร	56
รู้ว่า	56
คุณเคย	56
รวมทั้ง	56
ผมรักเธอ	56
อินดี้	56
สัตว์ประหลาด	56
ตำรวจนิวยอร์ค	56
คืนก่อน	56
ปัดโธ่	56
แจ๊คสัน	56
บอกฉันหน่อยสิ	56
เดี่ยวก่อน	56
ควิน	56
ซากุระโกะ	56
มาโกะ	56
โว๊ว	56
บอกอะไร	56
ทำไมคุณไม่	56
ด้าน	56
อยู่นะ	56
แม่ผม	56
สี	56
แชนนอน	56
โมงครึ่ง	56
ซ	56
กก	56
อีหนู	55
อะไรจะเกิดขึ้น	55
เกิดบ้าอะไรขึ้นเนี่ย	55
แอสทริด	55
ถ้าไม่มี	55
เดวิท	55
วันศุกร์	55
เร็วขึ้น	55
แม่ขา	55
ทั้งวัน	55
ปิโนคีโอ	55
ทูนหัว	55
เกี่ยวกับเรื่องนั้น	55
ยึดวอลสตรีท	55
คุณมอร์แกน	55
มาเริ่มกันเลย	55
ทุกคืน	55
ฝากข้อความไว้	55
มีเหตุผล	55
วิธีนี้	55
ฉันดีใจ	55
ขึ้นมาเลย	55
ไม่ได้ผล	55
ยองรัน	55
เลาด้า	55
ฟัสโก้	55
ชัยชนะ	55
ระหว่างนั้น	55
วอล์ท	55
นั่นเสียงอะไร	55
มีปัญหา	55
พี่ฮะ	55
สุดยอดมาก	55
ไม่ต้องขอโทษหรอก	55
ยินดีต้อนรับกลับ	55
แต่ฉันรู้	55
ออกมาได้แล้ว	55
ห้านาที	55
มิกกี้	55
ที่ไหนเหรอ	55
ไม่ได้เรื่อง	55
ฝากด้วยนะ	55
มีเรื่องอะไรเหรอ	55
ขอโทษด้วยนะครับ	55
กินเลย	55
อาคาริ	55
คุณว่ามั้ย	55
ไม่อย่างแน่นอน	55
แต่ไม่ต้องห่วง	55
โชจิ	55
ทุกที่	55
สักครู่	55
มีอะไรให้ช่วยมั้ย	55
ท่านลอร์ด	55
ปฏิเสธ	55
คุณอา	55
คลาร์ค	55
มันแย่	55
ครูครับ	55
เสียใจนะ	55
ไปจากที่นี่กันเถอะ	55
ไม่เลวเลย	55
ไปไกลๆเลย	55
ยินดีด้วยค่ะ	55
เวรล่ะ	55
ผมว่านะ	55
ทุกครั้ง	55
อย่าคิดมาก	55
สุขสันต์วันขอบคุณพระเจ้า	55
ในเรื่อง	55
ไซลัส	55
รึยัง	55
ใครโทรมา	55
ไม่ต้องกลัวนะ	55
ลืมมันไปซะ	55
คุณแม่คะ	55
น่าจะใช่	55
ด้วยความยินดีครับ	55
ซูเคร	55
อ้าปาก	55
โชคดีนะครับ	55
ฉันสงสัย	55
มิลลี่	55
เราไม่สามารถ	55
เลิกกัน	55
เซลฟ์	55
คอเนอร์	55
ผมต้อง	55
ต่อเลย	55
น่ะครับ	55
ก็หมายความว่า	55
ฮุสตัน	55
คนเก่ง	55
เดอร์	55
เปลี่ยนแผน	55
น้า	55
เห็นไม๊	55
เอริก	55
ทาคุมิ	55
อาทิตย์นี้	55
ฮิล	55
และมัน	55
ตัวเลข	55
ราตรีสวัสดิ์นะ	55
ผมได้	55
มีคนตาย	55
ดันน์	55
รุ่น	55
ช่วงตึก	55
ทางเลือก	55
อายุประมาณ	55
เฮย์	55
ฮอดจิ้นส์	55
กิบบอนส์	55
อายูมุ	54
อะแมนด้า	54
ในเรื่องนี้	54
เฮจู	54
คุณพ่อครับ	54
นี้คืออะไร	54
ลืมไปได้เลย	54
เกว็น	54
อย่ากลัวไปเลย	54
เกมส์	54
เอาใหม่	54
ทุกอย่างเรียบร้อยดีไหม	54
สามีฉัน	54
ไม่มีเหรอ	54
ยิงสิ	54
ฉันให้สัญญา	54
รับไปสิ	54
เมื่อเช้า	54
ริคุ	54
ผมมั่นใจ	54
ดีสิ	54
คุณมันบ้า	54
โอเวน	54
สุดสัปดาห์นี้	54
ตั้งแต่นั้นมา	54
พวกเขามาแล้ว	54
โฮล์มส์	54
อีกนิด	54
ไสหัวไป	54
หรอคะ	54
พวกมันมาแล้ว	54
ผิวขาว	54
เธอเข้าใจไหม	54
เจ้าต้องการอะไร	54
สกอฟิลด์	54
มันเจ๋งมาก	54
อุค	54
ก็ไม่แน่	54
ไม่ครับท่าน	54
บัม	54
สำหรับเขา	54
ไม่นิ	54
ท่านหัวหน้า	54
ไอ้งี่เง่า	54
คุณว่าไหม	54
มันต้องใช้เวลา	54
และบางที	54
เธอเป็นคนดี	54
ลูซ	54
ไม่เป็น	54
อุ๊ยตาย	54
แล้วเรื่อง	54
ช่วยข้าด้วย	54
ซารู	54
ต่อไปนี้	54
ข้างหลัง	54
เซ็กส์	54
มันไม่มี	54
เขาไปไหน	54
เห็นแก่ตัว	54
ขออภัยครับ	54
ยาเสพติด	54
ลองสิ	54
ปองโย่	54
ไม่เจอกันนานเลยนะ	54
ทำได้แล้ว	54
ทั้งสองอย่าง	54
ออสก้า	54
เฮเธอร์	54
ใช่ๆๆ	54
ถอยกลับ	54
เฮ้เพื่อน	54
มันดี	54
ฮิวจ์	54
ป่ะ	54
ออกมาเดี๋ยวนี้	54
เอาออกไป	54
เราเข้าใจ	54
แม็ค	54
แย่ล่ะ	54
มันเป็นความลับ	54
ส่วนตัว	54
ทอง	54
รักคุณนะ	54
ต่อสู้	54
ฮัด	54
ยินดีต้อนรับกลับมา	54
ผู้พิพากษา	54
ฉันรู้จัก	54
ฉันก็รักเธอ	54
ฟูจิ	54
แล้วอะไรล่ะ	54
แม๊กซ์	54
เกิดอะไร	54
เป็นไงบ้างครับ	54
เม็กซิโก	54
ไม่สามารถ	54
อีฟวา	54
หนูแค่	54
สตีเวน	54
แล้วครับ	54
ตัวจริง	54
ฉันเลย	54
ตะวันออก	54
เทียน	54
ข่าวด่วน	54
เดือนต่อมา	54
ตัน	54
เทค	54
คนนะ	54
เวล	54
ภาค	54
ปีนะ	54
ซก	54
แจ๋วมาก	53
ได้มาแล้ว	53
ทำไมต้องเป็นฉัน	53
ตามสบายนะ	53
คุณเหรอ	53
คำตอบ	53
เจิดจ้า	53
พูดถึง	53
อาหารเช้า	53
เดเร็ก	53
พวกคุณเป็นใคร	53
เกิดอะไรขึ้นกับฉัน	53
ของจริง	53
คีย์ร่า	53
อ่ะนะ	53
ผมอยู่ที่นี่	53
จริงอ้ะ	53
ยอด	53
ฉันไม่หิว	53
หายใจสิ	53
ในเวลานั้น	53
เราอยู่ที่นี่	53
มันจำเป็น	53
ฉันนี่แหละ	53
มันสำคัญ	53
เธอเป็นอะไรไป	53
แล้วมันคืออะไร	53
ใจเย็นๆนะ	53
ค่อยยังชั่วหน่อย	53
เจ็บจัง	53
โจ๊บ	53
หยุดๆ	53
เห็นแก่พระเจ้า	53
โทษทีค่ะ	53
ชาร์ลอตต์	53
ผมพร้อมแล้ว	53
อย่าพูดแบบนั้นสิ	53
เหมือนฉัน	53
กระแอม	53
ริวซากิ	53
โล่งอกไปที	53
แจอิน	53
วิเศษเลย	53
เป็นผู้หญิง	53
ผมไม่ได้ทำอะไรเลย	53
ใส่	53
ไม่เด็ดขาด	53
มันเป็นไปได้ยังไง	53
ฉันจะฆ่าคุณ	53
แข็งแรง	53
ฉันมีความสุขมาก	53
ฉันไม่รู้ว่าเกิดอะไรขึ้น	53
เม็ก	53
แกมาทำอะไรที่นี่	53
มิน่า	53
บ้าฉิบ	53
นี่แก	53
เปิดประตูสิ	53
ฮุนซู	53
มันอาจจะ	53
นี่มันบ้าไปแล้ว	53
อยู่ใกล้ๆ	53
ทาวเวอร์	53
อุ๊บส์	53
นายเข้าใจมั้ย	53
โนบิตะ	53
เหี้ย	53
โอกาสสุดท้าย	53
ลูกข้า	53
จิโร่	53
ฉันรู้จักเขา	53
ค่ะแม่	53
ผมจะจัดการเอง	53
โจดี้	53
เธอนั่นแหละ	53
นายจะไปไหนน่ะ	53
ให้ฉันเข้าไป	53
ซอนนี่	53
เดนิส	53
เปิดประตูเดี๋ยวนี้	53
ถึงแม้	53
ฉันมองไม่เห็น	53
ไม่ใช่คืนนี้	53
งู	53
ฮัตโตริ	53
เป็นเรื่องจริง	53
ใครครับ	53
แต่ใช่	53
โดนัลด์	53
ผมเสียใจครับ	53
ฉันไม่ได้ยิน	53
คลอเดีย	53
คุณมาที่นี่	53
วินเทอร์	53
ไม่เป็นอะไร	53
ตาม	53
ริ	53
คุณแน่ใจ	53
ตัวเล็ก	53
แทน	53
ริน	53
ฉันไม่อยากเชื่อ	53
เอิ่มม	53
บาร์	53
ในเวลา	53
ไม่มีอะไรนี่	53
เคลวิน	53
เช	53
แอลเอ	53
เทลเลอร์	53
พัก	53
ให้เขา	53
หนะ	53
วอร์เรน	53
ช่วง	53
นึง	53
แมคเนลลี่	53
ตะ	53
วันที่แล้ว	53
ไวรัส	53
ระ	53
คุ	53
กอง	53
สนง	53
ฉันจำได้ว่า	52
หลีกทาง	52
โยโกยะ	52
ฉันไม่ได้หมายความอย่างนั้น	52
เกลน	52
ขอบคุณจริงๆ	52
อย่าลืมสิ	52
จามาล	52
จริงเหรอค่ะ	52
เด็กผู้ชาย	52
คุณพ่อคะ	52
จูโน่	52
ขอโทษครับท่าน	52
แคฟฟรีย์	52
งั้นเรอะ	52
บอกสิ	52
อีแวน	52
ฉันพูดจริงๆ	52
ผู้ก่อการร้าย	52
มีอะไรผิดปกติเหรอ	52
ขอเวลาเดี๋ยว	52
เมลิซซ่า	52
ผมเองครับ	52
ที่สำคัญคือ	52
รักเธอ	52
เหวอ	52
คนๆ	52
ลูกฉัน	52
ไอ้ลูกหมาเอ๊ย	52
อย่างที่คุณรู้	52
แอนนาเบล	52
ชาร์ล็อตต์	52
แทจุน	52
บอกฉันหน่อย	52
นี่เป็นคำสั่ง	52
เมื่อวันก่อน	52
ล่ะก็	52
มาคัส	52
เราทำสำเร็จ	52
เกรต้า	52
พับผ่าสิ	52
นายเป็นไงบ้าง	52
ออกมานะ	52
มันแปลกมาก	52
เข้ามาก่อน	52
มันไม่ดีเลย	52
คุณรู้สึกยังไงบ้าง	52
สำหรับทุกอย่าง	52
ปล่อยสิ	52
คุณโกหกฉัน	52
ฮานะ	52
ไม่ต้องห่วงน่า	52
ฟุกุนากะ	52
โจแอน	52
ไม่หล่ะ	52
ฉันมีงานต้องทำ	52
คุณคิดยังไง	52
ฉันพยายามอยู่	52
คุณไปอยู่ไหนมา	52
นั่นเหรอ	52
ฉันไม่ชอบเลย	52
ว่ายังไงนะ	52
เธอรู้อะไรมั้ย	52
เธอทำอะไรอยู่	52
ทุกคนออกไป	52
โจนาส	52
ขนมปัง	52
ไม่ตลกเลยนะ	52
มาแล้วครับ	52
เธอน่ารัก	52
โมริตะซัง	52
แฮนน่าห์	52
เราตายแน่	52
ช้าๆหน่อย	52
ใจเย็นสิ	52
มีอะไรบางอย่าง	52
ขอโทษทีครับ	52
เกือบถึงแล้ว	52
เราเลิกกันแล้ว	52
ดูดีนี่	52
จับแน่นๆ	52
เศร้า	52
ในเมื่อ	52
ตัวฉัน	52
เธอรู้มั๊ย	52
คุณได้อะไรบ้าง	52
อ่อใช่	52
มิซึกิ	52
น่ะสิ	52
แจ็คกี้	52
จำเอาไว้	52
คิระ	52
นั่นก็	52
ชอง	52
มิลส์	52
ให้ได้	52
มิชิมะ	52
ฉันกำลัง	52
ดูดีนะ	52
ขอบคุณสำหรับ	52
ตรงนี้ไง	52
นี่ผมเองนะ	52
อะไรละ	52
เธอเป็นของฉัน	52
อารุช	52
ก็แบบ	52
แม่คุณ	52
เล็กน้อย	52
ยิ่งใหญ่	52
โรคจิต	52
ฉันทำอะไรลงไป	52
อับราฮัม	52
อยู่ไหนนะ	52
น่าสงสารจัง	52
บลู	52
ตัวอักษร	52
เซ็น	52
ขาว	52
ดำ	52
คาร์สัน	52
เปอร์เซนต์	52
กวาง	52
เจ้าลา	51
โซลิส	51
ต๊าย	51
บาบาร่า	51
เข้าไปสิ	51
ออกไปได้	51
แต่ไม่ใช่ฉัน	51
คุณนั่นแหละ	51
บิลโบ	51
ออกมาเถอะ	51
ฉันไม่รู้อะไรเลย	51
นายหมายถึงอะไร	51
ขอถามหน่อย	51
แม่รักลูกนะ	51
ผมเชื่อคุณ	51
อย่าเพิ่งยิง	51
ถ้าเป็นฉัน	51
ชั้นเอง	51
มีอะไรให้ช่วยคะ	51
ทาคาชิ	51
ถ้าไม่ใช่	51
เมลแมน	51
คุณสบายดีมั้ย	51
ทำไมรึ	51
แต่อย่างไรก็ตาม	51
ท่านผู้การ	51
เธอไง	51
ลองอีกที	51
เอาไงต่อ	51
มันดีมากเลย	51
นายเป็นยังไงบ้าง	51
ให้เร็วที่สุด	51
มาร์โค	51
ผมไม่รู้จริงๆ	51
เปิดไฟ	51
ทางซ้าย	51
เมิร์ฟ	51
เฮอร์เชล	51
ไปเร็วๆ	51
เอาเขาออกไป	51
นี่สำหรับคุณ	51
คาวาฮาระ	51
ไอ้ทุเรศ	51
แจฮี	51
เธอเป็นอะไรไหม	51
ของข้า	51
คุณไม่เป็นไรใช่ไหม	51
เหลือเชื่อจริงๆ	51
นั่นอะไรนะ	51
ฮวัง	51
สุภาพบุรุษและสุภาพสตรี	51
ธุรกิจ	51
จัสมิน	51
คุณได้ยินฉันไหม	51
อยู่ห่างๆ	51
ตลกนะ	51
ผมไม่มี	51
แล้วพบกัน	51
ทุกอย่างเรียบร้อยมั้ย	51
อย่าดีกว่า	51
เสียเวลาเปล่า	51
คือเธอ	51
นิกกิ	51
มันไม่ได้	51
ไปเร็วเข้า	51
ไม่หรือ	51
ผมไม่เข้าใจเลย	51
เข้าใจ๊	51
เธอต้องการ	51
คุณมาแล้ว	51
เรียวตะ	51
นั้นคือ	51
เราเรียกมันว่า	51
เจ้าชื่ออะไร	51
อย่ามา	51
คแลร์	51
อาชิยะ	51
ให้กับ	51
ฉันเห็นเขา	51
ทิ้งปืนซะ	51
อย่างมาก	51
เงียบเถอะน่า	51
เชา	51
โลล่า	51
มานามิ	51
ไม่มีอะไรแล้ว	51
มิลตัน	51
เคฟ	51
ซิงเกอร์	51
แท๊กซี่	51
แต่ผมไม่	51
เรอะ	51
เธอตายไปแล้ว	51
ซัน	51
ติดสิ	51
เกินไป	51
ห้องนอน	51
เขาว่ากันว่า	51
บางสิ่ง	51
ฮึ่ม	51
เดาสิ	51
เท่าที่ผมรู้	51
อยู่ใน	51
อย่างน้อยก็	51
ไท	51
โรมิโอ	51
เลว	51
เอ่อออ	51
ปาก	51
ชั้นแค่	51
ยาว	51
ผ่านไป	51
รูป	51
ดอก	51
ขอเวลา	51
อิ	51
อิชา	50
แหล่มเลย	50
บอกฉันมาสิ	50
แปลกจริงๆ	50
บ้างมั้ย	50
ฉันอธิบายได้	50
อืมใช่	50
ไปไม่ได้	50
ไม่ใช่ๆ	50
ผมอยาก	50
ทุงกุน	50
โอกาส	50
เธอหมายถึงอะไร	50
เจ้าหนุ่ม	50
พูดเรื่องอะไร	50
เขาไม่ได้อยู่ที่นี่	50
ลงมือ	50
ตามไป	50
แม่คิดว่า	50
บอกพวกเขา	50
คุณพูดเรื่องอะไรน่ะ	50
ทำไมคุณถึง	50
เมื่อเร็วๆนี้	50
ขอบใจเพื่อน	50
ลืมตาสิ	50
ยอมแพ้ซะ	50
เจค็อบ	50
จริงง่ะ	50
ผมฟังอยู่	50
นัตสึกิ	50
เทรนท์	50
มันแปลกๆ	50
บอกตรงๆ	50
กลับมานะ	50
บอกไม่ได้	50
เพราะตอนนี้	50
หยุดซะที	50
ไม่นานมานี้	50
ไม่ต้องพูดแล้ว	50
เราต้องไปเดี๋ยวนี้	50
โบสถ์	50
ดาร์เรน	50
ผมจะกลับมา	50
แพน	50
ยอมแพ้	50
ฉันจะฆ่าเธอ	50
หยุดซะ	50
คุณสวอน	50
เที่ยงคืน	50
รักษาตัวด้วย	50
แต่ในที่สุด	50
เพื่อให้แน่ใจว่า	50
ยาพิษ	50
อารอน	50
คุณลุงคะ	50
ขอผมดูหน่อย	50
จักรวาล	50
เจอกันนะ	50
ชั้นเสียใจ	50
แกทำอะไร	50
ที่แน่ๆ	50
ก็ไม่เลว	50
ทำอะไรกันอยู่	50
เสียงคำราม	50
บ้ารึเปล่า	50
มันเป็นของฉัน	50
บันทึก	50
แอ็คชั่น	50
พูดง่ายๆ	50
ชอบมั้ย	50
ฉันรู้จักเธอ	50
แม่รักลูก	50
กริฟฟิน	50
ได้ครับท่าน	50
เรียน	50
ไม่ได้เลย	50
ฟลอยด์	50
ฉันรู้ว่ามันยาก	50
ฉันควรจะ	50
จริงค่ะ	50
แม่อยู่ไหน	50
เธอบอก	50
แย่ละ	50
ฉันได้แล้ว	50
โนเอล	50
ไม่มีเวลา	50
รวดเร็ว	50
ทีละคน	50
ลุกขึ้นสิ	50
เดี่ยวนี้	50
วิคทอเรีย	50
ห๋า	50
โทรหาฉันนะ	50
แรนดอล	50
อย่ากลัว	50
แต่ครั้งนี้	50
ลินคอร์น	50
หลอกลวง	50
เพราะผม	50
เลือก	50
เป็นเพราะ	50
มันเกิดขึ้น	50
เลอ	50
วู้วว	50
คุณรู้อะไรมั๊ย	50
ขยะ	50
นะค่ะ	50
และทำไม	50
ถ้าหากว่า	50
น่ะค่ะ	50
และอื่นๆ	50
ไม่เจอ	50
ได้โปรดอย่า	50
ให้ฉันเดา	50
ดอล	50
ออม	50
เพ็ค	50
คู	50
เอ็กซ์	50
เองนะ	50
ผกก	50
รีบไปเร็ว	49
วันจันทร์	49
ฉันรักนาย	49
คุยกัน	49
มันจบไปแล้ว	49
เอเลี่ยน	49
ได้ยินมั๊ย	49
ขอบคุณจ้ะ	49
เปิดมัน	49
เออๆ	49
ฉันต้องไปละ	49
จำไม่ได้	49
เซธ	49
สเมิร์ฟเฟ็ทท์	49
ตามมันไป	49
เดร์	49
ในระหว่างนี้	49
ไม่ใช่อย่างนั้นหรอก	49
คุณโอเคมั๊ย	49
ไปไปไป	49
คุณไม่มีทางเลือก	49
คุณทำแบบนี้ทำไม	49
ธรรมดา	49
ผมจะไปกับคุณ	49
แต่ถ้าไม่	49
เสียงอะไรน่ะ	49
ฉันพูดจริงๆนะ	49
ป๋า	49
คุณพูดถูกแล้ว	49
ฉันไม่รู้จะทำยังไง	49
ปล่อยข้า	49
พี่รู้	49
ไม่มีใครรู้หรอก	49
ตานายแล้ว	49
เรียกรถพยาบาล	49
อะไรหล่ะ	49
อร่อยมากเลย	49
ไม่เป็นไรแล้วนะ	49
เกียร์	49
ได้ยินแล้วนี่	49
อย่ายุ่งกับเธอ	49
ฉันพูด	49
ตลอดมา	49
เกือบไปแล้ว	49
ไม่ใช่ของฉัน	49
ก็ว่างั้น	49
แคลลี่	49
อีเดน	49
โดดเดี่ยว	49
ฉันไปนะ	49
ฮิคคัพ	49
เมอร์รีย์	49
แต่รู้มั้ย	49
คุณชอว์	49
บอกความจริงมา	49
แล้วนาย	49
คุณเป็นใครกันแน่	49
อู้ววว	49
อาาา	49
ตรงโน้น	49
อากาเนะ	49
ยูเอสเอส	49
เทสซ่า	49
ดึกแล้ว	49
ดูแล้ว	49
ถูกแล้วล่ะ	49
อูเธอร์	49
เคนตะ	49
ชานติ	49
คือใคร	49
เอมส์	49
อย่างงั้นหรอ	49
ชิบหาย	49
ผมต้องขอโทษด้วย	49
บัวนา	49
นายรู้มั๊ย	49
อย่าไปไหนนะ	49
ไม่รู้หรอก	49
ถ้วย	49
คูมาร์	49
นายพูดอะไร	49
ฉันไม่แน่ใจว่า	49
จอด	49
เอ็ดการ์	49
เดี๋ยวเจอกัน	49
หรืออะไรซักอย่าง	49
ตลกจัง	49
เอาจริงนะ	49
แถม	49
ผมอธิบายได้	49
ออเดร์ย	49
เอามั้ย	49
มันเอ่อ	49
คุณไม่ต้อง	49
จะเป็น	49
เริ่มต้น	49
ได้นะ	49
อย่าๆ	49
บอย	49
บอกมาซิ	49
อึนยอง	49
ต้องเป็น	49
คุณแค่	49
เทท	49
หยาบคาย	49
จะดีกว่า	49
ที่มี	49
ซุป	49
บวก	49
พอดี	49
ทำแบบนี้	49
อดัมส์	49
เยอรมัน	49
แคนาดา	49
ฮิ	49
เช้า	49
การ์ด	49
ปีมานี้	49
เซนติเมตร	49
ไค	49
มุน	49
เกาหลี	49
ทางโน้น	48
ผมจะรอ	48
ไลท์เยียล์	48
ช่างแม่ง	48
อร่อยจังเลย	48
คุณปลอดภัย	48
จะเป็นยังไง	48
เอาจริง	48
ฉันจะไม่ไปไหนทั้งนั้น	48
โอคจา	48
คุณปลอดภัยแล้ว	48
ซูจิน	48
ดีขึ้นแล้ว	48
เขียน	48
ไปกันได้	48
มาร์วิน	48
เพราะนาย	48
น่ากินจัง	48
มันถึงเวลาแล้ว	48
อีกครั้งหนึ่ง	48
เพื่อนของคุณ	48
รออยู่นี่นะ	48
ออกมาแล้ว	48
คัมปาย	48
อย่าทำนะ	48
ในป่า	48
พูดกับฉัน	48
พ่อรักลูก	48
เพราะว่าฉัน	48
ฉันจะลองดู	48
หวานใจ	48
มันคืออะไรเหรอ	48
จนกว่าจะถึงตอนนั้น	48
สวัดดี	48
ทุกท่านครับ	48
มันไม่ทำงาน	48
หญิงสาว	48
แล้วเราจะทำยังไง	48
ฉันเลี้ยงเอง	48
ซ่อน	48
เท่าที่รู้	48
พอดีเลย	48
อะไรเนี้ย	48
ใกล้	48
เธอว่าอะไรนะ	48
มอสซี่	48
ตรงนี้แหละ	48
เราต้องทำ	48
ที่บอกว่า	48
เจ็บปวด	48
ถอยก่อน	48
ไม่จริงนะ	48
ฉันต้องการให้คุณช่วย	48
มันนานมากแล้ว	48
บ้าเหรอ	48
แดนเนี่ยล	48
ผมเข้าใจว่า	48
แม่เจ้าโว้ย	48
กลับมาเถอะ	48
แกโกหก	48
ตลอดชีวิต	48
ว่าต่อไป	48
มีน่า	48
มันไม่ยุติธรรมเลย	48
เพนดรากอน	48
เฮคเตอร์	48
ริกกี้	48
ใครสนล่ะ	48
เธอสวย	48
รู้ไม๊	48
คุณเจน	48
เธอว่า	48
อ้าห์	48
ปรากฏว่า	48
ฉันเกลียดเธอ	48
ไม่ไหว	48
พลาซ่า	48
พูดได้ดี	48
แล้วเอ่อ	48
มันสายเกินไปแล้ว	48
คุณนั่นเอง	48
ไม่รู้จัก	48
โดโรธี	48
เขาจะไม่เป็นไร	48
พ่อไม่รู้	48
ถูกเผงเลย	48
ขอโทษที่มาสาย	48
สุดที่รัก	48
อ่าใช่	48
งั้นไปกันเถอะ	48
คาวาซากิซัง	48
ญิ	48
ลืมไป	48
ชิฟ	48
แฮกริด	48
ใครสักคน	48
เทสส์	48
สุขสันต์วันเกิดนะ	48
ลุงครับ	48
ได้ยินผมไหม	48
สามีของฉัน	48
ดูหนัง	48
อาร์ชี่	48
อะไรเหรอครับ	48
คิดว่าไงล่ะ	48
ถูกต้องเลย	48
แม่ของผม	48
ยก	48
ฉันต้องการให้คุณ	48
ฉันก็เลย	48
มานี่ก่อน	48
ได้แก่	48
คามิยะ	48
มิโดริ	48
เข้าไปข้างในเถอะ	48
มากเลย	48
พระบิดา	48
บอกเขาสิ	48
แต่ฟังนะ	48
ฉันอยากไป	48
ผู้ช่วย	48
เลิก	48
มอร์	48
มาที่	48
หวัดดีจ๊ะ	48
นายจะ	48
แอ็บบี้	48
บีน	48
แบล็ค	48
สหรัฐอเมริกา	48
นี	48
ซีซั่น	48
จากนี้	48
ไปอีก	48
ปิแอร์	48
แฮล	48
หรืออาจจะ	48
ลิตร	48
อันดับ	48
กกน	48
อีกแค่	48
โค	48
บิชอพ	48
นี่มันเรื่องบ้าอะไรกัน	47
นี่จ๊ะ	47
นิดนึง	47
ความผิดฉันเอง	47
เกี่ยวกับคุณ	47
ขอโทษฮะ	47
เวโรนิก้า	47
สวยงามมาก	47
แฟลช	47
มันต่างกัน	47
หิว	47
พรีเชียส	47
ประมาณนั้นแหละ	47
ฉันไม่อยากตาย	47
ปล่อยผมนะ	47
อย่าลืมล่ะ	47
โกลด์	47
คุณกำลังพูดอะไร	47
เกลียด	47
โอริเอะ	47
โชว์	47
สเปน	47
มิโอะ	47
เทป	47
ใครกันนะ	47
สำคัญมาก	47
ตกลงว่า	47
เห็นสิ	47
มันปลอดภัย	47
เยอะ	47
จากตรงนี้	47
ฉันเอ่อ	47
เป็นไงบ้างล่ะ	47
บาร์น	47
ฝนตก	47
ในชีวิต	47
มากแค่ไหน	47
เธอจะทำยังไง	47
อืมๆ	47
มากับข้า	47
โง่จริงๆ	47
ไปทำงาน	47
หึหึ	47
คอนแลน	47
แปปนึง	47
ไม่รู้ทำไม	47
ฆ่ามันซะ	47
ๆนะ	47
ขอเวลาสักครู่	47
ดีใจที่ได้เจอนาย	47
ฉันขอโทษนะคะ	47
ภาษาสเปน	47
ยังงั้น	47
คุณถูกไล่ออก	47
ขอบคุณที่สละเวลา	47
หวาน	47
รุ่นพี่คะ	47
แตกต่าง	47
ของตัวเอง	47
คุณเข้าใจผิดแล้ว	47
ที่ไหนนะ	47
เฮลี่ย์	47
ก็ใช่นะสิ	47
มันจะดีกว่า	47
แกพูดถูก	47
ชาร์มมิ่ง	47
เธออยู่นี่	47
จีเซล	47
แก้แค้น	47
เคนเสะ	47
สบายดีนะ	47
ฮ่าๆๆๆ	47
โว้ววว	47
หยุดที	47
พ่อของผม	47
ออกไปจากบ้านฉัน	47
ฮาวี่	47
ก็มี	47
ผมหรอ	47
ข้าขอร้อง	47
ผมไปเอง	47
เขาไม่อยู่	47
มันซับซ้อนน่ะ	47
ฉันจะไปเดี๋ยวนี้	47
หรือคะ	47
น่าสนใจนะ	47
สุดหล่อ	47
คุณคิดว่าไงล่ะ	47
เรารู้ว่า	47
เร็วๆหน่อย	47
เช่นเดียวกัน	47
รู้สึกยังไง	47
ปรบมือ	47
ฝันร้าย	47
คิดว่างั้นนะ	47
หยุดเขา	47
สไตลส์	47
คณิตศาสตร์	47
ยึดมั่นใน	47
แล้วตอนนี้ล่ะ	47
คอร่า	47
ฉันไม่เห็นด้วย	47
เงียบๆหน่อย	47
หลีกทางหน่อย	47
เขาบ้าไปแล้ว	47
แม่ว่า	47
มีความผิด	47
ฉันไม่รู้นะ	47
พวกเขาอยู่ที่นี่	47
น่าสมเพช	47
ฝูงชน	47
ถูกต้องที่สุด	47
ในวันพรุ่งนี้	47
นั่นเพราะว่า	47
ทัตซึยะ	47
ผมบลอนด์	47
ชอลซู	47
ผมไม่ได้โกหก	47
อะไรค่ะ	47
หน้าต่าง	47
กุมภาพันธ์	47
ดักลาส	47
ที่นี่คือ	47
โอ่ว	47
หนาว	47
รัฐบาล	47
พอใจยัง	47
ไปก่อน	47
ฟังนี่นะ	47
แฮตฟิลด์	47
นี่ฉัน	47
โรแลนด์	47
เกือบจะ	47
ฮอง	47
นักแสดง	47
ขอเดานะ	47
ชายคนนั้น	47
ลืม	47
มาติน	47
เอะ	47
ละกัน	47
ตก	47
พะ	47
ไพรซ์	47
มู่หลาน	47
ไล	47
ของมัน	46
เอามันมา	46
เราเชื่อว่า	46
ลูกพูดถูก	46
เดวี่	46
อย่าเข้าใจผิดนะ	46
คงไม่	46
ไปทางนั้น	46
เกิดอะไรขึ้นกับนาย	46
ดูแล	46
และอื่น	46
รอสักครู่นะคะ	46
ฉันตายแน่	46
มันดีนะ	46
หัวใจวาย	46
มันจะต้องเรียบร้อย	46
คังแทโฮ	46
แบล็ก	46
นั่นไม่จริง	46
ว่ามันคืออะไร	46
มูน	46
ขออนุญาตครับ	46
ๆๆๆ	46
คาลิด	46
ไม่รู้สิครับ	46
ดูนั่นซิ	46
รออยู่นี่	46
ใช่มั๊ยล่ะ	46
อย่ามอง	46
โทรศัพท์ดัง	46
กับนาย	46
สัญญาณ	46
เชอร์ล็อก	46
ขาฉัน	46
อย่าคิด	46
เธอกำลังพูดเรื่องอะไร	46
โอปี้	46
มันเป็นอย่างนั้น	46
อีกไม่นานหรอก	46
เจซ	46
ฉันดูแลตัวเองได้	46
ฉันจะทำให้ดีที่สุด	46
มันก็ดีนะ	46
รอที่นี่	46
นั่นแหละประเด็น	46
เบคเคท	46
ฮยองนิม	46
นานมาก	46
หวังว่านะ	46
ใครวะ	46
ข้าสบายดี	46
ฉันแค่จะบอกว่า	46
ออโรร่า	46
มันมากเกินไป	46
ถามจริงๆ	46
ฝัน	46
กาลครั้งหนึ่งนานมาแล้ว	46
อย่ายุ่ง	46
โคจัง	46
ครับพ่อ	46
คุณแน่ใจหรอ	46
ถึงอย่างนั้นก็เถอะ	46
เธอรู้จัก	46
ที่คุณต้องการ	46
อาบน้ำ	46
มอยร่า	46
เกิดอะไรขึ้นนะ	46
ตอแหล	46
ฉันไม่ได้ทำอะไรเลย	46
ทำให้ดีที่สุด	46
ถ้าต้องการ	46
คุณป้าคะ	46
เห้อ	46
เด็ดขาด	46
จากอะไร	46
เคนโซ	46
ฉันเข้าใจว่า	46
มัวร์	46
หวา	46
ผมบอกแล้วไง	46
ฉันเชื่อเธอ	46
ไม่ต้องก็ได้	46
อูย	46
เมื่อหลายปีก่อน	46
กำลังทำอะไรอยู่	46
น่ารำคาญจริงๆ	46
แม่หนู	46
มันวิเศษมาก	46
แอชลี่ย์	46
อย่างแรกเลยนะ	46
แค่นั้นหรอ	46
อย่างที่รู้	46
เข้าใจรึเปล่า	46
เข้ามานี่	46
ฮยอกจู	46
ไวลด์แคทส์	46
เบา	46
ผมทราบครับ	46
ถ้าเกิดว่า	46
แล้วก็นี่	46
ไปยัง	46
เอลิสัน	46
พูดอีกทีซิ	46
ภารกิจ	46
พ่อหมายถึง	46
บุก	46
คุณกำลังบอกว่า	46
รุกฆาต	46
ในคืนนั้น	46
ได้จ๊ะ	46
อ้วน	46
เขาพูดอะไร	46
มันตายแล้ว	46
ใช่มั้ยค่ะ	46
แรมโบ้	46
ทริช	46
โอ้ว้าว	46
เขารู้ว่า	46
วิฟ	46
ไม่รู้นะ	46
ฉันจะทำทุกอย่าง	46
เรามีงานต้องทำ	46
งั้นมั้ง	46
เปิดเลย	46
ก็แบบว่า	46
พอทีเถอะ	46
มีชีวิต	46
ขอโทษที่ขัดจังหวะ	46
นายมี	46
เธอพูด	46
ทริส	46
ครั้งที่แล้ว	46
ย้ำอีกครั้ง	46
น่าทึ่งจริงๆ	46
ผมไม่รู้เลย	46
เธอก็	46
ชื่ออะไรนะ	46
แน่ใจหรือ	46
ฉลาม	46
เรากำลังพูดถึง	46
แถวๆ	46
เดี๋ยวๆๆๆ	46
ที่ทำงาน	46
โฮล์ม	46
เบค	46
ผมไม่รู้ว่าทำไม	46
ประเภท	46
แผ่น	46
กลาส	46
นาทีเอง	46
เวลส์	46
รมต	46
เฟรดดี้	45
ผมไม่ต้องการ	45
นึกออกไหม	45
ออกไปเร็ว	45
ตื่นๆ	45
โหมด	45
คุณทำงานอะไร	45
ฉันเลยคิดว่า	45
มันมากกว่านั้น	45
ท็อป	45
พี่เลี้ยง	45
ไม่เป็นไรคะ	45
อันนั้น	45
บนนั้น	45
ผมคิดว่านะ	45
น่าจะเป็น	45
ให้เดานะ	45
ยกโทษให้ผมด้วย	45
ในฐานะ	45
จริงๆเลยนะ	45
คุณเป็นไรมั้ย	45
ฆ่าเธอ	45
มะเร็ง	45
อย่าแม้แต่จะคิด	45
หรืออะไรก็ได้	45
แอนา	45
เป็นไรไป	45
แรลลี่	45
ชมรมร้องเพลง	45
โอ้ๆ	45
ฉันจะทำไงดี	45
ยินดีด้วยนะคะ	45
เธอรู้นะ	45
สรุป	45
นี่ด้วย	45
ดอร์ริท	45
อาร์เธอ	45
แฮร์ริส	45
ในวันนั้น	45
ถัง	45
ในท้ายที่สุด	45
เอลวิส	45
แกรู้มั้ย	45
จองจู	45
แผ่นดินไหว	45
ไอ้โง่เอ๊ย	45
คิมจูวอน	45
ฉันได้ยินแล้ว	45
น่ากลัวจริงๆ	45
เอนเดอร์	45
เธอพูดว่าอะไรนะ	45
ตอนนี้ยัง	45
ผมรู้ๆ	45
โจซี่	45
แม่นแล้ว	45
เกรแฮม	45
ลูกชายผม	45
หยุดอยู่ตรงนั้นนะ	45
ดาร์ซี่	45
ไม่ได้ล้อเล่น	45
ทายสิ	45
และพูดว่า	45
ก้ได้	45
มันไม่มีเหตุผลเลย	45
ไปๆๆๆ	45
อือม์	45
เขาอยู่ที่นั่น	45
คุณพระคุณเจ้า	45
ทุกสิ่ง	45
แล้วคุณหล่ะ	45
เธอชื่ออะไรนะ	45
พูดกับฉันสิ	45
เคนซ์	45
ไอ้ปัญญาอ่อน	45
เราต้องทำอะไรสักอย่าง	45
โดมินิค	45
สัญญาสิ	45
อย่าพูดอย่างนั้นสิ	45
ฉันรู้จักคุณ	45
ฉันอยู่ที่นั่น	45
ฉันเกลียด	45
เห็นมะ	45
สบายดีครับ	45
คัตเตอร์	45
มาดูนี่	45
สนุกดี	45
ฉันกลัวมาก	45
ผมเองนะ	45
ฉันจะไม่ไปไหน	45
ในอเมริกา	45
ออกจาก	45
แล้วเจอกันค่ะ	45
ฉันไม่ได้ทำอะไร	45
นายรู้ใช่ไหม	45
เทคโนโลยี	45
ฉันคิดว่างั้น	45
สตรีท	45
ก็ไม่เชิงหรอก	45
เราถูกโจมตี	45
ขอที	45
คอยดู	45
ทาจิบานะ	45
เราทำ	45
แหม่	45
ทาคิดะ	45
ระหว่างนี้	45
จิลล์	45
หัวเราะเบาๆ	45
เป็นการส่วนตัว	45
ไม่ทราบ	45
แค่ไหน	45
ในประวัติศาสตร์	45
ลองอีกครั้ง	45
ท๊อป	45
อะไรอะ	45
พวกเราต้องไปแล้ว	45
มีอะไรเกิดขึ้นเหรอ	45
ได้เหรอ	45
ปรากฎว่า	45
ฉันลองแล้ว	45
ฉันนอนไม่หลับ	45
ผมเป็นหมอ	45
ด้วยเหรอ	45
หลีก	45
ฮอบส์	45
แต่ผมว่า	45
แปลไทยโดย	45
ตั้งใจ	45
คุณลี	45
ความกล้าหาญ	45
บล็อก	45
กาย	45
สกาโว	45
ทำไมนาย	45
ฉันอยากได้	45
ฉันให้	45
ดูนั้นสิ	45
เดียวก่อน	45
อมีเลีย	45
ฉันจะบอกอะไรให้นะ	45
ฟิตซ์	45
ศัตรู	45
อะนี่	45
ขอให้โชคดีนะ	45
นักเขียน	45
คุณมา	45
รูปแบบ	45
อะไรว่ะ	45
ชีวิตฉัน	45
ยิงมันเลย	45
กล้าหาญ	45
ถ้ามีอะไร	45
เธอต้อง	45
ซะที	45
ศตวรรษที่	45
เตะ	45
อย่างที่	45
กระบอก	45
อาทิตย์แล้ว	45
ฝ่าย	45
กา	45
รี	45
ชั่วโมงนะ	45
นิวตัน	45
ดัมเบิลดอร์	45
บิช็อป	45
ต๊อก	45
ดูดีมาก	44
แต่ไม่ใช่ตอนนี้	44
แคตนิส	44
จริงครับ	44
เดี๋ยวกลับมา	44
ในสถานการณ์แบบนี้	44
ถามได้ดี	44
แทนเนอร์	44
ในระหว่างนั้น	44
อย่าทำร้ายเขา	44
ตำนาน	44
เรมี่	44
อินเดียน่า	44
เรามาทำอะไรที่นี่	44
เตรียม	44
ซักวัน	44
อย่าโง่น่า	44
ดัก	44
ไม่ใช่แล้ว	44
พูดจริงนะ	44
คุณพูด	44
อาจเป็น	44
กระหม่อม	44
อะไรหนะ	44
นี่คะ	44
ครอบครัวของฉัน	44
เธอไม่รู้	44
ไอ้แก่	44
ซีเลีย	44
แล้ววันหนึ่ง	44
เอริน	44
แย่ที่สุด	44
ชิโยโกะ	44
นี่มันอะไรน่ะ	44
อย่างไม่ต้องสงสัย	44
ที่เกิดขึ้น	44
เดี๋ยวผมมานะ	44
ฉันไม่อยากไป	44
เคสซี่	44
คันซากิ	44
ประณาม	44
โซเร็น	44
ทำไมคุณไม่บอกฉัน	44
แต่ผมทำไม่ได้	44
เจ้างั่ง	44
หยุดพูดเถอะ	44
ทุกอย่างปกติดี	44
เมียย์	44
คุณอายุเท่าไหร่	44
หนูสบายดี	44
ที่หนึ่ง	44
เธอไม่รู้เหรอ	44
ฟินซ์	44
เบาๆหน่อย	44
แอง	44
คุณกำลังคิดอะไรอยู่	44
งั้นทำไม	44
ประธานชินแทฮวาน	44
ถ้าฉันเป็นคุณ	44
มันดีจริงๆ	44
คุณเห็นมั้ย	44
ไปเถอะน่า	44
โอ้มายก้อด	44
เอดดี้	44
เธอเห็นอะไร	44
ฉันเมตร	44
คงใช่	44
ในเมืองนี้	44
และวันนี้	44
โธ่เอ๋ย	44
ฉันยังไม่อยากตาย	44
ข่าวดีก็คือ	44
ไฟเวิล	44
โอแทซุก	44
ครอบครัวฉัน	44
ผมไปล่ะ	44
โฟรโด้	44
เราไม่มีเวลา	44
แบบนี้เหรอ	44
บอกหน่อยสิ	44
ดีจ๊ะ	44
นีนี่	44
ผมอยู่ที่ไหน	44
พวกเขาคิดว่า	44
เราคือ	44
ผมต้องการให้คุณช่วย	44
ผมจะบอกคุณ	44
แข็งใจไว้	44
ผมได้ยิน	44
มิจิรุจัง	44
นายว่าไง	44
ผมจัดการได้	44
ซิลเวีย	44
นั่นเยี่ยมไปเลย	44
โรนัลด์	44
เรียกผมว่า	44
รู้หรือเปล่า	44
เขาหายตัวไป	44
เราไม่มี	44
ดูให้ดี	44
กลายเป็น	44
หนัง	44
เมืองนี้	44
ลูกรู้ไหม	44
ขี้ขลาด	44
ผมจะบอกว่า	44
อืมฮึ	44
ฉันอยากให้คุณ	44
เคสึเกะ	44
จากฉัน	44
วิสกี้	44
คุณมาทำอะไร	44
อ้อเหรอ	44
ใครอยู่ตรงนั้น	44
ตอบฉันมา	44
เรากลับมาแล้ว	44
ก็อย่างที่บอก	44
ล็อควู้ด	44
ได้ยินผมมั้ย	44
เอาเป็น	44
แล้วคุณเป็นใคร	44
คุณดูดีนะ	44
ทำซะ	44
จังโก้	44
เดนท์	44
แกตาย	44
ผมจะช่วยคุณ	44
มันเกิดขึ้นเร็วมาก	44
จบข่าว	44
สัญญากับฉัน	44
ซาดาโกะ	44
ไม่ได้เจอกันนานนะ	44
การต่อสู้	44
โอว์	44
เราจะไม่เป็นไร	44
ดีใจที่เจอคุณ	44
บ้ายบาย	44
เขากำลังจะตาย	44
นายทำอะไรลงไป	44
นายนี่	44
เป็นความลับ	44
ฮีซู	44
ขอดูหน่อยสิ	44
วัว	44
ผมก็เลย	44
ฉันลืม	44
จับ	44
ด่วนเลย	44
ยังมี	44
ไม่ซิ	44
ยั	44
พวกเจ้า	44
เชื่อว่า	44
หนึ่งนาที	44
เดเมอตริ	44
แม็คคอย	44
ฉุกเฉิน	44
แป๊บนะ	44
ดัง	44
ยอมรับ	44
ชนิด	44
ไปทางขวา	44
ไงที่รัก	44
วอล์กเกอร์	44
ผมอยากจะ	44
จาร์	44
พา	44
ธัญญ่า	44
เลิฟ	44
คนไข้	44
ด๊อก	44
เอาไว้	44
คุณอยู่	44
คุย	44
ฮ๊ะ	44
นินจา	44
เหมียว	44
เครก	44
แท่ง	44
แต	44
ล้านดอลล่าร์	44
เด	44
ยุค	44
ข้อที่	44
ต้นๆ	44
แบงค์	44
คา	44
ลิง	44
เวลล์	44
วิน	44
โคเฮน	44
เพื่อเธอ	43
คุณชอบ	43
ฉันเคยคิดว่า	43
เอ็มมา	43
ลูกสาวของฉัน	43
แอคชั่น	43
ผมไม่แน่ใจว่า	43
ไล่ออก	43
ก่อนอื่นเลย	43
ตั้งแต่เมื่อไหร่กัน	43
ยูนซอง	43
โพ	43
ได้ผล	43
ทำตัวตามสบาย	43
อะไรกันวะเนี่ย	43
คุณจำได้มั้ย	43
ร่วมกัน	43
รอสักครู่นะ	43
คุณฆ่าเขา	43
ผมได้ยินว่า	43
ความโกรธ	43
สปาร์ตัน	43
ฉันทำได้แล้ว	43
อย่าหนีนะ	43
คุณไม่เป็นไรน่ะ	43
มันเป็นของคุณ	43
งั้นก็ดีแล้ว	43
ผีเสื้อ	43
ดีเร็ค	43
เป็นเกียรติอย่างยิ่ง	43
อลิส	43
ชั้นทำไม่ได้	43
ลองคิดดูนะ	43
แคธี่	43
ลอปปี้	43
ถ้ามี	43
ถ้าคุณไม่รังเกียจ	43
ขอตัวก่อนนะครับ	43
ฉันไม่ทราบ	43
โอ้ไม่นะ	43
ถูกฆาตกรรม	43
ท่านพูดถูก	43
เมื่อไหร่ล่ะ	43
โคโน่	43
คล้ายๆ	43
สวยดีนะ	43
ฉันจะบอก	43
ทัค	43
คุณเกรย์สัน	43
เธอไม่เป็นไรหรอก	43
คุณสบายดีนะ	43
คุณไป	43
ตอบสิ	43
ขอตัวก่อนนะคะ	43
และอีกครั้ง	43
เกลือ	43
ดื่มเลย	43
สหายข้า	43
มันคืออะไรน่ะ	43
ฉันกลัวว่า	43
ไม่จ๊ะ	43
มาร์ก	43
มามา	43
แกรู้ไหม	43
คิดดู	43
ขอตัวครับ	43
แล้วเจอกันใหม่	43
ตัวแทน	43
เรื่องแบบนี้	43
ไม่เป็นไรน่ะ	43
อย่าล้อเล่นน่า	43
ชาแนล	43
บอกเธอว่า	43
พอเถอะน่า	43
ไอ้บ้านั่น	43
มันแปลกนะ	43
มันยอดมาก	43
คำตอบคือไม่	43
มันบ้ามาก	43
ฉันไม่ทำ	43
ผมไม่สนหรอก	43
มัลคอล์	43
ใจเย็นหน่อย	43
ฮอลลี	43
ขอบคุณน่ะ	43
ฉันบอกเธอแล้วไง	43
ผมรู้สึกได้	43
ใจเย็นนะ	43
คาลลีสิ	43
เดี๋ยวซิ	43
พัค	43
ซิสโก้	43
ชีวิตของฉัน	43
เรารู้แล้ว	43
คุณก็เห็น	43
โอ้วพระเจ้า	43
ไอ้เลวเอ๊ย	43
แล้วบอกว่า	43
มันไม่ดี	43
ผมบอก	43
ไอ้เสือ	43
กลับมาแล้วหรอ	43
ขอถามอะไรหน่อย	43
เราจะไปแล้ว	43
เชื่อ	43
ก็ตามใจ	43
แฟต	43
พวกเราคือ	43
เธอสองคน	43
มีปัญหาเหรอ	43
เห๋	43
มหาวิทยาลัย	43
จอร์จีน่า	43
ตัดสินใจ	43
สัปดาห์หน้า	43
น้ำแข็ง	43
ว่ามาสิ	43
อร่อยมั้ย	43
ว่าไงเพื่อน	43
ถ้าเป็น	43
ฉันจำได้แล้ว	43
คุณก่อน	43
ส่วนฉัน	43
อร่อยนะ	43
เพ็นนี	43
เกือบลืม	43
เราจะตามหาคุณ	43
ทำตามที่ฉันบอก	43
เมอร์รี่	43
เกทส์	43
ฮาวาย	43
ฉันจะบอกคุณ	43
มีปัญหาอะไรรึเปล่า	43
ในฐานะเพื่อน	43
เวก้า	43
มีเสน่ห์	43
โอ้ยย	43
คุณต้องการอะไรจากฉัน	43
ขณะที่	43
ใครกันน่ะ	43
เบนตัน	43
ไม่มีเงิน	43
เว้ย	43
นะจ๊ะ	43
เขาต้องการ	43
ตัวอย่าง	43
ตะวันตก	43
และเรา	43
มันคือเรื่องจริง	43
คำถามต่อไป	43
ทิโมธี	43
เชสเตอร์	43
ถาม	43
บง	43
ภาพ	43
แถวนี้	43
จำนวน	43
นาทีครับ	43
นี่ก็	43
ฉันใช้เวลา	43
ขะ	43
วันที่ผ่านมา	43
วา	43
กระต่าย	42
โชคดีจริงๆ	42
เอาน่ะ	42
มีอะไรผิดปกติ	42
ไม่มีไร	42
รอเดี๋ยวก่อน	42
อีกครั้งนึง	42
แชมเปญ	42
ท่านผู้นำ	42
ทำอะไรเนี่ย	42
แทรซี่	42
ฉันบอกเขาว่า	42
คุณดูดี	42
ท่านประธานคะ	42
ถอยไปซะ	42
ลม	42
บ้านหลังนี้	42
นายแน่ใจเหรอ	42
เอมริส	42
มันว่างเปล่า	42
เพรสตัน	42
ครั้งต่อไป	42
ไอ้นั่น	42
ทุกขวา	42
ข้อหาอะไร	42
คุณฮัน	42
มันใช้ได้	42
ไม่นะครับ	42
ไม่ต้องกังวลไป	42
นี่มันบ้าอะไรเนี่ย	42
มันโกหก	42
อยู่ดี	42
ทั้งนั้น	42
ผมทราบ	42
เราจะทำอะไร	42
เอมมิลี่	42
เสร็จ	42
ฉันดีใจจริงๆ	42
นายกเทศมนตรี	42
บอกชื่อมา	42
ฟังดูดีนี่	42
คุณอยากจะ	42
ทั้งหมดใช่มั้ย	42
อาคิโยชิ	42
ไม่มีอะไรหรอกค่ะ	42
เธอเป็นอะไรหรือเปล่า	42
ไปละนะ	42
นอกเสียจากว่า	42
ขอต้อนรับกลับบ้าน	42
ง่ายจะตาย	42
บอกได้เลย	42
แอชลี่	42
ไม่มั้ง	42
ซัลวาทอร์	42
ร็อกซี่	42
นายไม่รู้หรอก	42
นายทำได้ยังไง	42
ชิบะ	42
อรุณสวัสดิ์จ้ะ	42
สมอง	42
เลขา	42
พักผ่อน	42
ไม่อีกต่อไปแล้ว	42
คุณคิดอย่างไร	42
เดี๋ยวฉันตามไป	42
ฟังนะเพื่อน	42
ดีใจที่ได้เจอนะ	42
แต่ได้โปรด	42
เราต้องทำได้	42
สามครั้ง	42
สวัสด	42
หมอคะ	42
มันอยู่นั่น	42
มันนานมาแล้ว	42
รอแป๊บนึง	42
นึกออกแล้ว	42
เป็นครั้งสุดท้าย	42
ฉันไม่รู้เหมือนกัน	42
บีสต์	42
เธอเป็นอะไรมั้ย	42
ไม่ว่ามันจะเป็นอะไร	42
งานอะไร	42
รู้สึกดี	42
อยู่นี่แล้ว	42
เราสายแล้ว	42
และบอกว่า	42
ผมรู้ว่าคุณเป็นใคร	42
ข้างล่าง	42
ช่วยผมหน่อย	42
ย๊า	42
ผมเข้าใจนะ	42
มาร์ซี่	42
ฉันมันโง่	42
ไม่เชิงหรอก	42
ถ้าคุณต้องการอะไร	42
ทีแรก	42
เฮ้ยๆ	42
ไม่ว่าอย่างไรก็ตาม	42
กรีก	42
ยกเว้นคุณ	42
พี่วินนี่	42
คุณชื่ออะไรครับ	42
อายุมุ	42
นายเป็นอะไรไป	42
สู้ตาย	42
เราเกือบถึงแล้ว	42
มีอะไรให้ช่วย	42
ผมเชื่อ	42
ใช่ฮะ	42
เราจะไปกันแล้ว	42
นายกำลังทำอะไรน่ะ	42
ฉันไม่ได้บ้า	42
วันเสาร์	42
พูดซิ	42
จริงด้วยสิ	42
ไปล่ะนะ	42
ตั้งแต่วันนี้	42
ฉิบ	42
ผมโกหก	42
แล้วผมล่ะ	42
แต่ดูเหมือนว่า	42
เพียร์สัน	42
นิกิ	42
มังกร	42
รอบๆ	42
อีกนานแค่ไหน	42
ขอบคุณทุกคน	42
เริ่มแล้ว	42
เพรี่	42
ฉันยังไม่ตาย	42
เบนจี้	42
พี่สะใภ้	42
คอยก่อน	42
เพชร	42
เธอไม่ได้	42
นี่แหล่ะ	42
แม่สาวน้อย	42
ขอให้มีความสุข	42
รอแป๊บ	42
สุนัข	42
แม่เหรอ	42
ฮานส์	42
เราไม่รู้ว่า	42
มาด้วย	42
นายสองคน	42
มันต้องเป็น	42
คุณได้ยินมั้ย	42
แม็ก	42
นั่นเยี่ยมมาก	42
ขี้แพ้	42
คุณกลัว	42
ไพร์ม	42
ไม่รู้ครับ	42
อเวนิว	42
ตอนบ่าย	42
คนนึง	42
หนูไม่เป็นไร	42
คาร์ไมเคิล	42
คาร์	42
แม่ของคุณ	42
ทุกอย่างปกติ	42
เหนือ	42
อยู่หรือเปล่า	42
ประสาท	42
หมี	42
บิ	42
เวลานั้น	42
เกรด	42
แต่นี่มัน	42
ซุง	42
ฮอลล์	42
เดย์	42
วาย	42
มิติ	42
โมงนะ	42
ยะ	42
มิร่า	41
เลี้ยว	41
คุณจะไปที่ไหน	41
แย่มากๆ	41
ปิดมัน	41
ของฉันเอง	41
เข้ามาข้างใน	41
ฮอว์ธอร์น	41
ฟิช	41
ตามเขาไป	41
ฉันเปลี่ยนใจแล้ว	41
ตื่นซิ	41
ฟิลิป	41
ชาร์ลส	41
น้ำหนัก	41
และที่สำคัญ	41
สวยดี	41
ล้อเล่นใช่มั้ย	41
ข้าเข้าใจแล้ว	41
ขอบคุณที่ช่วย	41
ฉันไม่เชื่อคุณ	41
คาร์เมน	41
ป๊อบปี้	41
โดยปกติแล้ว	41
ไม่อยากเชื่อเลยว่า	41
ขอบคุณที่มาครับ	41
ไม่เลยสักนิด	41
มากันแล้ว	41
โอเคแล้ว	41
เธอบ้าไปแล้ว	41
อีกแล้วหรอ	41
ก็บอกแล้วไง	41
โอ้พระเจ้าของข้า	41
เมื่ออาทิตย์ที่แล้ว	41
ให้ฉันช่วย	41
ยังไม่ใช่	41
โวคัล	41
ยกโทษให้ฉันด้วย	41
นายทำอะไรอยู่	41
โคดี	41
ฟิโอน่า	41
นั่นคือความจริง	41
ประตูปิด	41
เวสตัน	41
จะบอกว่า	41
ดูนั้น	41
เสี่ยวเซี่ยน	41
มากกว่านั้น	41
จุนฮา	41
เอางั้นเหรอ	41
ไม่ว่าจะยังไงก็ตาม	41
มาริลีน	41
ฉันมา	41
พวกเขาตายแล้ว	41
ถอยหลัง	41
เท่าที่จะทำได้	41
แต่งงานกับผมนะ	41
ก็ใช่ไง	41
อยู่นั่น	41
ปะทะ	41
ไม่ต้องอาย	41
มันแปลว่า	41
ตกใจหมด	41
นั่นเป็นเหตุผล	41
โหย	41
มีอะไรล่ะ	41
วินเซนท์	41
เจมสัน	41
อึนชาน	41
ยูอิ	41
คอนนี่	41
อย่าถาม	41
คุณก็เช่นกัน	41
ในห้องน้ำ	41
จินนี่	41
มันดีแล้ว	41
สาธุ	41
ช่วยเขา	41
แคทรีน	41
ฟังดูเหมือน	41
ก้าวต่อไป	41
มานี่เถอะ	41
มันเจ็บปวด	41
เป็นผู้ชาย	41
หลบเร็ว	41
ฉันแค่บอกว่า	41
เขาเป็นอะไร	41
เข้าใจรึยัง	41
โห่	41
บางสิ่งบางอย่าง	41
ถั่ว	41
ในทันที	41
คาร์ลี่	41
รันม่า	41
จ๊ะเอ๋	41
ริงโก้	41
ซีซ่าส์	41
เบบี	41
ชั้นด้วย	41
คลาวเดีย	41
พอใจหรือยัง	41
คุณหายไปไหนมา	41
พลังงาน	41
อย่ายุ่งกับฉัน	41
อีแวนส์	41
เทลลี่	41
เขาก็	41
คุณมาสาย	41
ฉันไม่รู้จัก	41
งานนี้	41
พ่อเหรอ	41
เข้าใจหรือเปล่า	41
ผมเปล่านะ	41
เพลท์	41
มันใช่	41
ไปทำไม	41
เขาพูด	41
คริสทีน	41
เซีย	41
อร่อยจริงๆ	41
ในบางครั้ง	41
บอลตัน	41
เสือ	41
ตรงไป	41
แม็คคอล	41
มองอะไร	41
ลูกอยู่ไหน	41
โกอึนชาน	41
คุณเป็นใครกัน	41
ช่วยหนูด้วย	41
ฉันเกลียดมัน	41
ดูสิครับ	41
นี่พวกนาย	41
ช้าลงหน่อย	41
ผมไม่ได้ทำอะไร	41
จัดการมันเลย	41
วาง	41
คุณน่ารักจัง	41
เธอแน่ใจเหรอ	41
ฮาร์เบอร์	41
ครูคะ	41
ไม่มีพยาน	41
ฉันเห็นเธอ	41
ฉันยังอยู่	41
ระวังด้วยนะ	41
ลูกทำได้	41
เราปลอดภัยแล้ว	41
ป่วย	41
คืนหนึ่ง	41
ทำอะไรซักอย่างสิ	41
เธอไม่ได้อยู่ที่นี่	41
เเฮนน่า	41
เราจบกัน	41
ท็อดด์	41
โชคดีค่ะ	41
มันเกิดขึ้นได้	41
อย่างจริงจัง	41
คุณจะตาย	41
ซีโร่	41
ฉันรับได้	41
เล็กๆ	41
เนล	41
แต่ถึงยังไง	41
ปวดหัว	41
สักหน่อย	41
แต่แน่นอน	41
อาจารย์ใหญ่	41
ผมยอมรับ	41
ยังไม่	41
อย่างที่คุณบอก	41
บ้าอะไรเนี่ย	41
แต่คุณไม่	41
ลิลิธ	41
ไซ	41
ปีหน้า	41
ไม่ใช่แค่	41
ฮ๊า	41
อีกคน	41
คูณ	41
ถูกยิง	41
มีเวลา	41
ในศตวรรษที่	41
เธอปลอดภัยแล้ว	40
เคาะประตู	40
คุณรู้หรือเปล่า	40
กรีซ	40
มันก็แค่นั้น	40
สิ่งนั้น	40
มาริโกะ	40
ยอมแล้ว	40
แขก	40
ฮึดฮัด	40
คำสาป	40
ฉันไม่รู้ค่ะ	40
ดูพวกเขาสิ	40
เธอหายไป	40
พ่อรูปหล่อ	40
นี่มันคืออะไร	40
ลาร่า	40
ผุ้	40
ไซล่าร์	40
สนุกไหม	40
ธีออน	40
คุณไปได้	40
เข้าใจไม๊	40
ตาบ้า	40
มันยากมาก	40
อัลฟองเซ่	40
อุราระจัง	40
คุณทนาย	40
มาให้ฉัน	40
ผมเห็นมัน	40
โว่ว	40
อลิ	40
เรากำลังจะไป	40
ผมก็เช่นกัน	40
แม่เสียใจ	40
นั่นคือสิ่งที่	40
เขาหนีไปแล้ว	40
ฉันเป็นห่วง	40
โกหกน่า	40
โทษทีๆ	40
ยังไม่รู้เลย	40
โอริฮาระ	40
เพิร์ล	40
ช่วยพวกเราด้วย	40
ฟ็อกซ์	40
ตกลงไม๊	40
ถ้านายต้องการ	40
โฮป	40
ผมเหนื่อย	40
ทำไมไม่ได้	40
สำคัญ	40
เพื่ออะไรล่ะ	40
ไม่ใช่สักหน่อย	40
ยังไม่พอ	40
หมายเหตุ	40
เธอฉลาด	40
นายไม่รู้เหรอ	40
เป็นไปได้อย่างไร	40
ดิน	40
ข้ารู้แล้ว	40
หาที่กำบัง	40
คุณจะปลอดภัย	40
แกนดาล์ฟ	40
แต่ว่าตอนนี้	40
นูน่า	40
แกจะไปไหน	40
เขาอาจจะ	40
เข้มแข็งไว้	40
เสียงถอนหายใจ	40
นี่ๆๆ	40
มันเป็นอะไร	40
ทรมาน	40
เข้าไปข้างในกันเถอะ	40
หาย	40
ระวังหน่อยนะ	40
กลับไปเถอะ	40
ปิดไฟ	40
วันอาทิตย์	40
ความสัมพันธ์	40
ใกล้เคียง	40
และคุณคือ	40
วันนี้เป็นไงบ้าง	40
แฮทเทอร์	40
ทราบแล้วครับ	40
เธอทำได้ยังไง	40
แยกกัน	40
ไอ้พวกบ้า	40
คิดอะไรอยู่	40
อ๊าว	40
ตรงนั้นแหละ	40
ผมพูดจริง	40
อีกีชอล	40
ทีหลัง	40
ชั้นเข้าใจ	40
เรายังไม่รู้	40
แม่บอกว่า	40
ผมคิด	40
ลูซิเฟอร์	40
ไม่ต้องกังวลนะ	40
ใช่ป่ะ	40
สรุปว่า	40
ทุกคนหมอบลง	40
ไร้สาระสิ้นดี	40
เรียกมันว่า	40
เธอมันบ้า	40
ขึ้นรถสิ	40
ฉันก็คิดอย่างนั้น	40
หายไปไหนมา	40
สาวสวย	40
ไอ้เวรเอ้ย	40
เอากุญแจมา	40
ผมบอกคุณ	40
เอาล่ะพวก	40
ไม่มีใครอยู่ที่นี่	40
เสร็จรึยัง	40
เวรละ	40
ก็ดีแล้วนี่	40
ผมจะไปที่นั่น	40
ข่มขืน	40
เกิดอะไรขึ้นหรือ	40
ความคิดดี	40
ฉันไม่มีเงิน	40
เข้ามาข้างในสิ	40
อินา	40
ช่วยชั้นด้วย	40
แต่ความจริงแล้ว	40
พนันได้เลยว่า	40
เสด็จพี่	40
ฉันเสียใจนะ	40
คุณทำถูกแล้ว	40
เธอไม่เป็นไรใช่มั้ย	40
สำหรับทุกคน	40
แล้วมันเกิดอะไรขึ้น	40
ช็อกโกแลต	40
ตัวต่อตัว	40
เธออยู่นี่เอง	40
เดว่อน	40
เชื่อข้าเถอะ	40
ประชาชน	40
ราฟาเอล	40
เป่า	40
คุณโชคดี	40
ข่าวดีคือ	40
มันบ้า	40
กระจก	40
ฉันจะไม่เป็นไร	40
ฉันทำอะไรผิด	40
ฟังฉันให้ดี	40
ที่ฉันต้องการ	40
ผมจะบอกอะไรให้	40
ไม่แน่นะ	40
แกเป็นใครวะ	40
คุณทำได้ดี	40
คุณเป็นอิสระแล้ว	40
วีสลีย์	40
เจฟฟรีย์	40
กันอยู่	40
เราทะเลาะกัน	40
ยังไม่จบ	40
นม	40
ที่จะ	40
อาร์โนลด์	40
โอมาร์	40
ตอนฉันยังเด็ก	40
ศิลปะ	40
ย้อนกลับไป	40
เรามา	40
เพียซ	40
ฉันอยากให้เธอ	40
บาร์บ	40
วันนี้เหรอ	40
คุณพูดเรื่องอะไรกัน	40
จากไป	40
แยก	40
นิ่งๆ	40
จัน	40
ความสามารถ	40
เธอได้	40
ฮู้ด	40
เอเคอร์	40
มิคกี้	40
เจียงชิน	40
ฟอสเตอร์	40
เคทลิน	40
โว้ย	40
มาน	40
ฮยุน	40
ชั่วโมงที่ผ่านมา	40
ล่า	40
รู	40
โล	40
เมื่อปี	40
มิลลิเมตร	40
แบรน	40
แมนฮัตตัน	40
คิ	40
สิ่งที่คุณต้องการ	39
ผมไม่เชื่อ	39
เขาจะตาย	39
ฮิคารุ	39
คุณนายมาร์ติน	39
ในรถ	39
ยอดรัก	39
เจ้ามาทำอะไรที่นี่	39
วอนด้า	39
เออร์วิ่ง	39
คุณได้ยินผมไหม	39
แกก็รู้	39
แค่ตอนนี้	39
กู๊ดไนท์	39
อเล็กซานดร้า	39
ยินดีที่ได้พบค่ะ	39
คุณไม่เข้าใจเหรอ	39
นั่นแปลว่า	39
เขาทำอะไรน่ะ	39
ไม่รู้ค่ะ	39
อีเลียต	39
ขยับ	39
เซริซาว่า	39
ลูกสาวผม	39
ฉันไม่คิดอย่างนั้นนะ	39
แรนดอลล์	39
เขาบอกฉันว่า	39
แค่นี้ก่อนนะ	39
เดินหน้า	39
ผมพูดจริงนะ	39
ที่นี่ไง	39
ฉันไม่ต้องการมัน	39
การศึกษา	39
พวกนั้นเป็นใคร	39
ทั้งคืน	39
ผมรู้น่า	39
เอาซิ	39
จบเรื่อง	39
รับโทรศัพท์	39
คุณชูส์	39
ฉันไม่ได้หมายความว่าอย่างนั้น	39
ฉันจะช่วยคุณ	39
พระเยซูคริสต์	39
ตัวนี้	39
บายจ้ะ	39
อลิเชีย	39
และตรงนี้	39
นั่นเอง	39
คิซุน	39
เธออายุเท่าไหร่	39
วันขอบคุณพระเจ้า	39
รู้มั้ยทำไม	39
นอนเถอะ	39
อย่าไปฟังเขา	39
แต่เราไม่	39
ซุคกี้	39
ลูลี่	39
มันยากนะ	39
ขอบคุณมากคะ	39
ไม่ต้องการ	39
ปล่อยเธอนะ	39
เพื่อนคุณ	39
และบางครั้ง	39
ผมไม่เห็นด้วย	39
จะไปไหนเหรอ	39
เกรียนเทพ	39
กำจัด	39
แปลกจริง	39
คุณกลับมา	39
หายใจไม่ออก	39
แล้วแต่คุณ	39
เวนย์	39
คุณทำดีแล้ว	39
โอบีวัน	39
ตอบมาสิ	39
สแตนลี่ย์	39
เห็นรึยัง	39
แต่งงานแล้ว	39
เราจะไปด้วยกัน	39
ที่รักค่ะ	39
คิลเลี่ยน	39
แน่นอนจ้ะ	39
บิ๊บ	39
เจ้าเด็กบ้า	39
คุณบ้าไปแล้วเหรอ	39
นูเดิลส์	39
ท่านประธานาธิบดีครับ	39
อยู่ในนี้	39
มีแล้ว	39
ครั้งก่อน	39
ฉันคิดออกแล้ว	39
คอยเดี๋ยว	39
ผมชอบมัน	39
มาแล้วๆ	39
โคทาโร่	39
เปิดประตูหน่อย	39
นายพูดอะไรน่ะ	39
ไม่ได้ผลหรอก	39
คุณหนูครับ	39
อยู่ตรงนี้นะ	39
อย่าไปเลยนะ	39
ฮงแทซอง	39
หู	39
ฮุค	39
สาวช่างเม้าท์	39
ฟูจิซัง	39
แฮมมอนด์	39
รู้มะ	39
พร้อมครับ	39
หลังเลิกเรียน	39
เชิญนั่งค่ะ	39
นายว่าไงนะ	39
ลงมาจากรถ	39
ไม่เอาน่าพวก	39
นามของเขาคือ	39
หลายครั้ง	39
ในกรณีนั้น	39
ไม่อยาก	39
เรื่องทั้งหมด	39
แน่เลย	39
ยูโร	39
ฉันก็จะทำ	39
ผมเข้าใจแล้วครับ	39
เรดจอห์น	39
อเล็กซิส	39
กรรมการ	39
ไม่ทราบว่า	39
เธอกำลังจะไปไหน	39
ข้าก็เช่นกัน	39
ตอนนี้เลยเหรอ	39
ซีบีไอ	39
ลินคอน	39
ใครก็ตาม	39
ผมอยากบอกว่า	39
คุณหมอคะ	39
เมื่อไหร่กัน	39
ไปอยู่ไหนมา	39
ได้ยินอะไร	39
พัคเกอร์แมน	39
อดาลิน	39
คุณไม่เป็นไรใช่มั้ย	39
คุณจะไม่	39
ซึงยอน	39
ผู้บุกรุก	39
จริงอยู่	39
จางจินกยู	39
สนามบิน	39
คุณและฉัน	39
ฉันทำแน่	39
ผมเอาด้วย	39
หวัดดีฮะ	39
ซ้ำแล้วซ้ำเล่า	39
อ๊ากกก	39
จาร์วิส	39
ระวังให้ดี	39
เป็นอะไรน่ะ	39
แย่จังนะ	39
บรู๊ค	39
แฟนเก่า	39
ไอ้บัดซบ	39
ฉันยัง	39
เขาน่ะ	39
ลืมไปเลย	39
อยู่กับผม	39
บัทเลอร์	39
คุณอยู่ไหนน่ะ	39
นั่นไม่จริงเลย	39
หน้าที่	39
ลืมซะเถอะ	39
นั่งลงเถอะ	39
แล้วจะให้ฉันทำยังไง	39
บอกกุ	39
เอ็กซี่	39
เธอมา	39
ชู่วว์	39
อันนา	39
ดูผมสิ	39
ดีขึ้นไหม	39
จากคุณ	39
ด้วยล่ะ	39
ผมไม่อยากจะเชื่อเลย	39
เราสบายดี	39
ยี	39
ลูกจ๊ะ	39
พนัน	39
พวกเค้า	39
นายทำ	39
อ๊ากก	39
บอกผมที	39
ราชา	39
น้ำมัน	39
และพวกเขา	39
นักบิน	39
พวกเขาจะ	39
การแต่งงาน	39
ไอ้ห่า	39
และเจ้า	39
พวกคุณทุกคน	39
กับดัก	39
ผู้ยิ่งใหญ่	39
ทั้งหมดขวา	39
พาล์มเมอร์	39
เฮย์ส	39
เอ่	39
สมิท	39
ปะป๊า	39
ประสบความสำเร็จ	39
รัฐบาลมีระบบลับระบบหนึ่ง	39
หย่า	39
แชนด์เลอร์	39
การฆาตกรรม	39
นักวิทยาศาสตร์	39
แล้วมัน	39
แต่ฉันมี	39
ทั่วไป	39
ซิมมอนส์	39
นีโอ	39
แทงโก้	39
มีอีก	39
ใจ	39
ลินซ์	39
คนเหรอ	39
ลียุนซอง	39
สะ	39
กันยา	39
อุน	39
ฮยอก	39
ไม่เหมือนกัน	38
เจออะไรไหม	38
คุณน่ารักมาก	38
มันอร่อยมาก	38
หยุดเถอะค่ะ	38
ยูคาริ	38
เธอก็ด้วย	38
แกด้วย	38
อาโออิ	38
อืมหืม	38
ดูที่นี่สิ	38
นี่มันบ้า	38
ไอ้ลูกไม่มีพ่อ	38
พระเจ้าช่วยกล้วยทอด	38
ชื่อของฉันคือ	38
รุนแรง	38
อารมณ์ที่เลื่อนลอย	38
ฉันเป็นตำรวจ	38
หลายปีก่อน	38
โอ้วววว	38
หมายความว่าไงคะ	38
จริงหรอเนี่ย	38
ซัลลี่	38
คุณรู้นี่	38
แกมันบ้า	38
มาแล้วค่ะ	38
อย่างรวดเร็ว	38
ฟูจิมารุ	38
ซื่อสัตย์	38
แอลลิสัน	38
ลินด์เซย์	38
ตาคุณ	38
โซเฮโด	38
หลีกทางไป	38
ละก็	38
ผมมีคำถาม	38
ไงจ้ะ	38
เเม่งมึงเอ้ย	38
ไม่บอก	38
อย่างนั้นล่ะ	38
นานมากแล้ว	38
ไอ้ตุ๊ด	38
เหมือนกับฉัน	38
ผมต้องทำ	38
ไม่ยุติธรรม	38
เสียงเชียร์	38
มันจะเป็น	38
ลาออก	38
สักครู่นะ	38
ฉันชอบเขา	38
ใครจะสน	38
อย่าสิ	38
พระพันปี	38
เบอร์ตัน	38
ทนาย	38
ไม่เป็นไรลูก	38
น่าแปลก	38
ทิมมี่	38
ถอยมา	38
ไม่รู้ว่าทำไม	38
มานี่มะ	38
ห่า	38
ผมบอกคุณแล้วไง	38
ชั้นสัญญา	38
เขาหายไปแล้ว	38
ไม่ได้อะไรเลย	38
ไม่เห็นมีอะไรเลย	38
ฉันว่าไม่นะ	38
นายไปไหนมา	38
ครั้งที่สอง	38
ฉันผิดไปแล้ว	38
โรบินสัน	38
ดีรีซ	38
โคอุจิ	38
อย่ามาโกหก	38
ผมบอกไม่ได้	38
ผมนอนไม่หลับ	38
เดินไปเรื่อยๆ	38
ฉันไม่กลัว	38
พอก่อน	38
ฉันพร้อม	38
เธอมาที่นี่ทำไม	38
รู้ละ	38
ฟอลคอน	38
นาวิกโยธิน	38
คุณกำลังพูดถึงเรื่องอะไร	38
ในเวลาแบบนี้	38
ฉันจะไปเอง	38
นานากะ	38
พ่อเสียใจ	38
อย่างดี	38
เชื่อเลย	38
อยู่ในนั้น	38
ฮยอคจู	38
มันไม่ตลกเลยนะ	38
เสลีน	38
รอแป๊บนะ	38
ทุกอย่างโอเคนะ	38
พูดถึงเรื่องนั้น	38
ไม่ต้องคิดมาก	38
หนวกหูน่า	38
เธซีอุส	38
ไม่เช่นนั้น	38
ไม่ว่าอะไร	38
ขณะเดียวกัน	38
บายๆ	38
มากด้วย	38
ไม่ใช่ว่า	38
แล้ววันนึง	38
มันไม่ถูก	38
ฉันจะฆ่าเขา	38
ซอนย่า	38
ท่านนายก	38
นั่นล่ะปัญหา	38
เธอไม่เป็นไรใช่ไหม	38
อันไหน	38
มายามะ	38
เป็นเพราะฉัน	38
ช่างหัวมัน	38
ไอ้หมอนี่	38
แค่แป๊บเดียว	38
อัลลี่	38
ฮีซุง	38
แกกับฉัน	38
อาซูกะ	38
มีอะไรรึป่าว	38
สุดสวย	38
แปปนะ	38
เบิร์ท	38
อย่างที่คุณพูด	38
ไม่มีนะ	38
เวนเดล	38
เราต้องการคุณ	38
บาร์เทนเดอร์	38
เธอไม่เข้าใจหรอก	38
มอนตี้	38
ช่วยเธอ	38
ป๊อป	38
จุนเป	38
ฉันก็คิดว่า	38
เช่นเดียวกับ	38
นั่นดีแล้ว	38
ร่วมมือกัน	38
ฉันอยากให้นาย	38
เมเรียส	38
เมื่อไหร่ก็ได้	38
ไฟฟ้า	38
เบคก้า	38
เธอกำลังทำอะไรอยู่	38
ซามูเอล	38
ไม่ผิด	38
ฮัมฟรี	38
ถึงไหนแล้ว	38
จะไปแล้วเหรอ	38
เดี๋ยวฉันจัดการเอง	38
มันเป็นเพราะ	38
แก่	38
ไม่เปนไร	38
ทำได้ดีนี่	38
ชาวเดอร์	38
ฉันก็ว่าอย่างนั้น	38
เหรอค่ะ	38
ระวังปากหน่อย	38
อยู่คนเดียว	38
ปล่อยเธอซะ	38
เบอร์รี่	38
ดีมั๊ย	38
ที่รักจ๋า	38
เคียวโกะ	38
สักครู่นะครับ	38
คืนที่ดี	38
ขอบอก	38
อังเดร	38
ช่างปะไร	38
รอสักครู่นะครับ	38
เธอทำได้ดีมาก	38
ลูเซียน	38
นานแล้วนะ	38
พ่อมด	38
ฉันอยากอยู่คนเดียว	38
เธอต่างหาก	38
เป็นตัวของตัวเอง	38
โทดทีนะ	38
ระบบ	38
มองฉันนี่	38
ฉลอง	38
นั่นคุณเหรอ	38
สัปดาห์ที่แล้ว	38
อะไรที่	38
ยาน	38
ยิงได้	38
ความรุนแรง	38
ผมกำลัง	38
กำลังจะตาย	38
วู้ววว	38
ก็รู้	38
ฮวาน	38
แฮร์ริสัน	38
เคล	38
เท็ตสึโอะ	38
ที่โรงแรม	38
ฉันทำงานอยู่	38
ห่วย	38
เอ็มมิลี่	38
ผ่อนคลายหน่อย	38
ไม่เป็นไรจริงๆ	38
เบสบอล	38
เลยค่ะ	38
คุณควร	38
ในห้องนี้	38
แมททิว	38
รู้นะ	38
ดาวน์	38
นายว่า	38
คาสิโน	38
มิชิแกน	38
มิลล์	38
คุซากะ	38
สก็อตตี้	38
ถ้าเรา	38
บอสตัน	38
หิน	38
โกเมซ	38
เดือนนี้	38
ปีผ่านไป	38
เดียวกัน	38
ทุ่มครึ่ง	38
ตัวใหญ่	38
บ้าย	38
เปิดประตูนะ	37
เรากำลังจะไปไหน	37
เป็นยังไงบ้างล่ะ	37
ฟังแม่นะ	37
ดีออก	37
ผมผิดไปแล้ว	37
แก๊ส	37
ทริปป์	37
โตโต้	37
คุณบ้า	37
แมคคอล	37
ไกล	37
จะเอาอะไร	37
คุณเจออะไร	37
ไม่คิดว่า	37
ฉันเหนื่อยแล้ว	37
ดูลูกสิ	37
พราโด	37
นายก็ด้วย	37
คนๆนั้น	37
คุณพร้อมนะ	37
ปลีย์	37
แลนดอน	37
อย่าตกใจ	37
สิ่งที่คุณทำ	37
เกฮวา	37
พวกเขากำลัง	37
ฉันรู้สึกดี	37
เสียใจด้วยค่ะ	37
ผมอยู่นี่แล้ว	37
ฉันยังไม่พร้อม	37
ฉันรู้แล้วว่า	37
เหมือนกับคุณ	37
เค้าตายแล้ว	37
ดูด	37
บัสเตอร์	37
ว้ทนี	37
นักล่า	37
วันอังคาร	37
ไอ้ตูดหมึก	37
ไม่หละ	37
ทอมมี	37
มันเลวร้ายมาก	37
อย่าทำอย่างนี้เลย	37
เจ้าหน้าที่ดันแฮม	37
เธอหายตัวไป	37
สัญลักษณ์	37
มันอะไรกันเนี่ย	37
รออะไร	37
ฉันไม่ไปไหนทั้งนั้น	37
คุณเข้าใจใช่ไหม	37
จนถึง	37
แต่ก็นั่นแหละ	37
แม็ต	37
ขอโทษจริง	37
มอริส	37
นิด	37
เจ็บมั้ย	37
เธอหมายความว่าอะไร	37
ไบรอาเรียส	37
อยู่ตรงนั้นแหละ	37
อ๋อค่ะ	37
เพราะอย่างนี้	37
มันเป็นเรื่องส่วนตัว	37
ความเร็ว	37
ชั้นชื่อ	37
เชลซี	37
บาร์นส์	37
ผมไม่รู้หรอก	37
ใช้แล้ว	37
อืมมมมม	37
การเปลี่ยนแปลง	37
เมื่อคืนก่อน	37
เจ๊ค	37
นอนไม่หลับ	37
เสร็จแล้วครับ	37
ฉันไม่เป็นไรค่ะ	37
มีข่าวลือว่า	37
มันมาจากไหน	37
ทุกคนฟังทางนี้	37
ไว้ก่อน	37
เอ็ดมันด์	37
เสียใจจริงๆ	37
ซากาโมโตะ	37
แกกล้าดียังไง	37
ซาแมนธ่า	37
จุนโฮ	37
ทุกๆชั่วโมงทุกวัน	37
เขากำลังทำอะไร	37
ถ้าเธอ	37
น่าอายจริงๆ	37
ฉันเข้าใจล่ะ	37
แกเบรียล	37
ผมอยากให้คุณช่วย	37
ยังเลยครับ	37
เท่าไร	37
รู้ไหม๊	37
ไม่ต้องห่วงค่ะ	37
ฉันรู้ว่ามันเป็นยังไง	37
เดินทางปลอดภัยนะ	37
เอลิซาเบธ	37
แข็งแกร่ง	37
โดยใคร	37
หนึ่งใน	37
โฮ่ง	37
ได้แล้วค่ะ	37
ฉันควรทำยังไงดี	37
ไม่เท่าไหร่	37
ก็เอาสิ	37
เขาไปไหนแล้ว	37
บ้าไปแล้วเหรอ	37
เธออยู่ที่นั่น	37
นายไม่เป็นอะไรนะ	37
เวอร์จิล	37
แต่พวกเขา	37
นี่พวกเธอ	37
แฮน	37
ฮาร์ดิสัน	37
เอ็มส์	37
หนูด้วย	37
นั่นไม่ดีเลย	37
มันคืออะไรล่ะ	37
น่าสงสารจริงๆ	37
ในความมืด	37
ผมให้สัญญา	37
เกาะ	37
เงียบเหอะ	37
ฉันต้องไปล่ะ	37
ไคล	37
ทำไมเราไม่	37
ภาษาฝรั่งเศส	37
พวกเราทำได้	37
มิตรภาพ	37
มัวร่า	37
หรืออะไรทำนองนั้น	37
เหมือนเธอ	37
สงสัยว่า	37
ทอมสัน	37
ยังคง	37
เหมือนผม	37
ฝน	37
สถานีตำรวจ	37
จน	37
เป็นไงบ้างคะ	37
เยี่ยมจริง	37
มายะ	37
โกมินัม	37
คุณผิดแล้ว	37
เพื่อนร่วมงาน	37
ชั้นเหรอ	37
เข้าที่	37
ว่าไงพวก	37
โนะ	37
พอร์ตเตอร์	37
โมริ	37
ฉันเสียใจด้วยจริงๆ	37
ฉันเสียใจมาก	37
เราต้องคุยกันหน่อย	37
มีบางคน	37
ยูโกะ	37
ฉันได้ยินนะ	37
โปรแกรม	37
ฉันสับสน	37
เกนจิ	37
ซูโร	37
อะไรของนาย	37
กษัตริย์แห่งแดนเหนือ	37
พูดเลย	37
ไม่ต้องห่วงฉัน	37
ซะหน่อย	37
ไปกันเถอะครับ	37
ต้องขอบคุณ	37
นั่นเขาล่ะ	37
ไม่ดีแน่	37
ฉันขอโทษจริงๆนะ	37
ดูเหมือนจะเป็นอย่างนั้น	37
อาจเป็นได้	37
ไปถึงไหนแล้ว	37
สไตรค์	37
ฉันดีใจนะ	37
ฉันต่างหาก	37
ผมอยากจะบอกว่า	37
แม่ไม่รู้	37
เขารักฉัน	37
หนวกหู	37
ได้โปรดล่ะ	37
คนแคระ	37
เธอดู	37
เธอรู้ไหมว่า	37
มือถือดัง	37
ขอบพระทัย	37
นั่นไม่ใช่ฉัน	37
ผมหิว	37
สวัสดีฮะ	37
ด้วยความยินดีค่ะ	37
ได้โปรดหยุดเถอะ	37
เธอไม่ต้อง	37
พูดต่อสิ	37
เสียงดัง	37
มันอันตรายมาก	37
ดิวิชั่น	37
เคิร์ก	37
ไปซะเถอะ	37
ซะแล้ว	37
ไม่เอาอ่ะ	37
ซอค	37
โนอาร์	37
ฉันช่วยไม่ได้	37
จู่	37
คุณต้องการอะไรจากผม	37
ด้วยซ้ำ	37
แน็ท	37
เจด	37
เร็วๆเข้าสิ	37
ซิลเวอร์	37
ลีออง	37
มูส	37
นิวแมน	37
โอไฮโอ	37
ฟังอยู่	37
ถ้าผม	37
มันไม่ง่าย	37
แคเรน	37
ชิคาโก	37
อยู่เลย	37
ชัด	37
ชมรม	37
หน้าอก	37
สีขาว	37
ผมพยายาม	37
เหลือง	37
ฉันควร	37
สีฟ้า	37
ไหว	37
ก็ตาม	37
ทุเรศ	37
นะเหรอ	37
ทางออก	37
เราอยู่ที่	37
พยายามได้ดี	37
ว๊าวว	37
ซื้อ	37
เอเลียต	37
โมงตรง	37
ของโลก	37
พยายามต่อไป	37
เก่า	37
พอลล่า	37
ชีพจร	37
ซิก	37
เบส	37
ชิคาโก้	37
จะมี	37
สุด	37
ในรอบ	37
แนช	37
ซิมคอร์	37
ซาโรยัน	37
มาร์ช	37
เป็นของฉัน	36
มีอะไรกันเหรอ	36
คำเดียว	36
ขอบคุณมากนะครับ	36
ซานติอาโก้	36
มันไม่พอ	36
เราควรจะ	36
คุณบาวเออร์	36
ผมมาที่นี่	36
ยูรา	36
วิลล่า	36
ผมเลย	36
มาดื่มกัน	36
มันสุดยอด	36
คุณต้องไม่เชื่อแน่	36
จริงจัง	36
มิซุ	36
มินโฮ	36
สักครั้ง	36
แล้วคุณคิดว่า	36
จริงหรอครับ	36
เขากลับมา	36
หนึ่งในนั้น	36
เจ้านี่	36
เจสสิกา	36
สร้าง	36
เทสสา	36
ฉันจะฆ่ามัน	36
มิยูกิ	36
นักสืบคาร์เตอร์	36
ร่างกาย	36
นอกจากฉัน	36
ฉันชอบมาก	36
ดอยล์	36
น่าขนลุก	36
ส่งเสียงพึมพัม	36
กินเถอะ	36
แล้วจู่ๆ	36
สแพร์โรว์	36
เริ่มได้เลย	36
มันน่ารักมาก	36
ไปตลอดชีวิต	36
ไม่ค่อยดี	36
ฉันรักคุณนะ	36
โหดร้าย	36
อร่อยไหม	36
ไอ้ตูด	36
มีใคร	36
เธอเข้าใจมั้ย	36
หยวนเจี่ย	36
เห็นนั่นมั้ย	36
แต่ถึงอย่างนั้น	36
ชินกุน	36
เรื่องอะไรคะ	36
อย่างว่า	36
ในทุกๆ	36
อยู่มั้ย	36
คุณพูดจริงเหรอ	36
แก็ดเจ็ท	36
ดีจังนะ	36
อยู่ข้างใน	36
ฟรานซิสโก	36
คิดงั้นเหรอ	36
ฉันไม่ได้ล้อเล่นนะ	36
มาคุยกัน	36
ฉันบอกคุณ	36
ฉันจะโทรหา	36
ลองดูซิ	36
นี่มันแย่มาก	36
แล้วเจ้าล่ะ	36
ชั้นล่าง	36
คิอินะซัง	36
ออสัน	36
ฉันไม่อยากฟัง	36
ขอบคุณค่ะพ่อ	36
ท่านบอกว่า	36
คุณทำไม่ได้หรอก	36
ความคิด	36
เธอโกหกฉัน	36
สุภาพบุรุษทั้งหลาย	36
คาร์ไมน์	36
เอาจริงเหรอเนี่ย	36
คุณอัยการ	36
ฉันอยากจะบอกว่า	36
หุ่นยนต์	36
โซโลมอน	36
หรือว่าจะเป็น	36
ฉันคิดว่าบางที	36
ใช่เเล้ว	36
ทำอะไรอยู่เหรอ	36
มาโกโตะ	36
ไม่ใช่แน่	36
ทนายความ	36
แล้วทีนี้	36
ยุโรป	36
เขาไม่อยู่ที่นี่	36
บิ๊กมาม่า	36
จะว่าอะไรไหม	36
รอรี่	36
นะเนี่ย	36
เทซู	36
จริงๆหรอ	36
ฉันกำลังยุ่ง	36
ปากกา	36
นาธาเนียล	36
ไปก่อนนะคะ	36
เซลีน	36
มากที่สุด	36
ดาเรน	36
เอเจ	36
ตรงนี้เลย	36
ฮิโรกิ	36
มันคือใคร	36
ได้เวลานอนแล้ว	36
สองปีก่อน	36
ข้าเหรอ	36
ผมจะทำให้ดีที่สุด	36
บัลธาซาร์	36
แฮมิลตัน	36
ฉันมาจาก	36
เข้าแถว	36
ได้หรือไม่	36
ทำได้ยังไง	36
ควบคุม	36
ฟาเบรย์	36
เขาจะไปไหน	36
มันจะได้ผล	36
จ่ะ	36
ฉันต้องการเงิน	36
ไม่ใช่ความผิดคุณ	36
เดี๋ยวนะครับ	36
ฮึม	36
ตามหา	36
แล้วคุณคิดว่าไง	36
ก้น	36
ฉันเจอบางอย่าง	36
ใช่เลยล่ะ	36
เปล่าคะ	36
สนุกมาก	36
คุณต้องเชื่อฉัน	36
คุณโจนส์	36
มันน่าเบื่อ	36
ไคลด์	36
เราอยู่นี่	36
ฟ้า	36
หายไปไหน	36
สองวัน	36
ฮิโรชิคุง	36
จะดีเหรอ	36
หนูกลัว	36
ภรรยาคุณ	36
อร่อยดี	36
ยังไงคะ	36
แฮริส	36
แท้จริงแล้ว	36
โคจิโร่ซัง	36
สาบานได้เลย	36
นี่คือความจริง	36
ริกะ	36
หมาน้อย	36
รู้มัย	36
มันง่าย	36
เจ้าจะไปไหน	36
ไอ้หน้าตัวเมีย	36
แอฟริกา	36
เป็นยังไงบ้างคะ	36
เธอรู้หรือเปล่า	36
ดิวนัน	36
ชิบหายแล้ว	36
แต่ทำไม่ได้	36
โซจัง	36
โลกนี้	36
ด้วยความเคารพนะ	36
แต่ไม่ได้หมายความว่า	36
แล้วอะไรอีก	36
เธอจะต้อง	36
ออส	36
ออกมาเร็ว	36
นี่สิ	36
คร่ำครวญ	36
เราจะอยู่ด้วยกัน	36
ทำใจให้สบาย	36
มีอะไรบ้าง	36
ฉันไม่มีเวลา	36
ขั้นตอน	36
และพ่อ	36
มันไม่มีเหตุผล	36
รอนด้า	36
เดเมี่ยน	36
พวกมันอยู่ไหน	36
การสื่อสาร	36
คุณมาทำอะไรที่นี้	36
ต้องตาย	36
หล่ะ	36
เซ็กซ์	36
เกิดอะไรขึ้นล่ะ	36
โคลสัน	36
อีกเรื่องนึง	36
ฉันต้องกลับไป	36
แปล	36
เป็นเด็กดีนะ	36
บอห์ม	36
ฉันบอกว่าไม่	36
ฉันคิดว่าเธอ	36
แล้วคุณหละ	36
นอร์ทแมน	36
นักเขียนลี	36
ผมไม่รู้ครับ	36
หล่อ	36
มันอยู่ตรงนั้น	36
ถ้านาย	36
ให้ผมเดานะ	36
เร็วจัง	36
ดินเนอร์	36
เอกสาร	36
และสอง	36
ในโลก	36
ช่าง	36
ระยะ	36
กฎ	36
ฉันอยู่	36
ฉันเองค่ะ	36
ไทม์	36
สถานการณ์	36
โมริตะ	36
ออนซ์	36
นิตยสาร	36
เข้าไปแล้ว	36
แล้วเหรอ	36
ดุค	36
เต็ม	36
ด้า	36
มันตั้ง	36
บลูม	36
หาง	36
ฉั	36
ซูเรส	36
แวง	36
เชพเพิร์ด	36
ดัม	36
นร	36
ดูเราสิ	35
เยี่ยมครับ	35
ใครพูด	35
จำไว้ให้ดี	35
เทรุอากิ	35
จมูก	35
อะไรของคุณ	35
เขาอยู่นั่นไง	35
สนุกมากเลย	35
โว้วๆ	35
ทำไมเธอไม่บอกฉัน	35
คอร์ทนีย์	35
ซวยละ	35
โรงเรียนนักสืบ	35
วาเลนไทน์	35
ธรรมชาติ	35
ซูชิ	35
เซย่า	35
ตอนไหน	35
ผมจะฆ่าคุณ	35
มันแย่มากเลย	35
ฮันนา	35
แฟร้งค์	35
เธอบอกฉันว่า	35
มันเป็นไปไม่ได้หรอก	35
มันเริ่มแล้ว	35
มูฮุล	35
แกนดัล์ฟ	35
ท่านหมอมินาคาตะ	35
เธอว่าไงนะ	35
ใครก็ได้ช่วยฉันที	35
อาหารเย็น	35
สิ่งต่างๆ	35
ข้าจะ	35
ผู้เล่น	35
เราจะต้อง	35
คุณยัง	35
แต่รู้ไหม	35
ขึ้นไปเลย	35
แล้วไงอีก	35
ฉันรักคุณค่ะ	35
แม่บ้าน	35
ที่นั้น	35
กวนอู	35
หมุนตัว	35
แต่โชคร้าย	35
ผมเจอแล้ว	35
หันมา	35
เขาจะมา	35
กรุณาฝากข้อความไว้	35
คุณรู้สึกอย่างไร	35
ป้องกัน	35
เจ้าทำอะไร	35
ไปนอนซะ	35
รอยยิ้ม	35
ไปกันเถอะค่ะ	35
เราได้อะไรบ้าง	35
ฉันจะไปรู้ได้ไง	35
อย่าฆ่าฉัน	35
แฟนเหรอ	35
ในชีวิตของฉัน	35
รู้แล้วล่ะ	35
ฉันหนาว	35
เห็นนี่มั้ย	35
ให้ช่วยมั้ย	35
นั่งลงซะ	35
ไม่มีหลักฐาน	35
เป็นอะไรไปล่ะ	35
พวกเราพร้อมแล้ว	35
อ๊อด	35
เคียร่า	35
ให้ช่วยไหม	35
ไปดูกัน	35
ฟังอยู่รึเปล่า	35
คังอิน	35
ถูกทำลาย	35
เชด	35
ห้ามเข้า	35
ฉันยอมแพ้	35
มีแต่	35
อัลวาเรซ	35
มันไม่ใช่ฉัน	35
โฮเมอร์	35
นั่นหมายความว่าไง	35
เรื่องจริงเหรอ	35
แม่หมายถึง	35
เพื่อนเหรอ	35
คุณต้องทำ	35
ถ้าไม่มีเธอ	35
มีอะไรหรือครับ	35
ฉันบอกแกแล้ว	35
กริมม์	35
คนแก่	35
โดดเลย	35
ก็ประมาณนั้น	35
รู้ตัวไหม	35
ฉันกังวล	35
เอลลิสัน	35
ซูม	35
เขากลัว	35
ฉันล้อเล่นน่ะ	35
เเคลร์	35
มานี่นะ	35
แม่พูดถูก	35
ช่วยเหลือ	35
ร็อดนี่ย์	35
คุณดูเหมือน	35
ฉันคิดว่าคุณ	35
เธอรู้ใช่ไหม	35
เช่นนี้	35
ที่รักจ๊ะ	35
มันน่าทึ่งมาก	35
ไงก็เถอะ	35
แอนซี	35
คอมพ์ตัน	35
ฉันจะช่วย	35
แช	35
ไม่ได้เจอกันนาน	35
ทราบ	35
รูธ	35
แบตเตอรี่	35
คุณปาร์ค	35
ดูว่า	35
บันได	35
แอลเจ	35
เด็กชาย	35
ผมเลี้ยงเอง	35
ไม่ใช่แค่นั้น	35
เปิดประตูที	35
จินซู	35
ชื่อเสียง	35
เคร็ก	35
ฉันทำแล้ว	35
เม็กกี้	35
ไปด้วยกันมั้ย	35
จริงๆเล้ย	35
เจเรอมี่	35
เป็นเพราะว่า	35
เข้าไปกันเถอะ	35
นอร์รี่	35
ชอบไหม	35
คุณคิดอะไร	35
อย่างอื่น	35
อดทนไว้นะ	35
บ้านฉัน	35
ถ้ายังงั้น	35
ไม่มีแต่	35
วางอาวุธซะ	35
โว่	35
คุณไม่รู้หรอ	35
ขอตัวเดี๋ยวนะ	35
คุณฟุกุนากะ	35
อลาสก้า	35
อยู่นั่นเอง	35
กับเรื่องนี้	35
ข้อสาม	35
โชคไม่ดีเลย	35
ให้ฉันดู	35
ไม่ได้เด็ดขาด	35
นี่คือคำสั่ง	35
นายไง	35
พวกเขาเป็นคนดี	35
หมายความว่ายังไงคะ	35
เดนี่	35
ผมเหมือนกัน	35
ฉันยุ่งอยู่	35
นายกำลังทำอะไรอยู่	35
คูริว	35
แล้วใครล่ะ	35
คุณก็	35
เขาชื่ออะไรนะ	35
มุงวู	35
ใจดี	35
เจ้าก็รู้	35
ไหวมั้ย	35
รถพยาบาล	35
พูดคุย	35
คุณโอเครึเปล่า	35
ท่านสุภาพสตรี	35
เริ่มแรก	35
ฉันควรจะทำยังไงดี	35
ก้อ	35
คุณต้องทำได้	35
นี่ใครกัน	35
บาบ้า	35
แม่เธอ	35
ไม่สามารถติดต่อได้ในขณะนี้	35
ไม่ได้หรือไม่	35
เพิ่มเติม	35
นายนั่นแหละ	35
เจ้าลูกชาย	35
ฆ่าแมลงสาป	35
คุโรนุมะ	35
รอยัล	35
เป็นความผิดของฉันเอง	35
คุณจะต้อง	35
ฉันอยากบอกว่า	35
สำนักงาน	35
ก็ใช่สิ	35
วางปืนลงซะ	35
ฉันแต่งงานแล้ว	35
ข้าไม่มีทางเลือก	35
รับสายสิ	35
คิมยองจู	35
สโนว์ไวท์	35
เข้าไปเถอะ	35
เธอไม่เป็นอะไรนะ	35
คอนรอย	35
เข้าท่า	35
อย่ายิงนะ	35
ขอบคุณสวรรค์	35
คือแบบ	35
ฉันจะบอกเธอ	35
ไม่ใช่ซักหน่อย	35
อริโซน่า	35
คุณน่าจะ	35
เอามือออกไป	35
เบรนท์	35
ข้าไม่	35
เราต้องไปต่อ	35
สวัสดีตอนบ่าย	35
เข้าใจหรือยัง	35
มันดูเหมือนว่า	35
ตอนนี้ก็	35
สักครู่นะคะ	35
แปลกแฮะ	35
จง	35
ยูนิต	35
จะรีบไปไหน	35
เกเบิ้ล	35
วู้ดส์	35
เครื่องดื่ม	35
วอลล์	35
ไม่มีอาวุธ	35
ฉันคิดว่าฉัน	35
อ่าน	35
สเติร์น	35
เหนื่อย	35
ลูกชายคุณ	35
ขออนุญาต	35
แอปเปิ้ล	35
บาร์ทเล็ต	35
หรอครับ	35
ครูใหญ่	35
เพิ่ม	35
บริทท์	35
ยาก	35
คัส	35
แฮนสัน	35
แล้วมันก็	35
ตอนนี้ฉัน	35
เตียง	35
แขน	35
กัมป์	35
เมื่อวันที่	35
โดนัท	35
น้อยกว่า	35
มอสส์	35
พร้อมกัน	34
จะเอายังไง	34
นาเดีย	34
ชินโจ	34
ไม่ดีเหรอ	34
ใจเย็นๆสิ	34
ตกลงตามนั้น	34
แอริน	34
เฟนตัน	34
น่ารำคาญจริง	34
เป็นเพื่อน	34
วิเศษไปเลย	34
คุณดูดีมากเลย	34
แมลง	34
สาบานเลย	34
จะทำ	34
ฤดูร้อน	34
มาคุยกันหน่อย	34
ก็อย่างที่เห็น	34
เกือบลืมไป	34
อ๊าย	34
โรซาลี	34
ทำไมเหรอคะ	34
ออกไปเถอะ	34
ภรรยาของผม	34
จ๋า	34
นั่นเป็นความคิดที่ดี	34
การผ่าตัด	34
ไม่ใช่เวลานี้	34
ฮืมม์	34
นมัสเต	34
เป็ด	34
สำหรับวันนี้	34
ผมจะไปแล้ว	34
โชคดีนะคะ	34
ร้านอาหาร	34
ไอ้ขี้ขลาด	34
ควิลล์	34
เกือบเสร็จแล้ว	34
มิฉะนั้น	34
เป็นอิสระ	34
พูดต่อไป	34
นี้เป็น	34
ตอนนี้เธออยู่ที่ไหน	34
พ่อของลูก	34
เงียบน่ะ	34
ผมทำไม่ได้หรอก	34
ทางตัน	34
ผมรู้สึกเหมือน	34
อยู่ทางนี้	34
ไร้ค่า	34
อยู่ก่อน	34
ไม่ต้องกังวลไปหรอก	34
เสียใจด้วยครับ	34
และอะไร	34
มากิโนะ	34
จาฟา	34
ไซค์	34
แป๊บเดียว	34
ทั้งสอง	34
มันไม่มีประโยชน์	34
ฟาวเลอร์	34
โคบายาชิ	34
เยอะมาก	34
นั่นก็เพราะ	34
เอาไหม	34
มันต้องมี	34
เวกัส	34
เป็นบ้าอะไร	34
ไม่ได้ทำ	34
ฟังนะพวก	34
มันไม่จำเป็น	34
เคลย์ตัน	34
เป็นอะไรไปน่ะ	34
ไทเกอร์	34
ชั้นสบายดี	34
สบายใจได้	34
ให้ตายสิวะ	34
ผมอยากรู้	34
ทากาชิ	34
แม่สัญญา	34
บ่น	34
ฉันมีคำถาม	34
พโย	34
ไปไหนล่ะ	34
ฉันจะไม่บอกใคร	34
พวกเขารู้	34
นี่มันเรื่องอะไร	34
ถูกจับ	34
เกรเยอร์	34
โทรศัพท์มือถือ	34
ผู้พิทักษ์	34
หาให้เจอ	34
นี่มันไม่ถูกต้อง	34
โอค	34
ใช่ไหมค่ะ	34
โกรอน	34
ฉันมองไม่เห็นอะไรเลย	34
คุณไม่เคย	34
ผมขอโทษจริง	34
ผมเข้าใจล่ะ	34
มันยากที่จะเชื่อ	34
น่าทึ่ง	34
หนูรักพ่อค่ะ	34
ถ้าฉันรู้	34
ดูสิว่า	34
ของแก	34
เราก็แค่	34
คุณพูดอะไรของคุณ	34
กรุณารอสักครู่	34
ตื่นขึ้นมา	34
เจ้าหน้าที่บูธ	34
ทำความเคารพ	34
คุณไม่เห็นเหรอ	34
ไม่ได้ยิน	34
อันย่า	34
ทิบส์	34
เธอกลัว	34
ส่งมาให้ฉัน	34
ข้าบอกว่า	34
ยองฮวานก่อสร้าง	34
โคกะ	34
เกี่ยวกับฉัน	34
เรื่อยๆ	34
เจฟฟรี่ย์	34
กรี๊ด	34
ออกมาจากที่นั่น	34
ผู้นำ	34
แปลกดีนะ	34
คุณต้องเข้าใจ	34
ฉันควรทำยังไง	34
เจอตัวแล้ว	34
ชิท	34
นี่ของเธอ	34
มาเซล	34
ของหวาน	34
พูดอีกทีสิ	34
คุณเข้าใจ	34
จินยอง	34
ใช่ฉันทำ	34
ตกใจ	34
หนูเอง	34
ฉันไม่อยากทำ	34
อย่างงั้นแหละ	34
ทำงานได้ดีมาก	34
ซางก้า	34
คุณคิด	34
เพราะฉันคิดว่า	34
กลัวเหรอ	34
เธอนี่มัน	34
ประทับใจ	34
เป็นความจริงหรือ	34
สโกฟิลด์	34
ตอนนี้ฉันรู้แล้ว	34
จูบฉัน	34
ชื่อของผมคือ	34
อย่าทำแบบนี้สิ	34
คุณจะบ้าเหรอ	34
ไม่มีความเห็น	34
เสียงกริ่ง	34
จำฉันได้มั้ย	34
ไม่ใช่ข้า	34
อึนโฮ	34
ฮ่าฮ่าฮ่า	34
แซนดร้า	34
ใครอ่ะ	34
หันหลังไป	34
ภูเขา	34
แม่น้ำ	34
นั่นหมายความว่ายังไง	34
อะไรขึ้น	34
ไม่สนใจ	34
มันเป็นแค่	34
ฮางุจัง	34
งั้นอะไร	34
เพื่อนสนิท	34
แล้วค่อยคุยกัน	34
ฉันขอโทษจริงๆค่ะ	34
ดีเลยค่ะ	34
คอน	34
ไม่เป็นอะไรนะ	34
ทำร้ายร่างกาย	34
เขาเรียกว่า	34
ฉันอยู่ไม่ได้	34
ว่าไงน่ะ	34
เหมือนคนอื่นๆ	34
เขาป่วย	34
ปฏิบัติการ	34
นายได้ยินไหม	34
เรามาที่นี่	34
ไม่มีอะไรพิเศษ	34
ไม่ต้องค่ะ	34
ฉันพูดถูกไหม	34
เยี่ยมเลยค่ะ	34
ความช่วยเหลือ	34
คุณต่างหาก	34
ซิลล่า	34
คีร่า	34
ไม่เอาล่ะ	34
ลูกชายของคุณ	34
ไม่ได้จริงๆ	34
เขาถูกยิง	34
สำหรับพวกเรา	34
หยุดอะไร	34
บริทนี่ย์	34
ฉันเลิกแล้ว	34
โชอิน	34
ฟรายเดย์	34
เธอป่วย	34
ที่สำคัญกว่านั้น	34
ฮากุ	34
ซ้ำแล้วซ้ำอีก	34
ฮิโตมิ	34
ชิเงะ	34
มันเป็นแบบนั้น	34
เตือน	34
เจคอป	34
เท่าที่เรารู้	34
ฉันจะไม่ไป	34
ที่ปรึกษา	34
คุณคลาร์ก	34
นี้ไง	34
อยู่ไหนล่ะ	34
แคนซัส	34
หวัดดีจ้า	34
ฉันรู้สึกแย่	34
ไม่มีอะไรเปลี่ยนแปลง	34
ปกป้อง	34
มันไม่มีอะไรเลย	34
สนุกมั้ย	34
ไม่เพียง	34
นานะ	34
ใจเย็นๆน่า	34
ฉันไม่ว่าง	34
ไม่ว่ากันนะ	34
ฉันบอกได้เลย	34
โกมีนัม	34
นั่นคือเหตุผลว่าทำไม	34
เธออาจจะ	34
ดูพวกเราสิ	34
เลยครับ	34
ผมอยู่ที่นั่น	34
มันไร้สาระ	34
ที่ฉัน	34
พ่อว่า	34
เราจะได้	34
ยุนเกฮวา	34
รายละเอียด	34
อธิบาย	34
เรื่องที่	34
เมื่อเดือนที่แล้ว	34
แค่เรา	34
ฉันจะทำยังไง	34
เก	34
บัง	34
ลงมือได้	34
อ่านหนังสือ	34
ใช้ไม่ได้	34
ผมขอโทษนะครับ	34
ทูน่า	34
ต้องไป	34
ความดันเลือด	34
กุ๊ก	34
เขามา	34
คิดดูนะ	34
เราไป	34
ปีได้	34
ไม่เห็นเป็นไรเลย	34
ครบ	34
ฆ	34
วันละ	34
กูล	34
เหลือแค่	34
กุก	34
เยล	34
ไรท์	34
นิโคไล	34
ป่า	34
บาร์ตัน	34
ชู่วส์	34
กวัง	34
ไฟว์	34
ฉันจะโทร	34
กำลังทำอยู่	33
สามเดือน	33
ฉันเสียใจจริง	33
นั่นดีมาก	33
ที่ดีที่สุด	33
คลาวส์	33
มันสวยงามมาก	33
โอไม่	33
มันใหญ่มาก	33
ฉันฆ่าเขา	33
ผมไปก่อนนะ	33
เจออะไรมั้ย	33
ยูริโกะ	33
พาสปอร์ต	33
ธาร่า	33
หวาดกลัว	33
รู้สึกดีจริงๆ	33
คุณเข้าใจใช่มั้ย	33
ไม่ใช่เรื่องของคุณ	33
ขอผ่าน	33
แต่รู้อะไรมั้ย	33
เกวิน	33
งดงาม	33
โค่ย	33
ทำไมเหรอครับ	33
ให้ตายสิว่ะ	33
มันเป็นเรื่องปกติ	33
เมื่อเร็ว	33
ใครจะไปสน	33
นั่นคือสิ่งที่เกิดขึ้น	33
ฉันไม่ไหวแล้ว	33
หนีไปซะ	33
ฮิตเลอร์	33
ฉลาดนี่	33
มันเหมือนว่า	33
บึ้	33
สิ่งที่คุณพูด	33
เธอต้องทำได้	33
ไปได้เลย	33
เก่งนี่	33
ไม่ได้ว่านะ	33
ไม่อยากจะเชื่อเลยว่า	33
ฉันรู้สึกแย่มาก	33
โคเคน	33
คราวลีย์	33
เทดดี้	33
เป็นอะไรไปเหรอ	33
ถ้าเธอไม่ว่าอะไร	33
กเวน	33
ไม่มีอะไรผิดปกติ	33
เธอมีพรสวรรค์	33
พาเธอไป	33
มันต้อง	33
มันไม่มีอะไรหรอก	33
ไดโนเสาร์	33
แดนเนียล	33
โทรหาฉันด้วย	33
รักเธอนะ	33
ผมกลับมาแล้วครับ	33
เธอรักฉัน	33
ฉันเห็นนะ	33
เริ่มด้วย	33
เป็นฉัน	33
กำลังทำอะไร	33
ยิปซี	33
กลับมาที่นี่	33
ผมไง	33
ล็อค	33
อึ้ม	33
ไม่มีครอบครัว	33
อยู่ที่นี่นะ	33
อากิยาม่า	33
ฉันทำมัน	33
โทษทีเพื่อน	33
อีกหน่อย	33
ก็นี่ไง	33
เอาแล้ว	33
ฟอเรสท์	33
ถ้าเกิดอะไรขึ้น	33
เรื่องนั้นน่ะ	33
ขอโทษนะจ๊ะ	33
ฆ่าเขาซะ	33
ดูมัน	33
คุณพูดอะไรนะ	33
วู้พ	33
มันอยู่	33
กังวล	33
ขึ้นไปข้างบน	33
ดีมากครับ	33
เร่งมือหน่อย	33
ห้าม	33
ฉันลาออก	33
โอเคจ้ะ	33
แตอิล	33
พ่อคุณ	33
แรงอีก	33
ความซื่อสัตย์	33
ฉันจะไม่ยอมแพ้	33
โจร	33
ร็อคกี้	33
ฟังดู	33
ฉันจำอะไรไม่ได้เลย	33
ปล่อยฉันสิ	33
ชั้นไม่เข้าใจ	33
ต้องอย่างนั้น	33
เรื่องของเรื่องก็คือ	33
ชูมือขึ้น	33
ฮวน	33
มาถึง	33
ชิโอริ	33
ฉันรับไม่ได้	33
งง	33
สนุกดีนะ	33
คุณทำงานให้ใคร	33
เดลฟิโน่	33
อะไรกันล่ะ	33
ปรับ	33
เบลเฟลอร์	33
รักแท้	33
รับนี่ไป	33
อิอิ	33
ไม่ต้องแล้ว	33
นายเห็นอะไร	33
ฟิลลี่	33
เสียงกระดิ่ง	33
มิซากิซัง	33
แป๊ปนึงนะ	33
มานี่ๆ	33
ทำงานหนัก	33
ขำอะไร	33
ปลอดภัยไว้ก่อน	33
เฮด	33
โรม	33
ซง	33
คุณมังก์	33
โซดะ	33
เธอสบายดีไหม	33
ทำอะไรของเธอ	33
มากับฉันสิ	33
ฉันเสียใจค่ะ	33
เจเรมี	33
ฉันคิดว่าไม่	33
ฉันรู้แล้วน่า	33
มาที่นี่ทำไม	33
ต้องได้สิ	33
เเม็กซิม	33
ให้ฉันช่วยนะ	33
บัตเลอร์	33
หมายความว่าไงครับ	33
ไปนอนได้แล้ว	33
โสด	33
ฮัสซัน	33
บรามส์	33
ไม่ได้เรื่องเลย	33
มอแกน	33
ลูกจะไปไหน	33
ยานอวกาศ	33
ซังมี	33
ผมคิดว่างั้น	33
ทางนี้เลย	33
เอ๊ด	33
ตอนนี้เนี่ยนะ	33
เธอชนะ	33
เขาเป็นคน	33
แทงเกิ้ล	33
ขอโทษๆ	33
เธอเหรอ	33
เลิกเล่นได้แล้ว	33
จำนวนมาก	33
ขอเวลานอก	33
ไม่น่าเลย	33
นายรู้ใช่มั้ย	33
เขาน่ารัก	33
ฉันเชื่อใจคุณ	33
จับมือฉัน	33
ฉันต้องการให้นายช่วย	33
ด๊อบบี้	33
ชื่อของเธอคือ	33
ฉันจะจำไว้	33
พวกเขามากันแล้ว	33
โนดาเมะ	33
คุณต้องเชื่อผม	33
ล่าสุด	33
เราจะทำอย่างไรดี	33
ท่านพลเรือ	33
หมวก	33
ไม่ล่ะค่ะ	33
เอามันมาให้ฉัน	33
ระวังตัวด้วยล่ะ	33
คุณไปไม่ได้	33
เธอพูดถูกแล้ว	33
คาสุมิ	33
มันทำให้	33
ขอบคุณที่ช่วยนะ	33
ฉันไม่ได้ทำนะ	33
นายเห็นมั้ย	33
อย่างปลอดภัย	33
คาสุโอะ	33
คืนนี้เหรอ	33
บนนี้	33
ฉันขับเอง	33
ซานซ่า	33
เมเจอร์	33
ที่ชื่อว่า	33
ฮานาซาวะ	33
ฉันยังไม่รู้	33
จะบ้าหรอ	33
ไปโรงเรียน	33
มันไม่สมเหตุสมผลเลย	33
ฉันดีใจมาก	33
ผู้หญิงเหรอ	33
คาอึล	33
ไม่ล่ะครับ	33
ส่วนนาย	33
น่ะหรอ	33
สันติ	33
เรียวสึเกะคุง	33
สิ่งที่คุณ	33
เปิดมันสิ	33
นั่นไงเขา	33
ฉันคิดอย่างนั้น	33
ฉันจะอยู่	33
อยู่นี่แหละ	33
เราชนะแล้ว	33
อย่าทิ้งฉัน	33
โกหกทั้งเพ	33
แล้วเจอกันพรุ่งนี้	33
แต่ทำไมล่ะ	33
เบคอน	33
สบายดีค่ะ	33
ริก	33
ใครจะไปรู้ล่ะ	33
ทางสะดวก	33
ผมช่วยคุณได้	33
ซูกกี้	33
อาร์ย่า	33
อย่าโทษตัวเองเลย	33
ทำได้ไหม	33
หลับตาซะ	33
จงเจริญ	33
ถ้าไม่รังเกียจ	33
คุณทำมัน	33
พักผ่อนเถอะ	33
ฉันอาจจะ	33
ก็ดีสิ	33
ผมจะไปเดี๋ยวนี้	33
ข่าวอะไร	33
เป็นอะไรรึเปล่าครับ	33
ขอโทษที่ให้รอ	33
เธอเห็น	33
เทอเรนซ์	33
เสร็จแล้วเหรอ	33
อย่าเชียวนะ	33
ก็แล้วแต่	33
มีอะไรหรือคะ	33
ลิตเติ้ล	33
บี๊บ	33
คูป	33
เดรค	33
ทุกคนอย่าขยับ	33
พวกเขาเป็น	33
ตั้งสติหน่อย	33
ชิล	33
คุณจำไม่ได้เหรอ	33
อะไรนะค่ะ	33
อย่ามายุ่งกับผม	33
ดูนี้สิ	33
อย่างที่คิดไว้เลย	33
รู้จักสิ	33
ขอร้องล่ะครับ	33
ยื่นมือมา	33
เรียกศูนย์	33
อีกแล้วนะ	33
ไม่ถึง	33
อันไซ	33
น่าขำ	33
ไอริช	33
ไม่เป็นไรนะครับ	33
นารา	33
เท่าไหร่นะ	33
จะไป	33
แคลวิน	33
คุณเข้าใจนะ	33
สาเหตุการตาย	33
นี่หรอ	33
เก่ง	33
ผมขอโทษที	33
สำหรับบางคน	33
เราจะรอ	33
ญาติ	33
แต่มี	33
เขาไป	33
ฮิวโก้	33
พ่อพูดถูก	33
มันใช้ไม่ได้	33
คุณรู้รึเปล่า	33
ไอ้โง่เอ้ย	33
ขอผม	33
โชค	33
ได้ยังไงกัน	33
มาคนเดียว	33
พวกเรามี	33
คนสุดท้าย	33
รู้สึกเหมือน	33
ขอฉัน	33
ผมใช้เวลา	33
คานะ	33
ซินแคลร์	33
หลุม	33
มาครับ	33
โทษ	33
แรง	33
ล้านปี	33
มากว่า	33
ตั๋ว	33
ตอนผมอายุ	33
ถุง	33
ซุส	33
ผมให้	33
คนเท่านั้น	33
นาทีแล้วนะ	33
แ	33
ขอร้องนะ	32
แกชื่ออะไร	32
ซูอึน	32
เมกุมิ	32
อัศวิน	32
ได้ไหมคะ	32
ปัญหาอะไร	32
ทำไมคุณถึงทำแบบนี้	32
มันแบบว่า	32
ผมไม่รู้จักคุณ	32
ชอร์	32
ฉันรู้แล้วล่ะ	32
ไม่ต้องพูดอะไรทั้งนั้น	32
พวกเขาทั้งหมด	32
เรื่องของเรื่องคือ	32
นับสามนะ	32
อย่าทำอะไร	32
คงไม่ได้	32
ผมไม่เป็นอะไร	32
นายชนะ	32
สำหรับเรื่องนี้	32
ฉันหรือ	32
เลียม	32
คุณยังไม่ตาย	32
ฉุบ	32
ผมรู้จัก	32
โกลบอล	32
ข้าสาบาน	32
วอเตอร์	32
ผมไม่รู้ว่าคุณพูดเรื่องอะไร	32
ไม่เจออะไรเลย	32
ฮานา	32
เมื่อปีก่อน	32
เวลาอะไร	32
จำได้แล้ว	32
คุณแน่ใจหรือ	32
คุณลูกค้า	32
มองหน้าผม	32
คนของคุณ	32
กัญชา	32
ไปแล้วนะ	32
เธออยู่ตรงนั้น	32
ไม่มีนี่	32
ประทับใจมาก	32
ยูยะ	32
รถยนต์	32
จริงๆน่ะ	32
สเวน	32
มันจะดีเหรอ	32
ผิดพลาด	32
คังเจิ้งฉิง	32
ศิลปิน	32
เราได้ตัวเขาแล้ว	32
ขอบคุณมากเลย	32
รางวัล	32
คุณอาจจะ	32
แต่ฉันรู้ว่า	32
มั่นใจ	32
ขอพระเจ้าคุ้มครอง	32
ถ้าฉันเป็นเธอ	32
รัสตี้	32
มีคนกำลังมา	32
กูเอจอง	32
บุหรี่	32
ฉันต้องทำยังไง	32
โทรลล์	32
ข้าก็ไม่รู้	32
จู๊ด	32
ไงลูก	32
ไม่มีชื่อ	32
นั่นใครคะ	32
ฮ่องกง	32
แค่บอกว่า	32
อาจ	32
ไม่เหมือน	32
เดี๋ยวผมตามไป	32
วิกเตอร์	32
มันจะโอเค	32
เจ้ารู้ไหม	32
เร็วที่สุด	32
มันแบบ	32
ถ้าคุณทำได้	32
น่าจะเป็นอย่างนั้น	32
เดี๋ยวฉันโทรกลับนะ	32
ผมกำลังจะตาย	32
ไม่ได้แล้ว	32
กรรม	32
นายกำลังพูดเรื่องอะไร	32
พูลิส	32
ไปตรงนั้น	32
คุณวิค	32
พูดมาเลย	32
ไม่ต้องตกใจ	32
ขับรถ	32
นิ่ง	32
ตอบคำถาม	32
ไปข้างนอก	32
ข้ารักเจ้า	32
ชอบมาก	32
ดงวุค	32
โว้วๆๆ	32
นอร์เบิร์ก	32
เจ้าเด็กนี่	32
แบรดชอว์	32
สึคุโมะซัง	32
เจ้าจะทำอะไร	32
เปล่าฮะ	32
ไม่จริงซะหน่อย	32
อีกนิดนึง	32
หมดแก้ว	32
มาในมาใน	32
อาชญากร	32
นายเป็นอะไรรึเปล่า	32
ฉื	32
เชียร์ลีดเดอร์	32
กางเกงใน	32
วอคเกอร์	32
เธอไปได้แล้ว	32
แต่ในกรณีนี้	32
ครีก	32
สกินเนอร์	32
คุณรู้จักเขาเหรอ	32
อะไรซักอย่าง	32
คณะกรรมการ	32
แม่ก็รู้	32
ครูซ	32
ข้อตกลง	32
แทร่า	32
มันชื่อ	32
ยูกิซัง	32
รอลลิงส์	32
ไม่ซะหน่อย	32
ชั๊ก	32
ดูเธอซิ	32
บาส	32
จากเรื่อง	32
ไม่ใช่อย่างนั้นนะ	32
จับมือฉันไว้	32
นักรบมังกร	32
เพื่ออะไรกัน	32
นายจะไม่เป็นไร	32
ฉันต้องการนาย	32
ชอห์น	32
แล้วเธอละ	32
ปลอดภัยดี	32
นาวิก	32
ประสบการณ์	32
เซอร์ไพรซ์	32
เป็นไรหรือเปล่า	32
นาตาชา	32
คุณมิชิมะ	32
บัตรเครดิต	32
มาเหอะน่า	32
ไม่ใช่ของผม	32
คุณจะได้	32
นี่มันบ้าอะไร	32
เจ้านายคะ	32
ตั้งแต่ตอนนั้น	32
เธอว่าไง	32
สวัสดีตอนเย็น	32
ผมเคย	32
ขึ้นมาเร็ว	32
คุณหมอครับ	32
เห็นยัง	32
ผมพูดจริงๆ	32
เธอกำลังมา	32
รูปถ่าย	32
พร้อมๆกัน	32
และคิดว่า	32
เพลงนี้	32
มันจะต้องไม่เป็นไร	32
ผมกำลังจะไป	32
เคนท์	32
ริกซ์บี้	32
แล้วเขาล่ะ	32
เกิดอะไรขึ้นเหรอครับ	32
น่ารักมากเลย	32
เป็นยังไงมั่ง	32
หัวฉัน	32
คิคุริน	32
วิลเลี่ยมส์	32
หือม์	32
เคร้ก	32
หนูไม่เข้าใจ	32
ฉันจะรู้ได้ไง	32
ก่อนที่มันจะสายเกินไป	32
ปกติดี	32
โปรดเถอะ	32
ถ้าเขา	32
ฉันเอา	32
มีปัญหาอะไรหรือเปล่า	32
กลิ่น	32
แครอไลน์	32
ฉันก็หวังอย่างนั้น	32
ระยำเอ๊ย	32
ตายโหง	32
นี่หมายความว่า	32
เขาจะทำอะไร	32
เชิญทางนี้ค่ะ	32
หมอครับ	32
ไปจากที่นี่กัน	32
ผมไม่ทราบครับ	32
เลิศ	32
ทำมันซะ	32
คาเลบ	32
ท่านนายกฯ	32
เธอกำลังจะตาย	32
คุณเป็นใครน่ะ	32
ไม่ทันแล้ว	32
ทุกเรื่อง	32
ผมชนะ	32
ความจริงที่ว่า	32
ตลกสิ้นดี	32
ถ้าคุณไม่ทำ	32
ผมเลยคิดว่า	32
อารี	32
พิพ	32
รัมเพิลสติลสกิน	32
เขาพูดความจริง	32
ดเวนย์	32
ถ้าเขาตาย	32
นังตัวแสบ	32
พาเขาไป	32
มันช่วยไม่ได้	32
ลูกสาวคุณ	32
นิดหน่อยน่ะ	32
ขอโทษที่มาช้า	32
ถามหน่อย	32
แต่ความจริงก็คือ	32
ทุกอย่างจะโอเค	32
ยิงปืน	32
ให้เขาเข้ามา	32
เหยด	32
แหลี	32
สบายดีมั้ยครับ	32
อะไรก็เกิดขึ้นได้	32
ขอโทษทีค่ะ	32
ขออภัยด้วย	32
ตาต่อตา	32
ส่วนคุณ	32
ใครส่งแกมา	32
เธอจะปลอดภัย	32
เขาล่ะ	32
จะกลับมา	32
คู่รัก	32
กล้องวงจรปิด	32
เธอและฉัน	32
ฉันไม่ได้ล้อเล่น	32
รู้ครับ	32
เวนเจนส์	32
ผมสายแล้ว	32
เข้าใจป่ะ	32
ไอโนะสุเกะ	32
จินโนะ	32
เกรย์จอย	32
มีดโกน	32
กอสซิบเกิร์ล	32
ได้ทุกอย่าง	32
สู้ต่อไป	32
ฉันเบื่อ	32
มันเป็นเรื่องโกหก	32
อบอุ่น	32
ล้าง	32
อ๊าาาา	32
คุณกำลังโกหก	32
สิ่งแรก	32
ทำไงดีล่ะ	32
ไอ้หน้าโง่	32
ด้วยรัก	32
มินจู	32
ตลอดเลย	32
พอแล้วล่ะ	32
ปิดประตูด้วย	32
ลูกหมา	32
ยัยตัวแสบ	32
ไม่ใช่ฉันนะ	32
ยกโทษให้ฉัน	32
และที่สำคัญที่สุด	32
มาดู	32
ฉันเจอ	32
มันฝรั่ง	32
และไม่	32
ตอบ	32
ได้ไหมครับ	32
ไรซ์	32
เบรค	32
สเตน	32
ต้องทำ	32
นี่ผม	32
เยอะเลย	32
อีเกิ้ล	32
สามวัน	32
ฉันอยู่ที่	32
กี่คน	32
ผมลืมไป	32
เขียนว่า	32
ใช่ละ	32
ทุกปี	32
แล้วผม	32
หน่อยนะ	32
ฮิเดโอะ	32
ผมต้องรับสายนี้	32
เมา	32
เหยื่อรายแรก	32
พลาด	32
เราเจอ	32
พรุ่งนี้นะ	32
พยาน	32
ฉันมีเวลา	32
เอเลนอร์	32
ขอตัว	32
คุณรู้ดี	32
เท้า	32
ความสูง	32
เพศชาย	32
เคี้ยว	32
โวลเกอร์	32
ฤดูใบไม้ผลิ	32
เบอร์เกอร์	32
แบม	32
มีนา	32
แก้ไข	32
เด็กอายุ	32
โอซากิ	32
ไม้	32
พันล้านวอน	32
ฮอฟแมน	32
ขั้น	32
โคลน	32
เที่ยวบินที่	32
ท่านส	32
ยง	32
ริม	32
ภ	32
เราทำงานอย่างลับๆ	31
มอร์ริส	31
รอตรงนี้	31
เสียงกระซิบ	31
หลินไหลซุ่ย	31
นั่นเสียงอะไรน่ะ	31
เจ้าเด็กน้อย	31
ในช่วงเวลานั้น	31
เก็บมันไว้	31
แสง	31
ในที่เกิดเหตุ	31
หลาย	31
คุณกำลังถูกเฝ้าดู	31
มันมาจาก	31
เขาฉลาด	31
ประตูเปิดอยู่	31
เฮค	31
ชาดงจู	31
อย่าตาย	31
ถ้ามีโอกาส	31
ผมเข้าใจละ	31
บังเอิญจัง	31
ด้วยกันทั้งหมด	31
ดีขึ้นมาก	31
ฉันได้ยินเสียง	31
อ้าวเหรอ	31
กลับไปที่	31
เขาเป็นตำรวจ	31
ที่นี่เราไป	31
เอามันไป	31
ทำไมจู่ๆ	31
ฉันจะกลับแล้ว	31
แต่ฉันไม่รู้	31
มีครอบครัว	31
ฮามิ	31
วาร์โลว์	31
ได้โปรดเถอะนะ	31
เขาเป็นของฉัน	31
ทำไมเธอถึง	31
และที่นี่	31
หมอบลงไป	31
มันสมบูรณ์แบบ	31
ไม่มีลูก	31
เร็วเลย	31
คุณจะไม่เป็นอะไร	31
เบคเค็ท	31
มันเร็วเกินไป	31
อย่าโกหก	31
ช่วยหน่อยนะ	31
มันเป็นของขวัญ	31
นายบ้าไปแล้ว	31
โครงการ	31
ผมมีงานต้องทำ	31
ไฮ่	31
ไอหนู	31
ปล่อยมัน	31
ฉันไม่เห็น	31
ไม่แฟร์เลย	31
เราจะไปที่นั่น	31
งั้นอะไรล่ะ	31
ฉันไม่ได้โง่นะ	31
เบบี๋	31
ผมจะอยู่ที่นี่	31
พูดเรื่องอะไรน่ะ	31
และคนอื่นๆ	31
สำหรับผมแล้ว	31
ขอโทษจ๊ะ	31
ไม่มีปัญหาหรอก	31
ฉันเป็นหมอ	31
จาเร็ด	31
คุณโกหกผม	31
ความสัมพันธ์ของเรา	31
นี่ไม่ใช่ครั้งแรก	31
รอสส์	31
ทำไมต้อง	31
สวัสดีครับท่าน	31
หนิ	31
แว่นตา	31
เธอยังเด็ก	31
มากับเรา	31
นายกำลังจะทำอะไร	31
เกมจบแล้ว	31
อย่ากังวลไป	31
ออกมานี่	31
โลน	31
จูเลียน	31
ช้าไปแล้ว	31
ชเว	31
อิวาเสะ	31
ฉันซีเรียสนะ	31
แล้วคุณรู้ได้ยังไง	31
ใกล้ถึงแล้ว	31
คุณกำลังพูดถึง	31
ใช่ครับท่าน	31
มาร์แชลล์	31
แล้วนายจะทำยังไง	31
ถอยไปก่อน	31
เคโนบี	31
ริโกะจัง	31
แปลกดี	31
ใช่น่ะสิ	31
นายเห็นไหม	31
สิ้นหวัง	31
คนอเมริกัน	31
เก็บของ	31
ร็อก	31
เสร็จสิ้น	31
ผมไม่รู้จัก	31
เท่าที่จำได้	31
ยังไม่เสร็จ	31
มันไม่สำคัญแล้ว	31
อ่อนโยน	31
ไม่มีปัญหาค่ะ	31
อาร์มสตรอง	31
เสียดาย	31
ขอบคุณมากๆค่ะ	31
ภูมิใจเสนอ	31
แน่ใจนะว่า	31
ได้อะไรมาบ้าง	31
ไม่ต้องเป็นห่วงนะ	31
เธอเป็นผู้หญิง	31
ถ้าฉันตาย	31
สเตลล่า	31
ยกเว้นฉัน	31
ไม่ต้องหรอกค่ะ	31
คุณธอร์น	31
ฉันคิดว่าอย่างนั้น	31
รันมารุ	31
มานากะ	31
การแก้แค้น	31
เซียงจิน	31
อย่างแท้จริง	31
ผมไม่สนใจหรอก	31
เพียงแต่ว่า	31
ไทสัน	31
อิลจิแม	31
ฉันเกลียดนาย	31
ท่านผู้ว่า	31
บาราธอร์น	31
รีสอร์ท	31
นั่นคือทั้งหมด	31
และทุกอย่าง	31
พิ้งแมน	31
อย่าบอกใครนะ	31
เขายังอยู่	31
ฉันคง	31
เจสซี	31
รีบๆหน่อย	31
รู้ไว้ด้วย	31
แม้กระทั่ง	31
อย่าวิ่ง	31
นี่น่ะ	31
ไซด์	31
อย่างที่ผมพูด	31
หอมจัง	31
หรือคุณ	31
พวกแกเป็นใคร	31
แปปนึงนะ	31
โนจิมะ	31
จองฮีซู	31
ถ้าใช่	31
เคยมี	31
ฉันบอกให้หยุด	31
ดีใจ	31
เเซม	31
ในทางตรงกันข้าม	31
พระเจ้าของฉัน	31
มันเจ๋งมากเลย	31
รีเชอ	31
เขามาที่นี่	31
จับเธอไว้	31
ทำไมฉัน	31
ได้ทุกเมื่อ	31
มีไร	31
แฟรงค์กี้	31
งานแต่งงาน	31
อย่างนั้นหรือครับ	31
กระรอก	31
โอไฮโอ้	31
เซตะ	31
คุณได้รับข้อความ	31
เดคแลน	31
วางอาวุธ	31
มันไม่โอเค	31
ทนายคิม	31
คนพวกนี้เป็นใคร	31
ร้อนจัง	31
ตอนนี้หรอ	31
เราปลอดภัย	31
ก็มีบ้าง	31
รอแป๊ปนึง	31
ได้ยินหรือเปล่า	31
คุณตาย	31
นั่นมันเป็นไปไม่ได้	31
นายไปได้แล้ว	31
นั่นใครนะ	31
เราจำเป็นต้อง	31
ไบ	31
หลับตาสิ	31
คิดออกแล้ว	31
ฉันชอบจัง	31
ก็ทำนองนั้น	31
สแควร์	31
ฉันต้องคุยกับเธอ	31
และลูก	31
ปะป๋า	31
คุณกำลังทำอะไรที่นี่	31
คุณมีสิทธิ์ที่จะไม่พูด	31
เอาปืนลง	31
แต่รู้อะไรไหม	31
รักษา	31
เธอจากไปแล้ว	31
โคลแมน	31
เฮ้ๆๆๆ	31
คุณบ้าหรือเปล่า	31
ไอ้สารเลวเอ๊ย	31
โบอ้วน	31
เร็วซี่	31
เซจ	31
ข่าวลือ	31
วูลฟ์	31
ระวังคำพูดหน่อย	31
มันคงจะดี	31
โอเครึเปล่า	31
มันไม่ง่ายอย่างนั้น	31
ชาร์ป	31
ออร์	31
ผมคิดว่าคุณ	31
ยินดีเสมอ	31
ไปเอามา	31
มันทำงาน	31
ชินจิคุง	31
ไม่เคยครับ	31
ซาแมนธา	31
เธออยู่	31
เสียงหอบ	31
พี่เขย	31
ไม่ทั้งหมด	31
เฮเดน	31
เคลีย	31
คุณทำอะไรเนี่ย	31
ของผมเอง	31
อื้มมม	31
มิจา	31
ซาบีน	31
วีทตัน	31
รับผิดชอบ	31
เธอเยี่ยมมาก	31
เราต้องทำอะไรซักอย่าง	31
อายุเท่าไหร่	31
โจนัส	31
มีสายเข้า	31
ซินยอร์	31
เป็นเพราะคุณ	31
ผมสามารถ	31
คุณวิงเกอร์	31
นายมีปัญหาอะไร	31
ไม่มีอะไรหรอกน่า	31
ค่ะๆ	31
ฉันน่ะเหรอ	31
ซานตี้	31
เจอโรม	31
เขาได้	31
ประจำตำแหน่ง	31
ก็เป็นได้	31
ทุกๆท่าน	31
รับทราบแล้ว	31
พูดอะไรของนาย	31
อย่างชัดเจน	31
เขียว	31
ฟีลิกซ์	31
ออโต้	31
ยูโตะ	31
น่าอนาถ	31
มาดูสิ	31
มันเปิดอยู่	31
ครอส	31
แต่ผมไม่คิดว่า	31
ชั้นไม่เป็นไร	31
จริงแท้แน่นอน	31
เริ่มที่	31
ท่านผู้บัญชาการ	31
มิลลิกรัม	31
ออกไปห่างๆ	31
เราสามคน	31
เธอไป	31
อิสรภาพ	31
มิล	31
มาหาฉัน	31
กันแน่	31
เพน	31
นั้นสิ	31
ฉันไม่คิดแบบนั้น	31
ทิ้ง	31
ตอนต่อไป	31
ติ๊กต่อก	31
แป๊ปนะ	31
ฮิลด้า	31
วิทแมน	31
ของอะไร	31
ขอตัวเดี๋ยว	31
ปิศาจ	31
เจ้าหน้าที่ตำรวจ	31
เขาอยู่	31
มาให้	31
มือปืน	31
ลายนิ้วมือ	31
เต็มไปหมด	31
ทำอาหาร	31
โทรหาผม	31
ฉันไม่ได้พูดแบบนั้น	31
ซักหน่อย	31
มันสวยงาม	31
ยักษ์	31
เบ็ค	31
เพื่อนผม	31
เราไม่ต้องการ	31
ชั้นที่	31
แล้วเขา	31
เคโกะ	31
เวน	31
ไม่เกิน	31
พวกเรารู้	31
ดอลล่าห์	31
เบนฟอร์ด	31
ทางเหนือ	31
ซีอีโอ	31
ฟรอสท์	31
จันทรา	31
ซอย	31
จีซัส	31
นิกสัน	31
ผู้ปกครอง	31
แผล	31
แรงม้า	31
คนละ	31
ตอนฉันอายุ	31
แน่ะ	31
หน่ะ	31
แจ้ง	31
ซูเรส์ช	31
กลางๆ	31
เชอร์แมน	31
ท่านผอ	31
ฟา	31
ซิน	31
ซุ	31
ยูล	30
เธอเป็นเด็กดี	30
อะไรน๊ะ	30
คุณจำ	30
แค่คนเดียว	30
ไม่ต้องสนใจ	30
อืมมๆ	30
ผมไปด้วย	30
เวทเธอร์ส	30
อยู่เสมอ	30
ฮื้อ	30
ออกมาเลย	30
เลนเนิด	30
อมิเลีย	30
มีใครอยู่บ้าง	30
เธอโอเครึเปล่า	30
หนูจ๋า	30
มันอยู่ในสายเลือด	30
อยู่กับฉันก่อน	30
นาโช	30
เกรเทล	30
ฉันมีปัญหา	30
อือหือ	30
บ้านของเรา	30
เก็บไว้	30
มันก็คือ	30
แบรนช์	30
มันอยู่ตรงนี้	30
ไปด้วยกันเถอะ	30
วิสเลอร์	30
กับพวกเรา	30
เราทั้งหมด	30
แต่นั่นไม่ได้หมายความว่า	30
เธอนั่นเอง	30
มันเยี่ยม	30
นี่น่ะเหรอ	30
ทำไมทำแบบนี้	30
ฉันคิดผิด	30
นอร์ท	30
ฉันทำได้นะ	30
น่าสนุกนะ	30
ไม่มีอะไรทั้งนั้น	30
ฮูเร่	30
ฮอร์น	30
ถอดมันออก	30
คอยดูแล้วกัน	30
ชั้นต้องไปแล้ว	30
ข้าจะฆ่าเจ้า	30
นั่นคือคุณ	30
ไม่ผิดแน่	30
แค่เพื่อน	30
เค้าอยู่ไหน	30
ไม่เป็นไรเลย	30
ครอบครัวผม	30
เทวดา	30
ใครๆก็รู้	30
เรื่องพวกนี้	30
ดิเอโก้	30
ชิง	30
น่าเสียดายจัง	30
แทมมี่	30
คุณจะเห็น	30
พ่อของแทโฮ	30
ด้วยความเคารพนะครับ	30
พูดอะไรอย่างนั้น	30
ไกรมส์	30
ฉันรู้ว่าคุณเป็นใคร	30
เกิดอะไรขึ้นที่นั่น	30
ยังมีชีวิต	30
ยิงฉัน	30
ผมไม่เห็นอะไรเลย	30
อัลซีด	30
ใครมา	30
คุณพอตเตอร์	30
ฉันคิดว่าเรา	30
เค้นท์	30
แอลจะโนน	30
เดี๋ยวตามไป	30
เป็นไปได้มั้ย	30
เปลี่ยนไป	30
เค้าคือ	30
มากกว่านี้	30
เปียโน	30
ผมมาสาย	30
ผมทำอะไร	30
ฉันอยากจะบ้าตาย	30
หลังจากวันนั้น	30
สุสาน	30
ไม่เห็นเหรอ	30
รัมเพิล	30
ก็อาจใช่	30
เอาปืนมา	30
จบกัน	30
โน่น	30
ฉันชอบนาย	30
จริงเรอะ	30
แล้วเป็นไง	30
ปล่อยเขาไปเถอะ	30
นั่นเป็นเพราะ	30
ความดัน	30
ไม่จริงอ่ะ	30
อัลเฟรโด้	30
เอวา	30
เรื่องของ	30
เพื่อนเอ๊ย	30
เราตกลงกันแล้วนะ	30
ผมไม่รู้อะไรเลย	30
หนอย	30
ตอนนี้คุณอยู่ที่ไหน	30
เราจะได้เห็นกัน	30
ฉันพูดถูกมั้ย	30
เราเป็นครอบครัว	30
เขากำลัง	30
เธอไปเถอะ	30
โห้	30
วันพฤหัส	30
กางเกง	30
กำแพง	30
ถอยกลับไป	30
แล้วมันคืออะไรล่ะ	30
ไกลออกไป	30
ไม่ใช่อีกแล้ว	30
ไม่ต้องพูดอะไร	30
มีปัญหาอะไรหรือ	30
ฮาว	30
นี่เอฟบีไอ	30
ก้มหัวลง	30
นี่มันไร้สาระ	30
มันเริ่มขึ้นแล้ว	30
คุณบอกฉัน	30
บาร์นาบัส	30
ความผิดพลาด	30
สตีฟเล่อร์	30
เชือก	30
เจดี	30
เบอร์ลิน	30
มด	30
คุณต้องการความช่วยเหลือ	30
ริกค์	30
บาลิน	30
ที่มัน	30
เอกิชิ	30
นายไม่รู้	30
ยกเว้นเธอ	30
แล้วไงคะ	30
ทะเลสาบ	30
เอฟวี่	30
เอฟฟี่	30
วันแล้ววันเล่า	30
หาก	30
เพื่อให้	30
เครื่องหมาย	30
ไม่มีไรหรอก	30
ตั้งแต่เมื่อไร	30
คุณอยู่ที่นั่น	30
ตัวประหลาด	30
แล้วนั่น	30
ขอร้องหละ	30
ให้แน่ใจว่า	30
แองเจลล่า	30
ยินดีที่รู้จักครับ	30
เป็นคน	30
เซร่า	30
ซานตา	30
มีชีวิตอยู่	30
ก็อาจจะใช่	30
ฉันจะโทรหาคุณ	30
สะพาน	30
พาเขาออกไป	30
ตามมาสิ	30
ไม่มีชีพจร	30
ขอบคุณที่ถาม	30
ให้ฉันไป	30
เรื่องจริงนะ	30
คุณควรจะ	30
กลิ่นอะไร	30
ได้เรื่องแล้ว	30
แรนดัล	30
เจ๋งสุดๆ	30
ฟิลิปป์	30
จอยซ์	30
ผมไม่รู้เหมือนกัน	30
เธอถูก	30
ให้ฉันดูหน่อย	30
ตกอยู่ในอันตราย	30
ด้วยอะไร	30
ทุกอย่างพร้อมแล้ว	30
อย่าเข้าไป	30
มีอะไรให้ผมช่วยไหม	30
ฉันน่าจะรู้	30
แต่ไม่เป็นไรหรอก	30
คุณยายคะ	30
เธอพูดอะไรนะ	30
กรีท	30
ขอประทานโทษ	30
นี่ฉันนะ	30
ฉันก็ไม่แน่ใจ	30
ฉันไม่ยอม	30
ท่าเรือ	30
อย่าพูดว่า	30
แต่เธอไม่	30
ค่ะพ่อ	30
เชคอฟ	30
ยินดีด้วยนะครับ	30
มีปัญหาแล้ว	30
สมบูรณ์	30
ผมถามว่า	30
เฮอร์แมน	30
ผมไม่ได้บ้า	30
ขนม	30
แล้วไงต่อล่ะ	30
เฮ้ยย	30
ลอริ	30
เตรียมพร้อมไว้	30
มันจะเป็นไปได้ยังไง	30
ดีว่า	30
ความปลอดภัย	30
คุณไม่ได้ทำ	30
แต่ไม่เลย	30
เริ่ด	30
เนี่ยเหรอ	30
เด็กบ้า	30
นายถูก	30
ได้มัย	30
ดูนี้	30
ริกส์	30
กลับมาแล้วเหรอคะ	30
ออกรถ	30
แน่ล่ะสิ	30
น่ากลัวมาก	30
ฮิลลี่	30
ไอ้เด็กบ้า	30
เขาไม่รู้	30
นายไม่ใช่	30
ซันโนมิยะ	30
บอกเขาไป	30
โยชิดะ	30
สักพัก	30
หลบหน่อย	30
รอแป๊บนึงนะ	30
บ้าหรือเปล่า	30
มันจะเป็นยังไง	30
มันเกิดอะไรขึ้นกันแน่	30
น่าอายจัง	30
หลายปีมานี้	30
มันไม่มีทาง	30
โล่งอก	30
คุณนายเกรย์สัน	30
หนาวจังเลย	30
ทำให้ฉัน	30
รู้แล้วๆ	30
ส่วนเธอ	30
ไปโรงพยาบาล	30
เลนนิสเตอร์	30
อิริค	30
นอกจากคุณ	30
ออร์ลีนส์	30
วิกตอเรีย	30
ยังไม่ถึงเวลา	30
นี่คือข้อตกลง	30
เพื่อเรา	30
คาเครุ	30
ใช้ได้เลย	30
ไม่ว่าจะเกิดอะไรขึ้นก็ตาม	30
ปู	30
แม่ไม่เป็นไร	30
มูเคซ	30
นั่นซิ	30
ล็อคประตู	30
ยังไงนะ	30
เอาไง	30
บางทีเราน่าจะ	30
อยู่ข้างนอกนั่น	30
จริงจังนะ	30
นายมันโง่	30
แกทำอะไรลงไป	30
มันหนาว	30
พวกเขาพูดว่า	30
บีช	30
แล้วฉันจะกลับมา	30
เครื่องยนต์	30
ไปเถอะครับ	30
ชื่อของเขา	30
ฉันไม่ได้กลัว	30
มาใกล้ๆ	30
แคเธอรีน	30
เค้าเป็นใคร	30
อีกเลย	30
ผมเป็นใคร	30
ครอบครัวของคุณ	30
ถ้าคุณชอบ	30
ไอไอ	30
นั่นใครพูด	30
กระสุนปืน	30
หนึ่งสอง	30
ไลซ่า	30
ผมไป	30
รู้ค่ะ	30
ถึงเวลา	30
เฮงซวย	30
เก้าอี้	30
นั่นเพราะ	30
อะไรอยู่ในนั้น	30
ไม่ใช่อย่างงั้น	30
เธอทำไม่ได้	30
คุณคิดว่าคุณเป็นใคร	30
คานาซาว่า	30
เปิดดูสิ	30
อย่าทำเลย	30
มันดู	30
เต็มที่	30
หัวข้อ	30
อีกทีซิ	30
ทำไมถึงทำแบบนี้	30
เพื่อให้แน่ใจ	30
ผมแค่ต้องการ	30
วีร่า	30
พิกัด	30
ขออีก	30
ด้วยเหมือนกัน	30
ผมแค่จะบอกว่า	30
ฉันกำลังจะ	30
เพศ	30
คุณมีทางเลือก	30
คือเวลา	30
ติด	30
กรกฏาคม	30
พาเวล	30
สำหรับพวกเขา	30
นายนี่มัน	30
ล้อเล่นเหรอ	30
ฉันไม่เคยเห็น	30
โลเปซ	30
เลส	30
คิมูระ	30
สัปดาห์นี้	30
โย้	30
ทั้งหลาย	30
อื่อ	30
คลาส	30
รักษาความปลอดภัย	30
เธอมีเวลา	30
นายไม่	30
อุปป้า	30
ซีโอ	30
บาดเจ็บ	30
ชั่วคราว	30
ชั่วโมงนี้	30
ได้ที่ไหน	30
ยาง	30
ทัชดาวน์	30
ขวบแล้ว	30
ดวง	30
หลัก	30
ฮุง	30
บอน	30
ดิโนสโซ่	30
โท	30
พนง	30
ซิล	29
ไม่มีใครทำได้	29
ฉันป่วย	29
น่าอาย	29
เขาเป็นเพื่อน	29
ทันเวลาพอดี	29
เราจัดการได้	29
แกนี่	29
กับพวกเขา	29
ฉันจะเข้าไป	29
ฮัลโลวีน	29
แก็บบี้	29
คุณจะอยู่ที่ไหน	29
ดารา	29
ยาสุโกะ	29
สังวาสคุณ	29
จัดการมันซะ	29
เชิญนั่งก่อน	29
นั่นดีมากเลย	29
เคียวอิจิโร่	29
เรจจี้	29
เลือกได้ดี	29
ฉันไม่อยากพูดถึงมัน	29
ลีซุนซอย	29
มันเป็นสิ่งที่ดี	29
เสียงร้อง	29
คุณรู้เหรอ	29
นายพูดว่า	29
ใช่มั๊ยครับ	29
จิงหรอ	29
อายานามิ	29
อะไรฮะ	29
อดทนหน่อย	29
แต่น่าเสียดาย	29
ฉันไม่ได้บอก	29
และข้า	29
ฉันจัดการเองได้	29
เราต้องหยุดมัน	29
ไอบ้า	29
เบรดี้	29
คิงส์	29
โอดากิริ	29
เฟรย์	29
มหัศจรรย์มาก	29
ซองมินวู	29
มีผู้บุกรุก	29
ตู้หมิงฮั่น	29
นายบ้าไปแล้วเหรอ	29
คนขับ	29
รึว่า	29
ย่อมาจาก	29
ต้องไปแล้วล่ะ	29
คุณไม่รู้จักผม	29
คนบางคน	29
จากวันนี้ไป	29
มิทเชลล์	29
ตรงนี้เหรอ	29
ฆ่าเธอซะ	29
ยัยอัปลักษณ์	29
เขาพูดว่าไง	29
แต่เดี๋ยวก่อน	29
เกลอ	29
สิ่งดีๆ	29
ไปกันดีกว่า	29
ไปกับฉัน	29
ในเกาหลี	29
พูดมาเถอะ	29
ถูกฆ่าตาย	29
ปา	29
นั่นไม่ใช่ปัญหา	29
ถ้ามันเป็นอย่างนั้น	29
หิวจังเลย	29
เหนื่อยจัง	29
ลูกบอล	29
แล้วคุณจะทำอะไร	29
เขาอยู่ตรงนั้น	29
แต่คืนนี้	29
เราอยู่ที่นี่ไม่ได้	29
สองปี	29
พ่อกลับมาแล้ว	29
ในบางที	29
เบ๊ตตี้	29
เราเป็นเพื่อนกันนะ	29
ตามฉัน	29
เจอกันคืนนี้	29
ยกโทษให้ข้าด้วย	29
ประณามมัน	29
แซดเนส	29
ถอดเสื้อออก	29
ท่านเรียวมะ	29
หุบปากเถอะ	29
สองนาที	29
มันผ่านไปแล้ว	29
มาดิบา	29
พรุ่งนี้เจอกัน	29
โลกิ	29
มันมีเหตุผล	29
ในปีนี้	29
แทซู	29
ไม่ค่อยดีเท่าไหร่	29
ฉันจะรู้ได้ยังไง	29
กระเป๋าฉัน	29
ชั้นรู้แล้ว	29
ฉันน่าจะ	29
ผมไม่อยากไป	29
จองชิน	29
เพอร์เซล	29
เจ้าคิดว่า	29
คุณคิดจะทำอะไร	29
ไม่ใช่เรื่องใหญ่อะไร	29
แครอท	29
รับรอง	29
ดีใจที่ได้เจอเธอ	29
อีบ้า	29
วอร์ส	29
อะฮ้า	29
ผมได้ยินแล้ว	29
อิตาลี	29
คริสเตน	29
ดูที่นี้	29
เป็นเพราะเธอ	29
แต่กระนั้น	29
แบบนี้ไง	29
ทำไม่ได้หรอก	29
พวกเขามี	29
มานี่หน่อยสิ	29
มันเป็นยังไงบ้าง	29
เห็นหรือยัง	29
ความจริงอะไร	29
ดีคะ	29
ตบ	29
ได้โปรดช่วยฉันด้วย	29
กลางคืน	29
หรืออาจจะไม่	29
เขาเป็นฆาตกร	29
แต่ว่าฉัน	29
ว่างัย	29
ฉันก็คิดแบบนั้น	29
ผมไม่รู้เรื่อง	29
ฮาล์ว	29
ครีม	29
โชคดีละกัน	29
ถอนกำลัง	29
คู่หมั้น	29
รู้จักมั้ย	29
แชริน	29
อย่าทำร้ายเธอ	29
แต่ที่จริงแล้ว	29
เทมเปิลตัน	29
เธอรู้ใช่มั้ย	29
ฉันคิดว่างั้นนะ	29
โอเึค	29
เพราะเรื่องนี้	29
เธอเปล่า	29
คอมพานี	29
ฟังพ่อนะ	29
เส้นทาง	29
เดี๋ยวก็หาย	29
สเตฟ	29
แกทำอะไรน่ะ	29
เฮจิน	29
เอเรียล	29
ไอ้เกลอ	29
ตลอดทั้งวัน	29
อยากได้	29
ฉันนะ	29
สุดยอดจริงๆ	29
กับคนอื่น	29
ถ้าคุณรู้	29
เราอยู่ด้วยกัน	29
ระวังหัว	29
แค่นั้นล่ะ	29
และทุกคน	29
พี่น้องทั้งหลาย	29
นี่กี่โมงแล้ว	29
ไม่มากนัก	29
โทโมโอะ	29
ตรงไปตรงมา	29
แดช	29
แต่คราวนี้	29
ทั้งชีวิต	29
ซอว์เยอร์	29
ตู้ม	29
ผมดำ	29
เรื่องงาน	29
ผมไปก่อนนะครับ	29
มีใครบางคน	29
ฉันรู้ละ	29
ทำไมไม่ได้ล่ะ	29
การเมือง	29
ผมไปละ	29
ลามก	29
จะไปไหนกัน	29
ทั้งหมดเข้าด้วยกันในขณะนี้	29
เธอทำอะไรนะ	29
นั่นก็หมายความว่า	29
เมื่อสองวันก่อน	29
ก็เป็น	29
ออกไปกันเถอะ	29
เวิร์ธ	29
มาลิค	29
เอามันออกมา	29
เขาจากไปแล้ว	29
นอกเสียจาก	29
ลิม	29
โอเคเลย	29
แล้วก้อ	29
เพอร์ซีอุส	29
อยู่กับ	29
สบายดีเหรอ	29
อีกครั้งเดียว	29
ทำไมละคะ	29
มีคนบอกว่า	29
เธอไม่รู้หรอกว่า	29
ขอให้	29
คุณจำได้	29
คนขับรถ	29
อย่างนั้นใช่ไหม	29
ฉันมีเงิน	29
อย่างน้อยๆ	29
เซ็ธ	29
ทายซิ	29
อย่าโกหกฉัน	29
ความรักฉันมากับความตาย	29
ชีวิตมันยากถ้าคุณไม่รู้ว่าคุณเป็นใคร	29
เพื่อที่จะพบว่าฉันคู่ควรกับโลก	29
ยุ่ง	29
ต้องใช้เวลา	29
เดี๋ยวจัดให้	29
มาโฮน	29
ลับสุดยอด	29
ไม่รู้ว่ะ	29
มันไปไหนแล้ว	29
คุณโฮล์มส์	29
ครูชูว์	29
ไม่ได้ล้อเล่นนะ	29
ที่ถูกซ่อนจากมนุษย์	29
ฉันจะไม่ซ่อนอีกแล้ว	29
ฉันอยู่ที่นี่แล้ว	29
ขอทางหน่อยครับ	29
เจ้านั่น	29
เราพบ	29
ฉันถาม	29
ไอนสไทน	29
สบายดีไหมครับ	29
เชิญเลยค่ะ	29
มิทเชล	29
ทักทาย	29
อยู่ข้างนอก	29
ผมจะไปด้วย	29
เฟลิกซ์	29
เธอก็รู้ว่า	29
ไม่ต้องเป็นห่วงหรอก	29
ว่าไปแล้ว	29
นั่นใครกัน	29
ฉันขอโทษที	29
แสงสว่าง	29
จิมืนี	29
อเล็กซ่า	29
เอมิลี	29
ที่ต้องการ	29
มันน่าเศร้า	29
แพค	29
ไม่ใช่หรือไง	29
ลงจากรถ	29
เดี๋ยวฉันกลับมานะ	29
ถึงอย่างไร	29
อะไรก็แล้วแต่	29
ท่านสมุหนายก	29
หายใจแรง	29
มีคำถามมั้ย	29
เราจะทำไงกันดี	29
ให้ผมช่วยนะ	29
อะไรพวกนั้น	29
ฉันอยากให้	29
ไส้กรอก	29
ฟลอริด้า	29
มัซทายอัส	29
เพื่อที่จะ	29
คุณเก่งมาก	29
โอลิเวียร์	29
เพราะฉันรู้ว่า	29
มันไม่ใช่เรื่องจริง	29
บลาสเตอร์	29
อุณหภูมิ	29
ถ้าฉันเป็นนาย	29
ของเล่น	29
นินิ	29
มันเป็นของเธอ	29
และฉันขอโทษ	29
ผมจะไม่ไปไหน	29
นักศึกษา	29
การแสดง	29
เอามัน	29
ยุล	29
คิดว่าไม่นะ	29
เจเน็ท	29
ทำงานดีมาก	29
นายหมายความว่าอะไร	29
คุณดาร์ซี่	29
ขยะแขยง	29
เจ้าหน้าที่ลิสบอน	29
เสรีภาพ	29
ฉันไม่รู้เลยว่า	29
เรากลับกันเถอะ	29
ชะตากรรมของอาณาจักรอันยิ่งใหญ่	29
ขอบคุณๆ	29
ไม่อะไร	29
คริกซัส	29
ก็ไม่เชิงนะ	29
กำกับโดย	29
พนักงาน	29
อย่าทิ้งฉันไป	29
นอร์ริส	29
คริสตีน	29
ฮิโยริ	29
ทำอะไรกันน่ะ	29
เป็นเด็กดี	29
เพราะเขา	29
ตานาย	29
อาชญากรรม	29
ทางเทคนิคแล้ว	29
ถ้าไม่มีฉัน	29
ฉันบอกแล้วว่า	29
คุณพร้อมไหม	29
เอาเงินมา	29
ป่าป๊า	29
ให้ผมช่วย	29
ได้รับการออก	29
ป่าวค่ะ	29
ฉันเพียงแค่	29
กี่โมงแล้วเนี่ย	29
โคจิ	29
ฉันทำเองได้	29
หิมะ	29
รถฉัน	29
อาซาโกะซัง	29
ส่งปืนมา	29
แฮ่	29
นึกแล้วเชียว	29
ทำอะไรกัน	29
ผมไม่เชื่อคุณ	29
รับไว้	29
ไม่น่าใช่	29
ลูกรักของแม่	29
คุณรู้ไม๊	29
ขึ้นอยู่กับ	29
ยังไงกัน	29
และไม่มีใคร	29
พัง	29
นั่นนะ	29
มาซารุ	29
เมอร์ฟี	29
ทำอะไรสักอย่าง	29
เขาอยู่ที่	29
กอร์	29
นั่งตรงนี้	29
ของบริษัท	29
รหัสผ่าน	29
สั้น	29
ข้าไม่สน	29
มาตรา	29
มันน่าจะเป็น	29
กับแม่	29
ข้าว	29
อุเมะ	29
เราคุยกัน	29
ฉันก่อน	29
ค้อน	29
ลูกสาวของคุณ	29
ฉันเป็นคนดี	29
ถ้าไม่ว่าอะไร	29
คามิล	29
โคลัมบัส	29
เวสลีย์	29
รอซซี่	29
เมโทร	29
นี่แม่นะ	29
คลื่น	29
มหา	29
อาจจะมี	29
ขอแค่	29
ยี่สิบ	29
ชาลส์	29
แล้วเรา	29
ฟิลลิปส์	29
โรแมนติก	29
ใช่แน่	29
ฮอลลิส	29
ขวบเอง	29
อื่นๆ	29
ถนนสาย	29
ลีห์	29
ถัดไป	29
สตาร์ลิ่ง	29
อูว	29
อิไลอัส	29
ฉันเพิ่ง	29
ยุติธรรม	29
โป๊ป	29
วิลลิส	29
ตอนปี	29
ก้อน	29
เช็พเพิร์ด	29
ปีเหรอ	29
ทุ่มนะ	29
เบนสัน	29
ซูลู	29
ใต้	29
ไม่ต้องทำอะไร	28
ไอ้ตัวแสบ	28
มันเป็นเรื่องธรรมดา	28
ฉันตื่นเต้นมาก	28
นายจะบอกว่า	28
ผิดปกติ	28
นั่นเป็นคำถามที่ดี	28
โร	28
รู้เปล่า	28
หรือเธอ	28
เข้มแข็ง	28
หลายคน	28
โอจัง	28
ที่สำคัญที่สุด	28
สำหรับคืนนี้	28
ทุกคนรู้	28
เด๋ว	28
นี่มันเกิดอะไรขึ้นเนี่ย	28
ช่วยหน่อยสิ	28
ฉันจะจัดการเรื่องนี้เอง	28
ริปเปอร์	28
คุณบอก	28
ตั้งแต่วันนี้ไป	28
คุณชื่อ	28
นิโกะ	28
ถ้าเธอตาย	28
มาเริ่มกันเถอะ	28
ฉันมาสาย	28
ไม่ใช่ทั้งหมด	28
ผมนี่แหละ	28
ไพ่	28
ฟังนี่	28
ขอบคุณสำหรับวันนี้	28
มันจะยากกว่าถ้าคุณไม่รู้ว่าคุณเป็นอะไร	28
โฟร์	28
ลอน	28
ทางนี้ๆ	28
เฟรดเดอริก	28
ฉันไม่รู้ด้วยซ้ำ	28
ฉันหลงทางไปเป็นปี	28
ฮัมพ์ตี้	28
คุณย่าครับ	28
ฉันทำพลาด	28
ฉันจะใช้ชีวิตที่ฉันเลือก	28
ห้องใต้ดิน	28
ที่นี่มีแต่เด็กเท่านั้น	28
ไหมครับ	28
ผมไม่อยากเชื่อเลย	28
หุ้นส่วน	28
ไม่มีปืน	28
โป๊ะเชะ	28
คุณเอลลิสัน	28
ฉันเป็นผู้หญิง	28
ทุกอย่างเรียบร้อยดีมั้ย	28
อย่าหยุดนะ	28
แล้วจะทำยังไง	28
ว้าวววว	28
มันสุดยอดมาก	28
ชั้นบน	28
ดีใจที่เจอนาย	28
ผมจริงจังนะ	28
เรื่องอะไรกัน	28
สำหรับเรื่องนั้น	28
คุณไปอยู่ที่ไหนมา	28
บ้าชัดๆ	28
เพื่อความอยู่รอด	28
ฉันจะต้อง	28
ไม่ได้บอก	28
จะได้	28
ถ้าฉันทำ	28
ข้ามาแล้ว	28
เจ้าหน้าที่มอร์แกน	28
โอโบโระ	28
ผมจะทำทุกอย่าง	28
ตัวฉันเอง	28
เธอชอบ	28
เจ้าทำอะไรน่ะ	28
ฉันจะเป็น	28
ซึบากะคุเระ	28
ไม่ทำ	28
ไสหัวไปซะ	28
สารภาพ	28
เออน่า	28
ซับไทยโดย	28
ขอบคุณสำหรับคำแนะนำ	28
เธอไม่อยู่ที่นี่	28
นั่นคือทั้งหมดที่	28
และทุกๆ	28
ลองนี่สิ	28
ถ้าเขารู้	28
ขอบคุณจ๊ะ	28
อ่าหะ	28
เวสท์	28
เวอร์นอน	28
คุณละ	28
ซัจจัง	28
คาร์ล่า	28
ลีฟ	28
โชตะ	28
เชื่อใจฉัน	28
ถ้าเป็นผม	28
เจออะไรบ้าง	28
เธอเป็นไรมั้ย	28
เรื่องส่วนตัว	28
รู้ตัวมั้ย	28
อยู่ครับ	28
มิสะ	28
ฮาเลลูยา	28
ดึงขึ้น	28
ว่าไงที่รัก	28
นาโอโกะ	28
ไว้ทีหลัง	28
ฉันต้องการคำตอบ	28
เห็นว่า	28
จากนั้นก็	28
ได้รับมัน	28
หลายปีที่ผ่านมา	28
ฟรองซัวส์	28
รัสเซลล์	28
คุณปู่ครับ	28
บินไป	28
เอเว่น	28
ตายซะเถอะ	28
ไม่ว่ามันคืออะไร	28
เธอแน่ใจหรอ	28
ไร้ประโยชน์	28
โอ๊ยย	28
ในทางเทคนิค	28
ผล	28
อะตอม	28
แล้วคุณทำยังไง	28
มันถูกเรียกว่า	28
มันไม่ใช่เรื่องใหญ่	28
เค้าชื่อ	28
มันน่าขยะแขยง	28
คุณทั้งสองคน	28
แม๊กกี้	28
น่ารักจริง	28
หลบหนี	28
ดาเฮ	28
ยังคุมิ	28
คุณพูดว่าอะไร	28
เขียนไว้ว่า	28
นอกเหนือจากนั้น	28
ฉันคิดถึงเขา	28
มาร์จ	28
คลัด	28
เหรอเนี่ย	28
ฉันจะไปรู้ได้ยังไง	28
ชัดๆ	28
คุณชอบไหม	28
ติ๋ง	28
ด้วยสิ่งนี้	28
อิซ	28
นั่นมันไม่จริง	28
อียิปต์	28
มาทายอัส	28
นายมาที่นี่ทำไม	28
แบบไหนล่ะ	28
ผมล้อเล่นน่ะ	28
แม่มาแล้ว	28
ดัสตาน	28
น่าเศร้าจริงๆ	28
เรารักกัน	28
เลเซอร์	28
ถูกต้องค่ะ	28
ได้เวลา	28
ถึงงั้นก็เถอะ	28
ฉันก็คิดว่างั้น	28
โซโล	28
เราอาจจะ	28
โจเอล	28
มาเต้นกัน	28
มีเพียง	28
ฮัว	28
ที่นี่ล่ะ	28
ไม่มา	28
แบบนี้เป็นไง	28
ก็ไม่เลวนะ	28
ดูสิใครมา	28
โมเร	28
นับจากนี้	28
นั่นมันแย่มาก	28
เม็ง	28
เมษา	28
พระอาทิตย์	28
ไม่ขนาดนั้นหรอก	28
ฉันไปละนะ	28
รอคำสั่ง	28
แล้วพบกันใหม่	28
พูดว่าอะไรนะ	28
ทาเคมิ	28
เป็นเวลานาน	28
ขอบคุณนะค่ะ	28
ฉันไม่รู้จักคุณ	28
คุณมาร์ติน	28
ผิดหวัง	28
ได้สิจ๊ะ	28
อะไรจ๊ะ	28
ได้เร็วขึ้น	28
เธอหนีไปแล้ว	28
คุณพร้อมรึยัง	28
แต่สุดท้ายแล้ว	28
ดีเหรอ	28
ไม่มีเลยเหรอ	28
จรวด	28
ผมขอโทษจริงๆครับ	28
แล้วดูสิ	28
เหอฉวิน	28
มันจะเกิดขึ้น	28
คืออย่างนี้	28
อะไรก็ช่างเถอะ	28
ลูกไม่เป็นไรนะ	28
ข้าคือกรู้ท	28
มอร์กานา	28
ฉันจะทำให้	28
ไม่ใช่ครั้งนี้	28
ไปเถอะค่ะ	28
คิดถึงฉันมั้ย	28
อย่างเห็นได้ชัด	28
จะรู้ได้ไง	28
น่ารักนะ	28
เสียงไอ	28
หลายๆ	28
บอกอะไรให้นะ	28
แต่ฉันไม่คิดว่า	28
คุณมีอะไร	28
หยุดมันซะ	28
ฮากุจัง	28
แต่ก็ใช่	28
พวกมันเป็นใคร	28
อาแมนด้า	28
คุณรู้จักเธอเหรอ	28
อ้าวว	28
ลุงแก็ดเจ็ท	28
น่าสนุก	28
คุณเป็นอะไรของคุณ	28
ไรลี่	28
โถ่เอ้ย	28
แค่นิดหน่อย	28
ไม่เจอกันนาน	28
เกรียร์	28
ยังไม่เจอ	28
แต่นแต๊น	28
เธอเป็นแม่มด	28
หนูต้องไปแล้ว	28
นานๆ	28
ฉันรู้ว่ามัน	28
ดูนี่สิครับ	28
ไปก่อนเลย	28
ไปด้วยกันไหม	28
เฮวอน	28
ใครกันล่ะ	28
จำเลย	28
บอกฉันว่า	28
เสมิระ	28
ดูซะก่อน	28
พูดกับผม	28
ถามเขาสิ	28
โซโนโกะ	28
คุณชื่ออะไรนะ	28
คาเซฮายะ	28
ท่านอัยการ	28
อึศักดิ์สิทธิ์	28
แม่ขอโทษนะ	28
คำแนะนำ	28
ชาว	28
ไฟฟ้าจาระบี	28
เสียงฮึดฮัด	28
มันดีกว่า	28
เรื่องแรก	28
ขอร้องล่ะค่ะ	28
สนุกสนาน	28
คัมไป	28
ของใคร	28
ซูโฮ	28
หนูสัญญา	28
นั่นนะสิ	28
พรสวรรค์	28
ไม่ง่ายเลย	28
และเมื่อ	28
พ่ออยู่นี่	28
ฮันซู	28
เจ้าทึ่ม	28
ตำรวจมา	28
สำนักงานใหญ่	28
ทำได้ไง	28
มันไม่ใช่อุบัติเหตุ	28
เจ้าน่ะ	28
วิ่งเลย	28
จะว่างั้นก็ได้	28
ก็โอเคนะ	28
หวังกุน	28
ชัดเลย	28
ออกซิเจน	28
อย่าพูดอะไร	28
คนๆนี้	28
มันเกิดบ้าอะไรขึ้น	28
คุยแล้ว	28
นี่มันบ้ามาก	28
ฉันดี	28
ตอนจบ	28
มันไม่เคยเกิดขึ้น	28
เธออยู่นั่น	28
ถ้าคุณคิดว่า	28
วูดเซ่น	28
เพลงประกอบ	28
ฆ่ามันเลย	28
คงอย่างนั้น	28
ไม่มีประโยชน์หรอก	28
ถูกต้องแล้วครับ	28
แต่มันไม่ได้ผล	28
พี่เหรอ	28
นี้มัน	28
ผมอยากรู้ว่า	28
ซูว์	28
เจฮา	28
ซิโมน	28
น่าสนใจดี	28
ฉันแพ้	28
ไม่ต้องครับ	28
เป็นพัน	28
ไปดูกันเถอะ	28
ฉันพูดไม่ได้	28
บ้านของฉัน	28
ก็แล้วกัน	28
โบโน่	28
ฉันแค่พูดว่า	28
หลายปีมาแล้ว	28
คงงั้นแหละ	28
คุณไม่จำเป็นต้อง	28
ไม่มีอะไรต้องกังวล	28
ออกไปสิ	28
ตามหาขณะที่ซ่อนตัว	28
กอร์ดี้	28
อย่างเช่นอะไร	28
มันกลับมาแล้ว	28
เป็นความจริงเหรอ	28
ฉันกำลังยุ่งอยู่	28
จัดมา	28
กลับบ้านได้แล้ว	28
จะตาย	28
สามปี	28
เขาปลอดภัย	28
มีอะไรมั้ย	28
และฉันก็	28
เพราะว่าเธอ	28
ทำไมวะ	28
เขาเป็นเพื่อนฉัน	28
ซากิซัง	28
ตลกแล้ว	28
และคุณก็รู้	28
มินอู	28
มันมีบางอย่าง	28
รีปเปอร์	28
ไม่มีคำว่า	28
เธอมาสาย	28
และต่อมา	28
นิวลิน	28
รักฉัน	28
สามีของคุณ	28
เซอร์ซี	28
ไม่เข้าใจเหรอ	28
เป็นแบบนี้	28
นอนลงไป	28
ไม่ใช่อย่างนั้นค่ะ	28
อีวี่	28
ฮาฮา	28
คุณได้รับ	28
ฉันแค่ต้องการ	28
เวรตะไล	28
ในหนังสือ	28
โถ่เว้ย	28
น้ำเงิน	28
ซอมบี้	28
ฉันไม่ไปหรอก	28
ชนะแล้ว	28
กำลังจะ	28
ฉันไม่อยากเชื่อเลยว่า	28
ครูว์	28
ขอคิดก่อน	28
ฉันจะไม่ทำ	28
นั่นเยี่ยมเลย	28
มาสเตอร์	28
คนใน	28
ขึ้นรถเถอะ	28
ไม่มีใครสนใจ	28
เราเป็นพี่น้องกัน	28
นักรบ	28
ฉันแค่อยากจะบอกว่า	28
ใช่ล่ะ	28
เย่ห์	28
สป็อค	28
ที่สมบูรณ์แบบ	28
คอนสแตนซ์	28
สู่	28
เซฟ	28
ยอมรับซะ	28
งั้นเรา	28
คุณดูสวยมาก	28
ลูกของเรา	28
จีฮี	28
เกียรติยศ	28
เหมือนที่	28
จะเป็นไปได้ยังไง	28
ทาลอน	28
ฉันแค่ล้อเล่น	28
นายต้อง	28
และฉันรู้	28
ชาโดว์	28
อะไรของเธอ	28
ต่อจากนั้น	28
รายชื่อ	28
เรามีเวลาแค่	28
ซาโนะ	28
แบร่	28
แบง	28
โมงแล้ว	28
แสตน	28
มหาลัย	28
ฉันไม่ควร	28
แสนเหรียญ	28
พื้นที่	28
ฮันดงจู	28
ในห้อง	28
กฏข้อที่	28
ตอนตี	28
แอร์	28
เสีย	28
ชอล	28
คนเลย	28
อี้	28
อาซาโกะ	28
บะ	28
โอกาว่า	28
แบ็กซ์เตอร์	28
กุ	28
วอง	28
ครึ่งหลัง	28
ปธ	28
ข้าจะทำ	27
นั่นใช่ไหม	27
ทำอย่างนี้	27
หรือแย่กว่านั้น	27
ผมรู้ว่ามันเสี่ยง	27
ผมว่าแล้ว	27
ซานฟรานซิสโก	27
เจ๋งว่ะ	27
ขี้	27
พวกเด็ก	27
เจนเซ่น	27
คลูอี้	27
ไอ้เปรต	27
สองทุ่ม	27
เอาเหอะน่า	27
ทั่วโลก	27
ตูด	27
ฉี่	27
สิงโต	27
ลูกรู้มั้ย	27
โอเคน่ะ	27
ก็ไม่	27
ดวน	27
ยกขึ้น	27
ดีเหมือนกัน	27
ฉันมีความคิดดีๆ	27
ว่าไงลูก	27
จะพยายาม	27
ว่ายน้ำ	27
ผมขอร้องล่ะ	27
แต่เขาไม่	27
น่าสงสัย	27
ยังงั้นแหละ	27
เธอฆ่าตัวตาย	27
ฉันจะช่วยเธอเอง	27
คุณโกรธ	27
เร็วมาก	27
ท้อง	27
ให้เรา	27
ไม่ต้องทอน	27
เฮลิคอปเตอร์	27
เฮ็ค	27
ปล่อยชั้นนะ	27
มันไม่เหมือน	27
คานธี	27
มันอะไร	27
ไอ้อ้วน	27
เธอก็แค่	27
ผมจะไม่ไปไหนทั้งนั้น	27
เก๊บ	27
ดอว์สัน	27
ก้อนหิน	27
วางมีดลง	27
ลีรอย	27
ไม่เป็นไรฮะ	27
หันหลัง	27
ถอยไปเลย	27
ไอ้พวกโง่	27
ฮันเซ	27
ดีเยี่ยม	27
เธอกำลังจะทำอะไร	27
พวกมันไปแล้ว	27
แอลลี่	27
คุณมาทำอะไรที่นี่น่ะ	27
ไปตายซะไป	27
ซาซากิ	27
เลซี่	27
คำบรรยายโดย	27
ไอ้เลวเอ้ย	27
คุณต้องเข้าใจนะ	27
เอลยาน	27
ปล่อยผมไป	27
เลค	27
ไปทางนี้	27
ฉันไม่รู้ว่ามันคืออะไร	27
นั่นมันนานมาแล้ว	27
งานเป็นไงบ้าง	27
นายคิดอะไรอยู่	27
มันสนุก	27
ยิ้มไว้	27
คาเฟ่	27
ยังไงต่อ	27
วางเขาลง	27
เลวมาก	27
นั่นคือฉัน	27
ฉันช่วยได้	27
หยุดอยู่กับที่	27
ไม่เคยเห็น	27
นี่มันบ้าสิ้นดี	27
เสร็จหรือยัง	27
คนที่ฉันรัก	27
มีเพศสัมพันธ์	27
ฉันจะทำอย่างไร	27
โรงเรียนมัธยม	27
น้ำตา	27
สุขสันต์วันวาเลนไทน์	27
ให้ฉันจัดการเอง	27
หวัดดีค่ะพ่อ	27
แต่ไม่ใช่ที่นี่	27
กรีนเดล	27
คุณสวยจัง	27
เราจะไปที่ไหน	27
เจ๋งจริงๆ	27
ผู้คุม	27
มันเกิดอะไรขึ้นเนี่ย	27
เห็นชัดว่า	27
ราฟ	27
ชินโจซัง	27
ความรับผิดชอบ	27
ลาฟาเยต	27
เผื่อไว้	27
หนูไม่ไป	27
เหม็น	27
ความคิดที่ดี	27
ผมไม่ทำ	27
มันเยี่ยมไปเลย	27
ฉันก็ไม่	27
นี่ของนาย	27
ไม่มีอะไรหรอกครับ	27
อุปปา	27
ให้ผมเดา	27
สลัด	27
ทำอะไรซักอย่าง	27
มันมากกว่า	27
เขาเป็นคนดีมาก	27
ข้างล่างนี่	27
นำ	27
มาร์ลา	27
เจ้าหมาน้อย	27
นายไม่เป็นไร	27
คลื่นไส้	27
ฟังก่อนสิ	27
สีเหลือง	27
อยากจะ	27
ถ้าไม่มีมัน	27
บางเวลา	27
เจนนิส	27
เอออ	27
ยูฮี	27
หิวไหม	27
ไม่งั้นเหรอ	27
โจรสลัด	27
เดี๋ยวน่ะ	27
ได้มั้ยคะ	27
ฉันต้องกลับบ้าน	27
มันเรื่องอะไรกัน	27
คดีฆาตกรรม	27
ดูสิคะ	27
มาทางนี้สิ	27
บายมอร์	27
ฮยอนอี	27
หยิบมันขึ้นมา	27
เวโรนิกา	27
ไม่สน	27
ไม่ต้องมา	27
โรซ่า	27
เธอจะกลับมา	27
ฉันไม่เคยคิดว่า	27
เพื่อนกัน	27
ชีวิตของคุณ	27
คาถา	27
ฉันก็รักคุณค่ะ	27
ลีเดีย	27
ทาเคโซะ	27
ฉันอยู่คนเดียว	27
ถ่ายรูป	27
เยี่ยมเลยครับ	27
เหมือนกับคนอื่นๆ	27
ฉันจะจัดการให้	27
บาร์นี่ย์	27
เป็นไปได้ไหม	27
และครอบครัว	27
เริ่มต้นใหม่	27
ซึ่งแปลว่า	27
ปล่อยมันไปเถอะ	27
สไตร์ค	27
มองซิเออร์	27
เชสต้า	27
แต่เจ้า	27
ออพติมัส	27
ฉันขอผ่าน	27
ถ้าไม่มีอะไรแล้ว	27
รัศมี	27
สำคัญสิ	27
ไม่อยากเชื่อว่า	27
โดมินัส	27
เพื่อนเอ้ย	27
เยี่ยมที่สุด	27
ลูกอยู่ที่ไหน	27
ยินดีที่ได้เจอ	27
เขาต้องตาย	27
ไม่ใช่เรื่องของนาย	27
เราทำสำเร็จแล้ว	27
เดวิล	27
ระยำเอ้ย	27
บาทิสต้า	27
นั่นเป็นข่าวดี	27
มันยอดเยี่ยมมาก	27
ชาแดวุง	27
สักวันนึง	27
หยุดพูดเลย	27
สร้อยคอ	27
ใช่มั้ยละ	27
ข้าแค่	27
ฮอลโลว	27
เป็นอะไรมั๊ย	27
ได้ตัวเขาแล้ว	27
เว้นเสียแต่ว่า	27
ทามาร่า	27
ไม่รู้สิน่ะ	27
ผมอยากกลับบ้าน	27
ราช	27
ครั้งสุดท้ายเมื่อไหร่	27
เตซุง	27
ไปไป	27
ฉันจะไปห้องน้ำ	27
ฉันทำดีที่สุดแล้ว	27
แสดงเป็น	27
ไม่ใช่เจ้า	27
ฉันแค่หวังว่า	27
โอเมก้า	27
คุณทำได้ดีแล้ว	27
นั่นคือปัญหา	27
แม่รู้จ้ะ	27
ลาฟาเย็ต	27
เกี่ยวกับมัน	27
ทาเคโกะ	27
ทำอะไรเหรอ	27
มานี่เดี๋ยวนี้	27
ในชีวิตจริง	27
คุณแต่งงานแล้ว	27
ข้าจะไป	27
เบย์แม็กซ์	27
รวย	27
แม่ชี	27
ลูกชายข้า	27
อยู่ในรถ	27
จับไว้นะ	27
ให้ช่วยอะไรมั้ย	27
ผมไม่เป็นไรครับ	27
หนีไปแล้ว	27
นอนได้แล้ว	27
ผมจะช่วยคุณเอง	27
เพนกวิน	27
ถุงมือ	27
ฉันต้องบอกว่า	27
นายทำอะไรของนาย	27
ว่าต่อ	27
มันสนุกมาก	27
อาซิมอฟ	27
ตำรวจกำลังมา	27
ข้างหลังคุณ	27
คุณนายครับ	27
หัวขโมย	27
จะเป็นไรมั้ย	27
เพเทรลลี่	27
เพราะว่าคุณ	27
ไปก็ได้	27
ไม่เห็นอะไรเลย	27
รอด	27
ถ้าเป็นเช่นนั้น	27
เธอมาจากไหน	27
ทิค	27
มองทางนี้	27
คุยกับฉัน	27
ผู้พันยังค์	27
เรโกะ	27
การบ้าน	27
พูดออกมาสิ	27
มันไม่ใช่ของฉัน	27
โมอาน่า	27
แต่ไม่ใช่วันนี้	27
เหล่านั้น	27
ฉันไม่รู้จะพูดยังไง	27
จอห์นซี	27
แต่ท่านครับ	27
อาร์เชอร์	27
คุณพยาบาล	27
แต่ในความเป็นจริง	27
อืมอืม	27
ไม่จำเป็นเลย	27
เวทมนตร์	27
ไม่เชื่อ	27
นายน้อยบรูซ	27
คาโน่ซัง	27
แพทริเซีย	27
อเลฮันโดร	27
คุณเป็นคนเดียว	27
วิทยาลัย	27
ถ้าเกิด	27
อย่าค่ะ	27
เมื่อเวลานั้นมาถึง	27
เสียงดนตรี	27
แคโรลิน	27
นานเท่าไหร่	27
กี่โมง	27
อย่างกับ	27
คอง	27
โรรี่	27
สิบโท	27
ในความฝัน	27
เพลย์บอย	27
เจ๊	27
แล้วไปซะ	27
มีใครอีกไหม	27
เดี๋ยวผมจัดการเอง	27
ฉันจะออกไป	27
ในนามของพระเจ้า	27
ช่างมันเถอะน่า	27
ผมรู้จักเขา	27
จีวู	27
เสียใจค่ะ	27
พ่อคนฉลาด	27
ได้โปรดเถิด	27
เพราะเหตุนี้	27
ไปดีกว่า	27
ยังอยู่รึเปล่า	27
ที่สุดแล้ว	27
มันไม่ง่ายเลยนะ	27
พวกนายเป็นใคร	27
แผนอะไร	27
ขอให้มีความสุขนะ	27
เพศหญิง	27
นี่ผมนะ	27
ฮาย	27
ข้าอยู่นี่	27
บวกกับ	27
สปริง	27
เรื่องอะไรครับ	27
นักสืบคัง	27
ตอนเป็นเด็ก	27
หายใจออก	27
คุณนักเขียน	27
ยัตต้า	27
พืช	27
คาเร็น	27
วันพุธ	27
ด้านหลัง	27
เธอได้ยินฉันไหม	27
เราจะทำอย่างไร	27
มิค่า	27
เบตตี้	27
ซูนาโกะ	27
คุยเกี่ยวกับความรัก	27
แต่ที่แน่ๆ	27
ไปค่ะ	27
ลีจินซู	27
พวกเราไม่เป็นไร	27
พ่อเข้าใจ	27
เข้ามาสิคะ	27
เสียงปรบมือ	27
พบกับ	27
ต้องการเธอ	27
แกน่ะ	27
เขาว่าไง	27
ขอโทษจริงๆค่ะ	27
ฉันกำลังมองหา	27
ฉันไม่ได้พูดอย่างนั้น	27
พวกเธอทุกคน	27
ชูการ์	27
ออว์ซัม	27
คุณคิดอย่างนั้นเหรอ	27
เพเนโลปี	27
มาซามุเนะ	27
และนั้น	27
มอร์เดร็ด	27
เขาเป็นคนดีนะ	27
ตอบฉันสิ	27
แต่ก่อนหน้านั้น	27
เพียงคนเดียว	27
ก็เหมือน	27
มองไม่เห็น	27
ทำเดี๋ยวนี้	27
ขอโทษเรื่องอะไร	27
ประหลาดใจ	27
ใครบอกเธอ	27
เอไลซ่า	27
ว่าฉันเป็นใคร	27
ผมสีน้ำตาล	27
นับจากนี้ไป	27
คุณมีปัญหาอะไร	27
อะไรทำให้คุณคิดว่า	27
หิวมั้ย	27
เป็นคุณ	27
อยู่ในความสงบ	27
ระวังตัวไว้	27
ทริสตัน	27
เราต้องรีบออกไปจากที่นี่	27
โคสุเกะ	27
น่าจะใช่นะ	27
คุณได้ยิน	27
เรื่องที่เกิดขึ้น	27
ซีเรียส	27
ไม่ชอบ	27
รัฐมนตรี	27
ยอมรับมัน	27
ดีดี	27
จะไปเดี๋ยวนี้	27
อย่ายุ่งกับเขา	27
มันยังไม่สายเกินไป	27
ผมยังไม่รู้	27
อย่าไปสนใจ	27
กว้าง	27
สเลเตอร์	27
เหมาะสม	27
ประชุม	27
ว่าคุณ	27
อาทิตย์ที่ผ่านมา	27
ซออึนยอง	27
ความ	27
ฉันจะบอกนาย	27
สมัย	27
ตกหลุมรัก	27
เข้ามาในนี้	27
ในยุค	27
เรื่องของเรา	27
จ่ายมา	27
ในคุก	27
แม้	27
นี่มันไม่ใช่	27
ไม่มีทางที่	27
เช้าวันนี้	27
เปล่านิ	27
อีกนะ	27
ก๊อด	27
พันล้านปี	27
เครื่องประดับ	27
รอยสัก	27
ฟิลล์	27
แบ	27
มันไม่ใช่อย่างที่คุณคิด	27
ย้า	27
แคมป์	27
ฉันมีลูก	27
ฟรีแมน	27
ชาร์ลอต	27
ฉันมีบางอย่าง	27
บอกซิ	27
อย่างนั้นแหล่ะ	27
ผมจำได้แล้ว	27
คีน	27
โทรกลับด้วย	27
วันหยุด	27
ผมรักคุณมาก	27
และขอบคุณ	27
พู	27
ฉันสบายดีค่ะ	27
จองอิน	27
ที่ดิน	27
สั่ง	27
นายว่าอะไรนะ	27
ควอน	27
ตน	27
วีเลอร์	27
ทำไมถึง	27
ห้องที่	27
เราเป็นครอบครัวเดียวกัน	27
เคส	27
ครั้งต่อวัน	27
ชก	27
ซัม	27
อัลฟา	27
บล็อค	27
ฮาร์วาร์ด	27
เดือนแล้วนะ	27
วัย	27
คุณจะทำ	27
แพทย์	27
แฮ	27
ห่างไป	27
ตอนฉัน	27
นาทีที่ผ่านมา	27
แรก	27
กิบบส์	27
บีบี	27
แอ	27
ฮอดจิ้น	27
เบลีย์	27
ต้องมีสิ	26
กรกฎา	26
ทั้งสองคนเลย	26
ตามใจคุณ	26
ไร้เดียงสา	26
ไคยีลี	26
ใส่นี่ซะ	26
มีใครอยู่มั๊ย	26
เสื้อ	26
เห็นนั่นไหม	26
ทำไมคุณอยู่ที่นี่	26
รายงานด้วย	26
งั้นไปกัน	26
ดีขึ้นมั้ย	26
รอตรงนี้นะ	26
เกียนวู	26
ขอมือหน่อย	26
เซ็ท	26
ถอยหน่อย	26
เจ้าโกหก	26
อาร์เคเดีย	26
เอ๊บ	26
คุณต้องเชื่อผมนะ	26
แค่นั้นเองเหรอ	26
ลึกๆ	26
ฉันไม่ได้บอกว่า	26
นั่งซิ	26
ขนาดใหญ่	26
เก็บไว้เถอะ	26
ไม่มีอะไรต้องกลัว	26
คิดอีกที	26
คุณต้องช่วยผม	26
เคเลป	26
เธอหมายความว่า	26
แสดง	26
โอ้พระเจ้าช่วย	26
มาดอนน่า	26
นายมาสาย	26
เอ๋อ	26
เชอร์ลอค	26
ท่านผู้พิพากษา	26
มันสวย	26
นั่นอะไรหน่ะ	26
นี่ภรรยาผม	26
ใข่	26
เมลวิน	26
ออสเตรเลีย	26
เขาเปล่า	26
คุณมาที่นี่ได้ยังไง	26
ฉันจะตาย	26
ไอร์แลนด์	26
ขอบใจน่ะ	26
มีใครให้	26
เจ้าของร้าน	26
สองวันก่อน	26
หมดกัน	26
นั่งเถอะ	26
เราต้องหยุดเขา	26
มิชา	26
รับโทรศัพท์สิ	26
สิ่งที่ฉันต้องการ	26
แล้วเจอกันใหม่นะ	26
ส่วนเจ้า	26
ผมว่าไม่นะ	26
ส่งมานี่	26
หมายเลขที่ท่านเรียกไม่สามารถติดต่อได้ในขณะนี้	26
รอนี่	26
เฮอร์ลี่	26
ไงค่ะ	26
เธอเป็นคนเดียว	26
นั่นก็ด้วย	26
ไม่มีทางเลย	26
เอลวิน	26
ไอโกะ	26
ลีอาห์	26
ดีทีเดียว	26
ที่สุดในโลก	26
ช่างโชคร้าย	26
คงไม่ใช่	26
เธอต้องทำ	26
ที่ไหนคะ	26
ยูจู	26
เราจะไปจากที่นี่	26
และถ้า	26
เราเลิกกันเถอะ	26
ยูโน	26
ใช่ผมรู้	26
คิดถึงฉันไหม	26
ไอซ์	26
เรื่องไร้สาระ	26
เราถึงแล้ว	26
น้องสาวฉัน	26
พระสนม	26
พ่ออยู่ไหน	26
หรอกหรือ	26
เห็นได้ชัดเลย	26
ผมไม่รู้นะ	26
พวกเขาต้องการ	26
ท่านเป็นใคร	26
ฆ่ามันให้หมด	26
ถ้าไม่มีเขา	26
สมมติว่า	26
เธอน่ารักจัง	26
ไม่หนิ	26
ลิ้น	26
คุณถูกจับ	26
นายถูกไล่ออก	26
ยานลำนี้	26
ออกไปจากที่นี่เดี๋ยวนี้	26
เช่นเดียวกับคุณ	26
มีบางอย่างไม่ถูกต้อง	26
นั่นก็เพราะว่า	26
โฮชิโนะ	26
เอาอย่างนี้	26
โกเอม่อน	26
ชอบคุณ	26
นี่จริงจังนะ	26
คุณเข้าใจผิด	26
วางมันลงซะ	26
มัด	26
เจ้ากำลังทำอะไร	26
การเดินทาง	26
เข้ามาเถอะ	26
แฮะ	26
จูล	26
ทุกอย่างเรียบร้อยดีนะ	26
ฮาร์วี่ย์	26
คนของ	26
คุณไม่จำเป็นต้องทำแบบนี้	26
ฉันอิ่มแล้ว	26
คุณคงเป็น	26
ใช่แล้วละ	26
มันเป็นเรื่องใหญ่	26
คอลลอน	26
และในตอนนี้	26
คิมทัน	26
มหาสมุทร	26
ขอโทษจ้ะ	26
เชื่อมั้ย	26
มันเป็นจริง	26
สเต็พฟอร์ด	26
คุณเห็นอะไรบ้าง	26
ควีนส์	26
ไม่ใช่ความผิดของคุณ	26
ผมไปนะ	26
โอลี่	26
ผมจะทำเอง	26
เอางี้มั้ย	26
คุณมาทำบ้าอะไรที่นี่	26
ขอแนะนำ	26
ไม่เคยมี	26
ทำไมไม่ล่ะ	26
ผู้เชี่ยวชาญ	26
ราตรีสวัส	26
เธอต้องไป	26
ดวงดาว	26
คันนะ	26
คุณรู้มัย	26
บิ๊กไมค์	26
ไม่ต้องห่วงหรอกน่า	26
ลอร์ดสตาร์ค	26
อะไรอีกละ	26
บอกที	26
ฮานี	26
คุณได้ยินฉันมั้ย	26
คุณล้อเล่นรึเปล่า	26
ใช่มั๊ยคะ	26
รู้ไหมทำไม	26
หมายเลขที่ท่านเรียก	26
หนูไม่	26
โปรดอยู่ในความสงบ	26
ระบบรักษาความปลอดภัย	26
อโศกา	26
หัวใจของฉัน	26
ไม่ถูกต้อง	26
โดยส่วนตัวแล้ว	26
ดูเหมือนจะเป็น	26
นี่อะไรเหรอ	26
เมื่อเร็วๆ	26
น้องๆ	26
พักผ่อนซะ	26
คุณทำอะไรของคุณ	26
จัดการได้	26
จอฟฟรีย์	26
สูญเสีย	26
สวัสดีจ้า	26
โดโรที	26
โอเคๆๆ	26
ฉันก็รู้	26
รูปนี้	26
สด	26
แล้วจะทำไม	26
มากไปแล้ว	26
เขาเป็นคนที่	26
ในโรงพยาบาล	26
คนนั้นแหละ	26
มิคิโอะ	26
บีเชอร์	26
เต็มที่เลย	26
ซับซ้อน	26
นี่ทุกคน	26
คุณโกลด์	26
ซิดนี่ย์	26
อากิ	26
เขาไม่เป็นไรหรอก	26
ฉันรู้จักนาย	26
ฉันคงตายไปแล้ว	26
ฉันจะดูแลเธอเอง	26
ผมอยากคุยกับคุณ	26
ใครเนี่ย	26
ผมสัญญาว่า	26
เรียวสุเกะ	26
แกอยู่ที่ไหน	26
เป็นมิตร	26
ทว่า	26
ค่อนข้าง	26
ใช่ม้า	26
นั้นล่ะ	26
ขยับไป	26
ไม่ได้ๆ	26
จับมือกัน	26
ช่วยด้วยค่ะ	26
แหงละ	26
คุณเอง	26
เหลืออีกแค่	26
ผมไม่เป็นไรหรอก	26
เธอพูดเรื่องอะไรน่ะ	26
รอแปปนะ	26
จนกระทั่งวันนี้	26
มันรู้สึกยังไง	26
น่าเศร้านะ	26
พูดถึงเรื่องนี้	26
วีรบุรุษ	26
แอนสัน	26
พวกเราไม่รู้	26
ขอบคุณมากๆครับ	26
เกรทเชน	26
ยิปปี้	26
พลเรือน	26
คัดลอกที่	26
มันเปลี่ยนไปแล้ว	26
ไอ้คนเลว	26
หน่วยสืบราชการลับ	26
โรลดี้	26
ทั้งสิ้น	26
ท้ายสุด	26
เซดี้	26
แล้วแกล่ะ	26
มันไม่ตลกนะ	26
อ้าาาา	26
มันไม่ใช่เรื่องของคุณ	26
เป็นไงกันบ้าง	26
อย่างฉัน	26
มันคือความมึนเมา	26
คุณจะได้รับ	26
โอ๊ยยย	26
ไปได้สวย	26
ไม่ใช่รึไง	26
ทุกอย่างไปได้สวย	26
ซาบรีน่า	26
ชิบะซัง	26
หนูเข้าใจ	26
ยิงเขา	26
คับ	26
นายพูดว่าอะไรนะ	26
คุณคิดผิด	26
คุณทำแบบนี้ไม่ได้นะ	26
เก็นจิ	26
แฟร์	26
เราต้องคุยกันนะ	26
เอาเลยๆ	26
พักก่อน	26
ฮาเลลูย่า	26
เธอพูดถูกนะ	26
เขาถูก	26
อาเนะโกะ	26
ไม่ผ่าน	26
นายเป็นคนดี	26
ถ้าไม่อย่างนั้น	26
น่าสนใจจริงๆ	26
วู้ดเซ่น	26
แต่คุณรู้มั้ย	26
เซรีนา	26
ก็อาจจะนะ	26
คามูอิ	26
เทรวิส	26
วัฒนธรรม	26
เธอไปไหน	26
พร้อมกับ	26
ได้ฮะ	26
ลูกอม	26
ขึ้นรถเร็ว	26
แอร์โรว์	26
วิ่งหนีไป	26
เร็วขึ้นอีก	26
เกาะไว้นะ	26
พูดความจริง	26
แมทตี้	26
ขอบคุณที่แวะมา	26
พวกบ้า	26
ไม่ตลกเลย	26
ไม่ตาย	26
ฉันรู้สึกไม่ดีเลย	26
คุณคืออะไร	26
อย่าจับ	26
แกพูดอะไร	26
ฉันเดา	26
ลองดูนะ	26
ลูกเอ๋ย	26
ชินฮวา	26
โดยปกติ	26
ไม่ขอบคุณ	26
แพดเม่	26
ทนไว้	26
ตอนเที่ยงคืน	26
เขาต้องการฉัน	26
ฉันโกรธ	26
ใช่มัยค่ะ	26
แม็กเคลน	26
รู้สึกไหม	26
แฟนฉัน	26
ไม่ว่าจะเป็นอะไร	26
อย่าทำแบบนั้นสิ	26
ให้ใคร	26
น่ะหรือ	26
ฉันรู้ว่าเกิดอะไรขึ้น	26
สงครามโคลน	26
นี่สำหรับเธอ	26
ตั้งใจฟังนะ	26
เด็กพวกนั้น	26
เธอถูกไล่ออก	26
พระบุตร	26
ใครจะรู้ล่ะ	26
เธอคิดอะไรอยู่	26
ไอศครีม	26
นายไม่เป็นไรใช่มั้ย	26
เราต้องหนี	26
เร็วกว่านี้	26
ส่งข้อความ	26
ข้าทำได้	26
ตื่นแล้วเหรอ	26
ซอน	26
แต่ฉันไม่รู้ว่า	26
นายเป็นอะไรมั้ย	26
ม่ายยย	26
ทุกอย่างที่เกิดขึ้น	26
คงไม่หรอก	26
ไอส์แลนด์	26
ฟังข้า	26
นายคิดว่ายังไง	26
ฉันควรทำไงดี	26
ผมช่วยคุณไม่ได้	26
คอยดูละกัน	26
เหมือนเมื่อก่อน	26
หายนะ	26
ผมกลัวว่า	26
เดียวนี้	26
ในนิวยอร์ค	26
แล้วพ่อล่ะ	26
เอ่อใช่	26
ปล่อยชั้น	26
ลูกพีช	26
ในรัศมี	26
ตลอดเวลาเลย	26
ธอร์	26
ไม่มีทางเป็นไปได้	26
ผมบอกคุณไม่ได้	26
กลับเถอะ	26
ตั้งแต่นี้เป็นต้นไป	26
คินิเยน	26
ไปต่อเถอะ	26
สตีวี่	26
ลองดูนี่สิ	26
มะเขือเทศ	26
ไลท์นิ่ง	26
เป็นที่	26
เร็วหน่อยสิ	26
ผมชัค	26
เธอพูดถึงอะไร	26
ตั้งแต่นั้น	26
อัลม่า	26
พ่อเธอ	26
หมดเลย	26
เทคนิค	26
ฉันจะช่วยนายเอง	26
ฉันไม่มีอะไรจะพูด	26
นายกำลังจะไปไหน	26
ฉันได้มาแล้ว	26
ท้ายที่สุดแล้ว	26
มันแน่อยู่แล้ว	26
เราไม่มีเวลามาก	26
แต่ไม่ใช่แบบนี้	26
อุซางิ	26
คุโด้	26
โดน	26
พ่อของเขา	26
ถูกไล่ออก	26
โบรา	26
นักการเมือง	26
นั่นด้วย	26
เขาไม่เคย	26
อย่าพูดนะ	26
คนนั่น	26
ห้องสมุด	26
เซริซาวะ	26
ผมไม่รู้ว่าเกิดอะไรขึ้น	26
เอาละทุกคน	26
เราอยู่ตรงนี้	26
ใช่เลยครับ	26
มิสซิส	26
งานเข้าแล้ว	26
พ่อข้า	26
อยู่ไหม	26
จอส	26
ถ้าคุณทำไม่ได้	26
ไชรอน	26
ฉันไม่ได้พูด	26
ในบ้าน	26
ได	26
ฟิต	26
ไรนะ	26
มาแชล	26
นั่นมันเยี่ยมมาก	26
แกลลอน	26
คุณทำได้ไง	26
ทริป	26
วู๊	26
ผมไม่ชอบเลย	26
ด้วยครับ	26
พระเจ้าคุ้มครอง	26
ยิว	26
ห่างออกไป	26
แอบเห็น	26
อย่างช้าๆ	26
สไปเดอร์	26
เหลือเวลาอีก	26
เหตุการณ์หมดสติ	26
วันแรก	26
มิแรนดา	26
คลอส	26
สามสิบ	26
ด้วยค่ะ	26
คุณอายุ	26
ไร	26
ชั่วโมงต่อวัน	26
สตีเวนส์	26
ก่อนที่จะ	26
ผู้	26
กฎข้อที่	26
วิลเลียมส์	26
เรโนลด์	26
แวนซ์	26
สัปดาห์ที่ผ่านมา	26
ครั้งแล้วนะ	26
ขั้นที่	26
ต่อวัน	26
อิท	26
ไ	26
จม	26
ไม่ต้องอายหรอก	25
อยู่ไหนน่ะ	25
ว๊าย	25
ทำไมกันล่ะ	25
ผู้กองครับ	25
คุณทำแบบนั้นไม่ได้	25
สู้มัน	25
ไปหาอะไรกินกันเถอะ	25
ทำอย่างไร	25
ข้าวบาร์เลย์	25
คุณสบายดี	25
แฟร๊งค์กี้	25
ฉันรู้สึกไม่ดี	25
ฉันลืมไปเลย	25
กลัวอะไร	25
น้องใหม่	25
ต้องมี	25
เท่าไหร่ครับ	25
ฉันควรจะไป	25
แถวตรง	25
ฆาตรกร	25
ต้องการความช่วยเหลือ	25
มากๆเลย	25
ยูกิโนะ	25
คืนวันศุกร์	25
ผมล้อเล่น	25
เรื่องทั้งหมดนี้	25
ทาเคมิจัง	25
สิบสอง	25
นอราห์	25
คุณทำได้แล้ว	25
แมมมอท	25
เรียบร้อยครับ	25
ดูดีมากเลย	25
อย่างที่ฉันพูด	25
พ่อหนุ่มน้อย	25
แม่กับพ่อ	25
อนิต้า	25
สปีด	25
ฉันจะเรียกตำรวจ	25
งั้นเอาเลย	25
คุณอยู่นี่	25
ก็คงอย่างนั้น	25
ทูรอฟ	25
เจ้าหน้าที่รอสซี่	25
แต่งตัวซะ	25
จองวอน	25
แล้วคุณมาทำอะไรที่นี่	25
ฉันต้องขอโทษจริงๆ	25
อ๊ากกกก	25
ฮเยนา	25
เหล็ก	25
ทำให้แน่ใจว่า	25
เธอมาที่นี่	25
ตอนที่ฉัน	25
ฟิลด์	25
หยุดตรงนั้นนะ	25
มีสมาธิหน่อย	25
ตอนนี้เขาอยู่ไหน	25
ไม่กลัว	25
ผมก็ไม่แน่ใจ	25
มันเป็นเรื่องดี	25
อีกมากมาย	25
ริเวอร์ส	25
หายากมาก	25
ตอนนี้เขาอยู่ที่ไหน	25
ขอกำลังเสริม	25
นี่เพื่อนฉัน	25
หรืออย่างน้อย	25
ที่สอง	25
แหยะ	25
ไม่เลยเหรอ	25
เริ่มกันเถอะ	25
ฉันไม่ทำหรอก	25
ลูกชายของ	25
สลิม	25
เกิดอะไรขี้น	25
ฮัก	25
แพท	25
โฮราชิโอ้	25
ช็อค	25
เกิดอะไรขึ้นงั้นเหรอ	25
เพื่อนร่วมห้อง	25
แต่ผมรู้	25
กูมิโฮ	25
เธออยู่นั่นไง	25
ขอความช่วยเหลือ	25
ยอริก	25
อยู่ตรงนั้นนะ	25
มองไม่เห็นอะไรเลย	25
เขาเป็นใครกัน	25
คุณต้องไปแล้ว	25
เก็บ	25
ไม่เคยค่ะ	25
เพล	25
นายทำได้ดีมาก	25
แม้แต่ตอนนี้	25
ร้านกาแฟ	25
คนคนนั้น	25
ทาเครุคุง	25
ลงมานี่	25
ติ๊กต๊อก	25
อยู่ด้วย	25
หนูว่า	25
ใจเย็นๆไว้	25
อยากตายรึไง	25
เฮ้เฮ้เฮ้	25
เบาหน่อย	25
ผมรับรอง	25
ฉันก็รักเธอเหมือนกัน	25
ข้างๆ	25
ฉันจะโทรหาเธอ	25
แทรา	25
ฉันสาบานต่อพระเจ้า	25
ระวังด้วยล่ะ	25
ฮิโร	25
อิจฉา	25
ออโต้บอท	25
เข้าใจแล้วนะ	25
ทำอะไรก็ได้	25
คุณรู้หรอ	25
บันจัง	25
มาก่อนเลย	25
เมอร์เรย์	25
บอกฉันมาซิ	25
กับเพื่อน	25
มอซ	25
เมียผม	25
พะยะคะ	25
ฟิลลิส	25
เชื่อได้เลย	25
มาร์ลีน	25
ดีเร็ก	25
ผึ้ง	25
หนึ่งชั่วโมง	25
คำพูด	25
แบบนี้นะ	25
ถ้าหมายเลขคุณปรากฎ	25
ซังมิน	25
คิดให้ดี	25
ไม่ว่าใครก็ตาม	25
อยู่กับผมนะ	25
ตื่นเต้นจัง	25
มันไม่จริงหรอก	25
โปรดฝากข้อความไว้	25
ก้มต่ำไว้	25
ส่วนที่เหลือ	25
ดราก้อน	25
คุณเวนย์	25
โต้คลื่น	25
บอกลา	25
โดยพื้นฐานแล้ว	25
รับรองได้	25
ฉันมีคุณ	25
ดูเหมือนอย่างนั้น	25
สก๊อตตี้	25
ฉันจะกลับไป	25
ที่ซึ่ง	25
เดี๋ยวฉันไป	25
ฉันก็คิดเหมือนกัน	25
ยิ้มสิ	25
แย่หน่อย	25
มองตาฉัน	25
นายพูดว่าไงนะ	25
ใช่หรอ	25
เธอรู้นี่	25
เกิดเรื่องใหญ่แล้ว	25
เธอทำไม่ได้หรอก	25
โทษทีนะครับ	25
มันมืดมาก	25
ทุกอย่างจะไม่เป็นไร	25
กาแฟมั้ย	25
ตรงกันข้ามเลย	25
ใครหน่ะ	25
ยูจิน	25
ตูโก้	25
แต่ในทางกลับกัน	25
ไม่ใช่ตรงนั้น	25
เธอมาทำอะไร	25
นี้อะไร	25
คิดดูซิ	25
เงินเหรอ	25
ดูหน่อย	25
แต่เมื่อ	25
แพนเค้ก	25
เฮ๊ย	25
เฟลทเชอร์	25
ฉันก็ว่างั้นแหละ	25
มีผู้ชายคนนึง	25
ช็อคโกแลต	25
น่าอร่อยจัง	25
ท่านนายกเทศมนตรี	25
เครเว็น	25
ว่ายังไงล่ะ	25
แย็บ	25
ปาฏิหาริย์	25
เจ็บรึเปล่า	25
ตั้งใจฟัง	25
แกทำงานให้ใคร	25
และความรัก	25
อ่าาาา	25
สดใส	25
รอด้วยสิ	25
โอจิไอ	25
เราจะกลับบ้านกัน	25
เห็นอะไรไหม	25
ที่แห่งนี้	25
ถ้าฉันทำได้	25
สวัสดีปีใหม่	25
รัชทายาทรอง	25
นิวเคลียร์	25
พระเยซูเจ้า	25
ตอนที่ฉันยังเด็ก	25
มันยากที่จะอธิบาย	25
ลงมาเถอะ	25
คีย์	25
นังแม่มด	25
ริกส์บี้	25
น่ารักดีนะ	25
หุปปาก	25
มาม๊า	25
นับถอยหลัง	25
อีกา	25
คุณกำลังจะพูดอะไร	25
แล้วรู้มั้ย	25
แล้วจะเกิดอะไรขึ้น	25
บริดเจ็ท	25
ช่วงเวลานี้	25
วินส์ตัน	25
หม่อมฉัน	25
คุณชอบมั้ย	25
คุณบราวน์	25
พวกเขาทำ	25
แทคยอง	25
ลิตเติ้ลทรี	25
ไม่เป็นไรใช่มั๊ย	25
อู้ว์	25
เจ๋งมากเลย	25
เธอบ้าไปแล้วเหรอ	25
ระวังตัวให้ดี	25
ปล่อยข้านะ	25
เธออยู่ไหนน่ะ	25
ปิดประตูซะ	25
เจ็บไหม	25
ไปเที่ยว	25
กินข้าว	25
แกมัน	25
รักลูกนะ	25
รถมาแล้ว	25
ฉันมีความรู้สึกว่า	25
จำไม่ได้หรอ	25
จำได้ว่า	25
มันอร่อย	25
นั่นแหละเขา	25
เพททริลี่	25
อือหึ	25
โทระจัง	25
แมเรี่ยน	25
นั้นอะไรน่ะ	25
ซีดีโอ	25
เอาละครับ	25
ร้ายกาจ	25
แป๊ปนึง	25
โดยเร็วที่สุด	25
ดาโกต้า	25
ฉันอยากคุยกับคุณ	25
เกิดอะไรขึ้นกับผม	25
ไรวะ	25
เกอดา	25
รู้จักไหม	25
อย่างเดียว	25
ถูกตัอง	25
โอโตยะ	25
เขาเป็นไง	25
ไอ้ขี้โกง	25
จะให้ฉันทำยังไง	25
พวกเขาตายหมดแล้ว	25
นั้นใคร	25
คุณคิดผิดแล้ว	25
กรงเล็บ	25
ฆาตกรต่อเนื่อง	25
นี่ลูก	25
มันไม่มีหรอก	25
มันยังอยู่	25
เสด็จย่า	25
เลนี่	25
น่าเสียดายจริงๆ	25
ไอ้หมอนั่น	25
เรื่องใหญ่	25
นั่นหล่ะ	25
เชยอง	25
สวน	25
ออกไปเดี๋ยวนี้เลย	25
เอริกะ	25
โร้ค	25
แม่ทัพ	25
ตาทึ่ม	25
ไม่ชอบเหรอ	25
นายทำอะไรอยู่น่ะ	25
ทามากิ	25
ไป๊	25
ตามด้วย	25
ความเป็นจริง	25
เพื่อนของเรา	25
อย่าแตะต้องเธอ	25
ไม่เห็นรึไง	25
ยินดีจ้ะ	25
ฉันเคยเห็น	25
มันขึ้นอยู่กับคุณ	25
คุณได้ยินฉัน	25
อย่าไปสนใจเลย	25
เครื่องมือ	25
มันห่วย	25
เรารักคุณ	25
ไม่ใช่อีกต่อไปแล้ว	25
จะว่าอะไรมั้ย	25
ทำตามที่เขาบอก	25
มันอยู่ใน	25
ประทานโทษครับ	25
เอาออกมา	25
หน่อยได้ไหม	25
หน่อยๆ	25
จอซ	25
ตาฉันแล้ว	25
นี่มันบ้าแล้ว	25
เธอต้องการความช่วยเหลือ	25
มันไม่ใช่ความผิดคุณ	25
ผมขอแนะนำ	25
เที่ยวให้สนุกนะ	25
นายทำไม่ได้	25
เราคุยกันแล้ว	25
ชู่วววว	25
เราจะไม่	25
แต่มันเป็น	25
ช่วยเขาด้วย	25
อเดล	25
คุณก็รู้ดี	25
ล่อๆ	25
เมอร์เซอร์	25
อารมณ์	25
ในประเทศนี้	25
ลอเรนโซ	25
คุณจิมมี่	25
มูลค่า	25
เขาหนีไปได้	25
เธอเป็นอะไรน่ะ	25
ผมคิดว่าอย่างนั้น	25
ฉันควรจะทำยังไง	25
ไซเลอร์	25
เขาโอเค	25
ห้องครัว	25
แบบนี้แหละ	25
แม่อยู่นี่	25
นอนซะ	25
ฉันอยากทำ	25
ในชีวิตฉัน	25
อย่าฆ่าฉันเลย	25
เหมือนเคย	25
บอกข้า	25
ชิฮิโร่	25
คุณโอทาเกะ	25
ชายผิวขาว	25
รุก	25
มิสซี่	25
อามาคุสะ	25
ดูแลตัวเอง	25
ลุกขึ้นเถอะ	25
ไม่ได้แปลว่า	25
กลับมาเดี๋ยวนี้	25
ตราบเท่าที่	25
เพราะมัน	25
โดนัล	25
ลัคกี้	25
ดิเรค	25
ไอ้เด็กเวร	25
ตอนเด็ก	25
ยองชิน	25
มันงี่เง่า	25
ผมตัดสินใจแล้ว	25
ริสะ	25
สีชมพู	25
มาโดยตลอด	25
มันหนีไปแล้ว	25
แซ็ค	25
ทานให้อร่อยนะครับ	25
ดอนเนลลี่	25
พูดเป็นเล่นน่า	25
คิดว่าไม่	25
แต่เปล่าเลย	25
เอ็มเจ	25
เอาหน่า	25
นังตัวดี	25
ดันมาสิ	25
สมาชิก	25
คุณบอกผมสิ	25
มาตี้	25
บันไซ	25
เคนอิจิ	25
มาริก้า	25
โฮมส์	25
ฉันชอบเธอนะ	25
ฉันทำไปแล้ว	25
ฉันจะออกไปข้างนอก	25
ซูกี้	25
ไม่พอ	25
เธอจ๋า	25
คนขี้ขลาด	25
คนบาป	25
ทรยศ	25
นายมาทำบ้าอะไรที่นี่	25
บริดจ์	25
กำลังเสริม	25
ถ้าโชคดี	25
หลับตาลง	25
มืออาชีพ	25
ตายแน่ๆ	25
งานเลี้ยง	25
โอริซัง	25
มันเป็นอย่างไร	25
รักษาตัวนะ	25
อะไรเลย	25
พาร์สัน	25
นายทำอะไรนะ	25
มูรยอง	25
ฟังดูน่าสนุก	25
ทุกคนครับ	25
มาสนุกกัน	25
มันหนาวนะ	25
คุณจะว่าอะไรไหม	25
นี่มันบ้าอะไรกันเนี่ย	25
จับเธอ	25
เขาน่ารักมาก	25
คาสเซนดร้า	25
คุณรู้หรือไม่	25
พี่เลี้ยงเด็ก	25
มาตกลงกัน	25
ไม่มีปัญหาอะไร	25
เราจะกลับไป	25
นี่คือสิ่งที่	25
รวม	25
ไม่เลวนะ	25
ไม่ได้ทำอะไร	25
เท่าที่ฉันจำได้	25
คุณกำลังจะตาย	25
บนพื้น	25
บอกฉันมาเถอะ	25
ใครบอกคุณ	25
เธอมีปัญหาอะไร	25
น้องรัก	25
ไอ้ขี้แพ้	25
เข้ามาใกล้ๆ	25
คุณแน่ใจนะว่า	25
เข้าใจผิดแล้ว	25
ต่อสิ	25
เธอจะบ้าเหรอ	25
ช่างแม่งเหอะ	25
หรือตาย	25
เล่าต่อสิ	25
ผมเสียใจจริง	25
คุณไม่รู้หรือ	25
ธอมสัน	25
ซาง	25
หมด	25
เจ้าสาว	25
เจ้าบ่าว	25
เซด	25
และพวกเรา	25
ให้เวลา	25
ผมพยายามอยู่	25
ท่านซากาโมโตะ	25
เฮกเตอร์	25
บางส่วน	25
อุโมงค์	25
หลีกไปให้พ้น	25
ใช้มัน	25
เธอรู้มั้ยว่า	25
เดี่ยวนะ	25
คริสต์	25
อีกเหรอ	25
สิ่งที่ฉันทำ	25
บางทีอาจจะ	25
สาธุคุณ	25
เหยื่อรายที่	25
โฮลเด้น	25
คือเรา	25
สามีคุณ	25
คดีนี้	25
บราซิล	25
การ์ธ	25
อดทน	25
อยู่กับฉันนะ	25
ปู่ครับ	25
และมันก็	25
เคนเนดี้	25
ห้องนี้	25
การฆ่า	25
กอด	25
ก็เพราะคุณ	25
คร้าบ	25
ลิน	25
เร็วไป	25
โอไบรอัน	25
เราหรอ	25
ดิแอซ	25
มาค่ะ	25
นั่นก็ใช่	25
โคลัมเบีย	25
กับพ่อ	25
กลับมาหาฉัน	25
ชูว	25
ไหมคะ	25
ที่อเมริกา	25
แต่พ่อ	25
เวลาผ่านไป	25
ซ้ำ	25
อาคาร	25
เราก็	25
นาทีต่อมา	25
กระป๋อง	25
ยิน	25
นัง	25
อุ	25
ปล	25
แบนเนอร์	25
ฮัวเรซ	24
มันเป็นความผิดฉันเอง	24
มันอาจจะเป็น	24
นั่นไม่สำคัญ	24
แกจะทำอะไรน่ะ	24
รับไปซะ	24
แลนด์ดิ้ง	24
ล้านเหรียญครับ	24
มันเกี่ยวกับอะไร	24
เราต้องรีบ	24
ข้าไม่ไป	24
บอกข้าสิ	24
ดีใจที่เจอ	24
ช้าลง	24
โชจัง	24
แปลกใจ	24
ติดตาม	24
มาแล้วจ้า	24
เรากำลังจะตาย	24
เสียงไซเรน	24
แล้วคนอื่นล่ะ	24
ฮารุจัง	24
ฉันรับรอง	24
คุณล้อเล่นใช่ไหม	24
แล้วไงเหรอ	24
ในนามของ	24
งานอดิเรก	24
เขาเป็นยังไง	24
ไปหมดแล้ว	24
บายครับ	24
ต้องการมัน	24
เขาเป็นหมอ	24
ฉันบอกนายแล้วไง	24
แค่คิดว่า	24
ฉันกำลังจะบอกว่า	24
มีเหตุผลอะไร	24
บอกอะไรให้	24
โทรหาผมนะ	24
ใจเย็นเพื่อน	24
กับอะไร	24
นอนไม่หลับเหรอ	24
พระเจ้าทรงโปรด	24
ท่านย่า	24
จนถึงวันนี้	24
อย่างนี้นะ	24
เข้ามาแล้ว	24
ผมซาบซึ้งมาก	24
นายพูดอะไรของนาย	24
ฉันกลัวนะ	24
แค่นั้นก็พอแล้ว	24
มันมืด	24
หัวล้าน	24
คุณวิลสัน	24
อย่าลืมซะล่ะ	24
เชทิล	24
เยวอน	24
คุณไม่มีทางหาเราเจอ	24
ความสามารถพิเศษ	24
สักอย่าง	24
ฝาแฝด	24
สบายดีรึเปล่า	24
สักที	24
เมื่อเดือนก่อน	24
เพเนโลปี้	24
โ้อ้	24
มาเล่นกันเถอะ	24
สงบ	24
พุซ	24
จินยูโด	24
ขำ	24
คิกแอส	24
ซวย	24
จูดิธ	24
สามวันก่อน	24
ผมพอแล้ว	24
ฉันเรียกมันว่า	24
เหมือนอะไร	24
แกบี้	24
มาวอิ	24
แต่ก็ทำไม่ได้	24
เธอไม่อยู่	24
นั่นคือเขา	24
มันเป็นกฎ	24
ฉันมีความคิด	24
มาหลายปีแล้ว	24
นี่เป็นครั้งสุดท้าย	24
ออกอากาศ	24
เธอโอเค	24
และฉันก็คิดว่า	24
เบเกอร์	24
แต่ไม่ว่ายังไง	24
อัลวิน	24
น่าสนใจดีนี่	24
ฉันจะไปจากที่นี่	24
อึนโซ	24
ไม่ทราบค่ะ	24
อยู่กับเธอ	24
เมส	24
ผมเป็นเกย์	24
นั่นคือข้อตกลง	24
บีเอฟจี	24
กัปตันครับ	24
ฉันไม่ได้หมายถึง	24
นี่อะไรคะ	24
รอเดี๋ยวค่ะ	24
ไปให้	24
นายก่อน	24
โปรเจ็ค	24
คุณเข้าใจมั๊ย	24
เชื่อฉันซิ	24
แลง	24
มันเป็นของจริง	24
แมร์	24
มันผิดกฎหมาย	24
เห็นรึเปล่า	24
จ่าครับ	24
มันไม่ใช่ความฝัน	24
เขาไม่รู้หรอก	24
ไม่มีน้ำ	24
ล้อเล่นนะ	24
ปลาหมึก	24
บีเวอร์	24
ทำอะไรลงไป	24
ฉันชอบมันนะ	24
แฮปปี้เบิร์ดเดย์	24
เดินหน้าต่อไป	24
คาย่า	24
ไม่ค่อย	24
ทำอะไรของนายน่ะ	24
เดนนี่	24
ดังนั่น	24
นายรู้ไหมว่า	24
ไปที่ประตู	24
แต่ฉันทำได้	24
คาสเซิส	24
กาก้า	24
วิกกิน	24
ตัวตายตัวแทน	24
คามิลล่า	24
แค่จะบอกว่า	24
พวกเราไป	24
หวังว่างั้น	24
ผมไม่ได้ทำอะไรผิด	24
แน่ใจนะครับ	24
เพื่อนของผม	24
ครึ่งชั่วโมง	24
บ้านเลขที่	24
แล้วฉันก็คิดว่า	24
เพื่อปกป้องเธอ	24
มาริโอ้	24
ฟังนะทุกคน	24
ผมดีใจ	24
ถ้าเป็นคุณ	24
เกิดอะไรขึ้นในนั้น	24
บอกฉันด้วย	24
เขาเรียกมันว่า	24
ออสบอร์น	24
เปิดเดี๋ยวนี้	24
ความสิ้นหวัง	24
สัมผัส	24
โซนเศรษฐกิจพิเศษ	24
ดิ๊ค	24
มาเดี๋ยวนี้	24
ถูกทำร้าย	24
วีเวอร์	24
มันเยี่ยมจริงๆ	24
คุณเจออะไรบ้าง	24
แต่สำหรับ	24
เขาเป็นเพื่อนผม	24
คำตอบก็คือ	24
ดีเรค	24
อยู่สิ	24
โยกู	24
ซิตี้ฮันเตอร์	24
เมลิซ่า	24
สิ่งที่เกี่ยวกับ	24
เมอร์รี่คริสต์มาส	24
คุณทำแบบนี้ไม่ได้	24
ไม่สบายเหรอ	24
คุณทำอะไรอยู่น่ะ	24
เข้าใจอะไร	24
แจ๋วไปเลย	24
ยังเลยค่ะ	24
ฉันดูเป็นไงบ้าง	24
เท่าที่เห็น	24
อาจเป็นไปได้	24
โอวพระเจ้า	24
ถ้ามันเป็นเรื่องจริง	24
สมัยก่อน	24
จำ	24
อีนุ	24
นั่นใครเหรอ	24
ฟราน	24
กรุณาด้วยครับ	24
ไม่ใช่อย่างนั้นครับ	24
แซล	24
ดวงจันทร์	24
มาช่วยหน่อย	24
ฉันเคยเป็น	24
ฉันไม่รู้ว่าคุณพูดเรื่องอะไร	24
โดนยิง	24
ไนเจล	24
โธ่โว้ย	24
เรอิ	24
ทากุจิ	24
รู้สึกผิด	24
เขาต้องการความช่วยเหลือ	24
พ่อของนาย	24
เธอไม่เป็นไรแล้ว	24
ขอบอกว่า	24
ฉันต้องออกไปจากที่นี่	24
ไปไกล	24
ผมต้องคุยกับคุณ	24
สมมุติว่า	24
มึง	24
ความเศร้า	24
หยุดน่า	24
ผมจำได้ว่า	24
ฉันไปล่ะนะ	24
ไปเลยไป	24
แผนก	24
แต่ในตอนนี้	24
น้องสาวของฉัน	24
พวกเขาอยู่นั่น	24
โธ่เว๊ย	24
คลิก	24
ครับคุณผู้หญิง	24
นายได้ยินมั้ย	24
แกต้องการอะไรจากฉัน	24
ซิสเตอร์จู๊ด	24
กลอง	24
เธอต้องการฉัน	24
น่ะนะ	24
ฉันจะไปกับนาย	24
ดาร์ค	24
อาทิตย์นึง	24
คุณจะพูดอะไร	24
มันคุ้มค่า	24
ฉันรู้ว่ามันคืออะไร	24
ป๊า	24
พวกเขาสบายดี	24
เขาบอกผมว่า	24
พี่รู้ไหม	24
ซุนวู	24
ลดลง	24
เขาอยู่ตรงนี้	24
แต่ดูสิ	24
ตอนนี้นะ	24
ฮาเปอร์	24
ก็ด้วย	24
ซันไชน์	24
สปาร์ค	24
เจ้าบ้านี่	24
หลงตัวเอง	24
ฟอร์เรสท์	24
แกนั่นแหละ	24
คุณเอ่อ	24
ว่าฉัน	24
คุณมาทำอะไรตรงนี้	24
เสียงตะโกน	24
เข้าใจยัง	24
คางะ	24
เราโอเค	24
ทั้งหมดเลยเหรอ	24
เบลลิค	24
เราก็เหมือนกัน	24
ถ้ามันเกิดขึ้น	24
วันนี้วันอะไร	24
ชิซูกะ	24
ถ้าคุณตาย	24
มือสมัครเล่น	24
ๆเลย	24
ทำได้สิ	24
หลงทาง	24
ไม่มีศพ	24
ฉันคิดถึง	24
ไม่ว่ามันจะเป็นอะไรก็ตาม	24
แต่จากนั้น	24
รูปภาพ	24
เขาจะกลับมา	24
เกร๊ก	24
หามัน	24
เอามาจากไหน	24
น่ารำคาญชะมัด	24
ฉันมัน	24
ก็พอแล้ว	24
หรืออย่างอื่น	24
ฮิบิกิ	24
ฉันทำอย่างนั้นไม่ได้	24
พี่เบิ้ม	24
เกิดอุบัติเหตุ	24
นิชิดะ	24
มอร์ริสัน	24
ทำอยู่	24
เรียวมะ	24
ยูนิคอร์น	24
ต้องขอบคุณคุณ	24
ไม่ได้หรือ	24
แค่นาทีเดียว	24
เอาไว้ก่อน	24
มันเกิดขึ้นอีกแล้ว	24
แมงมุม	24
ภรรยาของเขา	24
เป็นสิ่งที่ดี	24
เธอดูดีนะ	24
กว่าศตวรรษแล้ว	24
พ่อก็รู้	24
นั่งเลย	24
เราต้องออกจากที่นี่	24
หันกลับมา	24
มอล	24
อริน	24
ไม่เห็นเลย	24
มันสำคัญด้วยเหรอ	24
ได้อะไรไหม	24
นักข่าวโซ	24
ฉันไม่แปลกใจเลย	24
ท่านเสนาบดี	24
ไ่ม่	24
จี้	24
เจ้าคือ	24
แดร็ก	24
ว่าเขาอยู่ที่ไหน	24
อย่าบ้าน่า	24
ฉันชอบเพลงนี้	24
ฉันอยู่ในนี้	24
เธอไม่ได้ทำ	24
ฉันอยากจะรู้	24
อีกสักครู่	24
โค้ชครับ	24
ฮาราดะ	24
สุขสันต์วันครบรอบ	24
มาแล้วหรอ	24
ฮอลลีวู้ด	24
เซฟิรอธ	24
โชคดีล่ะ	24
ซีวอน	24
เสียงเพลง	24
เมียจ๋า	24
ฉันคิดเสมอว่า	24
มันเป็นเรื่องที่ดี	24
คลินตัน	24
พอได้แล้วน่า	24
ฟาร์ม	24
ไม่เหมือนคุณ	24
มีอะไรให้ช่วยค่ะ	24
เชิญเข้ามา	24
ให้เขาไป	24
ลินเดอร์แมน	24
พอแล้วๆ	24
ไม่เจอเลย	24
คาร์เวอร์	24
ความมืด	24
มาเรียน	24
ทำไมเธอทำแบบนี้	24
ยัยหนู	24
เจ้าทำอะไรลงไป	24
ทำไมคุณไม่บอกผม	24
และดังนั้น	24
ไม่แล้วล่ะ	24
แล้วเราล่ะ	24
ก็ยุติธรรมดี	24
ใจเย็นครับ	24
ทำไมคุณถึงมาที่นี่	24
มีคุณ	24
แอนโธนี่	24
ผมพูด	24
รู้ไหมว่าทำไม	24
ไดสุเกะ	24
ก็จริงอยู่	24
คาเมลอต	24
สู้เค้า	24
แมนสัน	24
เราเป็นแค่เพื่อนกัน	24
มันช่วยได้	24
อแมนดา	24
ฉันช่วยคุณได้	24
ท่านอา	24
หนูอยากกลับบ้าน	24
เชอรี่	24
ร้านปิดแล้ว	24
โทรุ	24
บทบรรยายไทย	24
แอนโทเนีย	24
เจ้าตัวน้อย	24
ไม่ได้ยินเหรอ	24
ระวังไว้	24
ชั่วร้าย	24
ฉันประทับใจมาก	24
นานแล้ว	24
มันดูแปลกๆ	24
ทำอย่างนั้น	24
เธอโอเคมั๊ย	24
คาแมน	24
ฉันต้องขอโทษด้วย	24
เขาจะฆ่าฉัน	24
และอย่างที่สอง	24
หยุดรถเดี๋ยวนี้	24
ก็ดีเหมือนกัน	24
ผมไปนะครับ	24
เจ็บเหรอ	24
มืด	24
ผมจะลองดู	24
ใช่นะ	24
ดรูว์	24
เอามาให้ผม	24
ฉันต้องการเวลา	24
ฉันช่วยได้นะ	24
ถามว่า	24
ข้ากลัว	24
ฉันทำอะไรไม่ได้เลย	24
ฟรีโบ	24
ไพค์	24
ฉันไม่รู้จะพูดยังไงดี	24
พูดง่าย	24
นิวท์	24
ก้ม	24
ฟิกาโร	24
กล่าวไว้ว่า	24
ข้ามั่นใจ	24
เฮนเคิล	24
ลองใหม่	24
เวทมนต์	24
เอามันออกไปที	24
แทนเครดี้	24
ความต้องการ	24
ไม่ต้องสงสัยเลยว่า	24
อายูมิ	24
เธอนี่เอง	24
ตอนนี้เธออยู่ไหน	24
บอกมาเดี๋ยวนี้	24
ทางโทรศัพท์	24
ฉันต้องคุยกับคุณ	24
ที่หายไป	24
ไปทางไหน	24
ฉันภูมิใจในตัวเธอ	24
รหัสแดง	24
สิ่งที่คุณหมายถึงอะไร	24
ส่วนผม	24
ขอโทษเหรอ	24
เร็วน่า	24
ผมลาออก	24
จินตนาการ	24
เหยื่อชื่อ	24
ลีอา	24
แม่แค่	24
อย่างคุณ	24
ฉันแค่อยากจะ	24
ดไวท์	24
โชคดีจริง	24
ลีค	24
สเลด	24
และมี	24
นั่นแหละๆ	24
ไม่ดีกว่าค่ะ	24
ทุกอย่างเรียบร้อยแล้ว	24
จ่าย	24
เที่ยว	24
ตายไป	24
กรมตำรวจ	24
ได้รับบาดเจ็บ	24
มันเป็นกฏ	24
ม่ายย	24
ฉันตายแล้ว	24
สวีทส์	24
ที่ถูกต้อง	24
ถ้าไม่ใช่เพราะคุณ	24
มันรู้สึกเหมือน	24
เรียกตำรวจ	24
แดวุงอา	24
เเต่ว่า	24
มันก็จริงนะ	24
ตู้	24
คนส่วนใหญ่	24
ดีกว่านั้นอีก	24
โซอุน	24
ตัวประกัน	24
แต่แค่	24
ฉันได้รับ	24
นี้ล่ะ	24
โจลีน	24
ไม่ต้องขอโทษ	24
อือม	24
พี่ชายฉัน	24
วูฟ	24
เสียงนั่น	24
เรน่า	24
เฮ้าส์	24
ทิลแมน	24
มีอะไรที่	24
นั่นก็ถูก	24
อวกาศ	24
เปิดแล้ว	24
ฉันเพิ่งจะ	24
อีกด้วย	24
พริกไทย	24
ปีแล้วครับ	24
ลำดับ	24
เวย์	24
นาทีเท่านั้น	24
เส้น	24
ผู้ประกาศ	24
มีโอกาส	24
กู๊ด	24
แห่งนี้	24
ฐาน	24
ครั้งใน	24
พันเหรียญ	24
กว่าๆ	24
นาทีค่ะ	24
เจนนิ่งส์	24
วันเท่านั้น	24
แบรนแนน	24
ชูส	24
ไฟฟ์	24
โฮตตะ	24
ที่ร้าน	23
ลูกของคุณ	23
มันถูกต้อง	23
ฟลินท์	23
เขาบอกฉัน	23
แล้วนายละ	23
แล้วฉันก็	23
เข้าบ้าน	23
ในที่สาธารณะ	23
สีน้ำเงิน	23
เคาะ	23
หมู่	23
แล้วเราจะทำยังไงดี	23
โกบา	23
รีบไปสิ	23
นานเท่าไหร่แล้ว	23
โอดิน	23
เธอบริสุทธิ์	23
หลังจากนั้นไม่นาน	23
เรามีแผน	23
วีดีโอ	23
พยายามหน่อย	23
มันคืออะไรกัน	23
เด็กพวกนี้	23
มันไม่ใช่ว่า	23
ทานให้อร่อยนะคะ	23
จับมือ	23
ไอ้เวรนี่	23
เราจะไปที่ไหนกัน	23
เกลเลอร์	23
ไม่ใช่แค่นั้นนะ	23
กอนซาเลส	23
ให้ฉันช่วยอะไรไหม	23
คุณอยาก	23
แยงกี้	23
ไปเดี๋ยวนี้เลย	23
นะเพื่อน	23
ข้าแน่ใจ	23
มินัม	23
ผู้หญิงคนหนึ่ง	23
เสียเวลา	23
อยู่ไหนเนี่ย	23
ตามที่คุณต้องการ	23
โงกุน	23
ตราบใดที่	23
บัส	23
เชอร์ลี	23
มีแน่	23
ดีมากค่ะ	23
นายกลับมาแล้ว	23
ที่คุณเห็น	23
โมริจิ	23
รู้สึกดีขึ้นมั้ย	23
ชั้นขอโทษนะ	23
เอาไปเถอะ	23
เราทำอะไรไม่ได้	23
มินเฮริน	23
แต่สำหรับผม	23
ไม่รู้อะไรเลย	23
นั่นแหละทำไม	23
เขาเรียก	23
คนขาว	23
และสาม	23
ฉันจะอยู่ที่นั่น	23
ปล่อยเค้าไป	23
เป็นอะไรรึป่าว	23
เดี๋ยวก่อนซิ	23
ลดปืนลง	23
ไม่จริงน่ะ	23
ฉันแค่สงสัย	23
ปอด	23
ที่คุณทำ	23
ไม่ใช่พวกเขา	23
ได้ครับผม	23
บอกมานะ	23
เงียบไว้	23
นายกำลัง	23
ได้ข่าวว่า	23
เห็นนี่ไหม	23
เกมบัลลังก์	23
เรช	23
ไม่ว่าเขาจะเป็นใคร	23
ไม่ใช่ยังงั้น	23
ทำดีแล้ว	23
ดื่มนี่สิ	23
ลินช์	23
เรื่องมันซับซ้อน	23
ไม่ชอบเลย	23
ระวังหุ่นยนต์อันตราย	23
ถอนใจ	23
คนที่นี่	23
เรามาเริ่มกันเลย	23
โลเรไล	23
กล้าหาญมาก	23
เอลีน่า	23
เขาอยู่ใน	23
ไปไหนครับ	23
อย่าเข้ามาใกล้นะ	23
ผมพูดถูกมั้ย	23
วอช	23
ฉันมีข่าวดี	23
มันจะดีมาก	23
แคทธี	23
โอใช่	23
เกลดส์	23
มิโซร่า	23
เราอยู่ที่ไหนเนี่ย	23
เราต้องการมัน	23
ทำอะไรไม่ได้	23
เจริโก้	23
ตามหาเขา	23
เธอหายไปแล้ว	23
คุณกลัวเหรอ	23
มันยังไม่ตาย	23
รอไม่ไหวแล้ว	23
อ่านะ	23
คุณทำยังไง	23
คุณทำมันได้	23
เสียดายจัง	23
กลับไปได้แล้ว	23
พอใจ	23
ท่านรอง	23
ธาเดอัส	23
เฉิงเสี่ยวซือ	23
เธอยังอยู่	23
สง่างาม	23
แคโรลีน	23
เชิญพบกับ	23
รถบัส	23
หิวจัง	23
อย่าร้องนะ	23
กยู	23
คุณพูดว่าไงนะ	23
เดี๋ยวฉันโทรกลับ	23
ลูกรู้	23
เปลี่ยนแปลง	23
ลีโล่	23
เพื่อที่	23
เราเจอแล้ว	23
พูดอะไรนะ	23
เห็นๆ	23
วิตามิน	23
ไม่มีโทรศัพท์	23
ผมรู้นะ	23
นายทำไม่ได้หรอก	23
อย่าลำบากเลย	23
เบรนเนอร์	23
แฟนของฉัน	23
ฮเย	23
ซาตาน	23
แองเจลิส	23
ผมไม่ได้ทำนะ	23
เจ้าอ้วน	23
คัพ	23
เธอปลอดภัยดี	23
นั่นมันบ้า	23
อีเมล์	23
เที่ยง	23
กับมัน	23
เซฮี	23
งานเหรอ	23
ผ่าตัด	23
ตาเธอ	23
อยู่ข้างๆ	23
ได้อะไรมั้ย	23
นั้นมันอะไร	23
ขอบคุณมากเลยค่ะ	23
เห็ด	23
ใ่ช่	23
เราอยู่	23
แต่เชื่อเถอะ	23
มันน่าสนใจมาก	23
มันจะดีขึ้น	23
รูปี	23
ไปที่รถ	23
ไม่ใช่นะคะ	23
หรืออะไรแบบนั้น	23
เสมอมา	23
คอสตา	23
อรุณสวัสดิ์ทุกคน	23
มันเป็นงานของฉัน	23
เป็นไงคะ	23
ลูกผม	23
ฉันกำลังคิดอยู่	23
ผมมีนัด	23
มันไม่ใช่แค่	23
สายฟ้า	23
ทำยังไงดีล่ะ	23
ขอบคุณสำหรับความช่วยเหลือ	23
คนไหนล่ะ	23
คุณพูดเรื่องอะไรเนี่ย	23
เมื่อสัปดาห์ก่อน	23
คุณก็รู้นะ	23
ฉันทนไม่ได้	23
โทโมยะ	23
ในภายหลัง	23
ทาส	23
จับพวกมัน	23
สแต็กเฮาส์	23
ดื่มให้หมด	23
เมื่อกี้นี้	23
ฉันรู้ว่าเธอเป็นใคร	23
ผมจะบอกให้	23
ให้เป็นไป	23
ที่ฉันทำ	23
ลูกมาทำอะไรที่นี่	23
ท้องฟ้า	23
ใบหน้า	23
อันตรายเกินไป	23
เชื่อมต่อ	23
สัญญากับฉันสิ	23
และตาย	23
รากจ์นาร์	23
นั่นทำให้	23
โนโบรุ	23
ขอคุยด้วยหน่อยได้ไหม	23
ซายากะ	23
คำถามสุดท้าย	23
เบทตี้	23
นอก	23
เช่นอะไรล่ะ	23
น่าประทับใจจริงๆ	23
คานทร์	23
กรุณาด้วย	23
เรามีแขก	23
ที่เกิดเหตุ	23
เพื่อนข้า	23
ด็อกซา	23
จริงเหรอฮะ	23
ข้ามีความฝัน	23
ฉันไม่ได้บ้านะ	23
มันไม่จริงเลย	23
พ่อเอง	23
เชียรส์	23
ฉันยินดี	23
เธอทำได้แล้ว	23
แล้วคนอื่นๆ	23
พ่อกับแม่	23
วางฉันลง	23
ทาคากิ	23
บาร์เร็ท	23
หนูทำไม่ได้	23
ทำไมนายไม่บอกฉัน	23
คุณรู้อะไรบ้าง	23
ไอแซก	23
ซองยี	23
แค่นั้นหรือ	23
แล้วถ้าไม่ล่ะ	23
ฉันกำลังคิด	23
ฉันต้องการเขา	23
ทาเทียน่า	23
ยกเว้นเหยื่อหรือผู้กระทำผิด	23
มิตจิ	23
ฉันไม่ได้เป็น	23
ให้เธอเข้ามา	23
ซีซาร์	23
มีอะไรให้ช่วยไหมครับ	23
แล้วทันใดนั้น	23
แค่เนี้ย	23
ขอโทษจริงๆนะ	23
คุณเยี่ยมมาก	23
บอกผมซิ	23
คุณนายฮัดสัน	23
นี่ของฉัน	23
มันสายเกินไป	23
ขำตายล่ะ	23
รี้ค	23
ฉันก็เช่นกัน	23
ฉันมีแฟนแล้ว	23
จำฉันได้ไหม	23
เนวิลล์	23
ระวังตัว	23
ผิวดำ	23
กำลังหาอยู่	23
คุณทั้งคู่	23
แชนนิ่ง	23
ได้โปรดๆ	23
จากที่นั่น	23
นั่นไม่ใช่ผม	23
นายก็รู้ว่า	23
เขายังเด็ก	23
แต่กลายเป็นว่า	23
ความเงียบ	23
เดรก	23
ฉันไม่รู้อะไรทั้งนั้น	23
มันเป็นของ	23
เขาทำไม่ได้	23
จะเสร็จแล้ว	23
ต้อนรับกลับบ้าน	23
ฮางุมิ	23
นั่นคุณจะทำอะไร	23
แล้วเป็นไงบ้าง	23
กลับเข้าไป	23
ลีชิน	23
มันมีความหมายมาก	23
แต่คุณรู้	23
ไม่แน่ใจเหมือนกัน	23
คุณตายแล้ว	23
ก็เอาเลย	23
ซอส	23
สำหรับชั้น	23
เธอกำลังคิดอะไรอยู่	23
ฟังข้านะ	23
ฉันจำเป็นต้องทำ	23
องค์กร	23
เหตุการณ์	23
ใต้ฝ่าพระบาท	23
ฉันเหนื่อยมาก	23
เงียบได้แล้ว	23
ว่ามันเป็นยังไง	23
คุณขวา	23
ด้วยวิธีนี้	23
ฉันไม่อยากได้ยิน	23
รีชเชอร์	23
ความรู้	23
ฉันแค่อยากจะช่วย	23
ในไม่ช้านี้	23
ไดนามิค	23
งานเข้า	23
จองคยอง	23
กำลังจะไป	23
นายไม่ได้	23
สวยนะ	23
เธอทำอะไรอยู่น่ะ	23
เอาเธอออกไป	23
ผมครับ	23
ชั้นรักเธอ	23
ส่งมาให้ผม	23
จิตวิญญาณ	23
ตัวคนเดียว	23
อย่ากลัวเลย	23
ฝันไปเหอะ	23
คลัมซี่	23
ความสำเร็จ	23
ฮี่	23
ตอบฉัน	23
เธอเป็นใครน่ะ	23
เฮ้ออ	23
มันเป็นความผิดของผม	23
ไม่ใช่ทางนั้น	23
คุโรซาว่าคุง	23
เมื่อสองปีก่อน	23
เพราะว่าผม	23
ฮีโร่ของฉัน	23
อาชีพ	23
มันล็อค	23
เป็นเกียรติมาก	23
ฉันจะบอกให้นะ	23
เราพยายามแล้ว	23
คุณจะว่ายังไง	23
เธอได้ยินมั้ย	23
ฉันไม่ได้ยินอะไรเลย	23
พวกเราต้องการ	23
เราต้องการเธอ	23
ฟันต่อฟัน	23
คุณรู้ไหมว่าทำไม	23
จูริ	23
ช่วยไม่ได้นี่	23
คุณก็แค่	23
แกเข้าใจมั้ย	23
เอางี้ดีกว่า	23
มันเป็นธรรมเนียม	23
ข่าวใหญ่	23
เกี่ยวกับเรื่อง	23
ปีโนก	23
ดูๆ	23
ไม่ใช่แก	23
เลวิส	23
ไปกันต่อ	23
อะไรกันเนี้ย	23
ฉันสาบานเลย	23
สู้สิ	23
แล้วเราจะทำยังไงกันดี	23
ถอดออก	23
จอหน์	23
เปิดประตูด้วย	23
เป็นความผิดของผมเอง	23
ขอบใจนะจ๊ะ	23
มันจะเรียบร้อย	23
และฉันรู้ว่า	23
ฉันไม่มีอารมณ์	23
ดูรอบๆสิ	23
เอาโทรศัพท์มา	23
ซางดู	23
กันนะ	23
รอคอย	23
คุณตายแน่	23
ครอบครัวของผม	23
ยกตัวอย่าง	23
ถ้าเป็นแบบนี้	23
พุดดิ้ง	23
ฉันรู้น่ะ	23
โอ้ดี	23
ไอ้พวกเวร	23
อาชญากรรมที่เกี่ยวข้องกับคนทั่วไป	23
บรู๊ซ	23
เขาออกไปแล้ว	23
ผมจะให้	23
ไม่รู้จริงๆ	23
เธอเป็นใครกันแน่	23
คุยกับเขา	23
เวรล่ะสิ	23
ปฏิบัติ	23
เมื่อคุณ	23
เร็วเข้าเถอะ	23
ฉันอยากคุยกับเธอ	23
ไปเลยๆ	23
วิ่งหนี	23
เค้ามาแล้ว	23
หวัง	23
ตอนนี้น่ะ	23
คุณต้องการอะไรกันแน่	23
ผมขอตัวก่อนนะครับ	23
เธอเป็นอะไรของเธอ	23
ขอตัวสักครู่	23
จูเลียส	23
ทำดี	23
ด่า	23
บอกพวกเขาว่า	23
จากไปแล้ว	23
โอโห	23
ดูแกสิ	23
ไงก็เหอะ	23
คุณทำอย่างนั้นทำไม	23
นั่นหมายความว่าอะไร	23
อย่าจับนะ	23
ฉันเมา	23
หรือมากกว่านั้น	23
นั่นเป็นความจริง	23
จะพูดยังไงดี	23
ตั้งแต่แรกแล้ว	23
ผมจะกลับบ้าน	23
ผมจะกลับไป	23
ผมอยากให้คุณรู้ว่า	23
คุณกล้าดียังไง	23
แต่มันจบแล้ว	23
เราไม่รู้หรอก	23
เธอน่ารักนะ	23
ไปเดินเล่นกัน	23
เออดิ	23
โนดะ	23
ถ้าคุณทำ	23
ไม่ใช่ตรงนี้	23
ฉันไม่อยากจะเชื่อเลยว่า	23
บ่	23
ภาพวาด	23
ไอร่า	23
บอกคุณ	23
ขอเวลาเดี๋ยวนะ	23
อย่าทำอย่างนี้สิ	23
บาร์นส	23
ฮีวอน	23
ฉันมีความสุขจริงๆ	23
งั้นก็หมายความว่า	23
แล้วก็ไป	23
โว้ๆ	23
เป็นไงมั้ง	23
โฮราชิโอ	23
ไฟโด้	23
มีปัญหานิดหน่อย	23
ซินเทีย	23
เจ้าอยู่ไหน	23
คุณฆ่า	23
มีอะไรหรือเปล่าคะ	23
ไปเอามาจากไหน	23
เธอเห็นไหม	23
พวกเราจะไม่เป็นไร	23
ศรัทธา	23
จุงซุก	23
ประชากร	23
ยิ้ง	23
เรียวโกะ	23
จนตอนนี้	23
ผมไม่รู้ว่ามันคืออะไร	23
ทำลายมัน	23
ต่อหน้าทุกคน	23
อ่านสิ	23
โลเเกน	23
สนุกจริงๆ	23
ไม่ใช่ความผิดเธอ	23
พักนี้	23
ฉันแค่อยากรู้	23
ชื่อฉัน	23
รักมาก	23
ผมเกลียดคุณ	23
คุณจะทำอะไรนะ	23
มันเป็นของปลอม	23
บุกรุก	23
เดสมอนด์	23
หกเดือน	23
คือแบบว่า	23
ตั้งแต่วันนี้เป็นต้นไป	23
แล้วคุณคือ	23
แล้วเราจะได้เห็นกัน	23
ซูเรน	23
คุณดูดีจัง	23
เช่นเคย	23
เข้าใจหละ	23
ตั้งสติ	23
เธอรู้ว่า	23
ศักดิ์ศรี	23
และมีความสุข	23
ชัดเจนว่า	23
พ่อคนเก่ง	23
ตอนนี้ไม่ได้	23
แสงไฟ	23
ไม่มีใครหรอก	23
ตามหลักแล้ว	23
ในที่สุดแล้ว	23
เอเยนต์ดันแฮม	23
ด้วยความเคารพครับ	23
ผมบอกเขาว่า	23
อย่าทำอะไรโง่ๆ	23
เขาอันตราย	23
ขอเวลาหน่อย	23
เธอพูดว่าอะไร	23
เข้าท่าดี	23
ฉันเกลียดแก	23
ฉันจะแจ้งตำรวจ	23
ใช้คำว่า	23
คุณเดอ	23
บริ๊ค	23
เราขอโทษ	23
อเลกซ์	23
ดีฮะ	23
ฉันจะช่วยนาย	23
โอเคร	23
ฉันเชื่อนาย	23
ไม่ไม่ไม่ไม่	23
มันไม่ใช่ความผิดของเธอ	23
อย่างนั้นเหรอคะ	23
พริม	23
กุ๊กแดฮวา	23
จองมิน	23
แค่ล้อเล่น	23
อาหารเย็นพร้อมแล้ว	23
ฮีธคลิฟฟ์	23
แค่นี้เอง	23
รู้สึกดีขึ้นไหม	23
อีกทีสิ	23
กิ๊บสัน	23
ซูซู	23
ด้านซ้าย	23
ผมจะบอก	23
ขอโทษที่รบกวนคุณ	23
ฉันเจอเขาแล้ว	23
อาจารย์ดัน	23
หรือบางอย่าง	23
เดฟลิน	23
ใช้เวลาไม่นานหรอก	23
ล้อเล่นใช่มั้ยเนี่ย	23
ฉันไม่กลัวหรอก	23
ทำไมฮะ	23
พร้อมๆ	23
มันเยี่ยมเลย	23
ดับไฟ	23
ฉันไม่ได้โกรธ	23
พ่อก็เหมือนกัน	23
เหตุผลเดียว	23
คังเบ็คโฮ	23
ไม่มีอะไรมากกว่านั้น	23
ดวงอาทิตย์	23
ทำแบบนั้น	23
เมวิส	23
แต่ดูเหมือน	23
ก่อนนะ	23
แต่ปัญหาก็คือ	23
เนื่องจาก	23
คนของเรา	23
สไลด์	23
เฟลิเซีย	23
ยินดีที่ได้พบคุณครับ	23
แรงจูงใจ	23
ราวกับว่า	23
ฉันไม่รู้ว่าจะทำยังไง	23
อย่างนั้นรึ	23
เขารักคุณ	23
ฉันบอกเธอว่า	23
โคลท์	23
เงินนั่น	23
ฉันรู้ว่าคุณ	23
แคช	23
คุณสวยมากเลย	23
ไว	23
การทดสอบ	23
ส่งมันมาให้ฉัน	23
เมลานี	23
ตลอดทั้งคืน	23
พุช	23
ล่ะครับ	23
เราทำมันได้	23
ข้อหนึ่ง	23
ไม่ได้ยินเลย	23
นี่เรา	23
เบต้า	23
คนครับ	23
น่าตื่นเต้น	23
ผู้ดูแล	23
พวกเราต้อง	23
คล้าย	23
รถบรรทุก	23
นั่นเป็นสิ่งที่ดี	23
ฮิลส์	23
จะมา	23
ฉันว่าไม่	23
ช้าง	23
เมื่อเวลาผ่านไป	23
เอ๊า	23
ฮัล	23
มก	23
แต่ความจริง	23
สูงประมาณ	23
ฮาร์ดี้	23
นี่เจ้า	23
ฮันนาห์	23
อยู่ตลอดเวลา	23
มันเป็นงาน	23
ช่วยผม	23
และที่	23
ซ้ำไปซ้ำมา	23
คุณทั้ง	23
แต่ว่ามัน	23
ลียูนซอง	23
กีฬา	23
มาทำไม	23
มั้ยล่ะ	23
กุน	23
ห้าสิบ	23
มิถุนา	23
คุณเป็นคนที่	23
เมีย	23
หุ้น	23
ฟังซิ	23
เรามีแค่	23
กลาง	23
ก็ประมาณ	23
ครบรอบ	23
ทรี	23
แม่ของเขา	23
ปลายๆ	23
ตั้งแต่อายุ	23
เทีย	23
กว่าปี	23
เมน	23
บาดา	23
ดอลล์	23
นัก	23
ใช้นี่	22
เรแกน	22
ถ้าฉันบอกว่า	22
รูปอะไร	22
มีบางอย่างผิดพลาด	22
สามคน	22
ห้ามพูด	22
เมื่อสัปดาห์ที่แล้ว	22
ขึ้นอยู่กับว่า	22
มันไม่น่าเชื่อ	22
แล้วท่านล่ะ	22
แดนนีย์	22
ใช่ไง	22
ย๊าก	22
นักดนตรี	22
เล่าเรื่อง	22
เราจะทำมัน	22
ผมคิดว่าไม่	22
สิบห้า	22
แม่หนูน้อย	22
อยู่กับที่	22
นายต้องทำได้	22
ยุ่งมาก	22
และผมขอโทษ	22
ฉันจะพูดยังไงดี	22
ไม่สักนิด	22
มันเจ็บมาก	22
กับทุกคน	22
ไม่เป็นอะไรหรอก	22
ลูเมน	22
ผมยินดี	22
อลิซาเบท	22
บนโลกนี้	22
และต่อไป	22
สิ่งที่สำคัญที่สุด	22
อย่าฆ่าเขา	22
ทั้งหมดนั้น	22
ให้ช่วยอะไรไหม	22
บนโลกใบนี้	22
สรุปแล้ว	22
ผมอยากได้	22
เธอท้อง	22
ดาร์ลีน	22
ฉันต้องรู้ให้ได้	22
โอเคป่ะ	22
เป็นไปได้เหรอ	22
เข้าใจแล้วล่ะ	22
ความลับอะไร	22
มันเกิดอะไรขึ้นเหรอ	22
ใช่ม่ะ	22
ช่วยกันหน่อย	22
เจ้าหมายความว่าไง	22
เมื่อถึงเวลานั้น	22
มันกำลังมา	22
ผมไม่ได้ฆ่าใคร	22
เอ็ดวาร์ด	22
ฮั่ว	22
ล๊อค	22
วูล์ฟ	22
คุณไม่เป็นไรแล้ว	22
เมลินดา	22
อะไรกันคะ	22
เราไม่มีเวลาแล้วนะ	22
แปลกใจจัง	22
คิมมี่	22
ต้องไปละ	22
ยินดีที่ได้รู้จักคุณ	22
ฉันบอกให้หยุดไง	22
จะทำไม	22
เกือบได้แล้ว	22
เชลซี่	22
ผมรู้ว่าคุณ	22
ไม่ม	22
แล้วก็ตาย	22
มันเหลือเชื่อ	22
นิดหน่อยค่ะ	22
แฮนนาห์	22
ไปไหนแล้ว	22
อีไลอัส	22
แทนที่	22
อาร์ค	22
เห็นอะไรมั้ย	22
อย่าคิดมากเลย	22
เขาอยู่ในนั้น	22
เยี่ยมค่ะ	22
รบกวนด้วยนะครับ	22
เพื่อขอความช่วยเหลือ	22
โบบา	22
คุณไม่มี	22
จูบฉันสิ	22
คุณนายโซลิส	22
เย็นนี้	22
อย่ามาแตะต้องตัวฉัน	22
คุณไม่ควรอยู่ที่นี่	22
อยู่นี่ครับ	22
ฉันไปแล้ว	22
ไลล์	22
มันเป็นเพราะฉัน	22
มีอะไรให้ผมช่วยครับ	22
น้องชายของฉัน	22
อันตรายมาก	22
อยากได้อะไร	22
ฉันต้องรับสายนี้	22
ออกมาจากตรงนั้น	22
เราเคย	22
ของคนอื่น	22
ตามมาเร็ว	22
รีบไปซะ	22
มันคือคุณ	22
หมอดองจู	22
ป้าครับ	22
เราไม่ควร	22
เจ้าหน้าที่รัฐบาลกลาง	22
เธอเป็นอย่างไรบ้าง	22
ซึรุ	22
ไอแซ็ค	22
ไรอัล	22
เอามือลง	22
สีน้ำตาล	22
ต้องขอโทษจริงๆ	22
เขานั่นแหละ	22
เอาละๆ	22
ไม่ใช่ฉันหรอก	22
คุณชอย	22
มีอะไรเกิดขึ้นหรือ	22
ที่ผม	22
ไต	22
ชั้นไม่	22
อาร์นี่	22
ฮานน่าห์	22
ใช่ใช่ใช่	22
เออร์นี่	22
ขอประทานโทษครับ	22
ผมจำคุณได้	22
ตื่นแล้ว	22
ทาเคชิ	22
อะไรคือสิ่งที่	22
มันมีอะไรมากกว่านั้น	22
ร็อคเก็ต	22
มีอะไรไหม	22
จัดมาเลย	22
อยู่กับผมก่อน	22
ตั้งแต่นี้	22
ฉันจะทำมันเอง	22
อย่าแตะต้องฉัน	22
อยู่ที่นี่แล้ว	22
คุณพี่	22
ชู่ๆ	22
อาร์ชิบอลด์	22
ผมยังอยู่	22
เราเรียกว่า	22
ฉันคิดถึงเธอมาก	22
อย่าลืมว่า	22
ที่นี่ไม่ปลอดภัย	22
นายแพ้แล้ว	22
แต่ยังไงซะ	22
นี่สำหรับนาย	22
ขอบใจมากเพื่อน	22
สองอาทิตย์	22
ผู้ประกาศข่าว	22
นังร่าน	22
ในนิวยอร์ก	22
มองไปรอบๆ	22
เทด	22
ทำอะไรของคุณน่ะ	22
ชั่วนิรันดร์	22
สบายดีหรือเปล่า	22
จะไปรู้เหรอ	22
เจ๋งดี	22
ฉันก็เลยคิดว่า	22
แกกำลังทำอะไร	22
อาจารย์เจได	22
หลังๆ	22
นี่คือสิ่งที่เกิดขึ้น	22
วิ่งต่อไป	22
บอๆ	22
โทรเลย	22
บริดเจ็ต	22
เคลื่อนย้าย	22
อพยพ	22
ฉันไปก่อนล่ะ	22
ฟูจิโกะจัง	22
ซึคุชิจัง	22
เขาเป็นคนทำ	22
เป็นพวก	22
คุณจะว่าไง	22
แจ๊ก	22
จูมง	22
ลงไปเลย	22
มันไม่ใช่เรื่องบังเอิญ	22
ทำไมคุณทำอย่างนี้	22
บ้ารึไง	22
และข้อสอง	22
ผมบอกคุณไปแล้ว	22
ข้าเห็น	22
คลาสสิค	22
แถวๆนี้	22
หายใจไว้	22
ทำตามที่ผมบอก	22
หรือว่าไม่	22
หยูโส่วเหิง	22
คอรี่	22
พ่อแม่ฉัน	22
ตาเฒ่า	22
คุณทำให้ฉันกลัว	22
จากที่ฉันเห็น	22
ผมเสียใจด้วยจริงๆ	22
อาซาดะ	22
ฉันจะได้	22
ฉันจะบอกเขา	22
มันเป็นเรื่อง	22
ฉันประทับใจ	22
จำผมได้ไหม	22
ไม่ใช่พวกเรา	22
มันไม่ตลกเลย	22
ไม่สนุกเลย	22
จริงจังหน่อย	22
และพระจิต	22
จีพีเอส	22
รบกวนด้วยครับ	22
นายเป็นไรมั้ย	22
พูดอีกครั้ง	22
แรคแฮม	22
นายกำลังจะบอกว่า	22
เข้ามาเร็ว	22
ที่นี่มัน	22
เธอสวยจัง	22
โอเคฮะ	22
แบรดลีย์	22
ไม่มีคุณไม่ได้	22
เราต้องการให้คุณช่วย	22
เจ้านายครับ	22
จากไหน	22
มันไม่ใช่อย่างนั้นนะ	22
มิททิน	22
ฉันจะพูดว่า	22
แอตแลนต้า	22
ฉันบอกคุณแล้วไง	22
ต่อหน้าฉัน	22
ซีโมน	22
ฟรังโก้	22
ไม่ต้องเกรงใจ	22
ฉันทำงาน	22
หวัดดีทุกคน	22
เธอทำอะไรเนี่ย	22
เดี๋ยวผมโทรกลับ	22
อย่าคิดมากน่า	22
อีเลน	22
เรียนรู้	22
ของมนุษย์	22
บริกร	22
ไม่ใช่เรื่องของเธอ	22
ยุงมี	22
ความจำ	22
มันบ้าไปแล้ว	22
แต่ปัญหาคือ	22
ฉันพนันได้เลยว่า	22
เร็วเถอะ	22
ลอสแองเจลิส	22
ไอ้คนชั่ว	22
หยิบขึ้นมา	22
นายต้องการ	22
ฟักไก่	22
ผู้หญิงคนนั้นเป็นใคร	22
ในฝัน	22
จิบะ	22
นี่คือเรื่องจริง	22
ผมสับสน	22
ฉันจะพูด	22
โดยสิ้นเชิง	22
ใช้ได้แล้ว	22
และหวังว่า	22
ฉันจะให้เธอ	22
เสี่ยว	22
ฉันดีขึ้นแล้ว	22
พวกเขาต้องการอะไร	22
ไม่ต้องพูดเลย	22
บอกหน่อยซิ	22
อย่ามองนะ	22
เราเหมือนกัน	22
ตั้งแต่นี้ต่อไป	22
ฉันได้รับมัน	22
ถ้าต้องการอะไร	22
อยู่ห่าง	22
พ่อสบายดี	22
เพื่อนหรอ	22
แต่ที่รัก	22
ไปจากที่นี่ซะ	22
ฉันสัญญาว่า	22
ความร้อน	22
เกาหลีสู้ๆ	22
สูงอีก	22
ไคนัน	22
ยินดีต้อนรับคุณ	22
คอนเนอร์โฟร์เรียล	22
ตั้งแต่เริ่มต้น	22
แกพูดเรื่องอะไร	22
รับอะไรดีครับ	22
เร็วๆๆ	22
พอเถอะค่ะ	22
คุณฉลาด	22
รอก่อนค่ะ	22
ยู้ฮู	22
มีอะไรแปลกๆ	22
ใช่จริงๆ	22
เบลลา	22
ขอบคุณที่มานะคะ	22
แล้วนั่นอะไร	22
แต่ฉันแค่	22
ถูกเลย	22
สัมภาษณ์	22
สนุกจัง	22
โคลิน	22
เธอจะตาย	22
อู้ยย	22
ริดเดิ้ล	22
ไม่เห็นเป็นไร	22
ซานดร้า	22
เควิล	22
สึกุชิ	22
หมื่นเหรียญ	22
โซดา	22
ความสนใจ	22
เรดมิสต์	22
ในกระเป๋าของเธอ	22
เจ้าหญิงรัชทายาท	22
ทราน	22
งั้นสินะ	22
เราสู้	22
จุนอา	22
แพร์รี่	22
เพอร์เฟ็ค	22
มันน่าอาย	22
ไฟท์ติ้ง	22
ฝันดีครับ	22
ทัตสึยะ	22
โทรหาเขา	22
มันแย่มากๆ	22
รูดี้	22
ทำไมละครับ	22
บอกฉันนะ	22
ฟังให้ดีๆ	22
มันแย่จริงๆ	22
อิปเป	22
เหอๆ	22
ช่วยหน่อยได้ไหม	22
ก็ไม่รู้สิ	22
อะไรกันนะ	22
แทง	22
ลองนึกดูสิ	22
ผมทำแบบนั้นไม่ได้	22
ข้าเสียใจด้วย	22
น่าจะนะ	22
คุณแม่ครับ	22
ขอบคุณที่โทรมา	22
โทรหาตำรวจ	22
ตำรวจเหรอ	22
มันกำลังจะเกิดขึ้น	22
เป็นไร	22
นอนลงกับพื้น	22
พรุ่งนี้เหรอ	22
รอสักครู่ค่ะ	22
เกรงว่า	22
ทำตัวตามสบายนะ	22
พวกเราขอโทษ	22
ฮาร์ท	22
จงฟัง	22
คิดซะว่า	22
นายจะว่ายังไง	22
มันอยู่ที่นั่น	22
นายเป็นอะไรของนาย	22
แต่งตัว	22
ฉันผิด	22
ล้อเล่นใช่ไหมเนี่ย	22
เฮลีย์	22
งั้นคุณ	22
แม่ไม่เข้าใจ	22
คิอินะ	22
เด็กสาว	22
ขัด	22
ผมมีความสุข	22
ฉันรู้มาว่า	22
เซอ	22
แค่นี้หรอ	22
สปาร์ตาคัส	22
คุณคิดจริงๆ	22
แอส	22
ฉันตามไม่ทัน	22
ซึงมี	22
รีบๆเข้า	22
ผู้พันครับ	22
เกิดอะไรขึ้นเหรอคะ	22
แทซุงอิเล็กทรอนิกส์	22
ก็แค่นั้นเอง	22
มอกาน่า	22
ฉันไม่ได้พูดว่า	22
ประเด็นคืออะไร	22
จะเป็นไรไหม	22
เทสต์	22
มาธาร์	22
ผมเห็นคุณ	22
อันตรายนะ	22
ผมหรือ	22
ก็คงใช่	22
ฉันเป็นแวมไพร์	22
ตายห่าแล้ว	22
ที่เราต้องการ	22
ดงยี	22
ยัยอัปลักษณ์ซูนาโกะ	22
สมาธิ	22
เฮ้ที่รัก	22
นั่นเลย	22
สองปีที่แล้ว	22
โกง	22
ข้าก็เหมือนกัน	22
เบอร์เกส	22
ฉันนึกออกแล้ว	22
ไม่ใช่ของคุณ	22
อย่าบอกใคร	22
มีไหม	22
แต่คุณรู้ไหม	22
ขอบคุณครับแม่	22
คุ้มครองหมู่บ้านของเรา	22
ไปขึ้นรถ	22
ผมขอตัวก่อน	22
ทุกอย่างเรียบร้อยนะ	22
ไม่มีความลับ	22
นังแพศยา	22
ไม่มีใครเห็น	22
มันไม่แฟร์	22
ขออภัยค่ะ	22
ถูกตามล่าโดยผู้มีอำนาจ	22
ฉันช่วย	22
มือสังหาร	22
เยี่ยมๆ	22
ลิ้งค์	22
เกท	22
สโนว์เดน	22
เบตส์	22
เพื่อนสาว	22
ผมออกแบบแมชชีน	22
ฉิบหายแล้ว	22
ให้ตรวจจับการก่อการร้าย	22
ในลอนดอน	22
ฉันคิดว่ามัน	22
ใช่ไหม๊	22
ตัวตลก	22
สึกิโกะ	22
มีปืน	22
เขารู้แล้ว	22
ฮาจิ	22
เราเรียกเขาว่า	22
สติแตก	22
เอ็ดจิงตัน	22
พยาบาลยูมิเอ	22
ของพวกนี้	22
ฉันทราบค่ะ	22
และฉันจะ	22
การควบคุม	22
อย่าบอกฉันนะว่า	22
พระชายา	22
เพื่อนของเธอ	22
แค่นั้นแหล่ะ	22
เขากล่าวว่า	22
โดยทั่วไปแล้ว	22
จะบ้าหรือไง	22
ผมจะให้คุณ	22
เขาแต่งงานแล้ว	22
สำหรับผู้หญิง	22
ไม่ปลอดภัย	22
แหะ	22
หยุดอยู่ตรงนั้นแหละ	22
เป็นไงบ้างเพื่อน	22
ฮิรากิ	22
กลับบ้านไปเถอะ	22
คุณเป็นคนฉลาด	22
ลูซินดา	22
ชายหาด	22
และคนอื่น	22
ฉันจะปกป้องเธอ	22
จุดจบ	22
มิยาโกะ	22
ไฮน์ริช	22
นายเป็นบ้าอะไร	22
อิลซ่า	22
อย่าพึ่งไป	22
เราเข้าใจแล้ว	22
เขารู้ดี	22
หรืออะไรบางอย่าง	22
แคนยอน	22
โดยทั่วไป	22
ไม่เคยเกิดขึ้น	22
คุณของเล่นเต้น	22
กลับเข้าไปข้างใน	22
กับผู้หญิง	22
แสดงให้เห็นว่า	22
ผมเนี่ยนะ	22
ข้อความอะไร	22
ผมหายใจไม่ออก	22
อยู่ในอันตราย	22
ขอโทษที่ให้รอนะ	22
โอเคไม๊	22
ช่วยไม่ได้นะ	22
คุณบอนด์	22
คุณเป็นตำรวจ	22
คุณคิดอะไรของคุณ	22
เจ๋งนี่	22
เอามาเลย	22
ดูนี่ดิ	22
คุณต้องช่วยผมนะ	22
จิอากิ	22
มีความสามารถ	22
ไม่มีอะไรจริงๆ	22
เมล	22
นั่นของฉัน	22
บอกผมว่า	22
นายยังไม่ตาย	22
เธอจำได้มั้ย	22
คุณได้อะไรมาบ้าง	22
ไม่รึ	22
เฮียวริ	22
ไม่เลยซักนิด	22
ปล่อยผมไปเถอะ	22
ไปเหอะน่า	22
ฉันต้องการให้นาย	22
หลายปี	22
ลึกลับ	22
คงจะดี	22
เรากำลังจะแต่งงานกัน	22
อย่าๆๆ	22
เมื่อคุณพร้อม	22
เรื่องแย่ๆ	22
มองหน้าฉันสิ	22
นี่ไม่ใช่เวลา	22
อย่าว่ากันนะ	22
ว่าจะเกิดอะไรขึ้น	22
ไม่่	22
ด็อค	22
มาซูกะ	22
รู้มั้ยว่าทำไม	22
ฉันไม่เข้าใจจริงๆ	22
คือเอ่อ	22
โทษทีจ้ะ	22
ฟังอยู่หรือเปล่า	22
ตลอดชีวิตของฉัน	22
ไม่ว่าที่ไหน	22
เราจบแล้ว	22
แบบนั้นเลย	22
คุณไม่อยากรู้หรอก	22
ใช่แน่ๆ	22
หน้ากาก	22
นั่นไงเธอ	22
ช่างเถอะน่า	22
แบล็คเวล	22
ถอยหลังไป	22
ฉันไม่อยากให้เธอ	22
ของคุณหรือไม่	22
เราเห็น	22
คืองี้ครับ	22
ชั้นก็เหมือนกัน	22
ดาตาญัง	22
คุยกับ	22
การรักษาความปลอดภัย	22
รันดี้	22
ไทบีเรียส	22
ทุกๆครั้ง	22
เพิ่มขึ้น	22
นี่มันเป็น	22
แล้วเธอจะทำยังไง	22
กับครอบครัว	22
เหี้ยเอ้ย	22
ผมก็หวังอย่างนั้น	22
ฉันหยุดไม่ได้	22
เธอถูกฆาตกรรม	22
ไทวิน	22
ฉันไม่รู้เรื่อง	22
คุณแบลร์	22
มันเคยเป็น	22
เป็นเธอ	22
ก่อนที่เขาจะตาย	22
ทนายโช	22
มานานแค่ไหนแล้ว	22
คาทาร่า	22
จริงหรือค่ะ	22
นั่นเป็นเหตุผลว่าทำไม	22
แม็กซีน	22
ดีใจที่ได้เจอคุณนะ	22
พระเจ้าเท่านั้นที่รู้	22
ครูชู	22
อย่ามองฉันแบบนั้น	22
น่ากลัวจังเลย	22
ฉันตัดสินใจ	22
ปล่อยให้	22
บอกผมมาสิ	22
ในขณะนั้น	22
รี๊ด	22
ว่าเขาเป็นใคร	22
ฆ่าคน	22
ยืนอยู่ตรงนั้น	22
สัญชาตญาณ	22
สเปียร์	22
ผมไม่ได้ฆ่าเขา	22
มอร์ตัน	22
เชื่อชั้น	22
เดี๋ยวผมไป	22
โอ้ตายแล้ว	22
หมดสติ	22
ฉันขอโทษด้วยนะ	22
กว่าปีแล้ว	22
เพื่อตัวคุณเอง	22
ฉันจะให้	22
บ้าน่ะ	22
ฉันก็มี	22
ปล่อยฉันลง	22
กบ	22
วู๊ว	22
มอนโกเมอรี่	22
หนูไม่เป็นไรค่ะ	22
สาขา	22
นี่พ่อเอง	22
น้ำท่วม	22
เจ็บหรือเปล่า	22
ซาเวียร์	22
โคล่า	22
ออกไปแล้ว	22
อยู่ตรงไหน	22
จับแน่นๆนะ	22
และผมก็	22
ช่วงเวลา	22
เบิร์ด	22
มีเด็ก	22
โยโก	22
โอมาลลี่	22
กะรัต	22
ไม่ว่าจะ	22
แบบที่	22
ฯ	22
กง	22
แล้วเธอก็	22
และเด็ก	22
โทรเรียก	22
แล้วผมก็	22
นั่นคือสิ่งที่ฉันคิด	22
อุซา	22
ของชั้น	22
ซุ่ย	22
ประการ	22
ฉันไม่ได้ทำอะไรผิด	22
น่าจะประมาณ	22
ของที่นี่	22
มาตั้ง	22
โบว์แมน	22
นั่นไม่	22
นอร์ธ	22
เข็ม	22
ระยะทาง	22
อีสต์	22
เช็ง	22
คาสเวล	22
อันดับที่	22
นับถึง	22
หาเขา	22
รอบแล้ว	22
แล้วอีก	22
แต่น	22
ฝึก	22
แคมโพส	22
ขวบนะ	22
เครเมอร์	22
ท่านสว	22
ทอเรส	22
ซีคิว	22
ยิ	22
ตอนม	22
นี่ดร	22
สถานีต่อไป	21
สะอาด	21
อิคาริ	21
ผมกำลังยุ่ง	21
ซาวู	21
ว่าต่อสิ	21
ฉันไม่ได้พูดอะไร	21
ซูล	21
บริทนี่	21
ม่ายยยย	21
อย่ามาจับฉัน	21
แม้แต่คุณ	21
อะไรหรือครับ	21
ผมต้องการทนาย	21
กี่ครั้งแล้ว	21
เเจ๊ค	21
ดูก่อน	21
กู้ดไนท์	21
เจ้าของ	21
เขาเป็นผู้ชาย	21
ลุกขึ้นมาสิ	21
ชิราคาวะ	21
สงสัยจัง	21
ฝากด้วยนะครับ	21
ซาวาโกะ	21
สักครู่ครับ	21
อย่าส่งเสียง	21
เอาไปให้หมดเลย	21
คนดีๆ	21
กินเยอะๆนะ	21
พรหมลิขิต	21
ท่านผู้มีเกียรติ	21
ทำงานอะไร	21
ไม่เหลือ	21
ฉันเห็นมันแล้ว	21
ชี่	21
เหมือนกับเธอ	21
เธอสวยจริงๆ	21
อยากให้ช่วยไหม	21
คุณช่วยชีวิตฉัน	21
แน่หละ	21
เดิร์ค	21
ฉันเชื่ออย่างนั้น	21
เก่งมากเลย	21
แมวน้อย	21
ประเทศนี้	21
ไม่ใช่ความผิดฉัน	21
ยิบ	21
น่าเศร้าจัง	21
แล้วพี่ล่ะ	21
แต่ข้า	21
จีนี่	21
อัลซิด	21
ฉันจะไปล่ะ	21
ศักดิ์สยามกุล	21
แต่ไม่ต้องกังวล	21
วุ่นวาย	21
เงินอะไร	21
โง่เง่า	21
ลูกโอเคนะ	21
เชลบี้	21
ก็แหม	21
รอซ	21
ไปดูสิ	21
โกรเวอร์	21
คนของฉัน	21
แน่นอนคะ	21
สวัสดียามเย็น	21
จูเนอ	21
โบยายัง	21
พ่อมาทำอะไรที่นี่	21
มันเกิดขึ้นได้อย่างไร	21
ลงชื่อ	21
ตอนผมเป็นเด็ก	21
ฉันนี่ไง	21
พบแล้ว	21
ทั้งสองหัวเราะ	21
คุณหิวไหม	21
มิซึกิจัง	21
สำคัญด้วยเหรอ	21
อยู่รึเปล่า	21
อย่างใดอย่างหนึ่ง	21
หรอกเหรอ	21
รอเดี๋ยวครับ	21
งานของคุณ	21
คุณโฮมส์	21
ทุเรศที่สุด	21
ฮอลโลเวย์	21
ลุกสิ	21
ผมเคยคิดว่า	21
รบกวนด้วยนะ	21
ฟังฉันให้ดีนะ	21
ผมรับรองได้	21
อยู่กับคุณ	21
เขาไม่รับโทรศัพท์	21
โฮตารุ	21
คุณช่าง	21
ดีเธอร์	21
มันไม่ใช่แค่นั้น	21
อ๋อหรอ	21
คุณแน่ใจหรือไม่	21
ฮอเรซ	21
ฉันจะรอนะ	21
ฉันอยู่ไหน	21
ก็แน่ล่ะ	21
เธอช่วย	21
ฉันไม่คิดงั้นนะ	21
เผามัน	21
แซนวิช	21
ล้อ	21
ตาเถร	21
เธอพูดอะไรของเธอ	21
เซตจัง	21
หลาน	21
เม้าส์	21
เชื่อไหม	21
มอร่า	21
แม่เข้าใจ	21
พูดในสิ่งที่ต้องการจะพูด	21
เบื่อ	21
น้าครับ	21
แต่ช่างมันเถอะ	21
ขอประทานอภัย	21
ไปทำงานได้แล้ว	21
อาหารกลางวัน	21
มาริสา	21
ลิวอิส	21
เรื่องทั้งหมดนี่	21
แต่ฉันไม่ได้ทำ	21
มันบ้ามากเลย	21
ฉันก็จะไป	21
แล้วอันนี้ล่ะ	21
เธอไม่ได้บอก	21
ไม่ต้องรีบร้อน	21
ฮูสตัน	21
พ่อไม่เป็นไร	21
พร้อมแล้วนะ	21
โอ้เด็ก	21
หรือยังไง	21
ทีรัก	21
และเขาก็	21
เพราะเรา	21
คุณสัญญาแล้วนะ	21
แล้วอยู่ๆ	21
ไปตายไป	21
นอกจากตัวเอง	21
แคมป์เบลล์	21
เอาจริงสิ	21
ดิ๊กเกิล	21
แล้วเด็กล่ะ	21
ช่วยคุณ	21
เราได้แล้ว	21
สตาร์เบิร์น	21
กล้วย	21
อัสลาน	21
โอ้มนุษย์	21
ที่ที่	21
ฮ้ะ	21
คุณเป็นคน	21
สุขสันต์วันเกิดค่ะ	21
ใช่ปะ	21
เป็นอะไรหรือเปล่าครับ	21
วิศวกร	21
มาด้วยกันสิ	21
เจ้าหญิงน้อย	21
บนเตียง	21
ฮูเปอร์	21
แต่ไม่ใช่คุณ	21
เขาดูเหมือน	21
เตรียมตัวไว้	21
มีกี่คน	21
มีสมาธิ	21
ทัลซ่า	21
วางอาวุธลงซะ	21
ขอบคุณค่ะท่าน	21
แปลกยังไง	21
ผมฆ่าเขา	21
เดี๊ยวก่อน	21
โปรดฟัง	21
หายใจหนัก	21
ฮินาตะ	21
คุณว่ายังไงนะ	21
ฉันได้ตัวเขาแล้ว	21
ที่ตรงนี้	21
ฉันรอได้	21
ฟอกซ์	21
เธอจำได้ไหม	21
แตงโม	21
ฉนั้น	21
ใครหรือ	21
ฉันปวดหัว	21
ดั้งนั้น	21
คุณทำบ้าอะไร	21
กินเยอะๆ	21
เอมี	21
ใบขับขี่	21
ภายในวันนี้	21
ว่าคุณเป็นใคร	21
ฮายาชิดะซัง	21
กับตัน	21
มันไม่ใช่เรื่องง่าย	21
ผมมองไม่เห็น	21
อยู่บ้าน	21
ผู้เฒ่า	21
ซารา	21
โคโค่	21
ว่างั้นมั้ย	21
ผมมีปัญหา	21
ผมมีแผน	21
โว้ๆๆ	21
แต่มันจริง	21
เขาไม่มีทางเลือก	21
รอซักครู่	21
ป้าคะ	21
เบิร์กฮาร์ท	21
ซีลีย์	21
คุณอากิยาม่า	21
เสียงผู้ชาย	21
ก็งั้นๆ	21
ผมได้มาแล้ว	21
ขอคุยด้วยหน่อยสิ	21
แสงแดด	21
เป็นคนทำ	21
ฉันอยู่ที่ไหนเนี่ย	21
นายว่าไหม	21
ตายเหรอ	21
ขอดูหน่อยซิ	21
คัต	21
ช่างหัวมันเถอะ	21
ข้าเกรงว่า	21
ฉันได้กลิ่น	21
หลังฉัน	21
ไม่พอใจ	21
ลืมแล้วเหรอ	21
เจ้าเหมียว	21
เคอร์รี่	21
ใหญ่มาก	21
ขอตัวก่อนครับ	21
สิ่งที่เราทำ	21
เราจะไม่ไปไหนทั้งนั้น	21
คราวก่อน	21
ไอ้ฆาตกร	21
ไปกับเขา	21
มีไรเหรอ	21
พวกเขาทำอะไร	21
เซลิน่า	21
สิ่งสำคัญคือ	21
ใฃ่	21
คุณรู้จักเขา	21
เสร็จแล้วค่ะ	21
กบฏ	21
นังหนู	21
ถ้าคุณอยาก	21
เสียงคราง	21
เคนย่า	21
แรงๆ	21
ไม่เปลี่ยนแปลง	21
เธอไม่มีทางเลือก	21
พอละ	21
มันเรื่องอะไร	21
สวนสัตว์	21
อิลแม	21
ดูซิว่า	21
สมควรแล้ว	21
โชคร้ายจริงๆ	21
ไซลาร์	21
ผมก็ว่าอย่างนั้น	21
เราต้องทำอะไรบางอย่าง	21
ดาร์บี้	21
ออกไปให้หมด	21
มันไม่พอหรอก	21
ทำไง	21
ถ้าฉันชนะ	21
หรือแม้แต่	21
ขอดู	21
มันยอดเยี่ยม	21
ทำอะไรของนาย	21
เจนี่	21
ไม่มีเพื่อน	21
ฉันจะไปกับเธอ	21
ขอบใจที่มา	21
ไอ้ห่าเอ๊ย	21
เสียใจด้วยนะคะ	21
เรื่องธรรมดา	21
คนอย่างฉัน	21
แต่ฉันต้องไปแล้ว	21
นั่นคุณจะไปไหน	21
ทำใม	21
ไม่ฉันไม่ได้	21
เรนนี่	21
เธอหายไปไหนมา	21
เทเรซา	21
ไอดาโฮ	21
เคาน์ตี้	21
เราแพ้	21
ปีศาจร้าย	21
แอดเลอร์	21
เงียบสงบ	21
เขาไม่ได้บอก	21
ในห้องนอน	21
ผมไม่ไหวแล้ว	21
ถ้าเราโชคดี	21
เราจะเข้าไป	21
คุณเป็นใครคะ	21
เซอร์ไพร์ส	21
ทุกวินาที	21
รอเดี๋ยวนะคะ	21
ซักวันนึง	21
ผู้บริสุทธิ์	21
ไอ้งั่งเอ๊ย	21
เปล่าจ้ะ	21
พวกขี้แพ้	21
ผมเดานะ	21
แรงบันดาลใจ	21
เดาซิ	21
พวกเราอยู่ที่ไหน	21
เต่า	21
และนอกจากนี้	21
เข้าไปข้างในกัน	21
หล่อนเป็นใคร	21
หล่อมาก	21
คุณต้องการฉัน	21
เธอชอบมัน	21
ดังนั้นแล้ว	21
กินเข้าไป	21
มูคยอล	21
แต่คุณรู้อะไรไหม	21
จะไปไหนล่ะ	21
เบคเกอร์	21
ผมไม่อยากจะเชื่อ	21
บริท	21
รอแปปนึง	21
เดี๋ยวกลับมานะ	21
ทำไมนายไม่	21
ก็ไปสิ	21
เราต้องมีสติอยู่กับเกม	21
ทีนี้ฟังนะ	21
หุบ	21
ไอ้กระจอก	21
คงจะ	21
นั่นแหละเธอ	21
ทำยังไงล่ะ	21
ก็ไม่รู้	21
แยกย้าย	21
ที่เรามี	21
นอร์ม	21
ยิ่งเร็วยิ่งดี	21
พอแล้วน่า	21
แกะ	21
กู๊ดแมน	21
โวลต์	21
บอกข้าที	21
โดยตรง	21
ฉันบอกคุณไปแล้ว	21
ใจฉัน	21
เทรย์	21
บ๋อย	21
หรือไม่งั้น	21
พวกเราสบายดี	21
แย่ว่ะ	21
ภาษาจีน	21
แคลล์	21
ถือ	21
เราจบกันแล้ว	21
คาดว่า	21
ใกล้เข้ามาแล้ว	21
อัลเมด้า	21
ก่อนที่เราจะเริ่ม	21
ข้ารู้ว่า	21
แคริน	21
ฉันไม่รู้หรอกนะ	21
ตัวปลอม	21
นึกว่า	21
เรื่องบ้าๆ	21
เธอกำลัง	21
ชั้นใต้ดิน	21
หรือใครก็ตาม	21
ทุกคนฟัง	21
ฉันเป็นอะไร	21
นี่อะไรนะ	21
ท่านนายพลครับ	21
ชินากาว่าคุง	21
ยินดีที่รู้จักค่ะ	21
เธอเป็นไง	21
คุณอยู่มั้ย	21
ผมเชื่อใจคุณ	21
ทำงานอยู่	21
ประทับใจจัง	21
ไม่มีอะไรมากหรอก	21
ไม่มีความสุข	21
เข้าไปได้	21
ค่อยเป็นค่อยไป	21
ฟิสิกส์	21
สถานีรถไฟ	21
เร็วกว่า	21
ชอบเหรอ	21
ฝากข้อความ	21
กันหน่อย	21
มียอน	21
น้ำเปล่า	21
เอาดิ	21
อีกทั้ง	21
ดูรอบๆ	21
ตำรวจสากล	21
เขาพูดเรื่องอะไร	21
ไม่ได้อยู่ที่นี่	21
ก่อนหน้านี้ใน	21
ผมจะไปเอง	21
จริงมะ	21
แต่นี้	21
ยกแขนขึ้น	21
คุณเป็นหมอ	21
มิหนำซ้ำ	21
เราควรไปได้แล้ว	21
จะเกิดขึ้น	21
ใครบอกล่ะ	21
ไม่ต้องกลัวหรอก	21
สวิทช์เชอร์	21
ดูตรงนี้สิ	21
เลคกี้	21
แต่ไม่ต้องห่วงนะ	21
เปเรซ	21
ได้อย่างรวดเร็ว	21
ดูอะไร	21
แฮวอน	21
เงียบเสีย	21
มันเป็นความคิดที่ดี	21
ถ้ามันจำเป็น	21
แม	21
อย่าทำอย่างนั้นนะ	21
เธอเก่งมาก	21
โอกาตะ	21
ชอยแฮรยอง	21
ซุปเปอร์แมน	21
เร็วที่สุดเท่าที่จะทำได้	21
แพ็ตตี้	21
จิจิน	21
ปุยปุย	21
เด็ม	21
ชั้นหมายความว่า	21
ทีซี	21
หรือนี่	21
ส่วนมาก	21
มันแปลกๆนะ	21
มาร์ล่า	21
ผมพูดถูกไหม	21
วินนี่	21
ผมทำอะไรผิด	21
มันพังแล้ว	21
อย่ามาแตะตัวฉัน	21
ไปก่อนนะครับ	21
จองสุก	21
เราไม่ใช่	21
มันเจ็บจริงๆ	21
เขาตายยังไง	21
ตาสีฟ้า	21
เจ้าคนชั่ว	21
เป็นธรรมดา	21
ไม่ใช่อันนั้น	21
ใครอีก	21
มิชเชล	21
ฉันได้รับโทรศัพท์	21
เบาเสียงหน่อย	21
คงเป็น	21
ฉันบอกเธอ	21
ปวดท้อง	21
คนเดียวเหรอ	21
เพราะฉันรักเธอ	21
อย่าเข้าใจฉันผิดนะ	21
เราอยู่นี่แล้ว	21
ไม่ได้เจอกันตั้งนาน	21
ผมเรียกมันว่า	21
ให้เวลาเขาหน่อย	21
สวัสดีที่รัก	21
ดูซิใครมา	21
สิ่งที่เขาทำ	21
คิมจีฮุน	21
สนุกดีออก	21
ถูกของเจ้า	21
แต่ก็โอเค	21
วิเศษจริงๆ	21
เธอร้องไห้	21
คัปปา	21
อะไรหละ	21
เด็กนี่	21
โซจิโร่	21
เค้าเป็น	21
มาทำอะไร	21
หันกลับไป	21
แผนการ	21
ผมต้องการเงิน	21
มีอีกอย่าง	21
คุณทำอย่างนี้ทำไม	21
โบริ	21
ดังนั้นตอนนี้	21
งดงามมาก	21
ฉันจะทำอะไร	21
นี่ลูกสาวฉัน	21
ไม่ใช่มนุษย์	21
แต่แม่	21
ดูดีจัง	21
คนธรรมดา	21
ฟอร์เรส	21
นายจะต้อง	21
ไซเรน	21
มื้อเย็น	21
องศาเซลเซียส	21
ไม่ว่าง	21
ขุด	21
เครียด	21
แล้วคุณต้องการอะไร	21
ผมรู้จักเธอ	21
ฉันจับได้แล้ว	21
มันอยู่ในนี้	21
พี่สาวครับ	21
ฉันบอกให้ออกไป	21
หมอบไว้	21
แต่มันเห็นทุกๆอย่าง	21
โทโมโกะ	21
เราไปไม่ได้	21
แม็กซิม	21
แต่มันเป็นความจริง	21
ใครมาน่ะ	21
ล่องไป	21
ไปทำอะไรมา	21
เชี้ย	21
มันยังไม่ดีพอ	21
ฉันชนะแล้ว	21
มีมั้ย	21
ลืมได้เลย	21
โมเซอร์	21
ที่ฉันรู้คือ	21
พวกเขาทำได้	21
ชื่อของคุณ	21
ฮัวนิต้า	21
น้องชายฉัน	21
มุงอึน	21
ที่ไหนซักแห่ง	21
ผมบอกได้เลย	21
ฉันรู้ว่าเธอ	21
ตับ	21
ลึกๆแล้ว	21
เอบ	21
เธอรู้ดี	21
อัชเชอร์	21
ช่างน่าเศร้า	21
เอลริค	21
อย่าสนใจเลย	21
เปิดนะ	21
มองฉันซิ	21
ที่ประตู	21
อมตะ	21
ใช่แล้วๆ	21
วูดเซน	21
ถุงยาง	21
เฮสเตอร์	21
แมชชีนที่คอยเฝ้าดูคุณ	21
โทรหาเธอ	21
ส่วนนี่	21
โดยบังเอิญ	21
ข้าเชื่อว่า	21
ทำได้มั้ย	21
นั่นใครครับ	21
ท่านหญิงสตาร์ค	21
แค่ชั่วคราว	21
ถึงตาย	21
พิสูจน์	21
เจ๋งจริง	21
อลาบามา	21
เคลาส์	21
คุณอยู่ที่	21
พิลึก	21
เดรโก	21
ทิ้งอาวุธซะ	21
แค่นี้ก็พอแล้ว	21
กันดีกว่า	21
หยุดเหอะ	21
เธอคิดว่าเธอเป็นใคร	21
ในทางเทคนิคแล้ว	21
มาดื่มกันเถอะ	21
ต้องการอะไรจากฉัน	21
อิไลจาห์	21
ใช่ไหมเนี่ย	21
เเฮงค์	21
คิดได้ไง	21
ในหนัง	21
ตกลงๆ	21
อิจฉาเหรอ	21
หยุดโกหกได้แล้ว	21
หงุดหงิด	21
พูดได้	21
ทั้งวันทั้งคืน	21
ฉันจะจัดการมันเอง	21
ก็ลองดูสิ	21
แคร์	21
ใช่ถูกต้อง	21
ยังอยู่ไหม	21
ทราย	21
แบร์ล	21
ของกล้วยๆ	21
ฉันเห็นบางอย่าง	21
เหมือนไม่มีอะไรเกิดขึ้น	21
ซาโยนาระ	21
ไปเหรอ	21
ทราบแล้วค่ะ	21
เดนเวอร์	21
เลม	21
หมากฝรั่ง	21
ไปตลอดกาล	21
เราทำงานด้วยกัน	21
ไม่น่าเป็นไปได้	21
ของเจ้า	21
สำหรับเราทั้งคู่	21
มีอะไรค่ะ	21
ลีกยูวอน	21
ใช่มั้ยหละ	21
มัลฟอย	21
และฉันเสียใจ	21
แต่คุณรู้อะไรมั้ย	21
คุณก็รู้นิ	21
ท่านเจ้าเมือง	21
นิดเดียว	21
น่าสนุกดี	21
วาล	21
หึๆ	21
แล้วเจอกันนะคะ	21
เอาตัวไป	21
น่าเบื่อจริงๆ	21
เดี๋ยวก็ดีเอง	21
ผมจำเป็นต้องทำ	21
ไปกับผม	21
ผมจอห์น	21
นี่ไม่ใช่เรื่องจริง	21
นี่มันหมายความว่ายังไง	21
แย่สุดๆ	21
ดีใจที่ได้เจอคุณอีก	21
เจ้าไม่เป็นไรนะ	21
เราไม่มีเวลามากนัก	21
ทำใจดีๆ	21
เรื่องของฉัน	21
ทาเคดะ	21
มันน่าสนใจ	21
ไม่ว่าจะเป็น	21
วิ่งสิ	21
คุณยังมีชีวิตอยู่	21
เคลื่อนที่	21
บิลโบ้	21
ก็ยังดี	21
ไม่ดีเท่าไหร่	21
ลิฟท์	21
แต่งงานเหรอ	21
คาซามะ	21
ขอบคุณมากเลยครับ	21
ทรอน	21
ฮ็อปเปอร์	21
เขาฟื้นแล้ว	21
แกมันโง่	21
งั้นหรอครับ	21
ที่นั่ง	21
เข้าเป้า	21
ไม่บอกหรอก	21
พวกเขาเรียกมันว่า	21
ชิค	21
แต่คุณก็รู้	21
กระดูก	21
ด้วยตัวฉันเอง	21
ฉันทำมันไม่ได้	21
ฯลฯ	21
พวกเขาไม่	21
แอลเลน	21
มันไม่ใช่ของผม	21
ก้อด	21
กอซซิป	21
สิงหา	21
สแกน	21
คอ	21
ฉันจ่ายเอง	21
คุณคิดจริงๆเหรอว่า	21
อิสราเอล	21
เขาฆ่าเธอ	21
เธอน่าจะ	21
ดัลลัส	21
แทซุง	21
ผู้ซึ่ง	21
หลับ	21
ชั้นน่ะ	21
แล้วคุณล่ะคะ	21
ลีบี	21
ปีก่อนคริสตกาล	21
เป็นตำรวจ	21
ฉันแค่อยาก	21
ฉันจะไปคนเดียว	21
ตั๊กแตน	21
มันใหญ่	21
สับ	21
เซเว่น	21
ล่ะสิ	21
นามสกุล	21
แม่ของลูก	21
ถุงเท้า	21
สาวเสิร์ฟ	21
นั้นสินะ	21
ดาร์	21
หรือฉัน	21
เป็นอย่างน้อย	21
ฟังผมให้ดี	21
มาโอะ	21
ประเทศจีน	21
ปากีสถาน	21
พักได้	21
แล้วหนีไป	21
ตี้	21
แล้วสินะ	21
บ้าๆ	21
เธอช่าง	21
ดำเนินการ	21
โกลเด้น	21
บท	21
จากปี	21
ชิป	21
ขอบคุณค่ะแม่	21
คราวลี่ย์	21
เดือนมาแล้ว	21
ที่เรา	21
มีทั้งหมด	21
จบลงแล้ว	21
เมอร์ซี่	21
หอ	21
มาได้	21
ซิง	21
ท่า	21
ตระกูล	21
เบลลี่	21
สิ่งเดียว	21
ฉันคิดว่านาย	21
ดูม	21
วันแล้วนะ	21
ลิเบอร์	21
ดับเบิ้ลยู	21
ข้อหา	21
มีผู้ชาย	21
เอ็ก	21
ม่	21
ซากุราอิ	21
เป็นครั้งที่	21
มันผ่านมา	21
วันนะ	21
ปีครึ่ง	21
ซูเรซ	21
เปอร์เซ็น	21
ล้านดอลล่า	21
คิมซู	21
นี่จนท	21
ฉันไม่เข้าใจว่าทำไม	20
มาชิโอะ	20
เดวุส	20
ต้องขอโทษด้วยนะครับ	20
แค่ฉัน	20
ฮานาโกะ	20
ย่าครับ	20
โคร่า	20
ลอย	20
รอบสุดท้าย	20
ฉันแค่อยากรู้ว่า	20
ริดดิค	20
พี่ก็รู้	20
ทำบ้าอะไรเนี่ย	20
มีบางสิ่ง	20
เป็นยังไงกันบ้าง	20
คุณต้องช่วยฉัน	20
ว่างั้น	20
ท่านผู้ชม	20
ถ้าจำไม่ผิด	20
สันติภาพ	20
ฉันจำเป็น	20
พาเธอออกไปจากที่นี่	20
ฉันไม่เคยรู้เลย	20
โปโล	20
สะอื้น	20
ฉันไม่ได้ฆ่าเขา	20
โส	20
เพรสตั้น	20
เดือนหน้า	20
รุ่นพี่โรมายะ	20
แกฆ่าเขา	20
อย่าเข้าใจฉันผิด	20
ฉันบอกให้	20
มีความสุขมาก	20
มันเรื่องจริง	20
คุณต้องออกไป	20
ท็อด	20
อิซาเบลล่า	20
ข้าหรือ	20
เจ้ารถไฟ	20
ชีวิตใหม่	20
เกมส์จบแล้ว	20
กลับมานี่ก่อน	20
ขอตัวสักครู่นะครับ	20
ซันยอง	20
แมตตี้	20
ได้เวลากลับบ้านแล้ว	20
กระทง	20
คุณจะแต่งงานกับผมไหม	20
มั่นคง	20
ฉันไม่เห็นเขา	20
ดีใจจริงๆ	20
ผมอยากเจอคุณ	20
ฉันมาคนเดียว	20
แคโรล	20
ขอบคุณที่	20
เข้าใจที่ฉันพูดมั้ย	20
ต่อนรกผุดพ่อง	20
ขอตัวค่ะ	20
ใช่มั้ยเนี่ย	20
มันคืออะไรครับ	20
มันยังไม่จบหรอก	20
ก็จะมีจุดจบเหมือนฉัน	20
ไม่อยู่ที่นี่	20
แกเร็ต	20
ตรงนี้ครับ	20
จริงมั้ยล่ะ	20
ฮ่วย	20
ฉันต้องการคุยกับคุณ	20
ตามที่	20
เป็นอะไรของนาย	20
คัดลอก	20
ไม่ตอบสนอง	20
น้ำหอม	20
อัลบัส	20
วองก้า	20
ฉันตกลง	20
ขอโทษที่ให้รอครับ	20
มันคืออะไรหรอ	20
ผมต้องขอโทษ	20
ต้องมีอะไรผิดพลาดแน่ๆ	20
ข้าไม่แน่ใจ	20
มันหยุดแล้ว	20
เเล้วเจอกัน	20
อย่าไปฟังเธอ	20
พยายามเข้านะคะ	20
ฉันชอบมากเลย	20
เลขาคิม	20
ชอบมั้ยล่ะ	20
วันๆ	20
ริโอ	20
ดองวุค	20
แครช	20
แกพูดอะไรของแก	20
ไม่ธรรมดา	20
ยังไม่ดีพอ	20
ฉันรึ	20
ยินดีที่ได้พบคุณนะ	20
เสนอ	20
แลงค์	20
มาอิ	20
เเม่คะ	20
เชื่อเขาเลย	20
คาโอริ	20
ดูดีๆ	20
ฉันไปแล้วนะ	20
ปล้น	20
ไอลีน	20
นายกรัฐมนตรี	20
ทุกๆสิ่ง	20
เจอเขาแล้ว	20
ฟีโอน่า	20
ไม่มีอะไรต้องเป็นห่วง	20
คุณนายคะ	20
มันดึกมากแล้ว	20
พี่ชายผม	20
ฉันจะช่วยเธอ	20
มันก็โอเค	20
เร่งหน่อย	20
ฉันเคยได้ยิน	20
โปรดจำไว้ว่า	20
ว่าอะไร	20
สตอร์ม	20
เธอพร้อมหรือยัง	20
เวทย์มนต์	20
ฉันไม่รู้จักเธอ	20
บ้านเหรอ	20
ไม่ต้องพูดอะไรแล้ว	20
คุณบอห์ม	20
คอร์บิน	20
ตามเธอไป	20
อีกแล้วหรือ	20
ทราบครับ	20
วู้ฮู้	20
ยช	20
ร้ายกาจมาก	20
ฮีจุง	20
ฉันไม่คิดงั้น	20
แพทตี้	20
ผู้จัดการคะ	20
จุงจา	20
จริงๆนะครับ	20
เธอละ	20
ประตูหลัง	20
พาสต้า	20
เกิดเรื่องอะไรขึ้น	20
คุณได้อะไรมา	20
เธอชื่อว่า	20
ฉันต้องการให้เธอช่วย	20
มาริน	20
นายพลสกายวอล์คเกอร์	20
แปบนึง	20
เป่ายิ้งฉุบ	20
เงียบสิ	20
จิงเหรอ	20
ทีฟ่า	20
อย่างนั้นเลย	20
และแก	20
ช่วยเหรอ	20
และดูเหมือนว่า	20
นิโกร	20
นายทำบ้าอะไร	20
โอเคหรือเปล่า	20
ดิก	20
ลาสเวกัส	20
ผลงานภาพยนตร์ชุดของ	20
อย่าลังเล	20
ว่าไงค่ะ	20
คิริชิม่าซัง	20
อาโอยาม่า	20
เรามีปัญหาแล้วล่ะ	20
โอมัลลีย์	20
เข้าไปในบ้าน	20
ฉันทำแบบนั้นไม่ได้	20
มันไม่ใช่ปัญหา	20
ผมต้องบอกว่า	20
ล้านปีที่ผ่านมา	20
วอร์เร็น	20
ฉันคิดว่าฉันรู้	20
ดีใจที่ได้เจอเธอนะ	20
อายัง	20
อย่างต่อเนื่อง	20
คุณจะว่าอะไรมั้ย	20
มันค่อนข้าง	20
ออกมาได้	20
เซลีน่า	20
โลกเริ่มเย็นลง	20
กุหลาบ	20
เธอพร้อมแล้ว	20
คุณชื่ออะไรคะ	20
เเมกซ์	20
บินซ์	20
บอริส	20
มีอะไรให้ช่วยมั้ยคะ	20
ท่านอัยการครับ	20
กับผู้ชาย	20
ผมไปแน่	20
พัดม่า	20
เข้าไปเร็ว	20
มิชิม่า	20
คุณแคสเซิล	20
แกพูดอะไรนะ	20
เธอคิดว่ายังไง	20
อยู่นี่ค่ะ	20
อาจารย์เคโนบี	20
ฉันโชคดี	20
สไตลล์	20
ลืมไปซะ	20
เขาหมายถึง	20
ร่าเริงหน่อย	20
คุณจะไป	20
อย่าขัดขืน	20
เจอแล้วครับ	20
จินฮยอค	20
นายต่างหาก	20
ก็ดูสิ	20
นี่คุณไป	20
วิดีโอ	20
ตามชั้นมา	20
เกิดอะไรขึ้นวะ	20
แหล่งข่าวแหล่งเดียว	20
ฉันกำลังพยายาม	20
อะไรล่ะนั่น	20
ชิโนบิ	20
เป็นเรื่อง	20
น่าอัศจรรย์	20
การทำงาน	20
มันเป็นสิ่งที่	20
ฮาโตริซัง	20
จากที่ไหน	20
เรากำลังจะ	20
เท่าที่ผมจำได้	20
เอามานะ	20
สโคฟิลด์	20
ผมไม่ได้ฆ่าเธอ	20
นิวเจอร์ซี่	20
ชื่อเขาคือ	20
ล้อเล่นรึไง	20
จูยูริน	20
ถ้าฉันจำไม่ผิด	20
โอ้ขอบคุณ	20
ก็ไม่ใช่	20
แลนซาลอต	20
กดดัน	20
ฉันไม่ได้ถาม	20
อีกทีนะ	20
เราต้องหา	20
โอนเนอร์	20
ฉันไม่รู้ว่าต้องทำยังไง	20
โนอึนซอล	20
อ๊อก	20
ผู้ชายเหรอ	20
เอาด้วย	20
ฮาพลิน	20
เราจะปลอดภัย	20
ลูโก้	20
ตายหมดแล้ว	20
ฉันปวดฉี่	20
คุณและผม	20
ทนไว้นะ	20
มาซาโตะ	20
ซอนวู	20
ธอม	20
มันเป็นเหมือน	20
เคนโด้	20
เออดี	20
คุณจะได้เห็น	20
แล้วยัง	20
รู้ไว้นะ	20
โฮม	20
แอนโตนิโอ	20
สงบลง	20
ผมเพิ่ง	20
ปรับปรุงและบรรยายไทยโดย	20
เขียนโดย	20
อย่างนั้นเหรอครับ	20
แกไม่รู้หรอก	20
กอดเธอ	20
ชูจัง	20
ฉันเกินไป	20
หงส์ดำ	20
มันหายไปไหน	20
ครูโซ่	20
ไปหาเขา	20
มันต่างกันตรงไหน	20
คุณไม่รู้ว่า	20
ช่วยได้มากเลย	20
ตั้งสติไว้	20
ถ้าคุณถามผม	20
เหนือสิ่งอื่นใด	20
นับสาม	20
ไม่มีใครรู้ว่า	20
ปิ๊งป่อง	20
ฉันทำไม	20
ฮายาชิดะ	20
เป็นเรื่องปกติ	20
รู้ไหมคะ	20
แพงจัง	20
ลืมมันไปซะเถอะ	20
แต่ท้ายที่สุด	20
พาส	20
ทันบาระซัง	20
มาตรงนี้สิ	20
เป็นเพื่อนกัน	20
นายไม่รู้หรอกว่า	20
และภรรยา	20
เขารักเธอ	20
ใจเย็นก่อนสิ	20
คาซึ	20
ยานอนหลับ	20
ฮิเดกิ	20
ผมแดง	20
นี่มันเกิดบ้าอะไรขึ้น	20
โยชิ	20
ปิดแล้ว	20
ล่วงหน้า	20
โอเคได้	20
กลางดึก	20
ไม่ใช่สำหรับฉัน	20
ไม่ต้องสนใจหรอก	20
แล้วฉันละ	20
และเป็น	20
ตั้งแต่วันนั้น	20
น่าสนใจนี่	20
คงอีกไม่นาน	20
ลีโล	20
อย่าเรียกฉันแบบนั้น	20
ฉันอยากดื่ม	20
คุณรู้รึเปล่าว่า	20
คุณล้อเล่นหรือเปล่า	20
ยืน	20
คาโต้	20
ไนทไรเดอ	20
เห็นด้วยไหม	20
เจ้าล่ะ	20
เอเด็น	20
ของคุณเหรอ	20
นายต้องการอะไรจากฉัน	20
สายเกินไป	20
ฟิ้ว	20
ฟอลล์	20
ฉันกลัวจริงๆ	20
จริงๆนะคะ	20
เชื่อข้า	20
หมอบลงเดี๋ยวนี้	20
แอลี	20
คุณเพอร์เซล	20
คอมมานด์	20
อับดุล	20
เราเข้ามาแล้ว	20
คุณหลอกฉัน	20
คุณแน่ใจน่ะ	20
ตลกละ	20
เลโกลัส	20
กริปวีด	20
ฉันอยากให้คุณรู้ว่า	20
ว๊าววว	20
กูส	20
ฉันต้องทำงาน	20
อาริเอทตี้	20
คุณฮีบอน	20
แล้วค่ะ	20
คุณเป็นอะไรเนี่ย	20
ฉันควรทำอย่างไร	20
ฮโยรี	20
ฉันลืมไปแล้ว	20
นายไม่เข้าใจเหรอ	20
ไฟดับ	20
ไม่เคยได้ยิน	20
เค้าพูดว่า	20
นี่แม่	20
ไปเถอะนะ	20
ขั้นที่สอง	20
ข้าเห็นด้วย	20
เดนตัน	20
ฮาโลวีน	20
คุณวอล์คเกอร์	20
เธอทั้งคู่	20
หลังจากวันนี้	20
วิคเตอเรีย	20
ร็อคแอนด์โรล	20
เปิดเผย	20
เป็นไปได้ไหมว่า	20
เบร็ท	20
โยอิจิ	20
โปรดหยุดเถอะ	20
คอสต้า	20
มองที่ผม	20
ที่รู้ว่า	20
กะลาสี	20
พ่อแม่ของฉัน	20
เหรอจ๊ะ	20
เยอะแยะ	20
อันไหนล่ะ	20
ฉันจำคุณได้	20
ทุกคนใจเย็นๆ	20
กริ๊ง	20
ทางใต้	20
พูดคำว่า	20
บรูค	20
สั่น	20
แมนเดรก	20
ได้ตัวล่ะ	20
และบัดนี้	20
หยุดตรงนั้น	20
พายุ	20
ฉันจะไปแล้วนะ	20
เธอสวยมากเลย	20
พอลสัน	20
เราเอง	20
ต้องทำยังไง	20
ผมแค่อยากรู้ว่า	20
เอาล่ะฟังนะ	20
สุขสันต์วันเกิดครับ	20
พูดง่ายๆก็คือ	20
ไทจิ	20
ปราสาท	20
โบแรท	20
เลยนะครับ	20
ใช่เปล่า	20
ยิ่งดี	20
อย่าพูดเลย	20
เดินทาง	20
รู้สึกมั้ย	20
จดหมายลาออก	20
เราต้องการกำลังเสริม	20
มันเป็นเรื่องสำคัญ	20
อ่าฮ่ะ	20
ฉันออก	20
เร็วๆนะ	20
มันมีอะไร	20
หยุดยิงก่อน	20
ไม่อย่างงั้น	20
เขาเกลียดฉัน	20
เราไปกันได้แล้ว	20
อย่างแรกนะ	20
เบ็กกี้	20
เธอทำได้ดี	20
เคโกะซัง	20
สิบเอ็ด	20
ดังอีก	20
อันนี้เหรอ	20
ลองนี่	20
มานี่เร็วเข้า	20
แต่ก็ไม่	20
สั้นๆ	20
ถ้ามีปัญหาอะไร	20
เดินทางปลอดภัย	20
วางลงซะ	20
คุณขา	20
ผมเห็นเขา	20
แล้วลูกล่ะ	20
แต่คุณบอกว่า	20
กลิ่นอะไรน่ะ	20
อาดัม	20
มันไม่ใช่คุณ	20
เมื่อนั้น	20
นั้นละ	20
นี้นะ	20
นายผิดแล้ว	20
ดาวิด	20
นาโอโตะ	20
อย่างอะไร	20
เฝ้าดู	20
ไม่ต้องพูดมาก	20
ผมอยู่ตรงนี้	20
อยากรู้	20
ไหงงั้นล่ะ	20
เจม	20
ปล่อยเขาเถอะ	20
ความอดทน	20
สรุปคือ	20
น้องสาวผม	20
เบรก	20
แมคควีน	20
คุณอยากให้ผมทำอะไร	20
ข้างหลังนาย	20
โล่ง	20
แต่ฉันกลัว	20
บึ้ม	20
ไฮสคูล	20
อีกเรื่องหนึ่ง	20
สัตว์เลี้ยง	20
คุณเวย์น	20
วางแผน	20
คุณทำได้ไหม	20
จริงเลย	20
สักที่	20
ไม่ใช่อะไร	20
สตูดิโอ	20
เจิด	20
พี่หวังกุน	20
ฉันกำลังฟังอยู่	20
ท่านแม่ทัพใหญ่	20
แจ่มมาก	20
ก็ไม่มีอะไร	20
ผิดเวลา	20
ขอโทษที่	20
ฉันกำลังพยายามอยู่	20
ทุกๆปี	20
กลีคลับ	20
หวังว่าอย่างนั้น	20
มงยง	20
นิยามคำว่า	20
พิมพ์	20
ฉันบอกคุณแล้วว่า	20
ถูกต้องมัย	20
เรื่องง่ายๆ	20
ช่ายเลย	20
แค่บอกมา	20
กลับไปนอนเถอะ	20
แค่ล้อเล่นน่ะ	20
นั่นไม่สำคัญหรอก	20
เสร็จละ	20
แล้วทำไมล่ะ	20
คริสมาสต์	20
ขอบคุณท่าน	20
ของปลอม	20
แกรู้	20
ฆ่าฉันเลย	20
ดีใจที่พบคุณ	20
คุณยังไม่เข้าใจ	20
ลานี่	20
อัฟกานิสถาน	20
ตั้งสมาธิ	20
ฉันไม่เคยคิด	20
ใครกำลังมา	20
โรงงาน	20
ฉันยอมแล้ว	20
บอกความจริง	20
โมราเลส	20
ซิมป์สัน	20
ไปด้วยกันนะ	20
ผมก็คิดอย่างนั้น	20
นี่เป็นไง	20
กุญแจอยู่ไหน	20
นายต้องไป	20
ระวังๆ	20
เงินอยู่ไหน	20
สูบบุหรี่	20
โอ้ไม่มี	20
รู้มั้ยคะ	20
รบกวนด้วยนะคะ	20
ไม่มีเลือด	20
ชอยยองโด	20
แอริส	20
หลีกไปนะ	20
กรณีนี้	20
จงจำไว้	20
คุณทั้งสอง	20
ขอบคุณครับพ่อ	20
คุณนายคอลลินส์	20
อีกสักพัก	20
ในโลกใบนี้	20
ห้ามรบกวน	20
แปลกจังเลย	20
อย่างนั้นใช่มั้ย	20
ดูบากู	20
ตั๋วเครื่องบิน	20
นี้มันอะไรกัน	20
ทำไมเป็นงั้น	20
เคียวโกะจัง	20
เรโน	20
นายรู้จัก	20
มันไม่ได้หมายความว่า	20
แค่คุณ	20
ผมไม่หิว	20
ให้เร็วที่สุดเท่าที่จะทำได้	20
อเล็กซานเดรีย	20
อุซาตัง	20
อึนแจ	20
ทำบ้าอะไรน่ะ	20
เราควรจะไป	20
คุณและ	20
แจ่มเลย	20
อาร์โนล	20
คุณทำแบบนี้ได้ยังไง	20
เคิรก	20
แต่ก็ไม่ได้หมายความว่า	20
รออยู่	20
แชมเบอร์	20
คุณจะเข้าใจ	20
ทางที่ดี	20
เธอเป็นใครกัน	20
มีเรื่องอะไรกัน	20
ข้ามี	20
นี่ที่รัก	20
โอซาก้า	20
ใครจะรู้ว่า	20
ก็คือว่า	20
โอบาม่า	20
ตะหาก	20
มีงานทำ	20
ฉันซาบซึ้งมาก	20
ดูก่อนนะ	20
มันเหมือนกัน	20
ลัยโซล	20
ชั้นสอง	20
เหมือนกันแหละ	20
เด็กฝึกงาน	20
คังซาน	20
โดยที่	20
คริสตอฟ	20
พี่ข้า	20
เรื่องนั้นฉันรู้	20
พูดอะไรของเธอ	20
คุณเคยได้ยิน	20
บรรจุกระสุน	20
ไม่ใช่เหรอคะ	20
นี่คือสงคราม	20
พายุกำลังมา	20
บลูส	20
บิวตี้	20
ทำไมต้องเป็นผม	20
ความเดิมจากตอนที่แล้ว	20
จะไปแล้ว	20
ผมคิดผิด	20
ไม่ต้องๆ	20
อาร์ช	20
มาอีกแล้ว	20
ภายในหนึ่งชั่วโมง	20
ทุกอย่างจะดีขึ้น	20
แต่นั่นไม่ใช่ประเด็น	20
ยออูบี	20
นี่มันอะไรกันน่ะ	20
จุนโกะ	20
เล่ามา	20
เราคุยกันได้	20
คิดให้ดีๆ	20
อยู่เฉย	20
ไว้เจอกันใหม่	20
ขอบคุณที่มาค่ะ	20
ฟังฉันสิ	20
แม่น่ะ	20
การลักพาตัว	20
อ้าง	20
ยุ่งอยู่	20
มันแย่แค่ไหน	20
ถอด	20
คนที่สอง	20
จากที่เห็น	20
อู๊	20
เราต้องไปแล้วนะ	20
คนที่ชื่อ	20
เชียว	20
เราจะเป็นอิสระ	20
คืนนึง	20
จากนี้ต่อไป	20
ในเร็วๆนี้	20
ไปด้วยกันสิ	20
มินจุน	20
มีอย่างอื่นอีกไหม	20
เราต้องร่วมมือกัน	20
อนิจจา	20
ซีเรียสนะ	20
คุณคง	20
มีอะไรรึเปล่าคะ	20
อย่างไงก็ตาม	20
ขำๆ	20
ไอ้ควาย	20
พระคุณเจ้า	20
นี่หมายความว่ายังไง	20
อย่างถาวร	20
คุณมาทำอะไรที่นี่คะ	20
บิ๊กซี่	20
คุณฟ็อกก์	20
คุณบอกผมว่า	20
ยามาโมโตะ	20
แมชชีน	20
ได้อะไร	20
อัยการฮา	20
อินซูน	20
สามารถทำได้	20
ฉันก็อยากนะ	20
เขาถูกฆ่า	20
ฉันจะรีบกลับมา	20
สกอตต์	20
นายเป็นอะไรหรือเปล่า	20
ลีน	20
วาเลอรี่	20
ปล่อยเธอไปเถอะ	20
คืออย่างนี้นะ	20
คุณช่วยชีวิตฉันไว้	20
ไอ้ตัวเล็ก	20
ฉันเห็นนาย	20
ขอโทษจริงๆครับ	20
แต่มันก็	20
ทุกอย่างต้องเรียบร้อย	20
มองดู	20
ไลฟ์	20
เรียบร้อยแล้วครับ	20
นี่คือคุณ	20
ผู้รอดชีวิต	20
ฉันฆ่า	20
น่าขายหน้าจริงๆ	20
เมื่อกี๊	20
ผมไม่เชื่อหรอก	20
นี่ข้าเอง	20
คุณเป็นอย่างไร	20
เชอริล	20
เอโรเว	20
มีอะไรให้ฉันช่วยไหม	20
ตั้งนานแล้ว	20
ฮาววี่	20
อะไรน้า	20
คุณโอ	20
เอลี่	20
ไม่มีทางเลือกแล้ว	20
โทโกะ	20
ไม่ใช่ความคิดที่ดี	20
นายชื่อ	20
ฉันก็ชอบ	20
นั่นหมายถึงอะไร	20
ออสซี่	20
เดนิโซวิช	20
สักแห่ง	20
คอร์	20
คิก	20
กอล์ฟ	20
มั้ยครับ	20
เมื่ออาทิตย์ก่อน	20
จัดการเขา	20
ตามปกติ	20
เซเวอรัส	20
เพราะแบบนี้	20
ฉันก็ไม่รู้ว่า	20
ให้ฉันช่วยเถอะ	20
ทันทีที่	20
แต่จริงๆนะ	20
ไปหน่อย	20
ฉันไม่เข้าใจว่า	20
สำหรับทุกสิ่ง	20
มันสำคัญนะ	20
ฉันเป็นคนทำ	20
ผมสบายดีครับ	20
อยู่น่ะ	20
ให้นาย	20
อยู่ค่ะ	20
และสุภาพสตรี	20
เอคโค่	20
โซโนดะคุง	20
ผู้ร้าย	20
ชูล	20
แบคทีเรีย	20
กันแล้ว	20
มาร์	20
เร็วๆนี้แหละ	20
ชีฟ	20
อายุระหว่าง	20
จีซอก	20
ฉันต้องไปทำงาน	20
เธออายุแค่	20
ฉันต้องการให้เธอ	20
ไปเอา	20
เเค่	20
กระทรวงกลาโหม	20
ตัวที่	20
ไม๊	20
มีคนอยู่ที่นี่	20
จะพูดว่า	20
นั่นไม่ได้หมายความว่า	20
ถ้าคุณจะ	20
บิชอบ	20
หนังเรื่อง	20
เรื่องเงิน	20
ของเราเอง	20
วอดก้า	20
สัปดาห์แล้ว	20
บัลติมอร์	20
ชั้นชอบ	20
เหรียญครับ	20
เนวิล	20
กุมภา	20
ไว้นะ	20
แฮมเมอร์	20
รูสเวลท์	20
แมนเดล่า	20
เหรียญเอง	20
ตามมาเลย	20
บ้าบอ	20
ฮาวาร์ด	20
ต่อปี	20
เธอนะ	20
เพอรี่	20
ต่อชั่วโมง	20
ภายในเวลา	20
เป็นคนที่	20
ของประเทศ	20
ปีเท่านั้น	20
ออน	20
พันล้านคน	20
อี๊	20
เซ็คท์	20
นี่มันตี	20
ปีมาแล้วนะ	20
วันเอง	20
คุ๊ก	20
ไคริ	20
ปีก	20
เวที	20
เว็บเบอร์	20
เอน	20
นอภ	20
และดร	20
ที่ไหนกัน	19
ไว้คุยกันทีหลัง	19
ฉันก็รักคุณเหมือนกัน	19
หัวหน้าค่ะ	19
ดูคุณซิ	19
อีกไม่กี่นาที	19
ฉันเข้าใจแล้วค่ะ	19
บอกเธอสิ	19
ไอ้ตัวประหลาด	19
ยินดีตอนรับ	19
ผมไม่รู้จะพูดยังไง	19
ลาล่ะ	19
ผมพร้อม	19
อย่าบอก	19
โกสต์	19
เรือนจำ	19
แต่ผมต้องรู้จักเธอ	19
อิมาโอกะซัง	19
คนรัก	19
ให้เป็น	19
ไงก็ได้	19
บอมเบอร์	19
เจ้าหน้าที่ลี	19
ทุกวันเลย	19
ไม่จริงสักหน่อย	19
ยอมแพ้ซะเถอะ	19
เรือดำน้ำสีเหลือง	19
ไม่ต้องห่วงเรื่องนั้น	19
ทำให้ดีล่ะ	19
ถึงกระนั้น	19
คุณบ้ารึเปล่า	19
รึป่าว	19
มันไม่มีทางเกิดขึ้น	19
เรื่องเล็ก	19
นิน่า	19
แล้วคุณมาที่นี่ทำไม	19
ในทีวี	19
พวกเราตายแน่	19
มีคำถามไหม	19
สแตนนิส	19
เราจะแต่งงานกัน	19
คุยเรื่องอะไร	19
เสร็จฉันล่ะ	19
บริการ	19
ได้ยินแล้วนะ	19
ฉันไม่เอาด้วยหรอก	19
ตลกมากเลย	19
ไม่ใช่ตำรวจ	19
ตรงนั้นน่ะ	19
โทษทีที่มาสาย	19
ที่เขียนว่า	19
ถูกแล้วครับ	19
ฟังนะลูก	19
ฉันเป็นห่วงคุณ	19
นายเป็นใครกัน	19
ยูนฮี	19
โทไมเนีย	19
มิสออสติน	19
นายก็รู้ดี	19
เราต้องช่วยเขา	19
พี่จ๋า	19
ฉันเห็นว่า	19
อีกนานไหม	19
คุณรู้หรือไม่ว่า	19
ผมไม่มีเงิน	19
อยู่เหรอ	19
อย่าทำแบบนั้นนะ	19
มันเป็นเรื่องเข้าใจผิด	19
แกคิดว่าแกเป็นใคร	19
ไม่ว่าเรื่องอะไร	19
คุณโชคดีนะ	19
หรือจะเป็น	19
แต่ประเด็นคือ	19
ฉันมีปืน	19
บ้ามาก	19
และยิ่งกว่านั้น	19
ฉันกำลังบอกว่า	19
ตุ๊กตา	19
ดังนั้นสิ่งที่	19
หวัดดีเพื่อน	19
ยินดีต้อนรับกลับมานะ	19
ตลกน่ะ	19
มินดี้	19
คนบริสุทธิ์	19
เช้าแล้ว	19
มันอันตรายมากนะ	19
แกบอกว่า	19
มีอีกไหม	19
เจออะไร	19
โรล	19
กินนี่ซะ	19
นั่นอะไรคะ	19
เอาฉันออกไป	19
ปล่อยฉันออกไปนะ	19
โน่นไง	19
พระเ้จ้า	19
บุทช์	19
เราจูบกัน	19
คุณมาทำอะไรที่นี่เนี่ย	19
คุณไปก่อน	19
ไม่มีไม่มี	19
คุณรู้สึก	19
มันเป็นของเรา	19
แมเรียน	19
บางอย่างที่	19
ยังอยู่มั้ย	19
อย่าโกรธนะ	19
คุณคิดจริงๆเหรอ	19
เรายังมีเวลา	19
ผมคิดออกแล้ว	19
ฟอร์ท	19
เก็บเรื่องนี้ลงหลุมไปด้วยเลย	19
ถ้ามีใครถาม	19
ถ้าให้ดีคือล็อคมันไว้	19
สาบานสิว่าเธอจะเก็บเรื่องนี้ไว้	19
ฉันทำได้ทุกอย่าง	19
ฉันไม่เชื่อเธอ	19
แทมซิน	19
นั่งลงก่อนสิ	19
ทำไมคุณถึงคิดว่า	19
ไม่ใช่เหรอครับ	19
นั่นคุณ	19
ไกลแค่ไหน	19
ก็ไม่มี	19
อย่ายุ่งน่า	19
ดูที่	19
เคจัง	19
ตอนนี้กี่โมงแล้ว	19
ฟังข้าก่อน	19
ฉันไม่รู้จริง	19
พวกตำรวจ	19
ฟุ	19
ปล่อยข้าไป	19
มานี้สิ	19
แม่ก็	19
นายครับ	19
บ้างหรือเปล่า	19
เฟรยา	19
ฮาร์ดไดรฟ์	19
การให้อภัย	19
ซึ่งก็หมายความว่า	19
ไม่ใช่ทุกคน	19
นี่ใช่ไหม	19
เด็กหญิง	19
คุณจะรู้	19
สายเกินไปแล้ว	19
คุณน้าคะ	19
พวกเราไม่มีทางเลือก	19
ให้ฉันออกไป	19
มันไม่เวิร์ค	19
ที่จริงนะ	19
กลับมาแล้วจ้า	19
แองเจิลลีส	19
ฟุจิโอกะ	19
เล็น	19
หลังเลิกงาน	19
บัดเดอร์บอล	19
ระมัดระวัง	19
มันอร่อยมากเลย	19
ทำร้าย	19
ปล่อยมือ	19
สิ่งที่คุณพูดถึง	19
รัดเข็มขัด	19
ไอน์สไตน์	19
คุณไม่เชื่อฉัน	19
มาเป็น	19
แก๊งค์	19
จากโรงเรียน	19
สำคัญที่สุด	19
ให้ผมช่วยอะไรครับ	19
ใช่มั้ยจ๊ะ	19
สักคน	19
คุณฟิตซ์	19
มันแปลว่าอะไร	19
แต่ตอนนี้ไม่แล้ว	19
ผมเห็นว่า	19
เขาฉลาดมาก	19
พระจันทร์	19
เธอเห็นมั้ย	19
คุณกรีน	19
ผมไม่เข้าใจที่คุณพูด	19
เฮ็คเตอร์	19
อะไรฟะ	19
สองชั่วโมง	19
เป็นไงบ้างจ๊ะ	19
เขาจะฆ่าคุณ	19
มันทอด	19
ถ้าฉันต้องการ	19
เงินของฉัน	19
นายมาทำอะไร	19
อย่าทำร้ายฉัน	19
ผมอาจจะ	19
นั่นเป็นเหตุผลที่	19
ขึ้นอยู่กับคุณ	19
ซาคุ	19
เป็นความผิดฉันเอง	19
ไม่ๆๆๆๆๆ	19
คอย	19
แคป	19
นึกดูสิ	19
เรากำลังมีปัญหา	19
ที่ฉันรู้	19
ไปกันต่อเถอะ	19
เรียบร้อยไหม	19
แล้วเราค่อยคุยกัน	19
จริงที่สุด	19
ฉันเจออะไรบางอย่าง	19
พลาสติก	19
อยู่นิ่ง	19
ให้ผมดูหน่อย	19
เธอเหมือนดังดนตรีในใจฉัน	19
ฉันต้องทำอะไรสักอย่าง	19
เพราะเหตุนั้น	19
เราเลิกกัน	19
เหยื่อทั้ง	19
อยู่ในบ้าน	19
เล่าต่อ	19
ตัวอะไร	19
น่ากลัวชะมัด	19
ทะเลสาป	19
ใครพูดน่ะ	19
กดปุ่ม	19
คุณตายไปแล้ว	19
ว่าไปเลย	19
ซาล	19
ยอดเยี่ยมไปเลย	19
หน้าตาดี	19
เตยง	19
มิซากิ	19
เดิมพัน	19
ใช่ไหมเล่า	19
บอดี้การ์ด	19
จริงจังหน่อยสิ	19
นายทหาร	19
เซเวอร์รัส	19
เอลีส	19
ฉันคิดถูก	19
เป็นของ	19
ใช่แหม่ม	19
ฉันรู้สิ	19
บ่ายวันนี้	19
ทุกอย่างที่คุณต้องการ	19
อรุณสวัสดิ์จ้า	19
ท่านมาทำอะไรที่นี่	19
เก่งจังเลย	19
ส้ม	19
บ่อยๆ	19
ใครเอ่ย	19
คุณชูสเตอร์	19
นั่นพอแล้ว	19
ยอดเยี่ยมเลย	19
ชื่ออะไรจ๊ะ	19
ปล่อยหนู	19
ไม่ตกลง	19
เราจะกลับบ้าน	19
มันมหัศจรรย์มาก	19
แฟล็ก	19
ระวังคำพูดด้วย	19
ข่าวร้ายคือ	19
ได้แล้วๆ	19
ไม่รู้อะไร	19
ผมพูดจริงๆนะ	19
ร้องสิ	19
อีกแล้วเหรอเนี่ย	19
เมอร์ซีเดส	19
หนูเสียใจ	19
มีอะไรหรอครับ	19
แอกเนส	19
ปิดซะ	19
คุณน่าจะรู้	19
คุณคิดว่ายังไงล่ะ	19
เฮริม	19
เขาตายหรือยัง	19
เอาไปซะ	19
ไหงงั้น	19
มันยังไม่พอ	19
อีกคนหนึ่ง	19
ตกปลา	19
ข้าขออภัย	19
ซีค	19
ผู้สร้าง	19
จริงด้วยนะ	19
ผู้บังคับบัญชา	19
จูนา	19
แหงแซะ	19
เสียใจครับ	19
โอ้ๆๆ	19
มันบ้าชัดๆ	19
เทวทูต	19
ฉันบินได้	19
มูนนี่	19
ทุกคนเงียบ	19
อะฮ่า	19
นาโอโกะซัง	19
เรียกว่าอะไรนะ	19
ฉันตายไปแล้ว	19
ก็แปลว่า	19
ยัน	19
สเตฟานี่	19
ไปมั้ย	19
ปล่อยเธอไปซะ	19
ไฮเซนเบิร์ก	19
แต่เรื่องนี้	19
ฉันอยากให้เธอรู้ว่า	19
แมดิสัน	19
ซวยล่ะ	19
แช่ง	19
มันมีอะไรบางอย่าง	19
อีตาบ้า	19
ไม่เสมอไป	19
พาเทล	19
เธอฉลาดมาก	19
แต่เธอไม่ใช่	19
มากิจัง	19
มีชีวิตชีวา	19
ลาฟาเย็ตต์	19
มันเป็นอะไรที่	19
ยกเว้นเหยี่อหรือผู้กระทำผิด	19
คุณโซเมส	19
นั่นเป็นคำสั่ง	19
ฉันต้องการอากาศ	19
ทีโอดอร์	19
ป่าวครับ	19
นุ่มนวล	19
บรั่นดี	19
ฉันมาถึงแล้ว	19
เผา	19
หลุมดำ	19
คุณสมิธ	19
ฉันคิดไม่ออก	19
เมื่อประมาณ	19
อย่าเริ่ม	19
วางปืนลงเดี๋ยวนี้	19
คุณต้องพักผ่อน	19
ขอโทษนะเพื่อน	19
ไม่มีอะไรสำคัญ	19
นั่นคือเรื่องจริง	19
ฟรานเซส	19
คราวที่แล้ว	19
บางอย่างผิดปกติ	19
ไอ้งั่งเอ้ย	19
ทำไมอะ	19
ท่านคือ	19
มันเป็นความผิดของผมเอง	19
คาอุล	19
และท่าน	19
ฉันไม่ดื่ม	19
งั้นก็โอเค	19
เจ็บตรงไหนรึเปล่า	19
ฉันรู้สึกดีมาก	19
เป็นความผิดของฉัน	19
ฮันบยอล	19
เท่าไหร่ล่ะ	19
คุณคิดว่าอย่างไร	19
ไปไหนกันหมด	19
เก็บของซะ	19
ไม่แน่ใจนะ	19
พวกมนุษย์	19
ก็แล้วแต่คุณ	19
โอปป้า	19
ฉันปลอดภัย	19
มีเงิน	19
คุณป่วย	19
ฉันอยากเจอเธอ	19
โรยา	19
ปลอดภัยนะ	19
อุปกรณ์	19
พวกคุณมาทำอะไรที่นี่	19
มันไม่เป็นความจริง	19
ฟาริส	19
ตอนฉันเป็นเด็ก	19
ยกโทษให้ฉันนะ	19
คงไม่เป็นไร	19
เขากำลังไป	19
ไฟเฟอร์	19
นัตสึมิ	19
ผมก็รักคุณเหมือนกัน	19
ฉันไปก่อนนะคะ	19
แบบนั้นล่ะ	19
ฉันรู้สึกแปลกๆ	19
คุณไม่ได้ทำอะไรผิด	19
ฉันไม่เชื่อว่า	19
โอเช	19
ธนัชชา	19
ที่สวยงาม	19
ฮาร์โรล	19
จำได้หรือเปล่า	19
ห้องประชุม	19
ดิลอเรนทิส	19
ผมจะเข้าไป	19
บ้าสิ้นดี	19
เสียงดังก้อง	19
ดังๆ	19
คุณมาจาก	19
สปอค	19
ทัมบาระซัง	19
สุกี้	19
อึนวาน	19
ไดจิ	19
ไอ้เพื่อนยาก	19
สบายดีมั้ยคะ	19
เอางี้ไหม	19
มาดูกันว่า	19
อร่อยดีนะ	19
ไฮเปอร์เรี่ยน	19
คุณให้	19
มันพูดว่า	19
น่าจะดี	19
ข้างล่างนั่น	19
ภายใต้	19
คุณทำอะไรหนะ	19
ถึงบ้านแล้ว	19
ชาร์เพย์	19
มากินกันเถอะ	19
ผู้อาวุโส	19
บาเทียทัส	19
บรอดชอว์	19
ทำไมถึงเป็นแบบนี้	19
ในโรงเรียน	19
ภรรยาของคุณ	19
นั่นแหละครับ	19
ไวเปอร์	19
ตาบอด	19
ฉันจะโทรหาเขา	19
ฉันไม่มีอะไร	19
แอฟริกาใต้	19
เออว่ะ	19
แล้วแก	19
ทำไมนานจัง	19
ทำแบบนั้นทำไม	19
งั้นเอางี้	19
ริชมอนด์	19
เงยหน้าขึ้น	19
เสียงปิดประตู	19
เป็นไงครับ	19
เอาล่ะพวกเรา	19
คริสตินา	19
อากิโกะจัง	19
ช่างเขาเถอะ	19
มาร์ทีน	19
เลนอร์	19
เปอร์เซีย	19
อย่าหัวเราะนะ	19
ทีเรียน	19
หลายปีผ่านไป	19
มีบางอย่างแปลกๆ	19
เอ็มเหม็ด	19
ข้าพร้อมแล้ว	19
ผมจะไม่ทำให้คุณผิดหวัง	19
เข้าสิ	19
หมายความว่าไงน่ะ	19
ฉันไม่โอเค	19
พูดได้ว่า	19
วอลเกอร์	19
ฉันกลัวมากเลย	19
ท่านยาย	19
ไฟแดง	19
เสียเวลาเปล่าๆ	19
ดวงตา	19
นั่นคุณใช่ไหม	19
โควาลสกี้	19
คุณเข้าไปไม่ได้	19
ทิ้งมันซะ	19
อาโอยามา	19
สำหรับข้า	19
มันต้องสนุกแน่	19
ไม่สมเหตุสมผลเลย	19
เธอเอง	19
นั่นมันบ้าอะไร	19
ไม่ได้เป็น	19
ฉันจะตามไป	19
กลับไปทำงานได้แล้ว	19
รับไปเถอะ	19
นายพูดอะไรนะ	19
ทำอะไรของคุณ	19
ไม่ดีเลยนะ	19
ยุนยี	19
หลายอย่าง	19
เจอสิ	19
และจำไว้ว่า	19
คีม	19
แค่ว่า	19
เจ็บจังเลย	19
ฉันจะทำอะไรได้	19
แล้วคุณจะเข้าใจ	19
พ่ออยู่นี่แล้ว	19
ถ้าฉันบอกเธอ	19
เช่นว่า	19
และฉันก็รู้ว่า	19
คุณคงคิดว่า	19
การฆ่าตัวตาย	19
ดอกทานตะวัน	19
แกเป็นใครกันวะ	19
แม่ม	19
ฉันผ่าน	19
ซึ่งกันและกัน	19
กลิ่นหอมจัง	19
มันช่างสวยงาม	19
ฉันไม่ได้โกหกนะ	19
อัม	19
ข้าต้องไปแล้ว	19
ลูกไปไหนมา	19
เว็นดี้	19
คุณฮอง	19
ไม่ตรงกัน	19
เป็นครอบครัว	19
มาวิส	19
โบราณ	19
นี่หนูเอง	19
ยัยนั่น	19
แต่เขาบอกว่า	19
คิดซิ	19
ดองจิน	19
ไปสู่	19
ผมไม่ได้พูดแบบนั้น	19
มันสายไปแล้วล่ะ	19
ข้าบอกเจ้าแล้ว	19
ฉันกำลังรีบ	19
ฉันคิดว่าเขา	19
สูงขึ้น	19
ผมต้องทำยังไง	19
ไดอารี่	19
มีอะไรผิดปกติหรอ	19
ฉันไม่รู้จักเขา	19
ฉันไม่รู้ว่ามันเกิดอะไรขึ้น	19
โง่เอ๊ย	19
ไอ้ดำ	19
หลับสบายมั้ย	19
นี่เจ้าหน้าที่	19
นักต้มตุ๋น	19
หลับซะ	19
พวกเราเป็น	19
คลาค	19
ฉันจะระวัง	19
ชิฟู	19
ยงเก๊ก	19
ช่ายๆ	19
ประหลาดมาก	19
บอกผมหน่อยสิ	19
พอเถอะครับ	19
เรดาร์	19
งี่เง่าจริงๆ	19
โอคอนเนอร์	19
ในฝรั่งเศส	19
อาหง	19
ริงโก้ส์	19
ที่ได้พบคุณ	19
มันดูดี	19
ฉันพูดถูก	19
สวัสดีอีกครั้ง	19
สแต๊กเฮ้าส์	19
โซฟา	19
คุณรู้อยู่แล้ว	19
จะบ้ารึไง	19
เห็นด้วยอย่างยิ่ง	19
เอานี้	19
สนใจ	19
วาเลรี่	19
คุณต้องเลือก	19
ลอร์เรน	19
คุณเห็นนั่นไหม	19
ได้รับใน	19
เย็ดแม่ง	19
ไม่ว่าคุณจะทำอะไร	19
เพื่อเงิน	19
แต่จำไว้	19
วัยรุ่น	19
กำลังคิดอยู่	19
รวมเป็น	19
พวกไหน	19
นี่มันหมายความว่าไง	19
ได้หรือยัง	19
วุงอา	19
มันเป็นการป้องกันตัว	19
ซ่อนๆ	19
แน่นอนจ๊ะ	19
คุณเห็นรึเปล่า	19
มีอะไรอีกมั๊ย	19
ลอเรนโซ่	19
ตลกดีนี่	19
ผมเสียใจด้วยนะ	19
นายพูดเรื่องอะไรน่ะ	19
ชาล็อต	19
เราสร้างกำแพง	19
แล้วพวกคุณ	19
มันจิดะนิ	19
นั่นสินะครับ	19
คุณหล่ะ	19
ว่าเธอ	19
มันคือฉัน	19
พยายามเข้าล่ะ	19
ไม่สินะ	19
ฉันจะอยู่กับคุณ	19
นายก็เห็น	19
นี่ใครน่ะ	19
นักบวช	19
ครอบครัวของเรา	19
ชใ	19
เเจ็คสัน	19
ฉันรู้ดีว่า	19
อ่อว	19
นายแน่ใจหรอ	19
ค่าใช้จ่าย	19
ฉันไม่ได้หมายความแบบนั้น	19
ขอบใจจ่ะ	19
ทำแล้ว	19
ทิ้งอาวุธ	19
ซอลท์	19
มันเป็นหน้าที่	19
สุขสันต์	19
คุณมีแผนอะไร	19
ซาโกะคุง	19
เกาหลีใต้	19
ที่ไหนละ	19
ผมรับได้	19
อะไรที่คุณต้องการ	19
ทำไมล่ะค่ะ	19
คุณไม่รู้อะไร	19
มุม	19
ตำรวจบอกว่า	19
ไม่รอด	19
ซีซ่า	19
ยึดไว้	19
โกหกน่ะ	19
คุณมันเลว	19
ฟังดูดีจัง	19
นี่หรือ	19
แพททริก	19
เมื่อฉันกลับมา	19
เขาจะทำ	19
ใส่มันซะ	19
จากจุดนี้	19
ถ้าไม่งั้น	19
ไปต่อเลย	19
โอเคน่า	19
ใครต่อ	19
มันไม่มีทางเลือก	19
ชัดเจนมาก	19
ทำอะไรหน่ะ	19
ก็ไม่ได้	19
รอแปป	19
ถ้ามีอะไรผิดพลาด	19
ก็เชิญเลย	19
คุณอยู่ภายใต้การจับกุม	19
ใหญ่จัง	19
ผมรู้อยู่แล้ว	19
พอแค่นี้	19
คุณพร้อมมั้ย	19
ยิ้มหน่อยสิ	19
หยุดรถก่อน	19
ฟังผมให้ดีนะ	19
มานี่ลูก	19
ผมจะไม่ทำร้ายคุณ	19
แต่ใน	19
นายรู้อะไร	19
ก่อนจะไป	19
เบนจิ	19
เจ้าปีศาจ	19
กำลังทำอะไรน่ะ	19
เธอบ้ารึเปล่า	19
ทำงานได้ดี	19
ที่เธอต้องการ	19
ลอเรลไล	19
เปรี้ยง	19
เป็นของคุณ	19
ที่อื่น	19
ฉันไม่ชอบมัน	19
ยังไงละ	19
เบ็นเน็ต	19
ก้อได้	19
สถานที่แห่งนี้	19
ไม่มีกล้อง	19
ฉันจะคิดถึงคุณ	19
ฉันก็คิดงั้น	19
สำลัก	19
สิ่งที่คุณจะทำอย่างไร	19
ที่นี่ปลอดภัย	19
นักเดินทาง	19
ผมไม่มีเวลา	19
เฮมิช	19
อย่างมีความสุข	19
ขออนุญาตค่ะ	19
นานาโอะ	19
แต่ดูนี่สิ	19
ดีตอนเช้า	19
ฉันต้องรู้	19
ผมอยู่	19
หรืออะไรก็แล้วแต่	19
แล้วก็ฉัน	19
สโนไวท์	19
รู้สึกแปลกๆ	19
เสียใจด้วยจริงๆ	19
กับพวก	19
แล้วพวกเขา	19
พี่คิดว่า	19
ผมเสียใจด้วยครับ	19
เตรียมยิง	19
เจ้าหน้าที่เบนฟอร์ด	19
ใต้ดิน	19
มันจะเกิดอะไรขึ้น	19
ตามนั้นเลย	19
แม่ฉันเอง	19
แล้วมันเป็นยังไง	19
เป็นอะไรรึเปล่าคะ	19
มานานมากแล้ว	19
อะฮะ	19
เอเย่นต์	19
ฉันมีไอเดีย	19
แกลีน	19
ยังไม่หมด	19
ส่วนตัวแล้ว	19
อยากรู้ว่า	19
อึนเช	19
และอีกอย่างหนึ่ง	19
เอรากอน	19
วิเคราะห์	19
แล้วคนอื่นๆล่ะ	19
เหมือนอย่าง	19
แครอทหิวกระต่าย	19
ยังไม่พร้อม	19
ข้าหิว	19
ยัยขี้เหร่	19
ค่อยดีขึ้นหน่อย	19
ผมไปดีกว่า	19
อากาเนะจัง	19
แต่ก็ยัง	19
คุณมันโง่	19
เธอทำแบบนี้ทำไม	19
นรกชัดๆ	19
ฉันกำลังพูดถึง	19
แตะ	19
เสร็จล่ะ	19
คุณแต่งงานหรือยัง	19
ระหว่างทาง	19
ฉันเดานะ	19
พับผ่า	19
ฮิโรโตะ	19
นายอยู่ไหนน่ะ	19
ปลาวาฬ	19
รักคือ	19
โคแนน	19
ฉันไม่บอกใครหรอก	19
เขาถูกฆาตกรรม	19
จอส์ช	19
ดูอิล	19
สถานการณ์แบบนี้	19
คุณนี่มัน	19
บ้าไปแล้วรึไง	19
ก็อด	19
อายูฮาระ	19
คุณอยู่ที่นี่เหรอ	19
ไปซะแล้ว	19
มอนทาน่า	19
ของจักรวาล	19
อะโลฮ่า	19
อ๊าห์	19
ซองมินอู	19
ผมได้รับมัน	19
พี่รู้มั้ย	19
เลียวนาร์ด	19
คุณมูน	19
ออกไปจากที่นี่กัน	19
ช่วยผมที	19
ในครัว	19
ฉันไม่ได้มาที่นี่	19
ผู้สื่อข่าวโซวูจิน	19
สิ่งใด	19
แม่สบายดี	19
ท่อน	19
คุณอยู่ที่ไหนน่ะ	19
ไลน์	19
ผมต่างหาก	19
ที่เธอ	19
เรื่องสำคัญ	19
เกาหลีเหนือ	19
คุณควรไป	19
ยังไงดี	19
แต่เดี๋ยว	19
ไมล์จากที่นี่	19
ซอก	19
อย่างแรง	19
การโกหก	19
ก่อนที่เธอจะตาย	19
อาทิตย์ละ	19
หน่อยครับ	19
หมู่บ้าน	19
ซักครั้ง	19
ฉันมีลูกชาย	19
อ้ากก	19
หนังโป๊	19
่	19
จระเข้	19
เธอเป็นคนทำ	19
เครื่องจักร	19
ฉันกลับมา	19
ตั้งแต่ตอนนี้	19
เสียสละ	19
ฉาก	19
ยกมือ	19
ที่ถนน	19
ต่างหากล่ะ	19
เทศมนตรี	19
ผลัก	19
กอสซิบเกิร์ลมาแล้ว	19
คือเขา	19
ฉันพูดถึง	19
เมาส์	19
ฉันอยู่ที่นี่ไม่ได้	19
เทรีซ่า	19
มาได้แล้ว	19
คนเรา	19
ทาดะซัง	19
ผมควร	19
ทฤษฎี	19
ในพื้นที่	19
งั้นบางที	19
บนโต๊ะ	19
คาลลี่	19
ริง	19
ฉันไม่ได้หมายความว่า	19
อายุแค่	19
ช้าไป	19
อย่ามองฉัน	19
เฮสติ้ง	19
ขอบ	19
ในระยะ	19
เผื่อว่า	19
อายุราว	19
พวกเราไม่	19
ฮอตช์เนอร์	19
วอเรน	19
ลอเรนซ์	19
ทุ่มตรง	19
ต่ำ	19
เดินมา	19
ปีค่ะ	19
สี่สิบ	19
ฮ่าๆๆๆๆ	19
ยอร์ค	19
แมรี	19
อัพ	19
ปีเอง	19
ทอร์เรส	19
ไวส์	19
ปีต่อจากนี้	19
ชี	19
เต	19
กิปส์	19
เจนนิ่ง	19
ฟิกกินส์	19
ถ้าฉันไม่ทำ	18
แอลกอฮอล์	18
คุณช่วยชีวิตผม	18
แต่ฉันไม่สามารถ	18
เชิญนั่งก่อนครับ	18
นั่นอะไรเหรอ	18
ออกไปจากรถ	18
ทาเคโอะ	18
คุณลิสเตอร์	18
แตก	18
โว้ค	18
หนึ่งพัน	18
ไม่แน่ๆ	18
พวกเขาจะกลับมา	18
ใช่ป่าว	18
โอเคโอเค	18
นางแบบ	18
ทำตัวดี	18
ว่ามะ	18
ไม่ใกล้เคียงเลย	18
เพียงเพราะว่า	18
เว็กซ์	18
น่าแปลกนะ	18
ร้อนๆ	18
รอก่อนๆ	18
ไงวะ	18
ทำไมไม่บอกฉัน	18
หนูชื่อ	18
พูดภาษาจีน	18
ยูซุ	18
ปิ๊ง	18
คุณต้องการผม	18
จับตาดู	18
แมททิส	18
ลุกขึ้นได้แล้ว	18
สวนสนุก	18
ฉันจะรอเธอ	18
ฉันหวัง	18
ซาลิม	18
ลงมาเลย	18
รับไม่ได้	18
หลับฝันดีนะ	18
แต่เชื่อผมเถอะ	18
คานะจัง	18
จิวอน	18
แม่อยู่ที่ไหน	18
โปรดฟังทางนี้	18
ฮิลตัน	18
รายงานมา	18
เอ้ะ	18
เมิร์ล	18
ฌองคาร์โล	18
ฉันขอตัวก่อน	18
ควรจะ	18
วันเดียว	18
เนื่องในโอกาสอะไร	18
ไอ้เตี้ย	18
เซที	18
มันเกิดขึ้นจริงๆ	18
นานมากแล้วนะ	18
รอง	18
เอามานี่เลย	18
ชอบไหมล่ะ	18
คุณสัญญาแล้ว	18
ที่จะทำ	18
เธอไปอยู่ไหนมา	18
เราต้องการเขา	18
ขอไป	18
อึนกอล	18
ก๊อกๆ	18
ขึ้นมานี่	18
อธิบายมา	18
นั่งลงซิ	18
ซักวันหนึ่ง	18
ลูโด	18
เขาสูง	18
ทำไปเลย	18
มาสาย	18
จะไปรู้ได้ไง	18
นั่นเธอจะไปไหน	18
ผมอยู่ที่	18
ไม่ได้ตั้งใจ	18
ที่หลบภัย	18
ชิชิมปุยๆ	18
โง่น่า	18
ตัวผม	18
ฉันต้องการให้	18
อาร์โล	18
รีบหนีเร็ว	18
ฉันไม่รู้สึกอะไรเลย	18
คาเนะดะ	18
จินเจอร์	18
มันผิดกฏหมาย	18
เราจะกลับมา	18
ฉันอยากให้คุณช่วย	18
คยู	18
คอยเดี๋ยวนะ	18
มุซาชิ	18
ฉันไม่มีหรอก	18
ดริส	18
ทีละน้อย	18
นั่นแหละเหตุผล	18
ไม่ให้	18
เป็นเงิน	18
เธอพูดเรื่องอะไรเนี่ย	18
ปีนึง	18
แล้วสิ	18
ยังไงดีล่ะ	18
ฆ่าพวกมัน	18
กอสซิบ	18
ฉันพูดความจริง	18
นั่นนายจะไปไหน	18
ฉันจะให้คุณ	18
ถึงแล้วครับ	18
ก็มันเกินจะห้ามไหว	18
อาณาจักร	18
ต้องอย่างนี้สิ	18
ในชีวิตนี้	18
เชาเชา	18
ฉันเชื่อใจเธอ	18
ปรกติแล้ว	18
ออสตินลิค	18
นั้นอะไรนะ	18
จาโร	18
บงกุน	18
ดีกว่านั้น	18
เมืองเล็กๆ	18
ทำไมนะเหรอ	18
เก็นโนะซึเกะ	18
ฉันไปแน่	18
มาลคอล์ม	18
ดูเจ้าสิ	18
ออกแล้ว	18
ไม่มีใครต้องตาย	18
คุณลุงครับ	18
เหรอว่า	18
เธอมาทำอะไรที่นี้	18
นี่มันเยี่ยมมาก	18
ฟาเบียส	18
คืออะไรเหรอ	18
คุณกำลังทำ	18
พบว่า	18
มันเยอะมาก	18
ในรายการ	18
คนเหล่านั้น	18
แล้วมีอะไรอีก	18
พวกเขาจะตาย	18
ไทย	18
ยัยนี่	18
โรแซนนา	18
ล่อ	18
อย่าเลยค่ะ	18
บอยล์	18
คุณคิดว่าคุณกำลังทำอะไรอยู่	18
น้ำผลไม้	18
วาคาบะ	18
แต่นี่ไม่ใช่	18
โซตะ	18
อลิซ่า	18
ใครส่งคุณมา	18
ทนหน่อย	18
คาร์โล	18
แต่ฉันไม่เข้าใจ	18
ข้าก็ด้วย	18
ฝากข้อความไว้นะ	18
มันเป็นประเพณี	18
ในฐานะพ่อ	18
ฝันร้ายชัดๆ	18
นี้เหรอ	18
มันเป็นของนาย	18
รีบไปเลย	18
เธอไม่ควรมาที่นี่	18
หน่อยได้มั้ย	18
ไปเอารถมา	18
เปาโล	18
เจี๊ยบ	18
ของพ่อ	18
บ้าสิ	18
ผมจำอะไรไม่ได้เลย	18
สายลับวอคเกอร์	18
อย่ามาโกหกฉัน	18
เหยียบเลย	18
เฟรนช์	18
อยู่ข้างบน	18
นายโชคดี	18
สแต็กเฮ้าส์	18
ผมรับเอง	18
ในอิตาลี	18
คุณซีเลีย	18
มันเลวร้าย	18
บัรรี	18
คุณไม่มีทางรู้หรอก	18
เฮ็กเตอร์	18
ถ้ามีอะไรผิดปกติ	18
ผมจะช่วย	18
ไอ้ห่วย	18
พวกเขาได้	18
เมลิสสา	18
คุณนายเลิฟเวทท์	18
เอบี้	18
บุคคล	18
สีเทา	18
คุณมาทำไม	18
ทำงานต่อไป	18
มองไปรอบๆสิ	18
ฉันบอกคุณไม่ได้	18
เป็นเรื่องโกหก	18
ชื่ออะไรเหรอ	18
ฟอร์บส์	18
เกาะกลุ่มกันไว้	18
มีอีกมั้ย	18
มั้งนะ	18
มาจิ	18
รีบขึ้น	18
แต่ที่	18
ไม่เห็นหรอ	18
เดี๋ยวก่อนๆๆ	18
ทัน	18
พูดตรง	18
ทางเดียว	18
พูดอีกก็ถูกอีก	18
เงียบเหอะน่า	18
ไปครับ	18
มันต้องมีทางอื่นสิ	18
ฉันรู้สึกไม่ค่อยดี	18
ในกรณีที่	18
พวกมันทั้งหมด	18
ฮิโรเซะ	18
เขาคือฮีโร่	18
ใช่แล้วหล่ะ	18
หนีออกจากบ้าน	18
ไม่จริงใช่มั้ย	18
ฉันถูกยิง	18
ฉันพนันได้เลย	18
แหมๆ	18
มีอย่างอื่นอีก	18
ทำเนียบขาว	18
เคลล๊อค	18
เอย์จิ	18
คุณคันซากิ	18
แน่หล่ะ	18
นู่น	18
ด้านนอก	18
ยินดีอย่างยิ่ง	18
พาเราออกไปจากที่นี่	18
ขอบคุณที่ทำงานหนัก	18
เมมโมเรียล	18
มันง่ายจะตาย	18
ผมยังพูดไม่จบ	18
นายตาย	18
เสือผู้หญิง	18
คุณไม่ต้องทำแบบนี้ก็ได้	18
ไม่ต้องหรอกครับ	18
ไม่จริงมั้ง	18
ช่ายแล้ว	18
ไม่ได้ช่วยอะไรเลย	18
เห็นป่ะ	18
ชาอึนซัง	18
ไม่เจอกันตั้งนาน	18
พวกเราเอง	18
เห็นได้ว่า	18
บุคคลเหล่านี้ไม่มีความสำคัญ	18
แล้วนายเป็นใคร	18
แต่ช่างเถอะ	18
เดี๋ยวฉันทำเอง	18
ฉันกำลังจะแต่งงาน	18
รอบบี้	18
ฮันโซ	18
เหนี่ยวไก	18
เขาโทรมา	18
เปล่าๆๆ	18
อยู่ที่ไหนสักแห่ง	18
ผมช่วยได้	18
ทำไมเป็นอย่างนั้น	18
มีอะไรหรอคะ	18
พ่อไม่เข้าใจ	18
ไม่ถูก	18
ร่าเริง	18
ผมไม่แคร์	18
ฉันนึกแล้ว	18
ฤดูหนาว	18
นั่นแย่มาก	18
อย่าเพิ่งสิ	18
ฟลัด	18
ที่นี่หรอ	18
พ่อฉันเอง	18
บันคุง	18
นายเข้าใจใช่ไหม	18
ใครค่ะ	18
ทำไรอยู่	18
ใช่ว่า	18
ฉันมีความคิดที่ดีกว่านั้น	18
คลีโอ	18
คงเป็นเพราะ	18
ทำไมเธอมาอยู่ที่นี่	18
อย่างที่รู้กัน	18
เดี๋ยวนี้เลยเหรอ	18
รัฐบาลพิจารณาแล้วว่า	18
ใครอยู่ตรงนั้นน่ะ	18
เพราะแก	18
นายมีอะไร	18
ผู้การครับ	18
ผมจะจัดการเรื่องนี้เอง	18
อย่างใกล้ชิด	18
ไม่ควร	18
อุ๊ปส์	18
แฟร์ริส	18
แก๊สตอง	18
วันนี้พอแค่นี้	18
ไม่มีใครที่นี่	18
ราเวน	18
ด้วยความเต็มใจ	18
ผมเอา	18
เพื่อปกป้องตัวเอง	18
เค้าอยู่นี่	18
มีใครอยู่ที่นี่มั้ย	18
ไม่ใช่เรอะ	18
ฉันต้องการทนาย	18
บรูช	18
เจ้าโง่เอ๊ย	18
โฮซากะ	18
มากับฉันเถอะ	18
เป็นเด็ก	18
คุณรักฉัน	18
ข้าจัดการเอง	18
ไม่เห็นจะเข้าใจเลย	18
มีคนนึง	18
เสียอีก	18
เรามีเวลาไม่มากนัก	18
อย่าเสียเวลาเลย	18
หัวเราะคิกคัก	18
เล่าให้ฟังหน่อย	18
เหมือนกับผม	18
คุณคงเข้าใจ	18
รู้ไว้ซะ	18
เซา	18
ฮอลลีวูด	18
ผมกำลังตามหา	18
ดาเนียล	18
แกรห์ม	18
แต่ตอนนั้น	18
ซาโตชิ	18
เลวร้าย	18
นี่แนะ	18
ระวังข้างหลัง	18
ผมก็จะทำ	18
จริงใจ	18
ทุกอย่างจะดีเอง	18
โดยไม่ได้รับอนุญาต	18
มิยอง	18
ทั้งหมดเป็นความผิดของฉัน	18
อยู่เถอะ	18
และยิ่งไปกว่านั้น	18
นั่นอะไรอ่ะ	18
หยุดเดี๋ยวนี้เลย	18
ฉันมีความสุขจัง	18
สี่เซียน	18
คุณรู้เรื่องนี้ได้ยังไง	18
ลึกลงไป	18
ผมแค่บอกว่า	18
คอร์ปอเรชั่น	18
แต่เห็นได้ชัดว่า	18
คาเอเดะ	18
เธอเป็นเพื่อนฉัน	18
ทั่วประเทศ	18
ต้องพูดว่า	18
ละคร	18
ก็ไม่เชิงครับ	18
ผมอิ่มแล้ว	18
ไอ้เศษสวะ	18
อนาสเตเชีย	18
เธอเป็นไรไหม	18
ฉันทำคนเดียวไม่ได้	18
พวกรัสเซีย	18
ทรูบลัด	18
เกิดอะไรขึ้นวะเนี่ย	18
สกายลาร์ก	18
บรอนสัน	18
มันสวยจัง	18
อินทรีจอมพลัง	18
นั่นมันหมายความว่ายังไง	18
ตลกตายล่ะ	18
ฉันติด	18
ยูกิโอะ	18
ฉันเห็นทุกอย่าง	18
ฉันไม่รู้ว่าจะพูดยังไงดี	18
นี่มันช่าง	18
เรียบร้อยนะ	18
ฉันชอบคุณนะ	18
อยู่ที่นี้	18
ๆๆๆๆ	18
ดอลตั้น	18
ฉันก็เข้าใจ	18
คาเตอร์	18
แล้วใคร	18
ฉันสน	18
ฉันหยุดมันไม่ได้	18
ฉันบอกเขา	18
เธอจะบอกว่า	18
คุณชิบาตะ	18
คุณคิดว่าคุณ	18
มันเป็นยังไงเหรอ	18
ผมชอบมาก	18
คุณเปลี่ยนไป	18
มองมาที่ผม	18
เอลิส	18
แบบนี้ไม่ดีแน่	18
เป็นยังไงล่ะ	18
นี้ค่ะ	18
คาไซ	18
ขอเวลาแป๊บนึง	18
ฉันต้องคุยกับนาย	18
ไม่ใช่นี่	18
ครึ่งนึง	18
นั่นคือเธอ	18
ในวันคริสต์มาส	18
มยองซู	18
อึดอัด	18
แหลม	18
ฉันเป็นคน	18
จากใจจริง	18
บอกให้หยุด	18
ผมต้องการมัน	18
ยังไงๆ	18
อย่ามาล้อเล่นน่า	18
หยุดเขาไว้	18
เป๊ะเลย	18
ทันย่า	18
ฉันรู้สึกแย่จัง	18
ฉันชอบที่นี่	18
เลยคิดว่า	18
ผมสาบานเลย	18
เคลียร์พื้นที่	18
ดาวเทียม	18
ฉันจะคิดถึงเธอ	18
ผมไม่ได้เป็น	18
อนุญาต	18
เจอกันอีกแล้วนะ	18
นายไม่ต้อง	18
แพระโสส	18
นายพร้อมรึยัง	18
ผมมีครอบครัว	18
เพราะอะไรรู้มั้ย	18
พี่สัญญา	18
เคธี	18
เอาเข้าไป	18
อันนี้แหละ	18
สตรอม	18
อะไรอย่างนั้น	18
ไท่หลง	18
ของดี	18
มาซาโอะคุง	18
ถ้าเป็นเรื่องจริง	18
พยายามฆ่า	18
ฉันไม่อยากรู้	18
นี่ใช่มั้ย	18
พวกนายมาทำอะไรที่นี่	18
ได้โปรดค่ะ	18
ฟีบี้	18
เจ้าทำได้	18
จะได้รับ	18
นี่รู้มั้ย	18
เอามาให้ข้า	18
แมนนิ่ง	18
รหัสที่	18
ต้องใช้	18
มอร์นิ่ง	18
มันไม่ใช่ความผิดของฉัน	18
นั่นเป็นเหตุผลว่า	18
รับค่ะ	18
มันก็เหมือนกับ	18
ไม่มีคุณ	18
โปรดรอสักครู่	18
ฉันไม่มั่นใจ	18
มันเย็น	18
ฟังดีๆนะ	18
โกมี่	18
ขอบคุณที่รอ	18
มากกว่านะ	18
แชยอง	18
ยังค์	18
ยีน	18
อยู่ด้านหลัง	18
และยัง	18
หมอฮวัง	18
ใจร้าย	18
ปล่อยพวกเขาไป	18
ชัดเจนไหม	18
พี่กอนวุค	18
เราต้องทำยังไง	18
ฉันไม่รู้จะพูดอะไร	18
ผู้ชายคนนั้นเป็นใคร	18
ผมกำลังบอกคุณว่า	18
พิเรลลี่	18
เปล่าสักหน่อย	18
กลางวันแสกๆ	18
เลเชอโร่	18
ได้มั้ยครับ	18
ลงไปข้างล่าง	18
ผู้ชม	18
เปโดร	18
ทดลอง	18
หนูรักพ่อ	18
เราอยู่ที่นี่แล้ว	18
ฉันโกรธมาก	18
และรอ	18
มาเริ่มกัน	18
หนึ่งสองสาม	18
ตอนนี้เลยหรอ	18
มิเชลล์	18
โอเดสซ่า	18
เพียงลำพัง	18
จีมิน	18
เหรียญทอง	18
ทนไม่ไหวแล้ว	18
พวกเขาไม่ได้	18
ลุกได้แล้ว	18
ใช่หรือไม่ใช่	18
กราแฮม	18
แค่พูดว่า	18
เพื่อผลประโยชน์ของคนบนยาน	18
พวกเราไปกันเถอะ	18
อากิยามะ	18
นั่นวิเศษมาก	18
ซ้อม	18
อึ่ม	18
เขาน่ารักนะ	18
เธอคิดยังไง	18
แอ๊ะ	18
ฉันบอกแล้วไงว่า	18
ในแมนฮัตตัน	18
จากวันนี้	18
รุ่นพี่เคนตะ	18
อย่างนั้นสิ	18
รู้ป่ะ	18
เธอทำได้แน่	18
คุณต้องไม่เชื่อแน่ๆ	18
โปเตโต้	18
ยองจู	18
นี่อะไรครับ	18
ไปทำอะไร	18
อีกด้านหนึ่ง	18
รบกวน	18
มิก้า	18
เอาล่ะค่ะ	18
มีฟ	18
คุณทำบ้าอะไรเนี่ย	18
ที่สาม	18
สนุกจังเลย	18
เสียงหวีดร้อง	18
ไม่ใช่ผมนะ	18
ผมต้องไปแล้วล่ะ	18
แค่นี้นะคะ	18
ฉันเเค่	18
แล้วค่อยเจอกัน	18
ถูกเผ๋ง	18
เปิดประตูเถอะ	18
จุดเริ่มต้น	18
อีซี่	18
ฉันยังจำได้	18
โอลาฟ	18
จะทำไงดี	18
มาเล่นกัน	18
ผมบอกคุณแล้วว่า	18
ตรงไหนล่ะ	18
ผมขอบอกว่า	18
ตอนที่ฉันไม่อยู่	18
ดั๊กกี้	18
เถอะน่ะ	18
เทเรอุส	18
สงครามจบแล้ว	18
ผมทำงานอยู่	18
เบลฟอร์ท	18
แค่วันเดียว	18
เจ้าเด็กโง่	18
แล้วกลับบ้าน	18
จงชิน	18
อาชิน	18
เขากำลังหนี	18
เธอจะไม่	18
บ้านผม	18
คิดเกี่ยวกับมัน	18
ในตัวเธอ	18
แย่ที่สุดเลย	18
เธอมันโง่	18
นายหมายความว่า	18
แล้วคนอื่น	18
ฮานาโมโตะ	18
และฉันเชื่อว่า	18
ทาเคโมโตะคุง	18
องค์ราชินี	18
บัญชี	18
คุณคิดถูกแล้ว	18
ยิงเธอ	18
ฉันอยากอยู่ที่นี่	18
สักครู่ค่ะ	18
นี่แซม	18
แด่เรา	18
คิดผิดแล้ว	18
เราอยู่ไหน	18
พูดภาษาสเปน	18
นั่นถูกต้อง	18
และทุก	18
สมน้ำหน้า	18
เดือนนึง	18
ให้ฉันช่วยไหม	18
ไปดูซิ	18
เพิ่ง	18
บอกความจริงฉันมา	18
ไก่งวง	18
แนเดียร์	18
เธอคิดอย่างนั้นเหรอ	18
ซาโต้	18
แดนชำระบาป	18
ราเมน	18
ก็เท่านั้นเอง	18
ลาร์ส	18
ขอค้านครับ	18
เขาทำได้ยังไง	18
ชิมิ	18
บอกเขาไปสิ	18
ท่านผู้หญิง	18
ผมสีดำ	18
ยูนิซ	18
หมอลี	18
นายกฯ	18
ยินดีต้อนรับนะ	18
ทำมันเลย	18
มันทำให้ฉัน	18
แต่ฉันไม่มี	18
เธอถูกฆ่า	18
คุณควรไปได้แล้ว	18
หรือไม่จริง	18
ฮิโรมิ	18
นายทำอะไรเนี่ย	18
ร็อดดี้	18
หลีกหน่อย	18
อย่าเพิ่งพูด	18
ฮูหยิน	18
อย่าฆ่าผม	18
คุณจะพูดว่า	18
มีใครเห็น	18
เฮอร์ลี่ย์	18
จัดแถว	18
ยังเหลืออีก	18
ซีซ่าร์	18
ทุกอย่างเกิดขึ้น	18
ไม่รู้จักเหรอ	18
ก็น่าจะ	18
คุณชนะแล้ว	18
เมี้ยว	18
หอมจังเลย	18
กับตัวเอง	18
ผ้าห่ม	18
ฉันก็คิดว่าอย่างนั้น	18
ฟังดูเป็นไง	18
ฉันก็คิดถึงเธอ	18
พวกเขากลับมาแล้ว	18
เขาไม่อยู่นี่	18
ผมทอง	18
ผมจะทำยังไงดี	18
ไม่มากก็น้อย	18
นิสัยไม่ดี	18
ให้ไป	18
นั้นใครน่ะ	18
โรงเรียนมัธยมเขตลอสแองเจลิส	18
ฉันไม่รู้ซิ	18
ฮวางแทคยอง	18
อนา	18
มือขวา	18
ไหม้แล้ว	18
คุณล้อเล่น	18
แฮมเบอร์เกอร์	18
ความมั่นใจ	18
ชิมกอนวุค	18
มาช่วยแล้ว	18
เธอตกหลุมรักฉันเข้าแล้ว	18
ฮู้ว	18
อธิบายมาสิ	18
นั่นไม่เป็นไร	18
ก็บอกแล้ว	18
ผมยุ่งอยู่	18
จะให้ฉันทำอะไร	18
และเพื่อน	18
และฉันด้วย	18
ได้รับการยืนยัน	18
แทอุง	18
ผู้ชายน่ะ	18
โมเน่	18
มันหมายความว่าอย่างไร	18
อยากตายหรือไง	18
ในวันวาเลนไทน์	18
เอามือไว้บนหัว	18
ฉันอยากจะขอบคุณ	18
ชื่อของฉัน	18
เฉา	18
ไม่ทำอะไร	18
ฉันมีเพื่อน	18
จากเธอ	18
มัวโร	18
มาเซโอะ	18
แต่ก็ดี	18
วันพฤหัสบดี	18
ไอ้เด็กนี่	18
ยินดีที่ได้เจอนะ	18
คนนี้ใคร	18
พระเจ้าช่วยด้วย	18
เบาเสียงลงหน่อย	18
ตัวแสบ	18
กีดง	18
เราต้องรอ	18
คิดอะไร	18
บ้าจิง	18
รีบเข้า	18
รอร์แชค	18
หนูไม่รู้ค่ะ	18
อยากทำอะไรก็ทำ	18
ของขวัญเหรอ	18
นาทีเดียว	18
ตอนที่เรา	18
นั่นแหละที่สำคัญ	18
ได้หรือเปล่า	18
ฉันอยากจะรู้ว่า	18
เขาฆ่าตัวตาย	18
แอลิสัน	18
คิดว่ายังไง	18
ท่านผู้โดยสารโปรดทราบ	18
ฉันขอตัวก่อนนะ	18
ชูจิคุง	18
แล้วไงครับ	18
คุณอยากได้อะไร	18
ดอกเบี้ย	18
ผมหิวแล้ว	18
หนูรู้ว่า	18
ทำตัวสบายๆ	18
ดิค	18
มันไม่ใช่เลย	18
ผมไม่ได้ยิน	18
สู่ความเวิ้งว้างอันไกลโพ้น	18
เธอได้ยินไหม	18
พยายามที่จะ	18
อวาลอน	18
วันสิ้นโลก	18
สนับสนุน	18
จูล่ง	18
ข้างในนี้	18
หมัด	18
ชื่อของ	18
มาทำอะไรที่นี่น่ะ	18
เขาไม่ได้ทำอะไรผิด	18
สบู่	18
เป็นเพราะผม	18
เมื่อมีความลับ	18
เธอจะเก็บมันได้ไหม	18
ถ้าฉันบอกกับเธอ	18
อยู่ข้างหลัง	18
ฟาโรห์รามเสส	18
สวยดีนี่	18
เราจะไม่ไปไหน	18
แอ๊คชั่น	18
นิวเม็กซิโก	18
ที่สถานีตำรวจ	18
นี่แจ็ค	18
ซึริบาชิ	18
ยินดีที่พบคุณ	18
น่าเวทนา	18
ชินดง	18
ดม	18
และฉันแค่	18
คุรุมิ	18
ช้าๆนะ	18
รักษาตัวด้วยนะ	18
ดงแฮ	18
ทางนี้เลยครับ	18
ลอตโซ่	18
ฉันสัมผัสได้	18
มีเหตุผลหน่อย	18
มาตอนนี้	18
เปิดหน่อย	18
ฉันรักคุณมาก	18
ดำเนินต่อไป	18
ร้อนจังเลย	18
ไปนะครับ	18
อยู่กับเขา	18
เรียบร้อยค่ะ	18
คุณคอมพ์ตัน	18
ฉันไม่ค่อยแน่ใจ	18
ไบรโอนี่	18
ทอลลิส	18
ถึงเวลาต้องไปแล้ว	18
ซีซีเลีย	18
โรเเวน	18
โชคร้ายหน่อยนะ	18
เขาบริสุทธิ์	18
นายมาทำไม	18
ได้ยินข้ามั้ย	18
โง่จัง	18
ใช่แล้วจ้ะ	18
โอยย	18
ฉันยังพูดไม่จบ	18
ลูกเป็นไงบ้าง	18
แล้วหลังจากนั้นล่ะ	18
ที่บาร์	18
ชัดเจนเลย	18
เธอไปที่ไหน	18
เขาไม่มา	18
โคเฮย์	18
ฆ่าฉันสิ	18
รักสิ	18
ไม่ต้องไป	18
มันไม่มีทางเป็นไปได้	18
เอลานอร์	18
นายพูดจริงเหรอ	18
แต่โชคไม่ดี	18
เขาพูดกันว่า	18
หวังว่าเธอเจ็บปวด	18
นานเกินไป	18
ก็จะ	18
โอลด์	18
ใครเหรอคะ	18
ท่านจะไปไหน	18
ในครั้งนี้	18
คุณเป็นบ้าอะไรเนี่ย	18
ให้พวกเขาเข้ามา	18
ภาษาญี่ปุ่น	18
คือว่านะ	18
สวยจริง	18
เขาเชื่อว่า	18
ผมจะไม่	18
พวกเขาไม่รู้	18
เธอไม่ได้ทำอะไรผิด	18
ฟิทซ์	18
ทำไปเถอะ	18
อย่าแตะต้องตัวฉัน	18
หลังๆมานี่	18
หอยนางรม	18
พิกัล	18
วิทนี่	18
หัวใจของผม	18
เพื่อนที่ดี	18
เงินอยู่ที่ไหน	18
เจ้าพวกโง่	18
ไม่ได้หรอกนะ	18
ฉันมีแล้ว	18
บรู๊คลิน	18
อย่าร้องไห้สิ	18
ดูเวลาสิ	18
น่ากินจังเลย	18
เราได้รับ	18
ชิหาย	18
ถ้าเป็นฉันนะ	18
ซาโอริ	18
บ่อยครั้ง	18
ผู้การยังค์	18
โยดา	18
เล่ามาสิ	18
รู้สึกไงบ้าง	18
ค้นให้ทั่ว	18
เธอจะเข้าใจ	18
จุดอ่อน	18
พวกเขาโกหก	18
นั่นสิคะ	18
ข้าได้ยินมาว่า	18
แจน	18
โรบิ้น	18
ตอนนั้นเอง	18
ไม่ว่าจะทำอะไร	18
คุณรู้แล้ว	18
ฉันตาย	18
เกี่ยวข้องกับ	18
นั่นน่ารักมาก	18
วิลโลว์	18
ขอเข้าไปได้ไหม	18
เดี๊ยว	18
เช็ด	18
คุณเลือดออก	18
เจมมี่	18
แจค	18
ลูกนอกสมรส	18
เซ็นทรัล	18
เบนเน็ตต์	18
แต่เป็นเธอ	18
ได้โปรดนะ	18
หลานชาย	18
ผมต้องการคุยกับคุณ	18
ถ้าเธอต้องการอะไร	18
มอนท์โกเมอรี่	18
ซูนาโกะซัง	18
โล่	18
โมโห	18
เบลโล	18
ได้รึเปล่า	18
ทนหน่อยนะ	18
เธอทำดีมาก	18
พี่ดงชอล	18
เขี้ยวกุด	18
ฉันบอกได้ว่า	18
เจ้าหมา	18
หยุดอยู่ตรงนั้นเลย	18
ฉันบอกไปแล้ว	18
ผมชอบคุณนะ	18
ยอนดู	18
ผมอยากให้	18
แจ๊คกี้	18
ซังชอล	18
นายบ้ารึเปล่า	18
เป็นอย่างมาก	18
กูจะฆ่ามึง	18
เอามันเลย	18
โดยเฉพาะตอนนี้	18
แย่แค่ไหน	18
แย่จังเลยนะ	18
ไทเรล	18
ใช่คุณทำ	18
พวกเขาตาย	18
จัสมีท	18
ความรู้สึกผิด	18
เรียบง่าย	18
บนเวที	18
พันธมิตร	18
ส่วนสูง	18
อย่างงี้	18
ฉันอ่าน	18
ไม่มีงาน	18
อ้าย	18
แตกต่างกัน	18
ฟังชั้นนะ	18
นักข่าวโซวูจิน	18
โรค	18
เหรอไง	18
เทร	18
คุ้มกันด้วย	18
หนึ่งปี	18
ของท่าน	18
ชูส์	18
แล้วเป็นยังไงบ้าง	18
ผ่านไปแล้ว	18
แค่ไป	18
มีตั้ง	18
ผมต้องการให้	18
แคโรไล	18
ป้าย	18
ผมคง	18
ซาโอโตเมะ	18
และแม่	18
ไวเลอร์	18
คนนี้คือ	18
ซังมินวู	18
ระวังล่ะ	18
คนเหล่านี้	18
ไม่พบอะไรเลย	18
สแตนฟอร์ด	18
แกรนต์	18
อง	18
เป็นมนุษย์	18
คุณต้องบอกผม	18
เขาก็แค่	18
นั่นอีก	18
งั้นนาย	18
พวกเราจะ	18
บายนะ	18
ไม่มีความหมาย	18
แต่พวกเรา	18
ใครซักคน	18
เพื่อปกป้อง	18
กลับไปที่รถ	18
ดีเธ่อร์	18
คุณไม่จำเป็น	18
โรโบ	18
คฤหาสน์	18
ไม่เคยแต่งงาน	18
ลืมตา	18
คนนั้นไง	18
แบ๊กกิ้นส์	18
จะเป็นไง	18
ไม่ต้องถาม	18
นี่เงิน	18
จะไม่	18
ห้องเก็บของ	18
พวกเรามาแล้ว	18
กองกำลัง	18
ครั้งใหญ่	18
เขาตายแล้วเหรอ	18
เทิร์นเนอร์	18
คุณไม่ควร	18
พิพิธภัณฑ์	18
ปีครับ	18
ชูลท์ซ	18
พับ	18
เคมี	18
เอาเลยพวก	18
ยูนา	18
มีมากกว่า	18
ของลูก	18
เอปสตีน	18
เชื่อเหอะ	18
ฉันจะเอา	18
เฮอ	18
คนได้	18
แต๊น	18
พ่อแค่	18
กลต	18
แสนวอน	18
ซีเวอร์	18
มีประมาณ	18
สไตน์	18
ฟูจิวาระ	18
แบรนท์	18
ชูลส์	18
โยโกฮาม่า	18
หาเธอ	18
เวียร์	18
ประจำ	18
ไบโอ	18
ซีมอร์	18
ครึ่งแรก	18
ที่รพ	18
แต่คิดว่า	17
แมรี่แอน	17
มันเป็นของผม	17
ทำอะไรวะ	17
ฉันชอบค่ะ	17
ตบมือ	17
กลิ่นอะไรเนี่ย	17
คุณสบายดีหรือเปล่า	17
หยุดร้องไห้	17
ดูนี่ก่อน	17
เธอทำได้ไง	17
ปัญหาคืออะไร	17
มันน่าสมเพช	17
โรอาโน้ค	17
มันอร่อยจริงๆ	17
ฉันชอบที่	17
จิงเจอร์	17
แฟนคลับผู้หญิง	17
ฉันบอกได้เลยว่า	17
สิ่งที่เกิดขึ้นที่นี่	17
ทาโร่จัง	17
มาติเนส	17
เมอร์ล็อต	17
ยินดีเลย	17
หันหลังมา	17
โทรเรียกตำรวจ	17
แต่ฉันเชื่อว่า	17
คุณมาได้	17
นายอยู่นี่เอง	17
ดื่มอะไรมั้ย	17
ว่าต้องทำอะไร	17
นี่ไม่ใช่เรื่องตลกนะ	17
มีอำนาจ	17
ขอบใจที่มานะ	17
และเธอก็	17
ทุกอย่างก็จบ	17
สามทุ่ม	17
อยู่ที่บ้าน	17
สิ่งสุดท้าย	17
ก็เถอะ	17
ผมเมา	17
หนูสบายดีค่ะ	17
นายไม่เป็นไรใช่ไหม	17
เราจำเป็นต้องทำ	17
ธอริน	17
ลงมาสิ	17
ผมจะโทรหา	17
รอเดี๋ยวนะครับ	17
เทน	17
นี่เรื่องจริง	17
ประเด็น	17
ไม่มีทางอื่นแล้ว	17
ยังไม่พออีกเหรอ	17
นายมาจากไหน	17
แหล่ม	17
ตามหาเธอ	17
อ๊ากห์	17
ไม่รู้สึกอะไรเลย	17
ไม่ฉันไม่	17
ก็บอกว่า	17
ริเอะ	17
แล้วใครทำ	17
เขาออกมาแล้ว	17
เกรทเซ่น	17
ทำในสิ่งที่ถูกต้อง	17
ดูเขาซิ	17
นายสบายดีไหม	17
ราคาเท่าไหร่	17
บ้านนี้	17
จะพูดอะไร	17
ไม่ว่าใคร	17
ไม่มีประวัติ	17
เขาสามารถ	17
งั้นก็ไม่เป็นไร	17
พวกทหาร	17
พวกเราก็เหมือนกัน	17
ผู้น่าสงสาร	17
ความเกลียดชัง	17
ไปหล่ะ	17
เเก	17
ฉันถูก	17
ลุ้ค	17
ว่าไงจ้ะ	17
ผมต้องวางสายแล้ว	17
คุณแน่ใจได้ยังไง	17
ดีมากจ้ะ	17
ฉันจะลองคิดดู	17
และเมื่อมันเกิดขึ้น	17
เวลาประมาณ	17
ฆ่าพวกเขา	17
ฉันไม่คิดว่างั้นนะ	17
เชี่ยเอ๊ย	17
เคียงข้างฉัน	17
เขาอยู่นี่แล้ว	17
ไว้คราวหน้า	17
คุณแฮร์ริส	17
คุณทำอย่างนั้นไม่ได้	17
คุณจะชอบมัน	17
อย่าไปฟังมัน	17
ลองดูนี่	17
ดีใจที่เจอนะ	17
มองผมนะ	17
เกอิน	17
อเมเลีย	17
ฉันอยากจะขอโทษ	17
ของพวกนั้น	17
พูดก็พูดเถอะ	17
อ๊อกซาน่า	17
มาเร็วสิ	17
คิดดูดีๆ	17
นั่นมันเมื่อก่อน	17
ยังไงครับ	17
เธอรู้เหรอ	17
สัญญาอะไร	17
มันตลกดี	17
เธอรู้แล้ว	17
เขาจะไม่เป็นอะไร	17
ทุกอย่างเป็นไปตามแผน	17
เกรสัน	17
อย่าเปิดประตู	17
ซุกยัง	17
ผมประทับใจมาก	17
คุณกำลังพูดว่า	17
แต่ผมไม่เข้าใจ	17
จริงของนาย	17
เห็นเป้าหมายแล้ว	17
อันธพาล	17
ทอมป์สัน	17
ผมแค่อยากจะบอกว่า	17
ห้องไหน	17
เอามือออกไปนะ	17
ออกจากรถ	17
แม่ๆ	17
จิเสะ	17
พ่อรู้ว่า	17
ธรรมดาๆ	17
คนอื่นล่ะ	17
เทรดเวลล์	17
ฉันมาทำอะไรที่นี่	17
อันโดะ	17
มีอีกเรื่องนึง	17
นี่แค่เริ่มต้น	17
ขอต้อนรับกลับมา	17
ชีสเบอร์เกอร์	17
เซ็นเตอร์	17
เราต้องออกไป	17
ฉันรักเธอมาก	17
พวกเราจะทำยังไงดี	17
มาทำอะไรที่นี่เนี่ย	17
เฮอริเคน	17
เราต้องลองดู	17
มอแรน	17
จิมมี	17
เขาไปแล้วเหรอ	17
เหลือเชื่อจริง	17
ไปที่อื่นกันเถอะ	17
จะต้อง	17
ชุดชั้นใน	17
ฮื้ม	17
เพื่อนร่วมชั้น	17
คุณทำดีที่สุดแล้ว	17
ฉันจะอยู่นี่	17
และคำว่า	17
นักกีฬา	17
แค่คิด	17
คนเดียวเท่านั้น	17
แต่ง	17
แล้วแต่	17
รถถัง	17
คุณโอไบรอัน	17
เซ็ง	17
เจอกันคืนนี้นะ	17
ฉันต้องไปก่อน	17
เหยา	17
ถ้าฉันมีทางเลือก	17
เขายังหายใจอยู่	17
คุณรู้จักผม	17
พวกเขาจะมา	17
ให้มากกว่านี้	17
เข้าใจผิด	17
มันเป็นครั้งแรก	17
ผมบอกไปแล้ว	17
ฉันแค่จะ	17
เกี่ยวสิ	17
วางมือไว้บนหัว	17
เธออยู่คนเดียว	17
พวกเขามา	17
แล้วคุณจะไปไหน	17
ใช้มั้ย	17
ไม่มีคน	17
นี่จะเป็นครั้งสุดท้าย	17
คุณต้องเข้าใจว่า	17
ฉันไม่ชอบแบบนี้เลย	17
คงเป็นอย่างนั้น	17
มีใครมั้ย	17
ผมทำงาน	17
ฉันกำลังทำงานอยู่	17
ทุกอย่างกำลังไปได้สวย	17
มันไม่จำเป็นหรอก	17
คุณเรียวมะ	17
การ์ท	17
ซากุราโกะ	17
นั่นเธอเหรอ	17
เลิกแล้ว	17
คุณโฮล์ม	17
แล้วเธอหละ	17
ฉันก็ไม่รู้สิ	17
ซีเมียน	17
มาโมรุ	17
ไอสไตน์	17
รู้เหรอ	17
ฉันกำลังจะกลับบ้าน	17
ไม่หยุด	17
ไหนบอกว่า	17
อย่าทำแบบนั้นอีก	17
ฤดูใบไม้ร่วง	17
คุณอาจพูดถูก	17
มือฉัน	17
จงเข้มแข็ง	17
มาหลายปี	17
ฉันดูเป็นไง	17
อลิซเบธ	17
เป็นอย่างนั้น	17
ฉันขอแนะนำ	17
ของฉันด้วย	17
มีปัญหาอะไรมั้ย	17
ฉันเป็นคนเดียว	17
มื้อเที่ยง	17
ไฮนส์	17
สเปคเตอร์	17
น่าสมเพชจริงๆ	17
อิสซาโบ	17
นั่นเป็นเพราะว่า	17
ยกเลิกภารกิจ	17
เก่งจัง	17
จะว่ายังไง	17
ผมเห็นนะ	17
เมอร์ด็อค	17
ไม่มีความผิด	17
ที่ตายไปแล้ว	17
เดินทางปลอดภัยนะครับ	17
ในทางตรงข้าม	17
และท้ายที่สุด	17
ไม่ได้โกหก	17
ฉันคงต้องไปแล้ว	17
อย่างระมัดระวัง	17
เหมือนคนอื่น	17
ตอบได้ดี	17
คุณจะต้องไม่เป็นอะไร	17
ไม่ต้องห่วงหรอกค่ะ	17
มันไม่เกี่ยวกับ	17
ห้องนั่งเล่น	17
สารวัตรครับ	17
รักเหรอ	17
ฉันเกลียดเขา	17
เขามาหาฉัน	17
ถ้าคุณมีเวลา	17
สิ่งมีชีวิต	17
คุณได้ยินผมมั้ย	17
ฉันตื่นขึ้นมา	17
ได้เวลาตื่นแล้ว	17
บินได้	17
มีผู้หญิง	17
เยี่ยมมากครับ	17
พี่ชายของฉัน	17
แล้วมันอยู่ที่ไหน	17
ขอบคุณที่มาพบผม	17
เซเวียร์	17
อันจัง	17
ผมจะบอกคุณว่า	17
ผมทำดีที่สุดแล้ว	17
ต้องงี้สิ	17
ฉันมีแผนแล้ว	17
อะไรที่เกิดขึ้น	17
รู้สึกดีมาก	17
เหลือเกิน	17
เดจา	17
มันไม่ถูกนะ	17
ก่อนที่คุณจะไป	17
นายก็	17
แกว่าไงนะ	17
หัวหน้าห้อง	17
นายทำได้ไหม	17
ปาร์ก	17
แก๊งสเตอร์	17
ผมไม่เข้าใจว่า	17
นายบอก	17
ปฏิบัติตามฉัน	17
คุณช่วยฉัน	17
นายมากับฉัน	17
เข้าใจสิ	17
งั้นก็ตามใจ	17
ดูสิว่าใครมา	17
ไม่มีประวัติอาชญากรรม	17
เล่าให้ฟังหน่อยสิ	17
มันเกิดขึ้นเมื่อไหร่	17
แกมมี่	17
โคโลลาโด้	17
เสร็จฉัน	17
จาบาล	17
ติ๊กตอก	17
ฉันยุ่งมาก	17
ฉันมีครอบครัว	17
ลาฟาแยตต์	17
คุณได้รับมัน	17
เปล่านะครับ	17
ถ้าไม่ทำ	17
ผมไม่ไปไหนทั้งนั้น	17
เปิดซิ	17
หามันให้เจอ	17
ฉันจริงจัง	17
ไม่ไม่ไม่ไม่ไม่	17
คุณปู่คะ	17
มันไม่ใช่ความผิดของผม	17
ผู้จัดการฮอง	17
นายอายุเท่าไหร่	17
นายเป็นอิสระแล้ว	17
ในนี้บอกว่า	17
เอมแอฟี	17
ฉันจะทำยังไงดีเนี่ย	17
รวมทั้งฉันด้วย	17
ไม่ต้องเป็นห่วงครับ	17
คุณเปล่า	17
ฉันขอร้องคุณ	17
เข็มทิศ	17
คุณแบส	17
ผมโชคดี	17
และสุภาพบุรุษ	17
โรด	17
แมดด็อก	17
ข้าด้วย	17
ผมไม่ชอบ	17
โดยไม่มีเหตุผล	17
เว็บสเตอร์	17
ฉันมีอะไรจะบอก	17
ไม่ใช่คุก	17
มองหา	17
เราปิดแล้ว	17
เจ้ากับข้า	17
ให้พวกเขา	17
ผมรัก	17
ฉันเป็นมนุษย์	17
บาร์โลว	17
นายกำลังพูดถึงอะไร	17
อีเรน	17
หัวหน้าโอ	17
นับหนึ่ง	17
เฮอลี่	17
โอเคดี	17
มันเป็นเกม	17
ไม่เป้นไร	17
นั่นคือคำสั่ง	17
เขาเปลี่ยนไป	17
ของจอห์น	17
พอใจมั้ย	17
ตำรวจหน้าเด็ก	17
ไม่เหลืออะไรเลย	17
เฟย	17
เอามันออก	17
ผมก็คิดว่า	17
ตั้งแต่เด็ก	17
เขาอยู่ไหม	17
ขี้โกง	17
ภูมิใจ	17
ไม่รุ้สิ	17
ผมไม่รู้จะทำยังไง	17
คุณพูดอะไรเนี่ย	17
นายสบายดีนะ	17
ปกป้องฉัน	17
รถสวยนี่	17
พูดออกมาเลย	17
เจนกิ้นส์	17
อิลา	17
คือว่ามัน	17
โกลดี้	17
ดาวตก	17
จนได้	17
ซานติเอโก้	17
โว๊ย	17
เป็นปี	17
กว่านี้	17
ไม่มีสัญญาณเลย	17
ดิกิตี้	17
มันเกิดบ้าอะไรขึ้นเนี่ย	17
พาฉันกลับบ้าน	17
นายไม่คิดว่า	17
ขอบคุณทุกคนมาก	17
ไหนขอดูหน่อย	17
รุ่ยซี	17
แต่ก็ขอบคุณ	17
พวกมันมากันแล้ว	17
มันชื่อว่า	17
ค้างไว้	17
ไม่ใช่จ้ะ	17
ที่ฉันพูด	17
นั่นฉันเอง	17
คุณต้องตัดสินใจ	17
ผมเป็นแวมไพร์	17
เป็นห่วง	17
ถ้าฉันบอกคุณ	17
ฉันเหรอคะ	17
ลีโย	17
ผมมาจาก	17
ก็น่ะ	17
ไม่เป็นไรนะคะ	17
โอ้โปรด	17
เงื่อนไข	17
มัลลิแกน	17
พวกโง่	17
เลี่ยง	17
โทรทัศน์	17
เจ้าด้วย	17
มองไปที่เขา	17
นั่นผมเอง	17
ไม่โอเค	17
เราคือครอบครัว	17
ฆ่าคุณ	17
ฉันเองแหละ	17
ฉันไม่อยากจะเชื่อว่า	17
เราเปล่า	17
ถอดเสื้อผ้าออก	17
เจ้าแน่ใจนะ	17
ให้ย้าย	17
ชั้นจะฆ่าแก	17
นอนต่อเถอะ	17
ทำให้มันใช้ได้	17
คอร์เนอร์	17
มิวาโกะ	17
ดูทีวี	17
ก็ไม่มีอะไรมาก	17
หัวเราะอะไร	17
เหมือนพวกเรา	17
ฉันต้องวางแล้ว	17
ขอโทษที่มาขัดจังหวะ	17
ผมสงสัย	17
ลุกเร็ว	17
แล้วพวกเราล่ะ	17
นี่สำหรับ	17
ไม่ได้อีกแล้ว	17
แอ็บบ็อตต์	17
ฟังฉันหน่อย	17
แล้วนี่ใคร	17
ฮันกยอง	17
คุณป้าครับ	17
ฉันนะเหรอ	17
นอร์ธแมน	17
คะแนนเห็นด้วย	17
มันทำงานยังไง	17
ท่านขุนพล	17
เรื่องไหน	17
ขอโทษครับคุณ	17
เธอรู้รึเปล่า	17
กำลังทำงาน	17
สปูนเนอร์	17
กำลังพยายาม	17
ส่งปืนมาให้ฉัน	17
เพื่อผม	17
เหตุฉุกเฉิน	17
คุณหนูแบลร์	17
ขนาดนั้น	17
รออะไรอยู่	17
มันมาอีกแล้ว	17
ไม่ผิดหรอก	17
อิจูอิน	17
จากแม่	17
อย่างที่คิด	17
ตอนนั้นน่ะ	17
ฉันทำมันพัง	17
เขาไม่ได้พูดอะไร	17
ฟรอนฮอเฟอ	17
ขอบคุณค่า	17
แล้วคุณเป็นไงบ้าง	17
ขอความกรุณาด้วยครับ	17
โซสุเกะ	17
ไม่ใช่ความผิดของฉัน	17
อ๋ออ	17
ในตอนจบ	17
ฉันไม่อยากกิน	17
พาดาวัน	17
ล้างจาน	17
ฉันต้องไปแล้วละ	17
ชัง	17
มันถึงเวลา	17
อะไรงั้นเหรอ	17
เรื่องเมื่อวาน	17
แต่ที่จริง	17
ปกป้องเธอ	17
ความเคารพ	17
คุณไม่คิดเหรอว่า	17
หลับอยู่	17
เรากำลังเข้าไป	17
ขอน้ำหน่อย	17
ขอโทษที่ทำให้รอ	17
นายไม่เข้าใจหรอก	17
เรากำลังทำ	17
ฆ่าหรือถูกฆ่า	17
เขิน	17
ใกล้เข้ามา	17
เขาไม่ทำหรอก	17
แองเจล	17
เดือนเมษายน	17
ก็แค่นั้นแหละ	17
ฉันรู้ว่าต้องทำยังไง	17
พวกเราต้องออกไปจากที่นี่	17
บ็อกก้า	17
ใช่มันเป็น	17
เจ็ค	17
ยินดีที่ได้เจอคุณ	17
ไปกินข้าวกันเถอะ	17
ด้านขวา	17
นี่เป็นเรื่องส่วนตัว	17
คุณไม่หรอก	17
และตลอดไป	17
ทันทีเลย	17
ตอนยังเด็ก	17
คนนี้เหรอ	17
สิ่งที่เขาพูด	17
และนอกจากนั้น	17
ฉันไม่คิด	17
เข้าไปซะ	17
หรูหรา	17
ฉันก็ทำได้	17
คุณอยากให้ฉัน	17
ต่างกันตรงไหน	17
นี่ไม่ดีแน่	17
ฉันออกไปไม่ได้	17
เธอชื่ออะไรเหรอ	17
คิโยชิ	17
เกิดอะไรขึ้นรึ	17
ลุกขึ้นเร็ว	17
ติ๊งต่อง	17
ทุกอย่างเปลี่ยนไป	17
มาจนได้	17
ออกจากที่นั่น	17
เมียฉัน	17
ดูแลตัวเองด้วยนะคะ	17
แล้วคุยกัน	17
ดรัมลิน	17
อ้างว้าง	17
ซูยอง	17
ออกๆ	17
ซุ๊กกี้	17
นั่นไม่ใช่เธอ	17
แม่กลับมาแล้ว	17
ผมไม่เคยคิดว่า	17
ผู้หญิงไง	17
จริงหรือไม่	17
และตอนนั้น	17
คล๊าร์ค	17
ห้องโถง	17
อย่ามาล้อเล่นนะ	17
เพื่อนฉันเอง	17
ฉันคาดว่า	17
เกรซี่	17
ไม่มีแน่นอน	17
เราเสร็จแน่	17
ใครอยู่ในนั้น	17
ลูกเรือ	17
พล่าม	17
ฉันรู้แค่ว่า	17
คุณจริงๆ	17
เร็วเกินไป	17
เป็นฆาตกร	17
ยูนะ	17
ท่านต้องการอะไร	17
มนุษยชาติ	17
บั๊ค	17
หัวเราะหึ	17
ออกจากที่นี่กันเถอะ	17
ที่น่ากลัว	17
สิ้นสุด	17
ผมจะจำไว้	17
หยวน	17
แกหมายความว่าไง	17
ออกไปจากตัวฉัน	17
อิวาน	17
คอยดูเถอะ	17
พ่อจะทำอะไร	17
เจ้าบ้านั่น	17
เขาเป็นแวมไพร์	17
เดี๋ยวฉันจะกลับมา	17
ควิลลิน	17
ขอดูก่อน	17
จะทำอะไรนะ	17
ในเรื่องนั้น	17
ยังไงเสีย	17
รีบไปเร็วเข้า	17
เจนีน	17
ความปรารถนา	17
ไม่ใช่เรื่องใหญ่หรอก	17
เธอมีปัญหา	17
เธอกำลังพูดอะไร	17
ลด	17
แม่ล่ะ	17
ฉันสนุกมาก	17
คุณเป็นไงมั่ง	17
ทำอะไรของเธอน่ะ	17
สแว๊กเกอร์	17
งานดี	17
ไอ้ปีศาจ	17
คุณเชอร์แมน	17
อึนเฮ	17
เคนเซ	17
มาช่วยกันหน่อย	17
พอสซั่ม	17
ฉันก็ไม่รู้ว่าทำไม	17
น่ารักมากๆ	17
มันน่ารัก	17
เคนชิน	17
ช่วยฉันหน่อยนะ	17
แฮงก์	17
รอเดี่ยว	17
ฮานิ	17
แขวนบน	17
ฉันยอมรับว่า	17
คุณเลือกเอง	17
จีนนี่	17
โกรธเหรอ	17
ฉันอยากให้นายช่วย	17
มันสำคัญตรงไหน	17
สินทูร	17
จริงด้วยสินะ	17
มีความรัก	17
ซานเชส	17
พ่อของ	17
อยู่หรือตาย	17
คุณใจดีมาก	17
ไม่เป็นไรแน่นะ	17
หวาดระแวง	17
เขาไง	17
มิรานโด	17
เมื่อชั่วโมงที่แล้ว	17
ค้างคาว	17
สบายใจ	17
ด้วยเช่นกัน	17
อย่าเข้ามาใกล้ฉัน	17
ฉีด	17
เบนเน็ท	17
ถูกโจมตี	17
จิตแพทย์	17
แต่มันเป็นไปไม่ได้	17
นายคิดว่านายเป็นใคร	17
ดีแล้วครับ	17
บ่ายโมง	17
มุสลิม	17
แมร์รี่	17
ถึงว่า	17
คือยังงี้	17
ฆ่าตัวตายชัดๆ	17
แอดดี้	17
เซยัง	17
รอแป๊ป	17
ฉันรับปาก	17
ก็เหมือนกับ	17
พอใจไหม	17
ปล่อยไปเถอะ	17
อู๊อู	17
เป็นหนึ่งเดียว	17
พวกเขายังไม่ตาย	17
เรียกกันว่า	17
ป่าวหรอก	17
เธอเอ่อ	17
การ์เร็ต	17
มันเขียนว่าไง	17
ทับทิม	17
เพี้ยน	17
เร็วด้วย	17
เงียบไปเลยนะ	17
นี่คือใคร	17
ฉันจะโทรเรียกตำรวจ	17
อะไรทั้งนั้น	17
ฉันรู้สึกกลัว	17
มันต้องสนุกแน่ๆ	17
เราติดอยู่ที่นี่	17
ผู้ชนะคือ	17
มันน่ารังเกียจ	17
โพสต์	17
ลอว์ตัน	17
นั่นล่ะประเด็น	17
ป่านนี้	17
ขับต่อไป	17
มันน่ารำคาญ	17
คอมป์ตัน	17
ยัย	17
มีคนเจ็บ	17
บอกเลย	17
แจ๊กพอต	17
นั่นอะไรหนะ	17
แทนที่จะเป็น	17
มาได้ไง	17
หยุดมันที	17
ไปกันเถอะพวกเรา	17
เธอเองเหรอ	17
มันอยู่นั่นไง	17
ยินดีที่ได้พบคุณอีกครั้ง	17
ไอ้สารเลวเอ้ย	17
ไหวไหม	17
เราด้วย	17
จะมาถึง	17
ของฉันนะ	17
ถ้าเป็นแบบนี้ต่อไป	17
งั้นดีเลย	17
โรน	17
พาเลซ	17
ตัดเลย	17
ฮัลโหลๆ	17
แต่อย่างแรก	17
คุณต้องการให้ผมทำอะไร	17
เวร็น	17
อาซามิ	17
ฉันรู้ทุกอย่าง	17
ซื่อบื้อ	17
ทอรี่	17
แล้วรู้ไหม	17
ลีนอร์	17
ห้าคน	17
หัวหน้าฝ่าย	17
ดัชท์	17
ลาร์กิ้น	17
แมทธิสัน	17
ฉันทำผิดพลาด	17
ฉันได้ยินมา	17
พ่อรู้มั้ย	17
ยอมแพ้เถอะ	17
เขาบาดเจ็บ	17
เป็นเดือน	17
ฟัคยู	17
พี่น้องข้า	17
ขอเวลาฉันหน่อย	17
อีกเดี๋ยว	17
มีชื่อว่า	17
ดื่มนี่ซะ	17
ตาของคุณ	17
มากเลยล่ะ	17
หลายปีแล้ว	17
เธอรักคุณ	17
ไปแล้วเหรอ	17
ฉันช่วยเธอได้	17
ทุกๆคืน	17
คุณไม่ต้องเป็นห่วง	17
เธอทำอะไรของเธอ	17
ไม่ว่ากัน	17
บังเอิญ	17
นายกล้าดียังไง	17
ฉันกลับก่อนนะ	17
มันไม่ใช่เรื่องใหญ่อะไร	17
เพื่อความแน่ใจ	17
นายแค่	17
อัปลักษณ์	17
เพราะแบบนั้น	17
ฉันเห็นการฆาตกรรม	17
แกล่ะ	17
เล้ย	17
สนุกเหรอ	17
เหมือนตอนนี้	17
มันไม่ดีหรอก	17
สิ่งที่ดี	17
เขาอยู่ที่นี่แล้ว	17
สบายดีหรือ	17
เด็กทารก	17
เข้าไปในนั้น	17
ได้โปรดอย่าทำแบบนี้	17
ผมแค่จะ	17
หนึ่งวัน	17
ลูกโอเคไหม	17
เราพบว่า	17
ผมเลิก	17
พูดตะกุกตะกัก	17
โลกใบนี้	17
แต่ไม่ใช่คืนนี้	17
เคนดรา	17
ผมจะจัดการให้	17
สิงหะเนีย	17
ซะด้วย	17
อิลูมีนาติ	17
น่าสงสารจริง	17
ครีด	17
ไปไหนคะ	17
ฉันชื่อบริดเจท	17
ก้มลงไป	17
นกน้อย	17
มอรีน	17
ผมต้องกลับไป	17
ฉันยังไม่รู้เลย	17
รู้ๆ	17
ไดนามิก	17
รู้แล้วค่ะ	17
อ๊ากกกกก	17
หลับให้สบาย	17
ไม่ต้องห่วงเรื่องนั้นหรอก	17
ว็อบ	17
โรสิต้า	17
ก็อย่างเช่น	17
กาปูร์	17
ขอบใจมากๆ	17
และไม่มีอะไร	17
แกหมายความว่ายังไง	17
ถ้าฉันบอก	17
อยากรู้จริงๆ	17
จ่าโบรดี้	17
แต่ฉันเข้าใจ	17
ไฮดรา	17
ค่ำคืนนี้	17
ปลดปล่อย	17
อีเมลล์	17
เธอคิดว่าไงล่ะ	17
เหมือนนาย	17
และฉันปลอมเป็นเธอ	17
พาเธอออกไป	17
ได้อย่างไรกัน	17
โจ๊กเกอร์	17
ถูกของเขา	17
ทุกคนๆ	17
ะตะต	17
แลงดอน	17
องครักษ์	17
คอยดูสิ	17
วลาเดค	17
ฉันหิวจังเลย	17
เย็นก่อน	17
ต้องอย่างนั้นสิ	17
ฟิลาเดลเฟีย	17
แอนดรูว	17
หลบไปซะ	17
ลงมาเดี๋ยวนี้	17
นี่พี่	17
คุณมีลูกไหม	17
จะทำอย่างไร	17
เธอโอเคหรือเปล่า	17
นายก็แค่	17
ฉันเป็นหนี้นาย	17
ได้แน่	17
ไม่บอกก็รู้	17
ชิซูโกะ	17
ผมเป็นห่วงคุณ	17
เรื่องตลก	17
ทีนี่	17
ข้าตัดสินใจแล้ว	17
คุณโคล	17
แม็คเคนซี่	17
งี่เง่าชะมัด	17
พวกเราอยู่ที่นี่	17
ดีกว่านะ	17
เขาไปทางไหน	17
พวกเราโอเค	17
แอนัสเตเชีย	17
แต่เธอบอกว่า	17
จากเขา	17
หนูทำได้	17
การทดลอง	17
เธอเป็นใครเหรอ	17
ผมไม่เห็น	17
ท่านนักพรต	17
ปัดโธ่เอ๊ย	17
คุณชอบเหรอ	17
ทเวน	17
ดีสำหรับคุณ	17
แต่ฉันเห็น	17
ทำตามที่บอก	17
ผมชอบเธอ	17
เคมบริดจ์	17
เสียงตะโกนคลุมเครือ	17
เอาอีกมั้ย	17
สวิตเซอร์แลนด์	17
ครับกัปตัน	17
ฉันรักพี่นะ	17
คุณยังอยู่ที่นี่	17
โอเปอเรเตอร์	17
ไม่เข้าท่า	17
ผมก็คิดแบบนั้น	17
ข้ากลับมาแล้ว	17
เร็วเข้าพวก	17
คุณโชคดีมาก	17
ทำใจซะ	17
ฮูโก้	17
กิมจิ	17
แค่บอกฉัน	17
ยุนฮี	17
นิดหน่อยครับ	17
มันผิดพลาด	17
ดูคุณ	17
ฉันยุ่ง	17
เสียใจเหรอ	17
พวกคุณทั้งหมด	17
โสโครก	17
อย่างสมบูรณ์	17
มันหนักเกินไป	17
พร้อมแล้วครับ	17
สำนึกผิด	17
แต่ก่อน	17
แม้แต่นิดเดียว	17
แม้ดล็อค	17
ทำไปแล้ว	17
ดูโน่นสิ	17
บ้านของ	17
ไรน่า	17
ทบทวนมันทันที	17
เอาไว้ทีหลัง	17
ฉันก็เป็น	17
และเด็กๆ	17
แย่เลย	17
ชั้นอยู่นี่	17
แฟนของเธอ	17
นั่งลงได้	17
ด้วยความเคารพครับท่าน	17
ในความทรงจำ	17
จิงดิ	17
โอเคสิ	17
อย่าใจร้อน	17
เพราะมาก	17
ไม่ล่ะขอบคุณ	17
คุณถามทำไม	17
อย่ามาจับ	17
ริสโอแดน	17
ไม่ใช่เรื่องของฉัน	17
ๆนี้	17
เผื่อเอาไว้	17
เล่นดนตรี	17
หยด	17
แกจะทำยังไง	17
ใช่ไหมจ๊ะ	17
ในนาม	17
ฉันเห็นคุณ	17
ซูอี้	17
สิ่งที่เป็น	17
แต่นั่นแหละ	17
ดีจ้า	17
ฉันทำแบบนี้ไม่ได้	17
พูดกันตรงๆ	17
ยิงได้สวย	17
คั	17
อย่าร้องสิ	17
ฉันไม่ใช่เกย์	17
มีคำว่า	17
แล้วคุณคิดว่ายังไง	17
ดริสคอล	17
จิงอ่ะ	17
แล้วเธอมาทำอะไรที่นี่	17
เมเดย์	17
ทราเมล	17
อาจจะไม่ใช่	17
เมื่อเวลามาถึง	17
แต่ไม่สำเร็จ	17
บ่ายนี้	17
คุณเวนทูร่า	17
นั่นเเหละ	17
นากาทสึ	17
ฉันไม่ให้	17
ร่วม	17
มานั่งนี่สิ	17
ฟังก่อนนะ	17
จะอะไรก็ช่าง	17
จากนี้และตลอดไป	17
เขาเป็นคนเดียว	17
นายต้องล้อฉันเล่นแน่ๆ	17
หันไปรอบ	17
ภายหลัง	17
จุ๊ๆ	17
ดิอาโก้	17
สงบศึก	17
ออกไปๆ	17
วิ่งเข้า	17
ดีค	17
เซนเตอร์	17
เบลไฟร์	17
อย่าถือนะ	17
น้องชายคุณ	17
คาร์บอน	17
เอาคืนไป	17
คุณฟิลลิปส์	17
สบายดีมั๊ย	17
ไม่ต้องห่วงฉันหรอก	17
แต่คุณทำได้	17
สวยมากๆ	17
หวัดดีตอนเช้า	17
เชอรีฟ	17
วิธีการ	17
ใช่ฉัน	17
กันเนอร์	17
แฟนของคุณ	17
คุณวินเทอร์ส	17
วุก	17
เขามีปัญหา	17
สายไปแล้วล่ะ	17
ฉันทำงานที่นี่	17
ข้าไม่รู้ว่า	17
เกรกอรี่	17
ฉันจะบอกคุณว่า	17
อย่าเข้ามาใกล้ฉันนะ	17
เห็นหรือเปล่า	17
อีเมล	17
เธอเคยบอกว่า	17
เหลวไหลสิ้นดี	17
ขอกอดหน่อย	17
เทสซ์	17
มันไม่น่าเป็นไปได้	17
ทำไมคุณถึงทำอย่างนี้	17
นั่นมันของฉัน	17
ซูอา	17
แม่งมึงเอ้ย	17
เดินกล้อง	17
ฟังดูมีเหตุผล	17
แบล	17
เธอไม่ต้องการ	17
โคคิ	17
ตั้งใจฟังให้ดี	17
ไม่มีทางออก	17
ในครั้งแรก	17
คิลี	17
ก็ไม่มาก	17
ในสายตาเธอ	17
ที่ชัดเจน	17
ชีอุส	17
ฟอลโคน	17
ฉันแค่พยายามจะช่วย	17
โปรดฝากข้อความ	17
ไม่จริงๆ	17
ผมมองไม่เห็นอะไรเลย	17
นายเห็น	17
ตื่นขึ้น	17
ใช่จริงๆด้วย	17
โฮริน	17
คุณทุกคนใช่มั้ย	17
จู่โจม	17
เท่าที่ฉันเห็น	17
ก็ไม่รู้สินะ	17
หมายความว่ายังไงครับ	17
ฮันซาวะ	17
ขอถามอะไรหน่อยได้ไหม	17
เจ้าหน้าที่โนห์	17
เราตกลงกันแล้วนี่	17
ทิก	17
คุณทำแบบนั้นทำไม	17
เพราะผมรักคุณ	17
เธอร้องไห้ทำไม	17
เชี่ยเอ้ย	17
แค่นี้เองเหรอ	17
มิลแมน	17
ความผิดผมเอง	17
จำได้รึเปล่า	17
คุณซัลวาทอร์	17
อย่าพึ่ง	17
คุณผิด	17
คุณน่ารัก	17
แชมมี่	17
บอกให้	17
หยุดเถอะนะ	17
ซึงกิ	17
คนขับรถคัง	17
แน่เหรอ	17
งัย	17
นั่นทำไม	17
เหี้ยเอ๊ย	17
แต่ก็ไม่เป็นไร	17
เบอร์นาเด็ตต์	17
ลืมไปเถอะ	17
บายบาย	17
คุนิยูกิ	17
ช่วยชีวิต	17
อุ๊ป	17
และแน่นอนว่า	17
พูดอะไรสักอย่างสิ	17
ผมดีใจนะ	17
สเตท	17
ถ้าคุณสนใจ	17
คริสมาส	17
ก็เหมือนเดิม	17
ใครเป็นคนพูด	17
ตามกฎหมาย	17
ลูกทำอะไร	17
ผมกำลังทำอยู่	17
บอกตรงๆนะ	17
อยู่ใกล้	17
อึ๋ย	17
ข้าไม่คิดว่า	17
ฟาร์เรล	17
ห่อ	17
พวกโรคจิต	17
บาท	17
ไงหล่ะ	17
คุณหมอเบนฟอร์ด	17
ซัค	17
แมรี่แลนด์	17
กรุณานั่งลง	17
เพิ่งจะ	17
นั่นเป็นสิ่งที่	17
นศ	17
งานของฉัน	17
แคร์โรไลน์	17
ร่าง	17
ต่อต้าน	17
กำลังจะมา	17
ร็อด	17
มากพอแล้ว	17
หมอฟัน	17
ต่อเนื่อง	17
บู้ม	17
ซูก	17
มันไม่ใช่ความจริง	17
นายช่วย	17
อาจารย์โทดะ	17
เราต้องการเงิน	17
ดังนั้นฉัน	17
ยังดีอยู่	17
ห้องฉุกเฉิน	17
บ็อกซ์	17
แบบเดียวกัน	17
ควร	17
ในช่วงเวลา	17
ผมเคยเห็น	17
มาโน	17
โฟร์แมน	17
จัดการให้เรียบร้อย	17
ชายอายุ	17
เบอร์ตี้	17
ชาวอเมริกัน	17
ไม่เห็นด้วย	17
เบิร์ค	17
นาทีได้มั้ย	17
ผมเป็นผู้ชาย	17
เรากำลังจะไปไหนกัน	17
อาหารจีน	17
ฉันคงต้อง	17
ผมโกรธ	17
นี่นามบัตรผม	17
ฉันเตือนเธอแล้ว	17
แมลงสาบ	17
มีแค่เรา	17
พยายามแล้ว	17
ร่องรอย	17
เรฟ	17
คุณอยากให้ผม	17
จะว่าไง	17
อะไรอีกล่ะเนี่ย	17
พี่สาวฉัน	17
แล้วใช่มั้ย	17
คิงสลีย์	17
ผมกำลังพยายาม	17
ถ้าเราทำได้	17
อย่าพูดถึงมันเลย	17
ข้อหาฆาตกรรม	17
ครอว์ฟอร์ด	17
ตู	17
ถึงคุณ	17
ฉันยืนยัน	17
นี่มันที่ไหน	17
ไหมล่ะ	17
ไม่ใช่อย่างนั้นซะหน่อย	17
เดวิดสัน	17
โฮมเมอร์	17
อยู่ระหว่าง	17
ร้าย	17
อย่างลับๆ	17
เธอเป็นคนที่	17
พื้น	17
เขาพยายาม	17
เขาชอบ	17
มันชัดเจนมาก	17
เมนเดล	17
บนถนนสาย	17
หรือมากกว่า	17
สูงสุด	17
มีอีกอย่างหนึ่ง	17
บุกเข้าไป	17
โทดนะ	17
ติดคุก	17
ในราคา	17
นี่เป็นครั้งที่	17
คุณไม่อยาก	17
คนค่ะ	17
ของสหรัฐอเมริกา	17
แนะนำ	17
เมอร์ด๊อกซ์	17
ฉันคงจะ	17
ตอนที่ผม	17
องศาเหนือ	17
สเตรนจ์	17
เพิ่มอีก	17
หน่วยที่	17
ชิ้ว	17
ทรีพีโอ	17
การ์เนอร์	17
มาร์ติเนซ	17
เธอเพิ่งจะ	17
ลินดี้	17
เธอเพิ่ง	17
เหรียญเหรอ	17
เบอร์โทร	17
วาตานาเบะ	17
ฮัง	17
ต่างประเทศ	17
ฉึก	17
เอเวอรี่	17
อิบราฮิม	17
กฏหมาย	17
สหรัฐ	17
ครั้งละ	17
ที่ชั้น	17
เหรียญนะ	17
โทมะ	17
เวบเบอร์	17
ปีของฉัน	17
คลอว์	17
บิสชอป	17
ฮาสซาน	17
ผมจะโทร	17
งั้นเอ่อ	16
แต่มันไม่	16
ถ้างั๊น	16
คุณจำอะไรได้บ้าง	16
คิดถึงคุณ	16
มันแตกต่าง	16
ขอบคุณที่บอก	16
ตอนเย็น	16
ข้ายอมรับ	16
มีธุระอะไร	16
สวยๆ	16
มันเกิดขึ้นเอง	16
เขาเป็นอย่างไรบ้าง	16
ผมแค่อยาก	16
กำลังเข้าไป	16
ฉันไม่เป็นอะไรหรอก	16
กี๊ก	16
นั่นไม่จำเป็นหรอก	16
จะไม่เกิดขึ้นอีก	16
ออกสิ	16
ฉันถูกทิ้ง	16
มีอะไรงั้นหรอ	16
เอเวอร์ดีน	16
ซองจู	16
ทั้งคุณ	16
ฉันเจ็บ	16
คิมชุย	16
ในกระเป๋า	16
และเพราะว่า	16
ฉันขยับไม่ได้	16
ครอบคลุม	16
อายูมิจัง	16
แหง	16
สุดท้ายนี้	16
คุณอาโออิ	16
ไม่เอาด้วยหรอก	16
ฉันเอาจริงนะ	16
ได้ยินสิ	16
งานพรอม	16
มาร์ทา	16
ไม่ดีนัก	16
อาชิบอลด์	16
ฟังดูน่าสนุกนะ	16
รอข้าด้วย	16
นี่พวกเรา	16
ฉันได้มันมาแล้ว	16
ลูกโอเคมั้ย	16
ฉันต้องการรู้	16
ฉันไม่คิดว่าเธอพร้อม	16
เธอกลับมา	16
ในห้องเก็บของ	16
เจ้าเห็นอะไร	16
ผมคริส	16
โอ๊ะโอ๋	16
โอววว	16
เดี๋ยวผมกลับมานะ	16
เราได้อะไรมาบ้าง	16
ถ้าให้เดา	16
บอกฉันอีก	16
ฮารุฮิคุง	16
ข้าไม่ใช่	16
จังยอง	16
ไม่สบาย	16
คุณไม่คิดอย่างนั้นเหรอ	16
ดอนฮวน	16
ได้แน่นอนครับ	16
คุณถูกยิง	16
ยาก้า	16
ซัมปุ	16
มาจากที่ไหน	16
ที่เขา	16
มานี่สิจ๊ะ	16
มีชื่อเสียง	16
เป็นไปได้ยังไงกัน	16
เล่นกัน	16
พึมพำ	16
ลูกฉันอยู่ไหน	16
เยซู	16
ฉันอยู่นี้	16
ถ้ามันไม่ได้ผล	16
คุณจ่า	16
ฉันขอโทด	16
ไปทางตะวันตก	16
เสียงยิงปืน	16
พูดอะไรของเธอน่ะ	16
ฮอปเปอร์	16
แย่กว่านั้น	16
เป็นอย่างนี้	16
อีดองชอล	16
มองๆ	16
ผมตกลง	16
ท่อ	16
โชคร้ายจัง	16
ถ้าเราทำ	16
ขอบใจลูก	16
ดานเต้	16
เชื่อฉันนะ	16
เธอเป็นอะไรเนี่ย	16
เอางี้เป็นไง	16
เพราะยังงั้น	16
ทำไมนายถึงทำแบบนี้	16
อย่าใส่ใจเลย	16
เลิกกันแล้ว	16
มองสิ	16
เฮ้คุณ	16
